26-07-26.17:25:28.235 [main            ] INFO  Application            - Starting Application using Java 11.0.31 on ASUS with PID 42788 (D:\code\s-pay-mall-ddd-cc\s-pay-mall-ddd-app\target\classes started by 13267 in D:\code\s-pay-mall-ddd-cc)
26-07-26.17:25:28.239 [main            ] INFO  Application            - The following 1 profile is active: "dev"
26-07-26.17:25:29.054 [main            ] INFO  RepositoryConfigurationDelegate - Multiple Spring Data modules found, entering strict repository configuration mode
26-07-26.17:25:29.056 [main            ] INFO  RepositoryConfigurationDelegate - Bootstrapping Spring Data Redis repositories in DEFAULT mode.
26-07-26.17:25:29.090 [main            ] INFO  RepositoryConfigurationDelegate - Finished Spring Data repository scanning in 17 ms. Found 0 Redis repository interfaces.
26-07-26.17:25:29.887 [main            ] INFO  TomcatWebServer        - Tomcat initialized with port(s): 8080 (http)
26-07-26.17:25:29.896 [main            ] INFO  Http11NioProtocol      - Initializing ProtocolHandler ["http-nio-8080"]
26-07-26.17:25:29.897 [main            ] INFO  StandardService        - Starting service [Tomcat]
26-07-26.17:25:29.897 [main            ] INFO  StandardEngine         - Starting Servlet engine: [Apache Tomcat/9.0.75]
26-07-26.17:25:30.028 [main            ] INFO  [/]                    - Initializing Spring embedded WebApplicationContext
26-07-26.17:25:30.028 [main            ] INFO  ServletWebServerApplicationContext - Root WebApplicationContext: initialization completed in 1752 ms
26-07-26.17:25:30.396 [main            ] WARN  AnnotationConfigServletWebServerApplicationContext - Exception encountered during context initialization - cancelling refresh attempt: org.springframework.beans.factory.BeanCreationException: Error creating bean with name 'aliPayController': Injection of resource dependencies failed; nested exception is org.springframework.beans.factory.BeanCreationException: Error creating bean with name 'orderService': Injection of resource dependencies failed; nested exception is org.springframework.beans.factory.NoSuchBeanDefinitionException: No qualifying bean of type 'com.alipay.api.AlipayClient' available: expected at least 1 bean which qualifies as autowire candidate. Dependency annotations: {@javax.annotation.Resource(shareable=true, lookup="", name="", description="", authenticationType=CONTAINER, type=java.lang.Object.class, mappedName="")}
26-07-26.17:25:30.399 [main            ] INFO  StandardService        - Stopping service [Tomcat]
26-07-26.17:25:30.412 [main            ] INFO  ConditionEvaluationReportLoggingListener - 

Error starting ApplicationContext. To display the conditions report re-run your application with 'debug' enabled.
26-07-26.17:25:30.433 [main            ] ERROR LoggingFailureAnalysisReporter - 

***************************
APPLICATION FAILED TO START
***************************

Description:

A component required a bean of type 'com.alipay.api.AlipayClient' that could not be found.


Action:

Consider defining a bean of type 'com.alipay.api.AlipayClient' in your configuration.

26-07-26.17:32:01.198 [main            ] INFO  Application            - Starting Application using Java 11.0.31 on ASUS with PID 7500 (D:\code\s-pay-mall-ddd-cc\s-pay-mall-ddd-app\target\classes started by 13267 in D:\code\s-pay-mall-ddd-cc)
26-07-26.17:32:01.200 [main            ] INFO  Application            - The following 1 profile is active: "dev"
26-07-26.17:32:02.047 [main            ] INFO  RepositoryConfigurationDelegate - Multiple Spring Data modules found, entering strict repository configuration mode
26-07-26.17:32:02.049 [main            ] INFO  RepositoryConfigurationDelegate - Bootstrapping Spring Data Redis repositories in DEFAULT mode.
26-07-26.17:32:02.081 [main            ] INFO  RepositoryConfigurationDelegate - Finished Spring Data repository scanning in 17 ms. Found 0 Redis repository interfaces.
26-07-26.17:32:02.818 [main            ] INFO  TomcatWebServer        - Tomcat initialized with port(s): 8080 (http)
26-07-26.17:32:02.826 [main            ] INFO  Http11NioProtocol      - Initializing ProtocolHandler ["http-nio-8080"]
26-07-26.17:32:02.827 [main            ] INFO  StandardService        - Starting service [Tomcat]
26-07-26.17:32:02.827 [main            ] INFO  StandardEngine         - Starting Servlet engine: [Apache Tomcat/9.0.75]
26-07-26.17:32:02.950 [main            ] INFO  [/]                    - Initializing Spring embedded WebApplicationContext
26-07-26.17:32:02.950 [main            ] INFO  ServletWebServerApplicationContext - Root WebApplicationContext: initialization completed in 1706 ms
26-07-26.17:32:03.862 [main            ] INFO  Version                - Redisson 3.26.0
26-07-26.17:32:08.928 [main            ] WARN  AnnotationConfigServletWebServerApplicationContext - Exception encountered during context initialization - cancelling refresh attempt: org.springframework.beans.factory.UnsatisfiedDependencyException: Error creating bean with name 'redisTemplate' defined in class path resource [org/redisson/spring/starter/RedissonAutoConfigurationV2.class]: Unsatisfied dependency expressed through method 'redisTemplate' parameter 0; nested exception is org.springframework.beans.factory.UnsatisfiedDependencyException: Error creating bean with name 'redissonConnectionFactory' defined in class path resource [org/redisson/spring/starter/RedissonAutoConfigurationV2.class]: Unsatisfied dependency expressed through method 'redissonConnectionFactory' parameter 0; nested exception is org.springframework.beans.factory.BeanCreationException: Error creating bean with name 'redisson' defined in class path resource [org/redisson/spring/starter/RedissonAutoConfigurationV2.class]: Bean instantiation via factory method failed; nested exception is org.springframework.beans.BeanInstantiationException: Failed to instantiate [org.redisson.api.RedissonClient]: Factory method 'redisson' threw exception; nested exception is org.redisson.client.RedisConnectionException: java.util.concurrent.ExecutionException: org.redisson.client.RedisConnectionException: Unable to connect to Redis server: localhost/127.0.0.1:6379
26-07-26.17:32:08.932 [main            ] INFO  StandardService        - Stopping service [Tomcat]
26-07-26.17:32:08.945 [main            ] INFO  ConditionEvaluationReportLoggingListener - 

Error starting ApplicationContext. To display the conditions report re-run your application with 'debug' enabled.
26-07-26.17:32:08.965 [main            ] ERROR SpringApplication      - Application run failed
org.springframework.beans.factory.UnsatisfiedDependencyException: Error creating bean with name 'redisTemplate' defined in class path resource [org/redisson/spring/starter/RedissonAutoConfigurationV2.class]: Unsatisfied dependency expressed through method 'redisTemplate' parameter 0; nested exception is org.springframework.beans.factory.UnsatisfiedDependencyException: Error creating bean with name 'redissonConnectionFactory' defined in class path resource [org/redisson/spring/starter/RedissonAutoConfigurationV2.class]: Unsatisfied dependency expressed through method 'redissonConnectionFactory' parameter 0; nested exception is org.springframework.beans.factory.BeanCreationException: Error creating bean with name 'redisson' defined in class path resource [org/redisson/spring/starter/RedissonAutoConfigurationV2.class]: Bean instantiation via factory method failed; nested exception is org.springframework.beans.BeanInstantiationException: Failed to instantiate [org.redisson.api.RedissonClient]: Factory method 'redisson' threw exception; nested exception is org.redisson.client.RedisConnectionException: java.util.concurrent.ExecutionException: org.redisson.client.RedisConnectionException: Unable to connect to Redis server: localhost/127.0.0.1:6379
	at org.springframework.beans.factory.support.ConstructorResolver.createArgumentArray(ConstructorResolver.java:800)
	at org.springframework.beans.factory.support.ConstructorResolver.instantiateUsingFactoryMethod(ConstructorResolver.java:541)
	at org.springframework.beans.factory.support.AbstractAutowireCapableBeanFactory.instantiateUsingFactoryMethod(AbstractAutowireCapableBeanFactory.java:1352)
	at org.springframework.beans.factory.support.AbstractAutowireCapableBeanFactory.createBeanInstance(AbstractAutowireCapableBeanFactory.java:1195)
	at org.springframework.beans.factory.support.AbstractAutowireCapableBeanFactory.doCreateBean(AbstractAutowireCapableBeanFactory.java:582)
	at org.springframework.beans.factory.support.AbstractAutowireCapableBeanFactory.createBean(AbstractAutowireCapableBeanFactory.java:542)
	at org.springframework.beans.factory.support.AbstractBeanFactory.lambda$doGetBean$0(AbstractBeanFactory.java:335)
	at org.springframework.beans.factory.support.DefaultSingletonBeanRegistry.getSingleton(DefaultSingletonBeanRegistry.java:234)
	at org.springframework.beans.factory.support.AbstractBeanFactory.doGetBean(AbstractBeanFactory.java:333)
	at org.springframework.beans.factory.support.AbstractBeanFactory.getBean(AbstractBeanFactory.java:208)
	at org.springframework.beans.factory.support.DefaultListableBeanFactory.preInstantiateSingletons(DefaultListableBeanFactory.java:955)
	at org.springframework.context.support.AbstractApplicationContext.finishBeanFactoryInitialization(AbstractApplicationContext.java:920)
	at org.springframework.context.support.AbstractApplicationContext.refresh(AbstractApplicationContext.java:583)
	at org.springframework.boot.web.servlet.context.ServletWebServerApplicationContext.refresh(ServletWebServerApplicationContext.java:147)
	at org.springframework.boot.SpringApplication.refresh(SpringApplication.java:731)
	at org.springframework.boot.SpringApplication.refreshContext(SpringApplication.java:408)
	at org.springframework.boot.SpringApplication.run(SpringApplication.java:307)
	at org.springframework.boot.SpringApplication.run(SpringApplication.java:1303)
	at org.springframework.boot.SpringApplication.run(SpringApplication.java:1292)
	at cn.bugstack.Application.main(Application.java:12)
Caused by: org.springframework.beans.factory.UnsatisfiedDependencyException: Error creating bean with name 'redissonConnectionFactory' defined in class path resource [org/redisson/spring/starter/RedissonAutoConfigurationV2.class]: Unsatisfied dependency expressed through method 'redissonConnectionFactory' parameter 0; nested exception is org.springframework.beans.factory.BeanCreationException: Error creating bean with name 'redisson' defined in class path resource [org/redisson/spring/starter/RedissonAutoConfigurationV2.class]: Bean instantiation via factory method failed; nested exception is org.springframework.beans.BeanInstantiationException: Failed to instantiate [org.redisson.api.RedissonClient]: Factory method 'redisson' threw exception; nested exception is org.redisson.client.RedisConnectionException: java.util.concurrent.ExecutionException: org.redisson.client.RedisConnectionException: Unable to connect to Redis server: localhost/127.0.0.1:6379
	at org.springframework.beans.factory.support.ConstructorResolver.createArgumentArray(ConstructorResolver.java:800)
	at org.springframework.beans.factory.support.ConstructorResolver.instantiateUsingFactoryMethod(ConstructorResolver.java:541)
	at org.springframework.beans.factory.support.AbstractAutowireCapableBeanFactory.instantiateUsingFactoryMethod(AbstractAutowireCapableBeanFactory.java:1352)
	at org.springframework.beans.factory.support.AbstractAutowireCapableBeanFactory.createBeanInstance(AbstractAutowireCapableBeanFactory.java:1195)
	at org.springframework.beans.factory.support.AbstractAutowireCapableBeanFactory.doCreateBean(AbstractAutowireCapableBeanFactory.java:582)
	at org.springframework.beans.factory.support.AbstractAutowireCapableBeanFactory.createBean(AbstractAutowireCapableBeanFactory.java:542)
	at org.springframework.beans.factory.support.AbstractBeanFactory.lambda$doGetBean$0(AbstractBeanFactory.java:335)
	at org.springframework.beans.factory.support.DefaultSingletonBeanRegistry.getSingleton(DefaultSingletonBeanRegistry.java:234)
	at org.springframework.beans.factory.support.AbstractBeanFactory.doGetBean(AbstractBeanFactory.java:333)
	at org.springframework.beans.factory.support.AbstractBeanFactory.getBean(AbstractBeanFactory.java:208)
	at org.springframework.beans.factory.config.DependencyDescriptor.resolveCandidate(DependencyDescriptor.java:276)
	at org.springframework.beans.factory.support.DefaultListableBeanFactory.doResolveDependency(DefaultListableBeanFactory.java:1391)
	at org.springframework.beans.factory.support.DefaultListableBeanFactory.resolveDependency(DefaultListableBeanFactory.java:1311)
	at org.springframework.beans.factory.support.ConstructorResolver.resolveAutowiredArgument(ConstructorResolver.java:887)
	at org.springframework.beans.factory.support.ConstructorResolver.createArgumentArray(ConstructorResolver.java:791)
	... 19 common frames omitted
Caused by: org.springframework.beans.factory.BeanCreationException: Error creating bean with name 'redisson' defined in class path resource [org/redisson/spring/starter/RedissonAutoConfigurationV2.class]: Bean instantiation via factory method failed; nested exception is org.springframework.beans.BeanInstantiationException: Failed to instantiate [org.redisson.api.RedissonClient]: Factory method 'redisson' threw exception; nested exception is org.redisson.client.RedisConnectionException: java.util.concurrent.ExecutionException: org.redisson.client.RedisConnectionException: Unable to connect to Redis server: localhost/127.0.0.1:6379
	at org.springframework.beans.factory.support.ConstructorResolver.instantiate(ConstructorResolver.java:658)
	at org.springframework.beans.factory.support.ConstructorResolver.instantiateUsingFactoryMethod(ConstructorResolver.java:486)
	at org.springframework.beans.factory.support.AbstractAutowireCapableBeanFactory.instantiateUsingFactoryMethod(AbstractAutowireCapableBeanFactory.java:1352)
	at org.springframework.beans.factory.support.AbstractAutowireCapableBeanFactory.createBeanInstance(AbstractAutowireCapableBeanFactory.java:1195)
	at org.springframework.beans.factory.support.AbstractAutowireCapableBeanFactory.doCreateBean(AbstractAutowireCapableBeanFactory.java:582)
	at org.springframework.beans.factory.support.AbstractAutowireCapableBeanFactory.createBean(AbstractAutowireCapableBeanFactory.java:542)
	at org.springframework.beans.factory.support.AbstractBeanFactory.lambda$doGetBean$0(AbstractBeanFactory.java:335)
	at org.springframework.beans.factory.support.DefaultSingletonBeanRegistry.getSingleton(DefaultSingletonBeanRegistry.java:234)
	at org.springframework.beans.factory.support.AbstractBeanFactory.doGetBean(AbstractBeanFactory.java:333)
	at org.springframework.beans.factory.support.AbstractBeanFactory.getBean(AbstractBeanFactory.java:208)
	at org.springframework.beans.factory.config.DependencyDescriptor.resolveCandidate(DependencyDescriptor.java:276)
	at org.springframework.beans.factory.support.DefaultListableBeanFactory.doResolveDependency(DefaultListableBeanFactory.java:1391)
	at org.springframework.beans.factory.support.DefaultListableBeanFactory.resolveDependency(DefaultListableBeanFactory.java:1311)
	at org.springframework.beans.factory.support.ConstructorResolver.resolveAutowiredArgument(ConstructorResolver.java:887)
	at org.springframework.beans.factory.support.ConstructorResolver.createArgumentArray(ConstructorResolver.java:791)
	... 33 common frames omitted
Caused by: org.springframework.beans.BeanInstantiationException: Failed to instantiate [org.redisson.api.RedissonClient]: Factory method 'redisson' threw exception; nested exception is org.redisson.client.RedisConnectionException: java.util.concurrent.ExecutionException: org.redisson.client.RedisConnectionException: Unable to connect to Redis server: localhost/127.0.0.1:6379
	at org.springframework.beans.factory.support.SimpleInstantiationStrategy.instantiate(SimpleInstantiationStrategy.java:185)
	at org.springframework.beans.factory.support.ConstructorResolver.instantiate(ConstructorResolver.java:653)
	... 47 common frames omitted
Caused by: org.redisson.client.RedisConnectionException: java.util.concurrent.ExecutionException: org.redisson.client.RedisConnectionException: Unable to connect to Redis server: localhost/127.0.0.1:6379
	at org.redisson.connection.MasterSlaveConnectionManager.doConnect(MasterSlaveConnectionManager.java:229)
	at org.redisson.connection.MasterSlaveConnectionManager.connect(MasterSlaveConnectionManager.java:196)
	at org.redisson.config.ConfigSupport.createConnectionManager(ConfigSupport.java:220)
	at org.redisson.Redisson.<init>(Redisson.java:71)
	at org.redisson.Redisson.create(Redisson.java:116)
	at org.redisson.spring.starter.RedissonAutoConfiguration.redisson(RedissonAutoConfiguration.java:330)
	at java.base/jdk.internal.reflect.NativeMethodAccessorImpl.invoke0(Native Method)
	at java.base/jdk.internal.reflect.NativeMethodAccessorImpl.invoke(NativeMethodAccessorImpl.java:62)
	at java.base/jdk.internal.reflect.DelegatingMethodAccessorImpl.invoke(DelegatingMethodAccessorImpl.java:43)
	at java.base/java.lang.reflect.Method.invoke(Method.java:566)
	at org.springframework.beans.factory.support.SimpleInstantiationStrategy.instantiate(SimpleInstantiationStrategy.java:154)
	... 48 common frames omitted
Caused by: java.util.concurrent.ExecutionException: org.redisson.client.RedisConnectionException: Unable to connect to Redis server: localhost/127.0.0.1:6379
	at java.base/java.util.concurrent.CompletableFuture.reportGet(CompletableFuture.java:395)
	at java.base/java.util.concurrent.CompletableFuture.get(CompletableFuture.java:2028)
	at org.redisson.connection.MasterSlaveConnectionManager.doConnect(MasterSlaveConnectionManager.java:225)
	... 58 common frames omitted
Caused by: org.redisson.client.RedisConnectionException: Unable to connect to Redis server: localhost/127.0.0.1:6379
	at org.redisson.connection.ConnectionsHolder.lambda$createConnection$1(ConnectionsHolder.java:183)
	at java.base/java.util.concurrent.CompletableFuture.uniWhenComplete(CompletableFuture.java:859)
	at java.base/java.util.concurrent.CompletableFuture$UniWhenComplete.tryFire$$$capture(CompletableFuture.java:837)
	at java.base/java.util.concurrent.CompletableFuture$UniWhenComplete.tryFire(CompletableFuture.java)
	at java.base/java.util.concurrent.CompletableFuture.postComplete(CompletableFuture.java:506)
	at java.base/java.util.concurrent.CompletableFuture.completeExceptionally(CompletableFuture.java:2094)
	at org.redisson.connection.ConnectionsHolder.promiseFailure(ConnectionsHolder.java:218)
	at org.redisson.connection.ConnectionsHolder.lambda$createConnection$4(ConnectionsHolder.java:204)
	at java.base/java.util.concurrent.CompletableFuture.uniWhenComplete(CompletableFuture.java:859)
	at java.base/java.util.concurrent.CompletableFuture$UniWhenComplete.tryFire$$$capture(CompletableFuture.java:837)
	at java.base/java.util.concurrent.CompletableFuture$UniWhenComplete.tryFire(CompletableFuture.java)
	at java.base/java.util.concurrent.CompletableFuture.postComplete(CompletableFuture.java:506)
	at java.base/java.util.concurrent.CompletableFuture.completeExceptionally(CompletableFuture.java:2094)
	at org.redisson.client.RedisClient$1$2.run(RedisClient.java:308)
	at io.netty.util.concurrent.AbstractEventExecutor.runTask(AbstractEventExecutor.java:174)
	at io.netty.util.concurrent.AbstractEventExecutor.safeExecute$$$capture(AbstractEventExecutor.java:167)
	at io.netty.util.concurrent.AbstractEventExecutor.safeExecute(AbstractEventExecutor.java)
	at io.netty.util.concurrent.SingleThreadEventExecutor.runAllTasks(SingleThreadEventExecutor.java:470)
	at io.netty.channel.nio.NioEventLoop.run(NioEventLoop.java:569)
	at io.netty.util.concurrent.SingleThreadEventExecutor$4.run(SingleThreadEventExecutor.java:997)
	at io.netty.util.internal.ThreadExecutorMap$2.run(ThreadExecutorMap.java:74)
	at io.netty.util.concurrent.FastThreadLocalRunnable.run(FastThreadLocalRunnable.java:30)
	at java.base/java.lang.Thread.run(Thread.java:829)
Caused by: java.util.concurrent.CompletionException: io.netty.channel.AbstractChannel$AnnotatedConnectException: Connection refused: no further information: localhost/127.0.0.1:6379
	at java.base/java.util.concurrent.CompletableFuture.encodeRelay(CompletableFuture.java:367)
	at java.base/java.util.concurrent.CompletableFuture.completeRelay(CompletableFuture.java:376)
	at java.base/java.util.concurrent.CompletableFuture$UniRelay.tryFire(CompletableFuture.java:1019)
	... 12 common frames omitted
Caused by: io.netty.channel.AbstractChannel$AnnotatedConnectException: Connection refused: no further information: localhost/127.0.0.1:6379
Caused by: java.net.ConnectException: Connection refused: no further information
	at java.base/sun.nio.ch.SocketChannelImpl.checkConnect(Native Method)
	at java.base/sun.nio.ch.SocketChannelImpl.finishConnect(SocketChannelImpl.java:777)
	at io.netty.channel.socket.nio.NioSocketChannel.doFinishConnect(NioSocketChannel.java:337)
	at io.netty.channel.nio.AbstractNioChannel$AbstractNioUnsafe.finishConnect(AbstractNioChannel.java:334)
	at io.netty.channel.nio.NioEventLoop.processSelectedKey(NioEventLoop.java:776)
	at io.netty.channel.nio.NioEventLoop.processSelectedKeysOptimized(NioEventLoop.java:724)
	at io.netty.channel.nio.NioEventLoop.processSelectedKeys(NioEventLoop.java:650)
	at io.netty.channel.nio.NioEventLoop.run(NioEventLoop.java:562)
	at io.netty.util.concurrent.SingleThreadEventExecutor$4.run(SingleThreadEventExecutor.java:997)
	at io.netty.util.internal.ThreadExecutorMap$2.run(ThreadExecutorMap.java:74)
	at io.netty.util.concurrent.FastThreadLocalRunnable.run(FastThreadLocalRunnable.java:30)
	at java.base/java.lang.Thread.run(Thread.java:829)
26-07-26.17:34:38.620 [main            ] INFO  Application            - Starting Application using Java 11.0.31 on ASUS with PID 53092 (D:\code\s-pay-mall-ddd-cc\s-pay-mall-ddd-app\target\classes started by 13267 in D:\code\s-pay-mall-ddd-cc)
26-07-26.17:34:38.622 [main            ] INFO  Application            - The following 1 profile is active: "dev"
26-07-26.17:34:39.435 [main            ] INFO  RepositoryConfigurationDelegate - Multiple Spring Data modules found, entering strict repository configuration mode
26-07-26.17:34:39.437 [main            ] INFO  RepositoryConfigurationDelegate - Bootstrapping Spring Data Redis repositories in DEFAULT mode.
26-07-26.17:34:39.470 [main            ] INFO  RepositoryConfigurationDelegate - Finished Spring Data repository scanning in 19 ms. Found 0 Redis repository interfaces.
26-07-26.17:34:40.263 [main            ] INFO  TomcatWebServer        - Tomcat initialized with port(s): 8080 (http)
26-07-26.17:34:40.272 [main            ] INFO  Http11NioProtocol      - Initializing ProtocolHandler ["http-nio-8080"]
26-07-26.17:34:40.272 [main            ] INFO  StandardService        - Starting service [Tomcat]
26-07-26.17:34:40.272 [main            ] INFO  StandardEngine         - Starting Servlet engine: [Apache Tomcat/9.0.75]
26-07-26.17:34:40.402 [main            ] INFO  [/]                    - Initializing Spring embedded WebApplicationContext
26-07-26.17:34:40.402 [main            ] INFO  ServletWebServerApplicationContext - Root WebApplicationContext: initialization completed in 1736 ms
26-07-26.17:34:41.311 [main            ] INFO  Version                - Redisson 3.26.0
26-07-26.17:34:41.828 [redisson-netty-1-5] INFO  ConnectionsHolder      - 1 connections initialized for localhost/127.0.0.1:6379
26-07-26.17:34:41.905 [redisson-netty-1-20] INFO  ConnectionsHolder      - 24 connections initialized for localhost/127.0.0.1:6379
26-07-26.17:34:42.220 [main            ] INFO  EndpointLinksResolver  - Exposing 1 endpoint(s) beneath base path '/actuator'
26-07-26.17:34:42.238 [main            ] INFO  Http11NioProtocol      - Starting ProtocolHandler ["http-nio-8080"]
26-07-26.17:34:42.247 [main            ] INFO  TomcatWebServer        - Tomcat started on port(s): 8080 (http) with context path ''
26-07-26.17:34:42.258 [main            ] INFO  Application            - Started Application in 4.24 seconds (JVM running for 4.855)
26-07-26.17:34:44.162 [http-nio-8080-exec-2] INFO  [/]                    - Initializing Spring DispatcherServlet 'dispatcherServlet'
26-07-26.17:34:44.162 [http-nio-8080-exec-2] INFO  DispatcherServlet      - Initializing Servlet 'dispatcherServlet'
26-07-26.17:34:44.163 [http-nio-8080-exec-2] INFO  DispatcherServlet      - Completed initialization in 1 ms
26-07-26.17:34:44.191 [http-nio-8080-exec-2] INFO  AliPayController       - 商品下单，根据商品ID创建支付单开始 userId:null productId:null
26-07-26.17:34:44.212 [http-nio-8080-exec-2] INFO  HikariDataSource       - HikariPool-1 - Starting...
26-07-26.17:34:44.492 [http-nio-8080-exec-2] INFO  HikariDataSource       - HikariPool-1 - Start completed.
26-07-26.17:34:44.571 [http-nio-8080-exec-2] ERROR AliPayController       - 商品下单，根据商品ID创建支付单失败 userId:null productId:null
org.springframework.dao.DataIntegrityViolationException: 
### Error updating database.  Cause: java.sql.SQLIntegrityConstraintViolationException: Column 'user_id' cannot be null
### The error may exist in file [D:\code\s-pay-mall-ddd-cc\s-pay-mall-ddd-app\target\classes\mybatis\mapper\pay_order_mapper.xml]
### The error may involve cn.bugstack.infrastructure.dao.IOrderDao.insert-Inline
### The error occurred while setting parameters
### SQL: insert into pay_order(user_id, product_id, product_name, order_id, order_time,         total_amount, status, create_time, update_time)         values(?, ?, ?, ?, ?,         ?, ?, now(), now())
### Cause: java.sql.SQLIntegrityConstraintViolationException: Column 'user_id' cannot be null
; Column 'user_id' cannot be null; nested exception is java.sql.SQLIntegrityConstraintViolationException: Column 'user_id' cannot be null
	at org.springframework.jdbc.support.SQLExceptionSubclassTranslator.doTranslate(SQLExceptionSubclassTranslator.java:87)
	at org.springframework.jdbc.support.AbstractFallbackSQLExceptionTranslator.translate(AbstractFallbackSQLExceptionTranslator.java:70)
	at org.springframework.jdbc.support.AbstractFallbackSQLExceptionTranslator.translate(AbstractFallbackSQLExceptionTranslator.java:79)
	at org.mybatis.spring.MyBatisExceptionTranslator.translateExceptionIfPossible(MyBatisExceptionTranslator.java:91)
	at org.mybatis.spring.SqlSessionTemplate$SqlSessionInterceptor.invoke(SqlSessionTemplate.java:441)
	at com.sun.proxy.$Proxy87.insert(Unknown Source)
	at org.mybatis.spring.SqlSessionTemplate.insert(SqlSessionTemplate.java:272)
	at org.apache.ibatis.binding.MapperMethod.execute(MapperMethod.java:62)
	at org.apache.ibatis.binding.MapperProxy$PlainMethodInvoker.invoke(MapperProxy.java:152)
	at org.apache.ibatis.binding.MapperProxy.invoke(MapperProxy.java:85)
	at com.sun.proxy.$Proxy88.insert(Unknown Source)
	at cn.bugstack.infrastructure.adapter.repository.OrderRepository.doSaveOrder(OrderRepository.java:37)
	at cn.bugstack.infrastructure.adapter.repository.OrderRepository$$FastClassBySpringCGLIB$$d9e90527.invoke(<generated>)
	at org.springframework.cglib.proxy.MethodProxy.invoke(MethodProxy.java:218)
	at org.springframework.aop.framework.CglibAopProxy$CglibMethodInvocation.invokeJoinpoint(CglibAopProxy.java:793)
	at org.springframework.aop.framework.ReflectiveMethodInvocation.proceed(ReflectiveMethodInvocation.java:163)
	at org.springframework.aop.framework.CglibAopProxy$CglibMethodInvocation.proceed(CglibAopProxy.java:763)
	at org.springframework.dao.support.PersistenceExceptionTranslationInterceptor.invoke(PersistenceExceptionTranslationInterceptor.java:137)
	at org.springframework.aop.framework.ReflectiveMethodInvocation.proceed(ReflectiveMethodInvocation.java:186)
	at org.springframework.aop.framework.CglibAopProxy$CglibMethodInvocation.proceed(CglibAopProxy.java:763)
	at org.springframework.aop.framework.CglibAopProxy$DynamicAdvisedInterceptor.intercept(CglibAopProxy.java:708)
	at cn.bugstack.infrastructure.adapter.repository.OrderRepository$$EnhancerBySpringCGLIB$$f844cf34.doSaveOrder(<generated>)
	at cn.bugstack.domain.order.model.service.OrderService.doSaveOrder(OrderService.java:37)
	at cn.bugstack.domain.order.model.service.AbstractOrderService.createOrder(AbstractOrderService.java:70)
	at cn.bugstack.trigger.http.AliPayController.createPayOrder(AliPayController.java:38)
	at java.base/jdk.internal.reflect.NativeMethodAccessorImpl.invoke0(Native Method)
	at java.base/jdk.internal.reflect.NativeMethodAccessorImpl.invoke(NativeMethodAccessorImpl.java:62)
	at java.base/jdk.internal.reflect.DelegatingMethodAccessorImpl.invoke(DelegatingMethodAccessorImpl.java:43)
	at java.base/java.lang.reflect.Method.invoke(Method.java:566)
	at org.springframework.web.method.support.InvocableHandlerMethod.doInvoke(InvocableHandlerMethod.java:205)
	at org.springframework.web.method.support.InvocableHandlerMethod.invokeForRequest(InvocableHandlerMethod.java:150)
	at org.springframework.web.servlet.mvc.method.annotation.ServletInvocableHandlerMethod.invokeAndHandle(ServletInvocableHandlerMethod.java:117)
	at org.springframework.web.servlet.mvc.method.annotation.RequestMappingHandlerAdapter.invokeHandlerMethod(RequestMappingHandlerAdapter.java:895)
	at org.springframework.web.servlet.mvc.method.annotation.RequestMappingHandlerAdapter.handleInternal(RequestMappingHandlerAdapter.java:808)
	at org.springframework.web.servlet.mvc.method.AbstractHandlerMethodAdapter.handle(AbstractHandlerMethodAdapter.java:87)
	at org.springframework.web.servlet.DispatcherServlet.doDispatch(DispatcherServlet.java:1072)
	at org.springframework.web.servlet.DispatcherServlet.doService(DispatcherServlet.java:965)
	at org.springframework.web.servlet.FrameworkServlet.processRequest(FrameworkServlet.java:1006)
	at org.springframework.web.servlet.FrameworkServlet.doPost(FrameworkServlet.java:909)
	at javax.servlet.http.HttpServlet.service(HttpServlet.java:555)
	at org.springframework.web.servlet.FrameworkServlet.service(FrameworkServlet.java:883)
	at javax.servlet.http.HttpServlet.service(HttpServlet.java:623)
	at org.apache.catalina.core.ApplicationFilterChain.internalDoFilter(ApplicationFilterChain.java:209)
	at org.apache.catalina.core.ApplicationFilterChain.doFilter(ApplicationFilterChain.java:153)
	at org.apache.tomcat.websocket.server.WsFilter.doFilter(WsFilter.java:51)
	at org.apache.catalina.core.ApplicationFilterChain.internalDoFilter(ApplicationFilterChain.java:178)
	at org.apache.catalina.core.ApplicationFilterChain.doFilter(ApplicationFilterChain.java:153)
	at org.springframework.web.filter.RequestContextFilter.doFilterInternal(RequestContextFilter.java:100)
	at org.springframework.web.filter.OncePerRequestFilter.doFilter(OncePerRequestFilter.java:117)
	at org.apache.catalina.core.ApplicationFilterChain.internalDoFilter(ApplicationFilterChain.java:178)
	at org.apache.catalina.core.ApplicationFilterChain.doFilter(ApplicationFilterChain.java:153)
	at org.springframework.web.filter.FormContentFilter.doFilterInternal(FormContentFilter.java:93)
	at org.springframework.web.filter.OncePerRequestFilter.doFilter(OncePerRequestFilter.java:117)
	at org.apache.catalina.core.ApplicationFilterChain.internalDoFilter(ApplicationFilterChain.java:178)
	at org.apache.catalina.core.ApplicationFilterChain.doFilter(ApplicationFilterChain.java:153)
	at org.springframework.boot.actuate.metrics.web.servlet.WebMvcMetricsFilter.doFilterInternal(WebMvcMetricsFilter.java:96)
	at org.springframework.web.filter.OncePerRequestFilter.doFilter(OncePerRequestFilter.java:117)
	at org.apache.catalina.core.ApplicationFilterChain.internalDoFilter(ApplicationFilterChain.java:178)
	at org.apache.catalina.core.ApplicationFilterChain.doFilter(ApplicationFilterChain.java:153)
	at org.springframework.web.filter.CharacterEncodingFilter.doFilterInternal(CharacterEncodingFilter.java:201)
	at org.springframework.web.filter.OncePerRequestFilter.doFilter(OncePerRequestFilter.java:117)
	at org.apache.catalina.core.ApplicationFilterChain.internalDoFilter(ApplicationFilterChain.java:178)
	at org.apache.catalina.core.ApplicationFilterChain.doFilter(ApplicationFilterChain.java:153)
	at org.apache.catalina.core.StandardWrapperValve.invoke(StandardWrapperValve.java:167)
	at org.apache.catalina.core.StandardContextValve.invoke(StandardContextValve.java:90)
	at org.apache.catalina.authenticator.AuthenticatorBase.invoke(AuthenticatorBase.java:481)
	at org.apache.catalina.core.StandardHostValve.invoke(StandardHostValve.java:130)
	at org.apache.catalina.valves.ErrorReportValve.invoke(ErrorReportValve.java:93)
	at org.apache.catalina.core.StandardEngineValve.invoke(StandardEngineValve.java:74)
	at org.apache.catalina.connector.CoyoteAdapter.service(CoyoteAdapter.java:343)
	at org.apache.coyote.http11.Http11Processor.service(Http11Processor.java:390)
	at org.apache.coyote.AbstractProcessorLight.process(AbstractProcessorLight.java:63)
	at org.apache.coyote.AbstractProtocol$ConnectionHandler.process(AbstractProtocol.java:926)
	at org.apache.tomcat.util.net.NioEndpoint$SocketProcessor.doRun(NioEndpoint.java:1791)
	at org.apache.tomcat.util.net.SocketProcessorBase.run(SocketProcessorBase.java:52)
	at org.apache.tomcat.util.threads.ThreadPoolExecutor.runWorker(ThreadPoolExecutor.java:1191)
	at org.apache.tomcat.util.threads.ThreadPoolExecutor$Worker.run(ThreadPoolExecutor.java:659)
	at org.apache.tomcat.util.threads.TaskThread$WrappingRunnable.run(TaskThread.java:61)
	at java.base/java.lang.Thread.run(Thread.java:829)
Caused by: java.sql.SQLIntegrityConstraintViolationException: Column 'user_id' cannot be null
	at com.mysql.cj.jdbc.exceptions.SQLError.createSQLException(SQLError.java:117)
	at com.mysql.cj.jdbc.exceptions.SQLError.createSQLException(SQLError.java:97)
	at com.mysql.cj.jdbc.exceptions.SQLExceptionsMapping.translateException(SQLExceptionsMapping.java:122)
	at com.mysql.cj.jdbc.ClientPreparedStatement.executeInternal(ClientPreparedStatement.java:953)
	at com.mysql.cj.jdbc.ClientPreparedStatement.execute(ClientPreparedStatement.java:370)
	at com.zaxxer.hikari.pool.ProxyPreparedStatement.execute(ProxyPreparedStatement.java:44)
	at com.zaxxer.hikari.pool.HikariProxyPreparedStatement.execute(HikariProxyPreparedStatement.java)
	at org.apache.ibatis.executor.statement.PreparedStatementHandler.update(PreparedStatementHandler.java:47)
	at org.apache.ibatis.executor.statement.RoutingStatementHandler.update(RoutingStatementHandler.java:74)
	at org.apache.ibatis.executor.SimpleExecutor.doUpdate(SimpleExecutor.java:50)
	at org.apache.ibatis.executor.BaseExecutor.update(BaseExecutor.java:117)
	at org.apache.ibatis.executor.CachingExecutor.update(CachingExecutor.java:76)
	at org.apache.ibatis.session.defaults.DefaultSqlSession.update(DefaultSqlSession.java:197)
	at org.apache.ibatis.session.defaults.DefaultSqlSession.insert(DefaultSqlSession.java:184)
	at java.base/jdk.internal.reflect.NativeMethodAccessorImpl.invoke0(Native Method)
	at java.base/jdk.internal.reflect.NativeMethodAccessorImpl.invoke(NativeMethodAccessorImpl.java:62)
	at java.base/jdk.internal.reflect.DelegatingMethodAccessorImpl.invoke(DelegatingMethodAccessorImpl.java:43)
	at java.base/java.lang.reflect.Method.invoke(Method.java:566)
	at org.mybatis.spring.SqlSessionTemplate$SqlSessionInterceptor.invoke(SqlSessionTemplate.java:427)
	... 74 common frames omitted
26-07-26.17:35:38.847 [SpringApplicationShutdownHook] INFO  HikariDataSource       - HikariPool-1 - Shutdown initiated...
26-07-26.17:35:38.861 [SpringApplicationShutdownHook] INFO  HikariDataSource       - HikariPool-1 - Shutdown completed.
26-07-26.17:35:42.605 [main            ] INFO  Application            - Starting Application using Java 11.0.31 on ASUS with PID 10152 (D:\code\s-pay-mall-ddd-cc\s-pay-mall-ddd-app\target\classes started by 13267 in D:\code\s-pay-mall-ddd-cc)
26-07-26.17:35:42.610 [main            ] INFO  Application            - The following 1 profile is active: "dev"
26-07-26.17:35:43.484 [main            ] INFO  RepositoryConfigurationDelegate - Multiple Spring Data modules found, entering strict repository configuration mode
26-07-26.17:35:43.485 [main            ] INFO  RepositoryConfigurationDelegate - Bootstrapping Spring Data Redis repositories in DEFAULT mode.
26-07-26.17:35:43.511 [main            ] INFO  RepositoryConfigurationDelegate - Finished Spring Data repository scanning in 14 ms. Found 0 Redis repository interfaces.
26-07-26.17:35:44.294 [main            ] INFO  TomcatWebServer        - Tomcat initialized with port(s): 8080 (http)
26-07-26.17:35:44.305 [main            ] INFO  Http11NioProtocol      - Initializing ProtocolHandler ["http-nio-8080"]
26-07-26.17:35:44.305 [main            ] INFO  StandardService        - Starting service [Tomcat]
26-07-26.17:35:44.306 [main            ] INFO  StandardEngine         - Starting Servlet engine: [Apache Tomcat/9.0.75]
26-07-26.17:35:44.449 [main            ] INFO  [/]                    - Initializing Spring embedded WebApplicationContext
26-07-26.17:35:44.449 [main            ] INFO  ServletWebServerApplicationContext - Root WebApplicationContext: initialization completed in 1787 ms
26-07-26.17:35:45.454 [main            ] INFO  Version                - Redisson 3.26.0
26-07-26.17:35:46.062 [redisson-netty-1-5] INFO  ConnectionsHolder      - 1 connections initialized for localhost/127.0.0.1:6379
26-07-26.17:35:46.153 [redisson-netty-1-20] INFO  ConnectionsHolder      - 24 connections initialized for localhost/127.0.0.1:6379
26-07-26.17:35:46.599 [main            ] INFO  EndpointLinksResolver  - Exposing 1 endpoint(s) beneath base path '/actuator'
26-07-26.17:35:46.619 [main            ] INFO  Http11NioProtocol      - Starting ProtocolHandler ["http-nio-8080"]
26-07-26.17:35:46.631 [main            ] INFO  TomcatWebServer        - Tomcat started on port(s): 8080 (http) with context path ''
26-07-26.17:35:46.649 [main            ] INFO  Application            - Started Application in 4.75 seconds (JVM running for 5.365)
26-07-26.17:35:48.379 [http-nio-8080-exec-1] INFO  [/]                    - Initializing Spring DispatcherServlet 'dispatcherServlet'
26-07-26.17:35:48.379 [http-nio-8080-exec-1] INFO  DispatcherServlet      - Initializing Servlet 'dispatcherServlet'
26-07-26.17:35:48.382 [http-nio-8080-exec-1] INFO  DispatcherServlet      - Completed initialization in 3 ms
26-07-26.17:35:48.466 [http-nio-8080-exec-1] INFO  AliPayController       - 商品下单，根据商品ID创建支付单开始 userId:1 productId:1
26-07-26.17:35:48.507 [http-nio-8080-exec-1] INFO  HikariDataSource       - HikariPool-1 - Starting...
26-07-26.17:35:48.772 [http-nio-8080-exec-1] INFO  HikariDataSource       - HikariPool-1 - Start completed.
26-07-26.17:35:48.939 [http-nio-8080-exec-1] INFO  AliPayController       - 商品下单，根据商品ID创建支付单完成 userId:1 productId:1 orderId:59214591885269
26-07-26.18:00:33.463 [HikariPool-1 housekeeper] WARN  HikariPool             - HikariPool-1 - Thread starvation or clock leap detected (housekeeper delta=17m44s497ms218µs100ns).
26-07-26.18:07:29.704 [SpringApplicationShutdownHook] INFO  HikariDataSource       - HikariPool-1 - Shutdown initiated...
26-07-26.18:07:29.716 [SpringApplicationShutdownHook] INFO  HikariDataSource       - HikariPool-1 - Shutdown completed.
26-07-26.20:26:13.898 [main            ] INFO  Application            - Starting Application using Java 11.0.31 on ASUS with PID 45804 (D:\code\s-pay-mall-ddd-cc\s-pay-mall-ddd-app\target\classes started by 13267 in D:\code\s-pay-mall-ddd-cc)
26-07-26.20:26:13.900 [main            ] INFO  Application            - The following 1 profile is active: "dev"
26-07-26.20:26:14.816 [main            ] INFO  RepositoryConfigurationDelegate - Multiple Spring Data modules found, entering strict repository configuration mode
26-07-26.20:26:14.818 [main            ] INFO  RepositoryConfigurationDelegate - Bootstrapping Spring Data Redis repositories in DEFAULT mode.
26-07-26.20:26:14.856 [main            ] INFO  RepositoryConfigurationDelegate - Finished Spring Data repository scanning in 21 ms. Found 0 Redis repository interfaces.
26-07-26.20:26:15.665 [main            ] INFO  TomcatWebServer        - Tomcat initialized with port(s): 8080 (http)
26-07-26.20:26:15.674 [main            ] INFO  Http11NioProtocol      - Initializing ProtocolHandler ["http-nio-8080"]
26-07-26.20:26:15.674 [main            ] INFO  StandardService        - Starting service [Tomcat]
26-07-26.20:26:15.675 [main            ] INFO  StandardEngine         - Starting Servlet engine: [Apache Tomcat/9.0.75]
26-07-26.20:26:15.802 [main            ] INFO  [/]                    - Initializing Spring embedded WebApplicationContext
26-07-26.20:26:15.802 [main            ] INFO  ServletWebServerApplicationContext - Root WebApplicationContext: initialization completed in 1851 ms
26-07-26.20:26:16.805 [main            ] INFO  Version                - Redisson 3.26.0
26-07-26.20:26:17.418 [redisson-netty-1-5] INFO  ConnectionsHolder      - 1 connections initialized for localhost/127.0.0.1:6379
26-07-26.20:26:17.523 [redisson-netty-1-20] INFO  ConnectionsHolder      - 24 connections initialized for localhost/127.0.0.1:6379
26-07-26.20:26:17.907 [main            ] INFO  EndpointLinksResolver  - Exposing 1 endpoint(s) beneath base path '/actuator'
26-07-26.20:26:17.927 [main            ] INFO  Http11NioProtocol      - Starting ProtocolHandler ["http-nio-8080"]
26-07-26.20:26:17.937 [main            ] INFO  TomcatWebServer        - Tomcat started on port(s): 8080 (http) with context path ''
26-07-26.20:26:17.948 [main            ] INFO  Application            - Started Application in 4.715 seconds (JVM running for 5.303)
26-07-26.20:26:45.435 [http-nio-8080-exec-1] INFO  [/]                    - Initializing Spring DispatcherServlet 'dispatcherServlet'
26-07-26.20:26:45.435 [http-nio-8080-exec-1] INFO  DispatcherServlet      - Initializing Servlet 'dispatcherServlet'
26-07-26.20:26:45.436 [http-nio-8080-exec-1] INFO  DispatcherServlet      - Completed initialization in 1 ms
26-07-26.20:26:45.526 [http-nio-8080-exec-1] INFO  AliPayController       - 商品下单，根据商品ID创建支付单开始 userId:2 productId:2
26-07-26.20:26:45.548 [http-nio-8080-exec-1] INFO  HikariDataSource       - HikariPool-1 - Starting...
26-07-26.20:26:45.851 [http-nio-8080-exec-1] INFO  HikariDataSource       - HikariPool-1 - Start completed.
26-07-26.20:26:46.032 [http-nio-8080-exec-1] INFO  AliPayController       - 商品下单，根据商品ID创建支付单完成 userId:2 productId:2 orderId:63015243383423
26-07-26.20:29:29.153 [http-nio-8080-exec-3] INFO  AliPayController       - 商品下单，根据商品ID创建支付单开始 userId:2 productId:2
26-07-26.20:29:29.159 [http-nio-8080-exec-3] INFO  AbstractOrderService   - 创建订单-已存在未支付订单，userId:2, productId:2, orderId:63015243383423
26-07-26.20:29:29.159 [http-nio-8080-exec-3] INFO  AliPayController       - 商品下单，根据商品ID创建支付单完成 userId:2 productId:2 orderId:63015243383423
26-07-26.20:31:02.659 [SpringApplicationShutdownHook] INFO  HikariDataSource       - HikariPool-1 - Shutdown initiated...
26-07-26.20:31:02.672 [SpringApplicationShutdownHook] INFO  HikariDataSource       - HikariPool-1 - Shutdown completed.
26-07-26.20:31:06.236 [main            ] INFO  Application            - Starting Application using Java 11.0.31 on ASUS with PID 36256 (D:\code\s-pay-mall-ddd-cc\s-pay-mall-ddd-app\target\classes started by 13267 in D:\code\s-pay-mall-ddd-cc)
26-07-26.20:31:06.240 [main            ] INFO  Application            - The following 1 profile is active: "dev"
26-07-26.20:31:07.085 [main            ] INFO  RepositoryConfigurationDelegate - Multiple Spring Data modules found, entering strict repository configuration mode
26-07-26.20:31:07.087 [main            ] INFO  RepositoryConfigurationDelegate - Bootstrapping Spring Data Redis repositories in DEFAULT mode.
26-07-26.20:31:07.119 [main            ] INFO  RepositoryConfigurationDelegate - Finished Spring Data repository scanning in 19 ms. Found 0 Redis repository interfaces.
26-07-26.20:31:07.888 [main            ] INFO  TomcatWebServer        - Tomcat initialized with port(s): 8080 (http)
26-07-26.20:31:07.895 [main            ] INFO  Http11NioProtocol      - Initializing ProtocolHandler ["http-nio-8080"]
26-07-26.20:31:07.896 [main            ] INFO  StandardService        - Starting service [Tomcat]
26-07-26.20:31:07.896 [main            ] INFO  StandardEngine         - Starting Servlet engine: [Apache Tomcat/9.0.75]
26-07-26.20:31:08.031 [main            ] INFO  [/]                    - Initializing Spring embedded WebApplicationContext
26-07-26.20:31:08.031 [main            ] INFO  ServletWebServerApplicationContext - Root WebApplicationContext: initialization completed in 1752 ms
26-07-26.20:31:08.965 [main            ] INFO  Version                - Redisson 3.26.0
26-07-26.20:31:09.528 [redisson-netty-1-5] INFO  ConnectionsHolder      - 1 connections initialized for localhost/127.0.0.1:6379
26-07-26.20:31:09.622 [redisson-netty-1-20] INFO  ConnectionsHolder      - 24 connections initialized for localhost/127.0.0.1:6379
26-07-26.20:31:09.922 [main            ] INFO  EndpointLinksResolver  - Exposing 1 endpoint(s) beneath base path '/actuator'
26-07-26.20:31:09.939 [main            ] INFO  Http11NioProtocol      - Starting ProtocolHandler ["http-nio-8080"]
26-07-26.20:31:09.949 [main            ] INFO  TomcatWebServer        - Tomcat started on port(s): 8080 (http) with context path ''
26-07-26.20:31:09.959 [main            ] INFO  Application            - Started Application in 4.227 seconds (JVM running for 4.705)
26-07-26.20:31:12.659 [http-nio-8080-exec-1] INFO  [/]                    - Initializing Spring DispatcherServlet 'dispatcherServlet'
26-07-26.20:31:12.659 [http-nio-8080-exec-1] INFO  DispatcherServlet      - Initializing Servlet 'dispatcherServlet'
26-07-26.20:31:12.661 [http-nio-8080-exec-1] INFO  DispatcherServlet      - Completed initialization in 2 ms
26-07-26.20:31:12.742 [http-nio-8080-exec-1] INFO  AliPayController       - 商品下单，根据商品ID创建支付单开始 userId:2 productId:2
26-07-26.20:31:12.761 [http-nio-8080-exec-1] INFO  HikariDataSource       - HikariPool-1 - Starting...
26-07-26.20:31:12.992 [http-nio-8080-exec-1] INFO  HikariDataSource       - HikariPool-1 - Start completed.
26-07-26.20:31:13.024 [http-nio-8080-exec-1] INFO  AbstractOrderService   - 创建订单-已存在未支付订单，userId:2, productId:2, orderId:63015243383423
26-07-26.20:31:13.025 [http-nio-8080-exec-1] INFO  AliPayController       - 商品下单，根据商品ID创建支付单完成 userId:2 productId:2 orderId:63015243383423
26-07-26.20:31:26.215 [http-nio-8080-exec-2] INFO  AliPayController       - 商品下单，根据商品ID创建支付单开始 userId:3 productId:3
26-07-26.20:31:26.303 [http-nio-8080-exec-2] INFO  AliPayController       - 商品下单，根据商品ID创建支付单完成 userId:3 productId:3 orderId:05687486819141
26-07-26.20:34:08.944 [SpringApplicationShutdownHook] INFO  HikariDataSource       - HikariPool-1 - Shutdown initiated...
26-07-26.20:34:08.958 [SpringApplicationShutdownHook] INFO  HikariDataSource       - HikariPool-1 - Shutdown completed.
26-07-26.20:38:48.722 [main            ] INFO  Application            - Starting Application using Java 11.0.31 on ASUS with PID 984 (D:\code\s-pay-mall-ddd-cc\s-pay-mall-ddd-app\target\classes started by 13267 in D:\code\s-pay-mall-ddd-cc)
26-07-26.20:38:48.724 [main            ] INFO  Application            - The following 1 profile is active: "dev"
26-07-26.20:38:49.602 [main            ] INFO  RepositoryConfigurationDelegate - Multiple Spring Data modules found, entering strict repository configuration mode
26-07-26.20:38:49.603 [main            ] INFO  RepositoryConfigurationDelegate - Bootstrapping Spring Data Redis repositories in DEFAULT mode.
26-07-26.20:38:49.635 [main            ] INFO  RepositoryConfigurationDelegate - Finished Spring Data repository scanning in 18 ms. Found 0 Redis repository interfaces.
26-07-26.20:38:50.495 [main            ] INFO  TomcatWebServer        - Tomcat initialized with port(s): 8080 (http)
26-07-26.20:38:50.505 [main            ] INFO  Http11NioProtocol      - Initializing ProtocolHandler ["http-nio-8080"]
26-07-26.20:38:50.505 [main            ] INFO  StandardService        - Starting service [Tomcat]
26-07-26.20:38:50.505 [main            ] INFO  StandardEngine         - Starting Servlet engine: [Apache Tomcat/9.0.75]
26-07-26.20:38:50.633 [main            ] INFO  [/]                    - Initializing Spring embedded WebApplicationContext
26-07-26.20:38:50.633 [main            ] INFO  ServletWebServerApplicationContext - Root WebApplicationContext: initialization completed in 1871 ms
26-07-26.20:38:51.592 [main            ] INFO  Version                - Redisson 3.26.0
26-07-26.20:38:52.147 [redisson-netty-1-5] INFO  ConnectionsHolder      - 1 connections initialized for localhost/127.0.0.1:6379
26-07-26.20:38:52.223 [redisson-netty-1-20] INFO  ConnectionsHolder      - 24 connections initialized for localhost/127.0.0.1:6379
26-07-26.20:38:52.529 [main            ] INFO  EndpointLinksResolver  - Exposing 1 endpoint(s) beneath base path '/actuator'
26-07-26.20:38:52.544 [main            ] INFO  Http11NioProtocol      - Starting ProtocolHandler ["http-nio-8080"]
26-07-26.20:38:52.553 [main            ] INFO  TomcatWebServer        - Tomcat started on port(s): 8080 (http) with context path ''
26-07-26.20:38:52.564 [main            ] INFO  Application            - Started Application in 4.31 seconds (JVM running for 4.764)
26-07-26.20:38:53.941 [http-nio-8080-exec-1] INFO  [/]                    - Initializing Spring DispatcherServlet 'dispatcherServlet'
26-07-26.20:38:53.942 [http-nio-8080-exec-1] INFO  DispatcherServlet      - Initializing Servlet 'dispatcherServlet'
26-07-26.20:38:53.943 [http-nio-8080-exec-1] INFO  DispatcherServlet      - Completed initialization in 1 ms
26-07-26.20:38:54.008 [http-nio-8080-exec-1] INFO  AliPayController       - 商品下单，根据商品ID创建支付单开始 userId:3 productId:3
26-07-26.20:38:54.046 [http-nio-8080-exec-1] INFO  HikariDataSource       - HikariPool-1 - Starting...
26-07-26.20:38:54.330 [http-nio-8080-exec-1] INFO  HikariDataSource       - HikariPool-1 - Start completed.
26-07-26.20:38:54.365 [http-nio-8080-exec-1] INFO  AbstractOrderService   - 创建订单-已存在未支付订单，userId:3, productId:3, orderId:05687486819141
26-07-26.20:38:54.366 [http-nio-8080-exec-1] INFO  AliPayController       - 商品下单，根据商品ID创建支付单完成 userId:3 productId:3 orderId:05687486819141
26-07-26.20:43:58.087 [SpringApplicationShutdownHook] INFO  HikariDataSource       - HikariPool-1 - Shutdown initiated...
26-07-26.20:43:58.098 [SpringApplicationShutdownHook] INFO  HikariDataSource       - HikariPool-1 - Shutdown completed.
26-07-26.20:44:00.226 [main            ] INFO  Application            - Starting Application using Java 11.0.31 on ASUS with PID 58236 (D:\code\s-pay-mall-ddd-cc\s-pay-mall-ddd-app\target\classes started by 13267 in D:\code\s-pay-mall-ddd-cc)
26-07-26.20:44:00.228 [main            ] INFO  Application            - The following 1 profile is active: "dev"
26-07-26.20:44:00.980 [main            ] INFO  RepositoryConfigurationDelegate - Multiple Spring Data modules found, entering strict repository configuration mode
26-07-26.20:44:00.981 [main            ] INFO  RepositoryConfigurationDelegate - Bootstrapping Spring Data Redis repositories in DEFAULT mode.
26-07-26.20:44:01.007 [main            ] INFO  RepositoryConfigurationDelegate - Finished Spring Data repository scanning in 17 ms. Found 0 Redis repository interfaces.
26-07-26.20:44:01.738 [main            ] INFO  TomcatWebServer        - Tomcat initialized with port(s): 8080 (http)
26-07-26.20:44:01.746 [main            ] INFO  Http11NioProtocol      - Initializing ProtocolHandler ["http-nio-8080"]
26-07-26.20:44:01.747 [main            ] INFO  StandardService        - Starting service [Tomcat]
26-07-26.20:44:01.747 [main            ] INFO  StandardEngine         - Starting Servlet engine: [Apache Tomcat/9.0.75]
26-07-26.20:44:01.861 [main            ] INFO  [/]                    - Initializing Spring embedded WebApplicationContext
26-07-26.20:44:01.862 [main            ] INFO  ServletWebServerApplicationContext - Root WebApplicationContext: initialization completed in 1599 ms
26-07-26.20:44:02.692 [main            ] INFO  Version                - Redisson 3.26.0
26-07-26.20:44:03.290 [redisson-netty-1-5] INFO  ConnectionsHolder      - 1 connections initialized for localhost/127.0.0.1:6379
26-07-26.20:44:03.390 [redisson-netty-1-20] INFO  ConnectionsHolder      - 24 connections initialized for localhost/127.0.0.1:6379
26-07-26.20:44:03.775 [main            ] INFO  EndpointLinksResolver  - Exposing 1 endpoint(s) beneath base path '/actuator'
26-07-26.20:44:03.803 [main            ] INFO  Http11NioProtocol      - Starting ProtocolHandler ["http-nio-8080"]
26-07-26.20:44:03.817 [main            ] INFO  TomcatWebServer        - Tomcat started on port(s): 8080 (http) with context path ''
26-07-26.20:44:03.832 [main            ] INFO  Application            - Started Application in 4.084 seconds (JVM running for 4.486)
26-07-26.20:44:35.668 [http-nio-8080-exec-1] INFO  [/]                    - Initializing Spring DispatcherServlet 'dispatcherServlet'
26-07-26.20:44:35.668 [http-nio-8080-exec-1] INFO  DispatcherServlet      - Initializing Servlet 'dispatcherServlet'
26-07-26.20:44:35.669 [http-nio-8080-exec-1] INFO  DispatcherServlet      - Completed initialization in 0 ms
26-07-26.20:45:40.377 [main            ] INFO  Application            - Starting Application using Java 11.0.31 on ASUS with PID 27612 (D:\code\s-pay-mall-ddd-cc\s-pay-mall-ddd-app\target\classes started by 13267 in D:\code\s-pay-mall-ddd-cc)
26-07-26.20:45:40.380 [main            ] INFO  Application            - The following 1 profile is active: "dev"
26-07-26.20:45:41.134 [main            ] INFO  RepositoryConfigurationDelegate - Multiple Spring Data modules found, entering strict repository configuration mode
26-07-26.20:45:41.136 [main            ] INFO  RepositoryConfigurationDelegate - Bootstrapping Spring Data Redis repositories in DEFAULT mode.
26-07-26.20:45:41.162 [main            ] INFO  RepositoryConfigurationDelegate - Finished Spring Data repository scanning in 15 ms. Found 0 Redis repository interfaces.
26-07-26.20:45:41.846 [main            ] INFO  TomcatWebServer        - Tomcat initialized with port(s): 8080 (http)
26-07-26.20:45:41.853 [main            ] INFO  Http11NioProtocol      - Initializing ProtocolHandler ["http-nio-8080"]
26-07-26.20:45:41.854 [main            ] INFO  StandardService        - Starting service [Tomcat]
26-07-26.20:45:41.854 [main            ] INFO  StandardEngine         - Starting Servlet engine: [Apache Tomcat/9.0.75]
26-07-26.20:45:41.965 [main            ] INFO  [/]                    - Initializing Spring embedded WebApplicationContext
26-07-26.20:45:41.965 [main            ] INFO  ServletWebServerApplicationContext - Root WebApplicationContext: initialization completed in 1551 ms
26-07-26.20:45:42.705 [main            ] INFO  Version                - Redisson 3.26.0
26-07-26.20:45:43.210 [redisson-netty-1-5] INFO  ConnectionsHolder      - 1 connections initialized for localhost/127.0.0.1:6379
26-07-26.20:45:43.287 [redisson-netty-1-20] INFO  ConnectionsHolder      - 24 connections initialized for localhost/127.0.0.1:6379
26-07-26.20:45:43.551 [main            ] INFO  EndpointLinksResolver  - Exposing 1 endpoint(s) beneath base path '/actuator'
26-07-26.20:45:43.566 [main            ] INFO  Http11NioProtocol      - Starting ProtocolHandler ["http-nio-8080"]
26-07-26.20:45:43.575 [main            ] INFO  TomcatWebServer        - Tomcat started on port(s): 8080 (http) with context path ''
26-07-26.20:45:43.585 [main            ] INFO  Application            - Started Application in 3.614 seconds (JVM running for 4.04)
26-07-26.20:45:57.569 [http-nio-8080-exec-1] INFO  [/]                    - Initializing Spring DispatcherServlet 'dispatcherServlet'
26-07-26.20:45:57.569 [http-nio-8080-exec-1] INFO  DispatcherServlet      - Initializing Servlet 'dispatcherServlet'
26-07-26.20:45:57.570 [http-nio-8080-exec-1] INFO  DispatcherServlet      - Completed initialization in 1 ms
26-07-26.20:46:24.537 [http-nio-8080-exec-2] INFO  Cookie                 - A cookie header was received [Hm_lvt_a1ff8825baa73c3a78eb96aa40325abc=1784293198,1784343843,1784358984;] that contained an invalid cookie. That cookie will be ignored.
 Note: further occurrences of this error will be logged at DEBUG level.
26-07-26.20:46:34.020 [http-nio-8080-exec-4] INFO  LoginController        - weixin_qrcode_ticket:gQGS8DwAAAAAAAAAAS5odHRwOi8vd2VpeGluLnFxLmNvbS9xLzAydUhsYVlKNVpjRHQxR0ZlZDFHMWIAAgSpAWZqAwQAjScA
26-07-26.20:46:34.045 [http-nio-8080-exec-8] INFO  LoginController        - weixin_qrcode_ticket:gQHU8DwAAAAAAAAAAS5odHRwOi8vd2VpeGluLnFxLmNvbS9xLzAyNUZjR1p4NVpjRHQxR0ZlZE5HMTkAAgSpAWZqAwQAjScA
26-07-26.20:46:34.260 [http-nio-8080-exec-7] INFO  LoginController        - weixin_qrcode_ticket:gQEu8DwAAAAAAAAAAS5odHRwOi8vd2VpeGluLnFxLmNvbS9xLzAyWWllcllYNVpjRHQxR0dlZGhHMXAAAgSqAWZqAwQAjScA
26-07-26.20:46:37.278 [http-nio-8080-exec-9] INFO  LoginController        - 扫描检测登录结果 ticket:gQEu8DwAAAAAAAAAAS5odHRwOi8vd2VpeGluLnFxLmNvbS9xLzAyWWllcllYNVpjRHQxR0dlZGhHMXAAAgSqAWZqAwQAjScA openidToken:null
26-07-26.20:46:40.273 [http-nio-8080-exec-10] INFO  LoginController        - 扫描检测登录结果 ticket:gQEu8DwAAAAAAAAAAS5odHRwOi8vd2VpeGluLnFxLmNvbS9xLzAyWWllcllYNVpjRHQxR0dlZGhHMXAAAgSqAWZqAwQAjScA openidToken:null
26-07-26.20:46:42.789 [http-nio-8080-exec-1] INFO  WeixinPortalController - 接收微信公众号信息请求oxf0n3aZpX_OA8c_g8Wag2qsyf1U开始 <xml><ToUserName><![CDATA[gh_85b4345936d4]]></ToUserName>
<FromUserName><![CDATA[oxf0n3aZpX_OA8c_g8Wag2qsyf1U]]></FromUserName>
<CreateTime>1785070002</CreateTime>
<MsgType><![CDATA[event]]></MsgType>
<Event><![CDATA[SCAN]]></Event>
<EventKey><![CDATA[100601]]></EventKey>
<Ticket><![CDATA[gQEu8DwAAAAAAAAAAS5odHRwOi8vd2VpeGluLnFxLmNvbS9xLzAyWWllcllYNVpjRHQxR0dlZGhHMXAAAgSqAWZqAwQAjScA]]></Ticket>
</xml>
26-07-26.20:46:43.272 [http-nio-8080-exec-2] INFO  LoginController        - 扫描检测登录结果 ticket:gQEu8DwAAAAAAAAAAS5odHRwOi8vd2VpeGluLnFxLmNvbS9xLzAyWWllcllYNVpjRHQxR0dlZGhHMXAAAgSqAWZqAwQAjScA openidToken:oxf0n3aZpX_OA8c_g8Wag2qsyf1U
26-07-26.20:46:46.823 [http-nio-8080-exec-3] INFO  AliPayController       - 商品下单，根据商品ID创建支付单开始 userId:oxf0n3aZpX_OA8c_g8Wag2qsyf1U productId:oxf0n3aZpX_OA8c_g8Wag2qsyf1U
26-07-26.20:46:46.847 [http-nio-8080-exec-3] INFO  HikariDataSource       - HikariPool-1 - Starting...
26-07-26.20:46:47.004 [http-nio-8080-exec-3] INFO  HikariDataSource       - HikariPool-1 - Start completed.
26-07-26.20:46:47.226 [http-nio-8080-exec-3] INFO  AliPayController       - 商品下单，根据商品ID创建支付单完成 userId:oxf0n3aZpX_OA8c_g8Wag2qsyf1U productId:100010090091 orderId:91889315187201
26-07-26.20:46:54.781 [http-nio-8080-exec-8] INFO  WeixinPortalController - 接收微信公众号信息请求oxf0n3aZpX_OA8c_g8Wag2qsyf1U开始 <xml><ToUserName><![CDATA[gh_85b4345936d4]]></ToUserName>
<FromUserName><![CDATA[oxf0n3aZpX_OA8c_g8Wag2qsyf1U]]></FromUserName>
<CreateTime>1785070004</CreateTime>
<MsgType><![CDATA[event]]></MsgType>
<Event><![CDATA[TEMPLATESENDJOBFINISH]]></Event>
<MsgID>4621749418977755140</MsgID>
<Status><![CDATA[success]]></Status>
</xml>
26-07-26.20:46:54.785 [http-nio-8080-exec-8] INFO  WeixinPortalController - 接收微信公众号信息请求oxf0n3aZpX_OA8c_g8Wag2qsyf1U完成 <xml><ToUserName><![CDATA[gh_85b4345936d4]]></ToUserName>
<FromUserName><![CDATA[oxf0n3aZpX_OA8c_g8Wag2qsyf1U]]></FromUserName>
<CreateTime>1785070004</CreateTime>
<MsgType><![CDATA[event]]></MsgType>
<Event><![CDATA[TEMPLATESENDJOBFINISH]]></Event>
<MsgID>4621749418977755140</MsgID>
<Status><![CDATA[success]]></Status>
</xml>
26-07-26.20:46:54.787 [http-nio-8080-exec-8] ERROR WeixinPortalController - 接收微信公众号信息请求oxf0n3aZpX_OA8c_g8Wag2qsyf1U失败 <xml><ToUserName><![CDATA[gh_85b4345936d4]]></ToUserName>
<FromUserName><![CDATA[oxf0n3aZpX_OA8c_g8Wag2qsyf1U]]></FromUserName>
<CreateTime>1785070004</CreateTime>
<MsgType><![CDATA[event]]></MsgType>
<Event><![CDATA[TEMPLATESENDJOBFINISH]]></Event>
<MsgID>4621749418977755140</MsgID>
<Status><![CDATA[success]]></Status>
</xml>
java.lang.NullPointerException: null
	at cn.bugstack.trigger.http.WeixinPortalController.post(WeixinPortalController.java:75)
	at java.base/jdk.internal.reflect.NativeMethodAccessorImpl.invoke0(Native Method)
	at java.base/jdk.internal.reflect.NativeMethodAccessorImpl.invoke(NativeMethodAccessorImpl.java:62)
	at java.base/jdk.internal.reflect.DelegatingMethodAccessorImpl.invoke(DelegatingMethodAccessorImpl.java:43)
	at java.base/java.lang.reflect.Method.invoke(Method.java:566)
	at org.springframework.web.method.support.InvocableHandlerMethod.doInvoke(InvocableHandlerMethod.java:205)
	at org.springframework.web.method.support.InvocableHandlerMethod.invokeForRequest(InvocableHandlerMethod.java:150)
	at org.springframework.web.servlet.mvc.method.annotation.ServletInvocableHandlerMethod.invokeAndHandle(ServletInvocableHandlerMethod.java:117)
	at org.springframework.web.servlet.mvc.method.annotation.RequestMappingHandlerAdapter.invokeHandlerMethod(RequestMappingHandlerAdapter.java:895)
	at org.springframework.web.servlet.mvc.method.annotation.RequestMappingHandlerAdapter.handleInternal(RequestMappingHandlerAdapter.java:808)
	at org.springframework.web.servlet.mvc.method.AbstractHandlerMethodAdapter.handle(AbstractHandlerMethodAdapter.java:87)
	at org.springframework.web.servlet.DispatcherServlet.doDispatch(DispatcherServlet.java:1072)
	at org.springframework.web.servlet.DispatcherServlet.doService(DispatcherServlet.java:965)
	at org.springframework.web.servlet.FrameworkServlet.processRequest(FrameworkServlet.java:1006)
	at org.springframework.web.servlet.FrameworkServlet.doPost(FrameworkServlet.java:909)
	at javax.servlet.http.HttpServlet.service(HttpServlet.java:555)
	at org.springframework.web.servlet.FrameworkServlet.service(FrameworkServlet.java:883)
	at javax.servlet.http.HttpServlet.service(HttpServlet.java:623)
	at org.apache.catalina.core.ApplicationFilterChain.internalDoFilter(ApplicationFilterChain.java:209)
	at org.apache.catalina.core.ApplicationFilterChain.doFilter(ApplicationFilterChain.java:153)
	at org.apache.tomcat.websocket.server.WsFilter.doFilter(WsFilter.java:51)
	at org.apache.catalina.core.ApplicationFilterChain.internalDoFilter(ApplicationFilterChain.java:178)
	at org.apache.catalina.core.ApplicationFilterChain.doFilter(ApplicationFilterChain.java:153)
	at org.springframework.web.filter.RequestContextFilter.doFilterInternal(RequestContextFilter.java:100)
	at org.springframework.web.filter.OncePerRequestFilter.doFilter(OncePerRequestFilter.java:117)
	at org.apache.catalina.core.ApplicationFilterChain.internalDoFilter(ApplicationFilterChain.java:178)
	at org.apache.catalina.core.ApplicationFilterChain.doFilter(ApplicationFilterChain.java:153)
	at org.springframework.web.filter.FormContentFilter.doFilterInternal(FormContentFilter.java:93)
	at org.springframework.web.filter.OncePerRequestFilter.doFilter(OncePerRequestFilter.java:117)
	at org.apache.catalina.core.ApplicationFilterChain.internalDoFilter(ApplicationFilterChain.java:178)
	at org.apache.catalina.core.ApplicationFilterChain.doFilter(ApplicationFilterChain.java:153)
	at org.springframework.boot.actuate.metrics.web.servlet.WebMvcMetricsFilter.doFilterInternal(WebMvcMetricsFilter.java:96)
	at org.springframework.web.filter.OncePerRequestFilter.doFilter(OncePerRequestFilter.java:117)
	at org.apache.catalina.core.ApplicationFilterChain.internalDoFilter(ApplicationFilterChain.java:178)
	at org.apache.catalina.core.ApplicationFilterChain.doFilter(ApplicationFilterChain.java:153)
	at org.springframework.web.filter.CharacterEncodingFilter.doFilterInternal(CharacterEncodingFilter.java:201)
	at org.springframework.web.filter.OncePerRequestFilter.doFilter(OncePerRequestFilter.java:117)
	at org.apache.catalina.core.ApplicationFilterChain.internalDoFilter(ApplicationFilterChain.java:178)
	at org.apache.catalina.core.ApplicationFilterChain.doFilter(ApplicationFilterChain.java:153)
	at org.apache.catalina.core.StandardWrapperValve.invoke(StandardWrapperValve.java:167)
	at org.apache.catalina.core.StandardContextValve.invoke(StandardContextValve.java:90)
	at org.apache.catalina.authenticator.AuthenticatorBase.invoke(AuthenticatorBase.java:481)
	at org.apache.catalina.core.StandardHostValve.invoke(StandardHostValve.java:130)
	at org.apache.catalina.valves.ErrorReportValve.invoke(ErrorReportValve.java:93)
	at org.apache.catalina.core.StandardEngineValve.invoke(StandardEngineValve.java:74)
	at org.apache.catalina.connector.CoyoteAdapter.service(CoyoteAdapter.java:343)
	at org.apache.coyote.http11.Http11Processor.service(Http11Processor.java:390)
	at org.apache.coyote.AbstractProcessorLight.process(AbstractProcessorLight.java:63)
	at org.apache.coyote.AbstractProtocol$ConnectionHandler.process(AbstractProtocol.java:926)
	at org.apache.tomcat.util.net.NioEndpoint$SocketProcessor.doRun(NioEndpoint.java:1791)
	at org.apache.tomcat.util.net.SocketProcessorBase.run(SocketProcessorBase.java:52)
	at org.apache.tomcat.util.threads.ThreadPoolExecutor.runWorker(ThreadPoolExecutor.java:1191)
	at org.apache.tomcat.util.threads.ThreadPoolExecutor$Worker.run(ThreadPoolExecutor.java:659)
	at org.apache.tomcat.util.threads.TaskThread$WrappingRunnable.run(TaskThread.java:61)
	at java.base/java.lang.Thread.run(Thread.java:829)
26-07-26.20:47:19.347 [http-nio-8080-exec-9] INFO  LoginController        - weixin_qrcode_ticket:gQHx7zwAAAAAAAAAAS5odHRwOi8vd2VpeGluLnFxLmNvbS9xLzAydnpqNlpUNVpjRHQxSG5lZHhHMVQAAgTXAWZqAwQAjScA
26-07-26.20:47:23.225 [http-nio-8080-exec-10] INFO  LoginController        - 扫描检测登录结果 ticket:gQHx7zwAAAAAAAAAAS5odHRwOi8vd2VpeGluLnFxLmNvbS9xLzAydnpqNlpUNVpjRHQxSG5lZHhHMVQAAgTXAWZqAwQAjScA openidToken:null
26-07-26.20:47:26.230 [http-nio-8080-exec-1] INFO  LoginController        - 扫描检测登录结果 ticket:gQHx7zwAAAAAAAAAAS5odHRwOi8vd2VpeGluLnFxLmNvbS9xLzAydnpqNlpUNVpjRHQxSG5lZHhHMVQAAgTXAWZqAwQAjScA openidToken:null
26-07-26.20:47:29.232 [http-nio-8080-exec-3] INFO  LoginController        - 扫描检测登录结果 ticket:gQHx7zwAAAAAAAAAAS5odHRwOi8vd2VpeGluLnFxLmNvbS9xLzAydnpqNlpUNVpjRHQxSG5lZHhHMVQAAgTXAWZqAwQAjScA openidToken:null
26-07-26.20:47:32.236 [http-nio-8080-exec-4] INFO  LoginController        - 扫描检测登录结果 ticket:gQHx7zwAAAAAAAAAAS5odHRwOi8vd2VpeGluLnFxLmNvbS9xLzAydnpqNlpUNVpjRHQxSG5lZHhHMVQAAgTXAWZqAwQAjScA openidToken:null
26-07-26.20:47:35.224 [http-nio-8080-exec-8] INFO  LoginController        - 扫描检测登录结果 ticket:gQHx7zwAAAAAAAAAAS5odHRwOi8vd2VpeGluLnFxLmNvbS9xLzAydnpqNlpUNVpjRHQxSG5lZHhHMVQAAgTXAWZqAwQAjScA openidToken:null
26-07-26.20:47:38.226 [http-nio-8080-exec-5] INFO  LoginController        - 扫描检测登录结果 ticket:gQHx7zwAAAAAAAAAAS5odHRwOi8vd2VpeGluLnFxLmNvbS9xLzAydnpqNlpUNVpjRHQxSG5lZHhHMVQAAgTXAWZqAwQAjScA openidToken:null
26-07-26.20:47:41.229 [http-nio-8080-exec-7] INFO  LoginController        - 扫描检测登录结果 ticket:gQHx7zwAAAAAAAAAAS5odHRwOi8vd2VpeGluLnFxLmNvbS9xLzAydnpqNlpUNVpjRHQxSG5lZHhHMVQAAgTXAWZqAwQAjScA openidToken:null
26-07-26.20:47:44.232 [http-nio-8080-exec-9] INFO  LoginController        - 扫描检测登录结果 ticket:gQHx7zwAAAAAAAAAAS5odHRwOi8vd2VpeGluLnFxLmNvbS9xLzAydnpqNlpUNVpjRHQxSG5lZHhHMVQAAgTXAWZqAwQAjScA openidToken:null
26-07-26.20:47:46.360 [http-nio-8080-exec-10] INFO  LoginController        - 扫描检测登录结果 ticket:gQHx7zwAAAAAAAAAAS5odHRwOi8vd2VpeGluLnFxLmNvbS9xLzAydnpqNlpUNVpjRHQxSG5lZHhHMVQAAgTXAWZqAwQAjScA openidToken:null
26-07-26.20:47:49.355 [http-nio-8080-exec-2] INFO  LoginController        - 扫描检测登录结果 ticket:gQHx7zwAAAAAAAAAAS5odHRwOi8vd2VpeGluLnFxLmNvbS9xLzAydnpqNlpUNVpjRHQxSG5lZHhHMVQAAgTXAWZqAwQAjScA openidToken:null
26-07-26.20:47:52.362 [http-nio-8080-exec-1] INFO  LoginController        - 扫描检测登录结果 ticket:gQHx7zwAAAAAAAAAAS5odHRwOi8vd2VpeGluLnFxLmNvbS9xLzAydnpqNlpUNVpjRHQxSG5lZHhHMVQAAgTXAWZqAwQAjScA openidToken:null
26-07-26.20:47:54.971 [http-nio-8080-exec-3] INFO  WeixinPortalController - 接收微信公众号信息请求oxf0n3aZpX_OA8c_g8Wag2qsyf1U开始 <xml><ToUserName><![CDATA[gh_85b4345936d4]]></ToUserName>
<FromUserName><![CDATA[oxf0n3aZpX_OA8c_g8Wag2qsyf1U]]></FromUserName>
<CreateTime>1785070074</CreateTime>
<MsgType><![CDATA[event]]></MsgType>
<Event><![CDATA[SCAN]]></Event>
<EventKey><![CDATA[100601]]></EventKey>
<Ticket><![CDATA[gQHx7zwAAAAAAAAAAS5odHRwOi8vd2VpeGluLnFxLmNvbS9xLzAydnpqNlpUNVpjRHQxSG5lZHhHMVQAAgTXAWZqAwQAjScA]]></Ticket>
</xml>
26-07-26.20:47:55.355 [http-nio-8080-exec-6] INFO  LoginController        - 扫描检测登录结果 ticket:gQHx7zwAAAAAAAAAAS5odHRwOi8vd2VpeGluLnFxLmNvbS9xLzAydnpqNlpUNVpjRHQxSG5lZHhHMVQAAgTXAWZqAwQAjScA openidToken:oxf0n3aZpX_OA8c_g8Wag2qsyf1U
26-07-26.20:47:56.281 [http-nio-8080-exec-4] INFO  WeixinPortalController - 接收微信公众号信息请求oxf0n3aZpX_OA8c_g8Wag2qsyf1U开始 <xml><ToUserName><![CDATA[gh_85b4345936d4]]></ToUserName>
<FromUserName><![CDATA[oxf0n3aZpX_OA8c_g8Wag2qsyf1U]]></FromUserName>
<CreateTime>1785070076</CreateTime>
<MsgType><![CDATA[event]]></MsgType>
<Event><![CDATA[TEMPLATESENDJOBFINISH]]></Event>
<MsgID>4621750626249441284</MsgID>
<Status><![CDATA[success]]></Status>
</xml>
26-07-26.20:47:56.284 [http-nio-8080-exec-4] INFO  WeixinPortalController - 接收微信公众号信息请求oxf0n3aZpX_OA8c_g8Wag2qsyf1U完成 <xml><ToUserName><![CDATA[gh_85b4345936d4]]></ToUserName>
<FromUserName><![CDATA[oxf0n3aZpX_OA8c_g8Wag2qsyf1U]]></FromUserName>
<CreateTime>1785070076</CreateTime>
<MsgType><![CDATA[event]]></MsgType>
<Event><![CDATA[TEMPLATESENDJOBFINISH]]></Event>
<MsgID>4621750626249441284</MsgID>
<Status><![CDATA[success]]></Status>
</xml>
26-07-26.20:47:56.285 [http-nio-8080-exec-4] ERROR WeixinPortalController - 接收微信公众号信息请求oxf0n3aZpX_OA8c_g8Wag2qsyf1U失败 <xml><ToUserName><![CDATA[gh_85b4345936d4]]></ToUserName>
<FromUserName><![CDATA[oxf0n3aZpX_OA8c_g8Wag2qsyf1U]]></FromUserName>
<CreateTime>1785070076</CreateTime>
<MsgType><![CDATA[event]]></MsgType>
<Event><![CDATA[TEMPLATESENDJOBFINISH]]></Event>
<MsgID>4621750626249441284</MsgID>
<Status><![CDATA[success]]></Status>
</xml>
java.lang.NullPointerException: null
	at cn.bugstack.trigger.http.WeixinPortalController.post(WeixinPortalController.java:75)
	at java.base/jdk.internal.reflect.NativeMethodAccessorImpl.invoke0(Native Method)
	at java.base/jdk.internal.reflect.NativeMethodAccessorImpl.invoke(NativeMethodAccessorImpl.java:62)
	at java.base/jdk.internal.reflect.DelegatingMethodAccessorImpl.invoke(DelegatingMethodAccessorImpl.java:43)
	at java.base/java.lang.reflect.Method.invoke(Method.java:566)
	at org.springframework.web.method.support.InvocableHandlerMethod.doInvoke(InvocableHandlerMethod.java:205)
	at org.springframework.web.method.support.InvocableHandlerMethod.invokeForRequest(InvocableHandlerMethod.java:150)
	at org.springframework.web.servlet.mvc.method.annotation.ServletInvocableHandlerMethod.invokeAndHandle(ServletInvocableHandlerMethod.java:117)
	at org.springframework.web.servlet.mvc.method.annotation.RequestMappingHandlerAdapter.invokeHandlerMethod(RequestMappingHandlerAdapter.java:895)
	at org.springframework.web.servlet.mvc.method.annotation.RequestMappingHandlerAdapter.handleInternal(RequestMappingHandlerAdapter.java:808)
	at org.springframework.web.servlet.mvc.method.AbstractHandlerMethodAdapter.handle(AbstractHandlerMethodAdapter.java:87)
	at org.springframework.web.servlet.DispatcherServlet.doDispatch(DispatcherServlet.java:1072)
	at org.springframework.web.servlet.DispatcherServlet.doService(DispatcherServlet.java:965)
	at org.springframework.web.servlet.FrameworkServlet.processRequest(FrameworkServlet.java:1006)
	at org.springframework.web.servlet.FrameworkServlet.doPost(FrameworkServlet.java:909)
	at javax.servlet.http.HttpServlet.service(HttpServlet.java:555)
	at org.springframework.web.servlet.FrameworkServlet.service(FrameworkServlet.java:883)
	at javax.servlet.http.HttpServlet.service(HttpServlet.java:623)
	at org.apache.catalina.core.ApplicationFilterChain.internalDoFilter(ApplicationFilterChain.java:209)
	at org.apache.catalina.core.ApplicationFilterChain.doFilter(ApplicationFilterChain.java:153)
	at org.apache.tomcat.websocket.server.WsFilter.doFilter(WsFilter.java:51)
	at org.apache.catalina.core.ApplicationFilterChain.internalDoFilter(ApplicationFilterChain.java:178)
	at org.apache.catalina.core.ApplicationFilterChain.doFilter(ApplicationFilterChain.java:153)
	at org.springframework.web.filter.RequestContextFilter.doFilterInternal(RequestContextFilter.java:100)
	at org.springframework.web.filter.OncePerRequestFilter.doFilter(OncePerRequestFilter.java:117)
	at org.apache.catalina.core.ApplicationFilterChain.internalDoFilter(ApplicationFilterChain.java:178)
	at org.apache.catalina.core.ApplicationFilterChain.doFilter(ApplicationFilterChain.java:153)
	at org.springframework.web.filter.FormContentFilter.doFilterInternal(FormContentFilter.java:93)
	at org.springframework.web.filter.OncePerRequestFilter.doFilter(OncePerRequestFilter.java:117)
	at org.apache.catalina.core.ApplicationFilterChain.internalDoFilter(ApplicationFilterChain.java:178)
	at org.apache.catalina.core.ApplicationFilterChain.doFilter(ApplicationFilterChain.java:153)
	at org.springframework.boot.actuate.metrics.web.servlet.WebMvcMetricsFilter.doFilterInternal(WebMvcMetricsFilter.java:96)
	at org.springframework.web.filter.OncePerRequestFilter.doFilter(OncePerRequestFilter.java:117)
	at org.apache.catalina.core.ApplicationFilterChain.internalDoFilter(ApplicationFilterChain.java:178)
	at org.apache.catalina.core.ApplicationFilterChain.doFilter(ApplicationFilterChain.java:153)
	at org.springframework.web.filter.CharacterEncodingFilter.doFilterInternal(CharacterEncodingFilter.java:201)
	at org.springframework.web.filter.OncePerRequestFilter.doFilter(OncePerRequestFilter.java:117)
	at org.apache.catalina.core.ApplicationFilterChain.internalDoFilter(ApplicationFilterChain.java:178)
	at org.apache.catalina.core.ApplicationFilterChain.doFilter(ApplicationFilterChain.java:153)
	at org.apache.catalina.core.StandardWrapperValve.invoke(StandardWrapperValve.java:167)
	at org.apache.catalina.core.StandardContextValve.invoke(StandardContextValve.java:90)
	at org.apache.catalina.authenticator.AuthenticatorBase.invoke(AuthenticatorBase.java:481)
	at org.apache.catalina.core.StandardHostValve.invoke(StandardHostValve.java:130)
	at org.apache.catalina.valves.ErrorReportValve.invoke(ErrorReportValve.java:93)
	at org.apache.catalina.core.StandardEngineValve.invoke(StandardEngineValve.java:74)
	at org.apache.catalina.connector.CoyoteAdapter.service(CoyoteAdapter.java:343)
	at org.apache.coyote.http11.Http11Processor.service(Http11Processor.java:390)
	at org.apache.coyote.AbstractProcessorLight.process(AbstractProcessorLight.java:63)
	at org.apache.coyote.AbstractProtocol$ConnectionHandler.process(AbstractProtocol.java:926)
	at org.apache.tomcat.util.net.NioEndpoint$SocketProcessor.doRun(NioEndpoint.java:1791)
	at org.apache.tomcat.util.net.SocketProcessorBase.run(SocketProcessorBase.java:52)
	at org.apache.tomcat.util.threads.ThreadPoolExecutor.runWorker(ThreadPoolExecutor.java:1191)
	at org.apache.tomcat.util.threads.ThreadPoolExecutor$Worker.run(ThreadPoolExecutor.java:659)
	at org.apache.tomcat.util.threads.TaskThread$WrappingRunnable.run(TaskThread.java:61)
	at java.base/java.lang.Thread.run(Thread.java:829)
26-07-26.20:48:00.244 [http-nio-8080-exec-8] INFO  AliPayController       - 商品下单，根据商品ID创建支付单开始 userId:oxf0n3aZpX_OA8c_g8Wag2qsyf1U productId:oxf0n3aZpX_OA8c_g8Wag2qsyf1U
26-07-26.20:48:00.246 [http-nio-8080-exec-8] INFO  AbstractOrderService   - 创建订单-已存在未支付订单，userId:oxf0n3aZpX_OA8c_g8Wag2qsyf1U, productId:100010090091, orderId:91889315187201
26-07-26.20:48:00.246 [http-nio-8080-exec-8] INFO  AliPayController       - 商品下单，根据商品ID创建支付单完成 userId:oxf0n3aZpX_OA8c_g8Wag2qsyf1U productId:100010090091 orderId:91889315187201
26-07-26.20:49:38.803 [http-nio-8080-exec-7] INFO  LoginController        - weixin_qrcode_ticket:gQG_7zwAAAAAAAAAAS5odHRwOi8vd2VpeGluLnFxLmNvbS9xLzAyaGpaTFlBNVpjRHQxRnlmZGhHMS0AAgRiAmZqAwQAjScA
26-07-26.20:49:38.844 [http-nio-8080-exec-5] INFO  LoginController        - weixin_qrcode_ticket:gQHT7zwAAAAAAAAAAS5odHRwOi8vd2VpeGluLnFxLmNvbS9xLzAyMmJwV1lLNVpjRHQxRnlmZE5HMUUAAgRiAmZqAwQAjScA
26-07-26.20:49:42.286 [http-nio-8080-exec-10] INFO  LoginController        - 扫描检测登录结果 ticket:gQG_7zwAAAAAAAAAAS5odHRwOi8vd2VpeGluLnFxLmNvbS9xLzAyaGpaTFlBNVpjRHQxRnlmZGhHMS0AAgRiAmZqAwQAjScA openidToken:null
26-07-26.20:49:45.371 [http-nio-8080-exec-1] INFO  LoginController        - 扫描检测登录结果 ticket:gQG_7zwAAAAAAAAAAS5odHRwOi8vd2VpeGluLnFxLmNvbS9xLzAyaGpaTFlBNVpjRHQxRnlmZGhHMS0AAgRiAmZqAwQAjScA openidToken:null
26-07-26.20:49:48.318 [http-nio-8080-exec-6] INFO  LoginController        - 扫描检测登录结果 ticket:gQG_7zwAAAAAAAAAAS5odHRwOi8vd2VpeGluLnFxLmNvbS9xLzAyaGpaTFlBNVpjRHQxRnlmZGhHMS0AAgRiAmZqAwQAjScA openidToken:null
26-07-26.20:49:51.301 [http-nio-8080-exec-3] INFO  LoginController        - 扫描检测登录结果 ticket:gQG_7zwAAAAAAAAAAS5odHRwOi8vd2VpeGluLnFxLmNvbS9xLzAyaGpaTFlBNVpjRHQxRnlmZGhHMS0AAgRiAmZqAwQAjScA openidToken:null
26-07-26.20:49:54.379 [http-nio-8080-exec-4] INFO  LoginController        - 扫描检测登录结果 ticket:gQG_7zwAAAAAAAAAAS5odHRwOi8vd2VpeGluLnFxLmNvbS9xLzAyaGpaTFlBNVpjRHQxRnlmZGhHMS0AAgRiAmZqAwQAjScA openidToken:null
26-07-26.20:49:57.287 [http-nio-8080-exec-8] INFO  LoginController        - 扫描检测登录结果 ticket:gQG_7zwAAAAAAAAAAS5odHRwOi8vd2VpeGluLnFxLmNvbS9xLzAyaGpaTFlBNVpjRHQxRnlmZGhHMS0AAgRiAmZqAwQAjScA openidToken:null
26-07-26.20:49:59.928 [http-nio-8080-exec-7] INFO  LoginController        - 扫描检测登录结果 ticket:gQG_7zwAAAAAAAAAAS5odHRwOi8vd2VpeGluLnFxLmNvbS9xLzAyaGpaTFlBNVpjRHQxRnlmZGhHMS0AAgRiAmZqAwQAjScA openidToken:null
26-07-26.20:50:03.297 [http-nio-8080-exec-9] INFO  LoginController        - 扫描检测登录结果 ticket:gQG_7zwAAAAAAAAAAS5odHRwOi8vd2VpeGluLnFxLmNvbS9xLzAyaGpaTFlBNVpjRHQxRnlmZGhHMS0AAgRiAmZqAwQAjScA openidToken:null
26-07-26.20:50:06.451 [http-nio-8080-exec-5] INFO  LoginController        - 扫描检测登录结果 ticket:gQG_7zwAAAAAAAAAAS5odHRwOi8vd2VpeGluLnFxLmNvbS9xLzAyaGpaTFlBNVpjRHQxRnlmZGhHMS0AAgRiAmZqAwQAjScA openidToken:null
26-07-26.20:50:09.308 [http-nio-8080-exec-10] INFO  LoginController        - 扫描检测登录结果 ticket:gQG_7zwAAAAAAAAAAS5odHRwOi8vd2VpeGluLnFxLmNvbS9xLzAyaGpaTFlBNVpjRHQxRnlmZGhHMS0AAgRiAmZqAwQAjScA openidToken:null
26-07-26.20:50:11.466 [http-nio-8080-exec-2] INFO  LoginController        - weixin_qrcode_ticket:gQH08DwAAAAAAAAAAS5odHRwOi8vd2VpeGluLnFxLmNvbS9xLzAyckx5OVlGNVpjRHQxRzNmZE5HMTgAAgSDAmZqAwQAjScA
26-07-26.20:50:12.018 [http-nio-8080-exec-1] INFO  LoginController        - 扫描检测登录结果 ticket:gQG_7zwAAAAAAAAAAS5odHRwOi8vd2VpeGluLnFxLmNvbS9xLzAyaGpaTFlBNVpjRHQxRnlmZGhHMS0AAgRiAmZqAwQAjScA openidToken:null
26-07-26.20:50:15.287 [http-nio-8080-exec-6] INFO  LoginController        - 扫描检测登录结果 ticket:gQG_7zwAAAAAAAAAAS5odHRwOi8vd2VpeGluLnFxLmNvbS9xLzAyaGpaTFlBNVpjRHQxRnlmZGhHMS0AAgRiAmZqAwQAjScA openidToken:null
26-07-26.20:50:18.292 [http-nio-8080-exec-3] INFO  LoginController        - 扫描检测登录结果 ticket:gQG_7zwAAAAAAAAAAS5odHRwOi8vd2VpeGluLnFxLmNvbS9xLzAyaGpaTFlBNVpjRHQxRnlmZGhHMS0AAgRiAmZqAwQAjScA openidToken:null
26-07-26.20:50:20.991 [http-nio-8080-exec-4] INFO  LoginController        - 扫描检测登录结果 ticket:gQG_7zwAAAAAAAAAAS5odHRwOi8vd2VpeGluLnFxLmNvbS9xLzAyaGpaTFlBNVpjRHQxRnlmZGhHMS0AAgRiAmZqAwQAjScA openidToken:null
26-07-26.20:50:24.376 [http-nio-8080-exec-8] INFO  LoginController        - 扫描检测登录结果 ticket:gQG_7zwAAAAAAAAAAS5odHRwOi8vd2VpeGluLnFxLmNvbS9xLzAyaGpaTFlBNVpjRHQxRnlmZGhHMS0AAgRiAmZqAwQAjScA openidToken:null
26-07-26.20:50:27.066 [http-nio-8080-exec-9] INFO  LoginController        - 扫描检测登录结果 ticket:gQG_7zwAAAAAAAAAAS5odHRwOi8vd2VpeGluLnFxLmNvbS9xLzAyaGpaTFlBNVpjRHQxRnlmZGhHMS0AAgRiAmZqAwQAjScA openidToken:null
26-07-26.20:50:30.286 [http-nio-8080-exec-5] INFO  LoginController        - 扫描检测登录结果 ticket:gQG_7zwAAAAAAAAAAS5odHRwOi8vd2VpeGluLnFxLmNvbS9xLzAyaGpaTFlBNVpjRHQxRnlmZGhHMS0AAgRiAmZqAwQAjScA openidToken:null
26-07-26.20:50:33.491 [http-nio-8080-exec-10] INFO  LoginController        - 扫描检测登录结果 ticket:gQG_7zwAAAAAAAAAAS5odHRwOi8vd2VpeGluLnFxLmNvbS9xLzAyaGpaTFlBNVpjRHQxRnlmZGhHMS0AAgRiAmZqAwQAjScA openidToken:null
26-07-26.20:50:36.277 [http-nio-8080-exec-2] INFO  LoginController        - 扫描检测登录结果 ticket:gQG_7zwAAAAAAAAAAS5odHRwOi8vd2VpeGluLnFxLmNvbS9xLzAyaGpaTFlBNVpjRHQxRnlmZGhHMS0AAgRiAmZqAwQAjScA openidToken:null
26-07-26.20:50:39.307 [http-nio-8080-exec-1] INFO  LoginController        - 扫描检测登录结果 ticket:gQG_7zwAAAAAAAAAAS5odHRwOi8vd2VpeGluLnFxLmNvbS9xLzAyaGpaTFlBNVpjRHQxRnlmZGhHMS0AAgRiAmZqAwQAjScA openidToken:null
26-07-26.20:50:42.295 [http-nio-8080-exec-6] INFO  LoginController        - 扫描检测登录结果 ticket:gQG_7zwAAAAAAAAAAS5odHRwOi8vd2VpeGluLnFxLmNvbS9xLzAyaGpaTFlBNVpjRHQxRnlmZGhHMS0AAgRiAmZqAwQAjScA openidToken:null
26-07-26.20:50:44.953 [http-nio-8080-exec-3] INFO  LoginController        - 扫描检测登录结果 ticket:gQG_7zwAAAAAAAAAAS5odHRwOi8vd2VpeGluLnFxLmNvbS9xLzAyaGpaTFlBNVpjRHQxRnlmZGhHMS0AAgRiAmZqAwQAjScA openidToken:null
26-07-26.20:50:47.940 [http-nio-8080-exec-4] INFO  LoginController        - 扫描检测登录结果 ticket:gQG_7zwAAAAAAAAAAS5odHRwOi8vd2VpeGluLnFxLmNvbS9xLzAyaGpaTFlBNVpjRHQxRnlmZGhHMS0AAgRiAmZqAwQAjScA openidToken:null
26-07-26.20:50:48.214 [http-nio-8080-exec-7] INFO  WeixinPortalController - 接收微信公众号信息请求oxf0n3aZpX_OA8c_g8Wag2qsyf1U开始 <xml><ToUserName><![CDATA[gh_85b4345936d4]]></ToUserName>
<FromUserName><![CDATA[oxf0n3aZpX_OA8c_g8Wag2qsyf1U]]></FromUserName>
<CreateTime>1785070247</CreateTime>
<MsgType><![CDATA[event]]></MsgType>
<Event><![CDATA[SCAN]]></Event>
<EventKey><![CDATA[100601]]></EventKey>
<Ticket><![CDATA[gQG_7zwAAAAAAAAAAS5odHRwOi8vd2VpeGluLnFxLmNvbS9xLzAyaGpaTFlBNVpjRHQxRnlmZGhHMS0AAgRiAmZqAwQAjScA]]></Ticket>
</xml>
26-07-26.20:50:49.484 [http-nio-8080-exec-9] INFO  WeixinPortalController - 接收微信公众号信息请求oxf0n3aZpX_OA8c_g8Wag2qsyf1U开始 <xml><ToUserName><![CDATA[gh_85b4345936d4]]></ToUserName>
<FromUserName><![CDATA[oxf0n3aZpX_OA8c_g8Wag2qsyf1U]]></FromUserName>
<CreateTime>1785070249</CreateTime>
<MsgType><![CDATA[event]]></MsgType>
<Event><![CDATA[TEMPLATESENDJOBFINISH]]></Event>
<MsgID>4621753532734341122</MsgID>
<Status><![CDATA[success]]></Status>
</xml>
26-07-26.20:50:49.487 [http-nio-8080-exec-9] INFO  WeixinPortalController - 接收微信公众号信息请求oxf0n3aZpX_OA8c_g8Wag2qsyf1U完成 <xml><ToUserName><![CDATA[gh_85b4345936d4]]></ToUserName>
<FromUserName><![CDATA[oxf0n3aZpX_OA8c_g8Wag2qsyf1U]]></FromUserName>
<CreateTime>1785070249</CreateTime>
<MsgType><![CDATA[event]]></MsgType>
<Event><![CDATA[TEMPLATESENDJOBFINISH]]></Event>
<MsgID>4621753532734341122</MsgID>
<Status><![CDATA[success]]></Status>
</xml>
26-07-26.20:50:49.487 [http-nio-8080-exec-9] ERROR WeixinPortalController - 接收微信公众号信息请求oxf0n3aZpX_OA8c_g8Wag2qsyf1U失败 <xml><ToUserName><![CDATA[gh_85b4345936d4]]></ToUserName>
<FromUserName><![CDATA[oxf0n3aZpX_OA8c_g8Wag2qsyf1U]]></FromUserName>
<CreateTime>1785070249</CreateTime>
<MsgType><![CDATA[event]]></MsgType>
<Event><![CDATA[TEMPLATESENDJOBFINISH]]></Event>
<MsgID>4621753532734341122</MsgID>
<Status><![CDATA[success]]></Status>
</xml>
java.lang.NullPointerException: null
	at cn.bugstack.trigger.http.WeixinPortalController.post(WeixinPortalController.java:75)
	at java.base/jdk.internal.reflect.NativeMethodAccessorImpl.invoke0(Native Method)
	at java.base/jdk.internal.reflect.NativeMethodAccessorImpl.invoke(NativeMethodAccessorImpl.java:62)
	at java.base/jdk.internal.reflect.DelegatingMethodAccessorImpl.invoke(DelegatingMethodAccessorImpl.java:43)
	at java.base/java.lang.reflect.Method.invoke(Method.java:566)
	at org.springframework.web.method.support.InvocableHandlerMethod.doInvoke(InvocableHandlerMethod.java:205)
	at org.springframework.web.method.support.InvocableHandlerMethod.invokeForRequest(InvocableHandlerMethod.java:150)
	at org.springframework.web.servlet.mvc.method.annotation.ServletInvocableHandlerMethod.invokeAndHandle(ServletInvocableHandlerMethod.java:117)
	at org.springframework.web.servlet.mvc.method.annotation.RequestMappingHandlerAdapter.invokeHandlerMethod(RequestMappingHandlerAdapter.java:895)
	at org.springframework.web.servlet.mvc.method.annotation.RequestMappingHandlerAdapter.handleInternal(RequestMappingHandlerAdapter.java:808)
	at org.springframework.web.servlet.mvc.method.AbstractHandlerMethodAdapter.handle(AbstractHandlerMethodAdapter.java:87)
	at org.springframework.web.servlet.DispatcherServlet.doDispatch(DispatcherServlet.java:1072)
	at org.springframework.web.servlet.DispatcherServlet.doService(DispatcherServlet.java:965)
	at org.springframework.web.servlet.FrameworkServlet.processRequest(FrameworkServlet.java:1006)
	at org.springframework.web.servlet.FrameworkServlet.doPost(FrameworkServlet.java:909)
	at javax.servlet.http.HttpServlet.service(HttpServlet.java:555)
	at org.springframework.web.servlet.FrameworkServlet.service(FrameworkServlet.java:883)
	at javax.servlet.http.HttpServlet.service(HttpServlet.java:623)
	at org.apache.catalina.core.ApplicationFilterChain.internalDoFilter(ApplicationFilterChain.java:209)
	at org.apache.catalina.core.ApplicationFilterChain.doFilter(ApplicationFilterChain.java:153)
	at org.apache.tomcat.websocket.server.WsFilter.doFilter(WsFilter.java:51)
	at org.apache.catalina.core.ApplicationFilterChain.internalDoFilter(ApplicationFilterChain.java:178)
	at org.apache.catalina.core.ApplicationFilterChain.doFilter(ApplicationFilterChain.java:153)
	at org.springframework.web.filter.RequestContextFilter.doFilterInternal(RequestContextFilter.java:100)
	at org.springframework.web.filter.OncePerRequestFilter.doFilter(OncePerRequestFilter.java:117)
	at org.apache.catalina.core.ApplicationFilterChain.internalDoFilter(ApplicationFilterChain.java:178)
	at org.apache.catalina.core.ApplicationFilterChain.doFilter(ApplicationFilterChain.java:153)
	at org.springframework.web.filter.FormContentFilter.doFilterInternal(FormContentFilter.java:93)
	at org.springframework.web.filter.OncePerRequestFilter.doFilter(OncePerRequestFilter.java:117)
	at org.apache.catalina.core.ApplicationFilterChain.internalDoFilter(ApplicationFilterChain.java:178)
	at org.apache.catalina.core.ApplicationFilterChain.doFilter(ApplicationFilterChain.java:153)
	at org.springframework.boot.actuate.metrics.web.servlet.WebMvcMetricsFilter.doFilterInternal(WebMvcMetricsFilter.java:96)
	at org.springframework.web.filter.OncePerRequestFilter.doFilter(OncePerRequestFilter.java:117)
	at org.apache.catalina.core.ApplicationFilterChain.internalDoFilter(ApplicationFilterChain.java:178)
	at org.apache.catalina.core.ApplicationFilterChain.doFilter(ApplicationFilterChain.java:153)
	at org.springframework.web.filter.CharacterEncodingFilter.doFilterInternal(CharacterEncodingFilter.java:201)
	at org.springframework.web.filter.OncePerRequestFilter.doFilter(OncePerRequestFilter.java:117)
	at org.apache.catalina.core.ApplicationFilterChain.internalDoFilter(ApplicationFilterChain.java:178)
	at org.apache.catalina.core.ApplicationFilterChain.doFilter(ApplicationFilterChain.java:153)
	at org.apache.catalina.core.StandardWrapperValve.invoke(StandardWrapperValve.java:167)
	at org.apache.catalina.core.StandardContextValve.invoke(StandardContextValve.java:90)
	at org.apache.catalina.authenticator.AuthenticatorBase.invoke(AuthenticatorBase.java:481)
	at org.apache.catalina.core.StandardHostValve.invoke(StandardHostValve.java:130)
	at org.apache.catalina.valves.ErrorReportValve.invoke(ErrorReportValve.java:93)
	at org.apache.catalina.core.StandardEngineValve.invoke(StandardEngineValve.java:74)
	at org.apache.catalina.connector.CoyoteAdapter.service(CoyoteAdapter.java:343)
	at org.apache.coyote.http11.Http11Processor.service(Http11Processor.java:390)
	at org.apache.coyote.AbstractProcessorLight.process(AbstractProcessorLight.java:63)
	at org.apache.coyote.AbstractProtocol$ConnectionHandler.process(AbstractProtocol.java:926)
	at org.apache.tomcat.util.net.NioEndpoint$SocketProcessor.doRun(NioEndpoint.java:1791)
	at org.apache.tomcat.util.net.SocketProcessorBase.run(SocketProcessorBase.java:52)
	at org.apache.tomcat.util.threads.ThreadPoolExecutor.runWorker(ThreadPoolExecutor.java:1191)
	at org.apache.tomcat.util.threads.ThreadPoolExecutor$Worker.run(ThreadPoolExecutor.java:659)
	at org.apache.tomcat.util.threads.TaskThread$WrappingRunnable.run(TaskThread.java:61)
	at java.base/java.lang.Thread.run(Thread.java:829)
26-07-26.20:50:50.994 [http-nio-8080-exec-5] INFO  LoginController        - 扫描检测登录结果 ticket:gQG_7zwAAAAAAAAAAS5odHRwOi8vd2VpeGluLnFxLmNvbS9xLzAyaGpaTFlBNVpjRHQxRnlmZGhHMS0AAgRiAmZqAwQAjScA openidToken:oxf0n3aZpX_OA8c_g8Wag2qsyf1U
26-07-26.20:50:55.206 [http-nio-8080-exec-2] INFO  AliPayController       - 商品下单，根据商品ID创建支付单开始 userId:oxf0n3aZpX_OA8c_g8Wag2qsyf1U productId:oxf0n3aZpX_OA8c_g8Wag2qsyf1U
26-07-26.20:50:55.209 [http-nio-8080-exec-2] INFO  AbstractOrderService   - 创建订单-已存在未支付订单，userId:oxf0n3aZpX_OA8c_g8Wag2qsyf1U, productId:100010090091, orderId:91889315187201
26-07-26.20:50:55.209 [http-nio-8080-exec-2] INFO  AliPayController       - 商品下单，根据商品ID创建支付单完成 userId:oxf0n3aZpX_OA8c_g8Wag2qsyf1U productId:100010090091 orderId:91889315187201
26-07-26.20:51:21.985 [SpringApplicationShutdownHook] INFO  HikariDataSource       - HikariPool-1 - Shutdown initiated...
26-07-26.20:51:21.996 [SpringApplicationShutdownHook] INFO  HikariDataSource       - HikariPool-1 - Shutdown completed.
26-07-26.20:51:23.933 [main            ] INFO  Application            - Starting Application using Java 11.0.31 on ASUS with PID 53124 (D:\code\s-pay-mall-ddd-cc\s-pay-mall-ddd-app\target\classes started by 13267 in D:\code\s-pay-mall-ddd-cc)
26-07-26.20:51:23.935 [main            ] INFO  Application            - The following 1 profile is active: "dev"
26-07-26.20:51:24.602 [main            ] INFO  RepositoryConfigurationDelegate - Multiple Spring Data modules found, entering strict repository configuration mode
26-07-26.20:51:24.603 [main            ] INFO  RepositoryConfigurationDelegate - Bootstrapping Spring Data Redis repositories in DEFAULT mode.
26-07-26.20:51:24.631 [main            ] INFO  RepositoryConfigurationDelegate - Finished Spring Data repository scanning in 16 ms. Found 0 Redis repository interfaces.
26-07-26.20:51:25.330 [main            ] INFO  TomcatWebServer        - Tomcat initialized with port(s): 8080 (http)
26-07-26.20:51:25.336 [main            ] INFO  Http11NioProtocol      - Initializing ProtocolHandler ["http-nio-8080"]
26-07-26.20:51:25.336 [main            ] INFO  StandardService        - Starting service [Tomcat]
26-07-26.20:51:25.336 [main            ] INFO  StandardEngine         - Starting Servlet engine: [Apache Tomcat/9.0.75]
26-07-26.20:51:25.439 [main            ] INFO  [/]                    - Initializing Spring embedded WebApplicationContext
26-07-26.20:51:25.439 [main            ] INFO  ServletWebServerApplicationContext - Root WebApplicationContext: initialization completed in 1472 ms
26-07-26.20:51:26.160 [main            ] INFO  Version                - Redisson 3.26.0
26-07-26.20:51:26.662 [redisson-netty-1-5] INFO  ConnectionsHolder      - 1 connections initialized for localhost/127.0.0.1:6379
26-07-26.20:51:26.731 [redisson-netty-1-20] INFO  ConnectionsHolder      - 24 connections initialized for localhost/127.0.0.1:6379
26-07-26.20:51:27.004 [main            ] INFO  EndpointLinksResolver  - Exposing 1 endpoint(s) beneath base path '/actuator'
26-07-26.20:51:27.021 [main            ] INFO  Http11NioProtocol      - Starting ProtocolHandler ["http-nio-8080"]
26-07-26.20:51:27.029 [main            ] INFO  TomcatWebServer        - Tomcat started on port(s): 8080 (http) with context path ''
26-07-26.20:51:27.039 [main            ] INFO  Application            - Started Application in 3.523 seconds (JVM running for 3.927)
26-07-26.20:51:37.162 [http-nio-8080-exec-1] INFO  [/]                    - Initializing Spring DispatcherServlet 'dispatcherServlet'
26-07-26.20:51:37.162 [http-nio-8080-exec-1] INFO  DispatcherServlet      - Initializing Servlet 'dispatcherServlet'
26-07-26.20:51:37.163 [http-nio-8080-exec-1] INFO  DispatcherServlet      - Completed initialization in 1 ms
26-07-26.20:51:41.371 [http-nio-8080-exec-1] INFO  LoginController        - weixin_qrcode_ticket:gQFU8DwAAAAAAAAAAS5odHRwOi8vd2VpeGluLnFxLmNvbS9xLzAyNTJoV1l6NVpjRHQxSHRmZE5HMVIAAgTdAmZqAwQAjScA
26-07-26.20:51:41.909 [http-nio-8080-exec-2] INFO  LoginController        - weixin_qrcode_ticket:gQFx8DwAAAAAAAAAAS5odHRwOi8vd2VpeGluLnFxLmNvbS9xLzAyWm1aMlk3NVpjRHQxSHRmZE5HMUsAAgTdAmZqAwQAjScA
26-07-26.20:51:45.333 [http-nio-8080-exec-3] INFO  LoginController        - 扫描检测登录结果 ticket:gQFx8DwAAAAAAAAAAS5odHRwOi8vd2VpeGluLnFxLmNvbS9xLzAyWm1aMlk3NVpjRHQxSHRmZE5HMUsAAgTdAmZqAwQAjScA openidToken:null
26-07-26.20:51:48.300 [http-nio-8080-exec-4] INFO  LoginController        - 扫描检测登录结果 ticket:gQFx8DwAAAAAAAAAAS5odHRwOi8vd2VpeGluLnFxLmNvbS9xLzAyWm1aMlk3NVpjRHQxSHRmZE5HMUsAAgTdAmZqAwQAjScA openidToken:null
26-07-26.20:51:51.308 [http-nio-8080-exec-5] INFO  LoginController        - 扫描检测登录结果 ticket:gQFx8DwAAAAAAAAAAS5odHRwOi8vd2VpeGluLnFxLmNvbS9xLzAyWm1aMlk3NVpjRHQxSHRmZE5HMUsAAgTdAmZqAwQAjScA openidToken:null
26-07-26.20:51:54.300 [http-nio-8080-exec-6] INFO  LoginController        - 扫描检测登录结果 ticket:gQFx8DwAAAAAAAAAAS5odHRwOi8vd2VpeGluLnFxLmNvbS9xLzAyWm1aMlk3NVpjRHQxSHRmZE5HMUsAAgTdAmZqAwQAjScA openidToken:null
26-07-26.20:51:55.220 [http-nio-8080-exec-7] INFO  Cookie                 - A cookie header was received [Hm_lvt_a1ff8825baa73c3a78eb96aa40325abc=1784293198,1784343843,1784358984;] that contained an invalid cookie. That cookie will be ignored.
 Note: further occurrences of this error will be logged at DEBUG level.
26-07-26.20:51:55.469 [http-nio-8080-exec-7] INFO  LoginController        - weixin_qrcode_ticket:gQGm8DwAAAAAAAAAAS5odHRwOi8vd2VpeGluLnFxLmNvbS9xLzAySGkyT1l1NVpjRHQxSEhmZDFHMTQAAgTrAmZqAwQAjScA
26-07-26.20:51:57.066 [http-nio-8080-exec-9] INFO  LoginController        - 扫描检测登录结果 ticket:gQFx8DwAAAAAAAAAAS5odHRwOi8vd2VpeGluLnFxLmNvbS9xLzAyWm1aMlk3NVpjRHQxSHRmZE5HMUsAAgTdAmZqAwQAjScA openidToken:null
26-07-26.20:52:00.134 [http-nio-8080-exec-10] INFO  LoginController        - 扫描检测登录结果 ticket:gQFx8DwAAAAAAAAAAS5odHRwOi8vd2VpeGluLnFxLmNvbS9xLzAyWm1aMlk3NVpjRHQxSHRmZE5HMUsAAgTdAmZqAwQAjScA openidToken:null
26-07-26.20:52:03.078 [http-nio-8080-exec-8] INFO  LoginController        - 扫描检测登录结果 ticket:gQFx8DwAAAAAAAAAAS5odHRwOi8vd2VpeGluLnFxLmNvbS9xLzAyWm1aMlk3NVpjRHQxSHRmZE5HMUsAAgTdAmZqAwQAjScA openidToken:null
26-07-26.20:52:05.262 [http-nio-8080-exec-1] INFO  WeixinPortalController - 接收微信公众号信息请求oxf0n3aZpX_OA8c_g8Wag2qsyf1U开始 <xml><ToUserName><![CDATA[gh_85b4345936d4]]></ToUserName>
<FromUserName><![CDATA[oxf0n3aZpX_OA8c_g8Wag2qsyf1U]]></FromUserName>
<CreateTime>1785070325</CreateTime>
<MsgType><![CDATA[event]]></MsgType>
<Event><![CDATA[SCAN]]></Event>
<EventKey><![CDATA[100601]]></EventKey>
<Ticket><![CDATA[gQFx8DwAAAAAAAAAAS5odHRwOi8vd2VpeGluLnFxLmNvbS9xLzAyWm1aMlk3NVpjRHQxSHRmZE5HMUsAAgTdAmZqAwQAjScA]]></Ticket>
</xml>
26-07-26.20:52:06.083 [http-nio-8080-exec-2] INFO  LoginController        - 扫描检测登录结果 ticket:gQFx8DwAAAAAAAAAAS5odHRwOi8vd2VpeGluLnFxLmNvbS9xLzAyWm1aMlk3NVpjRHQxSHRmZE5HMUsAAgTdAmZqAwQAjScA openidToken:oxf0n3aZpX_OA8c_g8Wag2qsyf1U
26-07-26.20:52:06.668 [http-nio-8080-exec-4] INFO  WeixinPortalController - 接收微信公众号信息请求oxf0n3aZpX_OA8c_g8Wag2qsyf1U开始 <xml><ToUserName><![CDATA[gh_85b4345936d4]]></ToUserName>
<FromUserName><![CDATA[oxf0n3aZpX_OA8c_g8Wag2qsyf1U]]></FromUserName>
<CreateTime>1785070326</CreateTime>
<MsgType><![CDATA[event]]></MsgType>
<Event><![CDATA[TEMPLATESENDJOBFINISH]]></Event>
<MsgID>4621754828270960640</MsgID>
<Status><![CDATA[success]]></Status>
</xml>
26-07-26.20:52:06.674 [http-nio-8080-exec-4] INFO  WeixinPortalController - 接收微信公众号信息请求oxf0n3aZpX_OA8c_g8Wag2qsyf1U完成 <xml><ToUserName><![CDATA[gh_85b4345936d4]]></ToUserName>
<FromUserName><![CDATA[oxf0n3aZpX_OA8c_g8Wag2qsyf1U]]></FromUserName>
<CreateTime>1785070326</CreateTime>
<MsgType><![CDATA[event]]></MsgType>
<Event><![CDATA[TEMPLATESENDJOBFINISH]]></Event>
<MsgID>4621754828270960640</MsgID>
<Status><![CDATA[success]]></Status>
</xml>
26-07-26.20:52:06.677 [http-nio-8080-exec-4] ERROR WeixinPortalController - 接收微信公众号信息请求oxf0n3aZpX_OA8c_g8Wag2qsyf1U失败 <xml><ToUserName><![CDATA[gh_85b4345936d4]]></ToUserName>
<FromUserName><![CDATA[oxf0n3aZpX_OA8c_g8Wag2qsyf1U]]></FromUserName>
<CreateTime>1785070326</CreateTime>
<MsgType><![CDATA[event]]></MsgType>
<Event><![CDATA[TEMPLATESENDJOBFINISH]]></Event>
<MsgID>4621754828270960640</MsgID>
<Status><![CDATA[success]]></Status>
</xml>
java.lang.NullPointerException: null
	at cn.bugstack.trigger.http.WeixinPortalController.post(WeixinPortalController.java:75)
	at java.base/jdk.internal.reflect.NativeMethodAccessorImpl.invoke0(Native Method)
	at java.base/jdk.internal.reflect.NativeMethodAccessorImpl.invoke(NativeMethodAccessorImpl.java:62)
	at java.base/jdk.internal.reflect.DelegatingMethodAccessorImpl.invoke(DelegatingMethodAccessorImpl.java:43)
	at java.base/java.lang.reflect.Method.invoke(Method.java:566)
	at org.springframework.web.method.support.InvocableHandlerMethod.doInvoke(InvocableHandlerMethod.java:205)
	at org.springframework.web.method.support.InvocableHandlerMethod.invokeForRequest(InvocableHandlerMethod.java:150)
	at org.springframework.web.servlet.mvc.method.annotation.ServletInvocableHandlerMethod.invokeAndHandle(ServletInvocableHandlerMethod.java:117)
	at org.springframework.web.servlet.mvc.method.annotation.RequestMappingHandlerAdapter.invokeHandlerMethod(RequestMappingHandlerAdapter.java:895)
	at org.springframework.web.servlet.mvc.method.annotation.RequestMappingHandlerAdapter.handleInternal(RequestMappingHandlerAdapter.java:808)
	at org.springframework.web.servlet.mvc.method.AbstractHandlerMethodAdapter.handle(AbstractHandlerMethodAdapter.java:87)
	at org.springframework.web.servlet.DispatcherServlet.doDispatch(DispatcherServlet.java:1072)
	at org.springframework.web.servlet.DispatcherServlet.doService(DispatcherServlet.java:965)
	at org.springframework.web.servlet.FrameworkServlet.processRequest(FrameworkServlet.java:1006)
	at org.springframework.web.servlet.FrameworkServlet.doPost(FrameworkServlet.java:909)
	at javax.servlet.http.HttpServlet.service(HttpServlet.java:555)
	at org.springframework.web.servlet.FrameworkServlet.service(FrameworkServlet.java:883)
	at javax.servlet.http.HttpServlet.service(HttpServlet.java:623)
	at org.apache.catalina.core.ApplicationFilterChain.internalDoFilter(ApplicationFilterChain.java:209)
	at org.apache.catalina.core.ApplicationFilterChain.doFilter(ApplicationFilterChain.java:153)
	at org.apache.tomcat.websocket.server.WsFilter.doFilter(WsFilter.java:51)
	at org.apache.catalina.core.ApplicationFilterChain.internalDoFilter(ApplicationFilterChain.java:178)
	at org.apache.catalina.core.ApplicationFilterChain.doFilter(ApplicationFilterChain.java:153)
	at org.springframework.web.filter.RequestContextFilter.doFilterInternal(RequestContextFilter.java:100)
	at org.springframework.web.filter.OncePerRequestFilter.doFilter(OncePerRequestFilter.java:117)
	at org.apache.catalina.core.ApplicationFilterChain.internalDoFilter(ApplicationFilterChain.java:178)
	at org.apache.catalina.core.ApplicationFilterChain.doFilter(ApplicationFilterChain.java:153)
	at org.springframework.web.filter.FormContentFilter.doFilterInternal(FormContentFilter.java:93)
	at org.springframework.web.filter.OncePerRequestFilter.doFilter(OncePerRequestFilter.java:117)
	at org.apache.catalina.core.ApplicationFilterChain.internalDoFilter(ApplicationFilterChain.java:178)
	at org.apache.catalina.core.ApplicationFilterChain.doFilter(ApplicationFilterChain.java:153)
	at org.springframework.boot.actuate.metrics.web.servlet.WebMvcMetricsFilter.doFilterInternal(WebMvcMetricsFilter.java:96)
	at org.springframework.web.filter.OncePerRequestFilter.doFilter(OncePerRequestFilter.java:117)
	at org.apache.catalina.core.ApplicationFilterChain.internalDoFilter(ApplicationFilterChain.java:178)
	at org.apache.catalina.core.ApplicationFilterChain.doFilter(ApplicationFilterChain.java:153)
	at org.springframework.web.filter.CharacterEncodingFilter.doFilterInternal(CharacterEncodingFilter.java:201)
	at org.springframework.web.filter.OncePerRequestFilter.doFilter(OncePerRequestFilter.java:117)
	at org.apache.catalina.core.ApplicationFilterChain.internalDoFilter(ApplicationFilterChain.java:178)
	at org.apache.catalina.core.ApplicationFilterChain.doFilter(ApplicationFilterChain.java:153)
	at org.apache.catalina.core.StandardWrapperValve.invoke(StandardWrapperValve.java:167)
	at org.apache.catalina.core.StandardContextValve.invoke(StandardContextValve.java:90)
	at org.apache.catalina.authenticator.AuthenticatorBase.invoke(AuthenticatorBase.java:481)
	at org.apache.catalina.core.StandardHostValve.invoke(StandardHostValve.java:130)
	at org.apache.catalina.valves.ErrorReportValve.invoke(ErrorReportValve.java:93)
	at org.apache.catalina.core.StandardEngineValve.invoke(StandardEngineValve.java:74)
	at org.apache.catalina.connector.CoyoteAdapter.service(CoyoteAdapter.java:343)
	at org.apache.coyote.http11.Http11Processor.service(Http11Processor.java:390)
	at org.apache.coyote.AbstractProcessorLight.process(AbstractProcessorLight.java:63)
	at org.apache.coyote.AbstractProtocol$ConnectionHandler.process(AbstractProtocol.java:926)
	at org.apache.tomcat.util.net.NioEndpoint$SocketProcessor.doRun(NioEndpoint.java:1791)
	at org.apache.tomcat.util.net.SocketProcessorBase.run(SocketProcessorBase.java:52)
	at org.apache.tomcat.util.threads.ThreadPoolExecutor.runWorker(ThreadPoolExecutor.java:1191)
	at org.apache.tomcat.util.threads.ThreadPoolExecutor$Worker.run(ThreadPoolExecutor.java:659)
	at org.apache.tomcat.util.threads.TaskThread$WrappingRunnable.run(TaskThread.java:61)
	at java.base/java.lang.Thread.run(Thread.java:829)
26-07-26.20:52:13.763 [http-nio-8080-exec-5] INFO  AliPayController       - 商品下单，根据商品ID创建支付单开始 userId:oxf0n3aZpX_OA8c_g8Wag2qsyf1U productId:oxf0n3aZpX_OA8c_g8Wag2qsyf1U
26-07-26.20:52:13.786 [http-nio-8080-exec-5] INFO  HikariDataSource       - HikariPool-1 - Starting...
26-07-26.20:52:13.927 [http-nio-8080-exec-5] INFO  HikariDataSource       - HikariPool-1 - Start completed.
26-07-26.20:52:13.962 [http-nio-8080-exec-5] INFO  AbstractOrderService   - 创建订单-已存在未支付订单，userId:oxf0n3aZpX_OA8c_g8Wag2qsyf1U, productId:100010090091, orderId:91889315187201
26-07-26.20:52:13.962 [http-nio-8080-exec-5] INFO  AliPayController       - 商品下单，根据商品ID创建支付单完成 userId:oxf0n3aZpX_OA8c_g8Wag2qsyf1U productId:100010090091 orderId:91889315187201
26-07-26.20:53:19.324 [SpringApplicationShutdownHook] INFO  HikariDataSource       - HikariPool-1 - Shutdown initiated...
26-07-26.20:53:19.338 [SpringApplicationShutdownHook] INFO  HikariDataSource       - HikariPool-1 - Shutdown completed.
26-07-26.20:53:21.260 [main            ] INFO  Application            - Starting Application using Java 11.0.31 on ASUS with PID 27692 (D:\code\s-pay-mall-ddd-cc\s-pay-mall-ddd-app\target\classes started by 13267 in D:\code\s-pay-mall-ddd-cc)
26-07-26.20:53:21.264 [main            ] INFO  Application            - The following 1 profile is active: "dev"
26-07-26.20:53:21.962 [main            ] INFO  RepositoryConfigurationDelegate - Multiple Spring Data modules found, entering strict repository configuration mode
26-07-26.20:53:21.964 [main            ] INFO  RepositoryConfigurationDelegate - Bootstrapping Spring Data Redis repositories in DEFAULT mode.
26-07-26.20:53:21.991 [main            ] INFO  RepositoryConfigurationDelegate - Finished Spring Data repository scanning in 15 ms. Found 0 Redis repository interfaces.
26-07-26.20:53:22.799 [main            ] INFO  TomcatWebServer        - Tomcat initialized with port(s): 8080 (http)
26-07-26.20:53:22.805 [main            ] INFO  Http11NioProtocol      - Initializing ProtocolHandler ["http-nio-8080"]
26-07-26.20:53:22.805 [main            ] INFO  StandardService        - Starting service [Tomcat]
26-07-26.20:53:22.805 [main            ] INFO  StandardEngine         - Starting Servlet engine: [Apache Tomcat/9.0.75]
26-07-26.20:53:22.911 [main            ] INFO  [/]                    - Initializing Spring embedded WebApplicationContext
26-07-26.20:53:22.911 [main            ] INFO  ServletWebServerApplicationContext - Root WebApplicationContext: initialization completed in 1615 ms
26-07-26.20:53:23.679 [main            ] INFO  Version                - Redisson 3.26.0
26-07-26.20:53:24.254 [redisson-netty-1-5] INFO  ConnectionsHolder      - 1 connections initialized for localhost/127.0.0.1:6379
26-07-26.20:53:24.338 [redisson-netty-1-20] INFO  ConnectionsHolder      - 24 connections initialized for localhost/127.0.0.1:6379
26-07-26.20:53:24.592 [main            ] INFO  EndpointLinksResolver  - Exposing 1 endpoint(s) beneath base path '/actuator'
26-07-26.20:53:24.607 [main            ] INFO  Http11NioProtocol      - Starting ProtocolHandler ["http-nio-8080"]
26-07-26.20:53:24.616 [main            ] INFO  TomcatWebServer        - Tomcat started on port(s): 8080 (http) with context path ''
26-07-26.20:53:24.626 [main            ] INFO  Application            - Started Application in 3.802 seconds (JVM running for 4.227)
26-07-26.20:53:30.801 [http-nio-8080-exec-1] INFO  [/]                    - Initializing Spring DispatcherServlet 'dispatcherServlet'
26-07-26.20:53:30.801 [http-nio-8080-exec-1] INFO  DispatcherServlet      - Initializing Servlet 'dispatcherServlet'
26-07-26.20:53:30.803 [http-nio-8080-exec-1] INFO  DispatcherServlet      - Completed initialization in 2 ms
26-07-26.20:53:32.397 [http-nio-8080-exec-1] INFO  LoginController        - weixin_qrcode_ticket:gQFV8DwAAAAAAAAAAS5odHRwOi8vd2VpeGluLnFxLmNvbS9xLzAyLTVPdFpWNVpjRHQxRmNnZDFHMTQAAgRMA2ZqAwQAjScA
26-07-26.20:53:35.894 [http-nio-8080-exec-2] INFO  LoginController        - 扫描检测登录结果 ticket:gQFV8DwAAAAAAAAAAS5odHRwOi8vd2VpeGluLnFxLmNvbS9xLzAyLTVPdFpWNVpjRHQxRmNnZDFHMTQAAgRMA2ZqAwQAjScA openidToken:null
26-07-26.20:53:38.970 [http-nio-8080-exec-3] INFO  LoginController        - 扫描检测登录结果 ticket:gQFV8DwAAAAAAAAAAS5odHRwOi8vd2VpeGluLnFxLmNvbS9xLzAyLTVPdFpWNVpjRHQxRmNnZDFHMTQAAgRMA2ZqAwQAjScA openidToken:null
26-07-26.20:53:42.022 [http-nio-8080-exec-4] INFO  LoginController        - 扫描检测登录结果 ticket:gQFV8DwAAAAAAAAAAS5odHRwOi8vd2VpeGluLnFxLmNvbS9xLzAyLTVPdFpWNVpjRHQxRmNnZDFHMTQAAgRMA2ZqAwQAjScA openidToken:null
26-07-26.20:53:42.741 [http-nio-8080-exec-5] INFO  WeixinPortalController - 接收微信公众号信息请求oxf0n3aZpX_OA8c_g8Wag2qsyf1U开始 <xml><ToUserName><![CDATA[gh_85b4345936d4]]></ToUserName>
<FromUserName><![CDATA[oxf0n3aZpX_OA8c_g8Wag2qsyf1U]]></FromUserName>
<CreateTime>1785070422</CreateTime>
<MsgType><![CDATA[event]]></MsgType>
<Event><![CDATA[SCAN]]></Event>
<EventKey><![CDATA[100601]]></EventKey>
<Ticket><![CDATA[gQFV8DwAAAAAAAAAAS5odHRwOi8vd2VpeGluLnFxLmNvbS9xLzAyLTVPdFpWNVpjRHQxRmNnZDFHMTQAAgRMA2ZqAwQAjScA]]></Ticket>
</xml>
26-07-26.20:53:44.190 [http-nio-8080-exec-6] INFO  WeixinPortalController - 接收微信公众号信息请求oxf0n3aZpX_OA8c_g8Wag2qsyf1U开始 <xml><ToUserName><![CDATA[gh_85b4345936d4]]></ToUserName>
<FromUserName><![CDATA[oxf0n3aZpX_OA8c_g8Wag2qsyf1U]]></FromUserName>
<CreateTime>1785070423</CreateTime>
<MsgType><![CDATA[event]]></MsgType>
<Event><![CDATA[TEMPLATESENDJOBFINISH]]></Event>
<MsgID>4621756462757675014</MsgID>
<Status><![CDATA[success]]></Status>
</xml>
26-07-26.20:53:44.206 [http-nio-8080-exec-6] INFO  WeixinPortalController - 接收微信公众号信息请求oxf0n3aZpX_OA8c_g8Wag2qsyf1U完成 <xml><ToUserName><![CDATA[gh_85b4345936d4]]></ToUserName>
<FromUserName><![CDATA[oxf0n3aZpX_OA8c_g8Wag2qsyf1U]]></FromUserName>
<CreateTime>1785070423</CreateTime>
<MsgType><![CDATA[event]]></MsgType>
<Event><![CDATA[TEMPLATESENDJOBFINISH]]></Event>
<MsgID>4621756462757675014</MsgID>
<Status><![CDATA[success]]></Status>
</xml>
26-07-26.20:53:44.208 [http-nio-8080-exec-6] ERROR WeixinPortalController - 接收微信公众号信息请求oxf0n3aZpX_OA8c_g8Wag2qsyf1U失败 <xml><ToUserName><![CDATA[gh_85b4345936d4]]></ToUserName>
<FromUserName><![CDATA[oxf0n3aZpX_OA8c_g8Wag2qsyf1U]]></FromUserName>
<CreateTime>1785070423</CreateTime>
<MsgType><![CDATA[event]]></MsgType>
<Event><![CDATA[TEMPLATESENDJOBFINISH]]></Event>
<MsgID>4621756462757675014</MsgID>
<Status><![CDATA[success]]></Status>
</xml>
java.lang.NullPointerException: null
	at cn.bugstack.trigger.http.WeixinPortalController.post(WeixinPortalController.java:75)
	at java.base/jdk.internal.reflect.NativeMethodAccessorImpl.invoke0(Native Method)
	at java.base/jdk.internal.reflect.NativeMethodAccessorImpl.invoke(NativeMethodAccessorImpl.java:62)
	at java.base/jdk.internal.reflect.DelegatingMethodAccessorImpl.invoke(DelegatingMethodAccessorImpl.java:43)
	at java.base/java.lang.reflect.Method.invoke(Method.java:566)
	at org.springframework.web.method.support.InvocableHandlerMethod.doInvoke(InvocableHandlerMethod.java:205)
	at org.springframework.web.method.support.InvocableHandlerMethod.invokeForRequest(InvocableHandlerMethod.java:150)
	at org.springframework.web.servlet.mvc.method.annotation.ServletInvocableHandlerMethod.invokeAndHandle(ServletInvocableHandlerMethod.java:117)
	at org.springframework.web.servlet.mvc.method.annotation.RequestMappingHandlerAdapter.invokeHandlerMethod(RequestMappingHandlerAdapter.java:895)
	at org.springframework.web.servlet.mvc.method.annotation.RequestMappingHandlerAdapter.handleInternal(RequestMappingHandlerAdapter.java:808)
	at org.springframework.web.servlet.mvc.method.AbstractHandlerMethodAdapter.handle(AbstractHandlerMethodAdapter.java:87)
	at org.springframework.web.servlet.DispatcherServlet.doDispatch(DispatcherServlet.java:1072)
	at org.springframework.web.servlet.DispatcherServlet.doService(DispatcherServlet.java:965)
	at org.springframework.web.servlet.FrameworkServlet.processRequest(FrameworkServlet.java:1006)
	at org.springframework.web.servlet.FrameworkServlet.doPost(FrameworkServlet.java:909)
	at javax.servlet.http.HttpServlet.service(HttpServlet.java:555)
	at org.springframework.web.servlet.FrameworkServlet.service(FrameworkServlet.java:883)
	at javax.servlet.http.HttpServlet.service(HttpServlet.java:623)
	at org.apache.catalina.core.ApplicationFilterChain.internalDoFilter(ApplicationFilterChain.java:209)
	at org.apache.catalina.core.ApplicationFilterChain.doFilter(ApplicationFilterChain.java:153)
	at org.apache.tomcat.websocket.server.WsFilter.doFilter(WsFilter.java:51)
	at org.apache.catalina.core.ApplicationFilterChain.internalDoFilter(ApplicationFilterChain.java:178)
	at org.apache.catalina.core.ApplicationFilterChain.doFilter(ApplicationFilterChain.java:153)
	at org.springframework.web.filter.RequestContextFilter.doFilterInternal(RequestContextFilter.java:100)
	at org.springframework.web.filter.OncePerRequestFilter.doFilter(OncePerRequestFilter.java:117)
	at org.apache.catalina.core.ApplicationFilterChain.internalDoFilter(ApplicationFilterChain.java:178)
	at org.apache.catalina.core.ApplicationFilterChain.doFilter(ApplicationFilterChain.java:153)
	at org.springframework.web.filter.FormContentFilter.doFilterInternal(FormContentFilter.java:93)
	at org.springframework.web.filter.OncePerRequestFilter.doFilter(OncePerRequestFilter.java:117)
	at org.apache.catalina.core.ApplicationFilterChain.internalDoFilter(ApplicationFilterChain.java:178)
	at org.apache.catalina.core.ApplicationFilterChain.doFilter(ApplicationFilterChain.java:153)
	at org.springframework.boot.actuate.metrics.web.servlet.WebMvcMetricsFilter.doFilterInternal(WebMvcMetricsFilter.java:96)
	at org.springframework.web.filter.OncePerRequestFilter.doFilter(OncePerRequestFilter.java:117)
	at org.apache.catalina.core.ApplicationFilterChain.internalDoFilter(ApplicationFilterChain.java:178)
	at org.apache.catalina.core.ApplicationFilterChain.doFilter(ApplicationFilterChain.java:153)
	at org.springframework.web.filter.CharacterEncodingFilter.doFilterInternal(CharacterEncodingFilter.java:201)
	at org.springframework.web.filter.OncePerRequestFilter.doFilter(OncePerRequestFilter.java:117)
	at org.apache.catalina.core.ApplicationFilterChain.internalDoFilter(ApplicationFilterChain.java:178)
	at org.apache.catalina.core.ApplicationFilterChain.doFilter(ApplicationFilterChain.java:153)
	at org.apache.catalina.core.StandardWrapperValve.invoke(StandardWrapperValve.java:167)
	at org.apache.catalina.core.StandardContextValve.invoke(StandardContextValve.java:90)
	at org.apache.catalina.authenticator.AuthenticatorBase.invoke(AuthenticatorBase.java:481)
	at org.apache.catalina.core.StandardHostValve.invoke(StandardHostValve.java:130)
	at org.apache.catalina.valves.ErrorReportValve.invoke(ErrorReportValve.java:93)
	at org.apache.catalina.core.StandardEngineValve.invoke(StandardEngineValve.java:74)
	at org.apache.catalina.connector.CoyoteAdapter.service(CoyoteAdapter.java:343)
	at org.apache.coyote.http11.Http11Processor.service(Http11Processor.java:390)
	at org.apache.coyote.AbstractProcessorLight.process(AbstractProcessorLight.java:63)
	at org.apache.coyote.AbstractProtocol$ConnectionHandler.process(AbstractProtocol.java:926)
	at org.apache.tomcat.util.net.NioEndpoint$SocketProcessor.doRun(NioEndpoint.java:1791)
	at org.apache.tomcat.util.net.SocketProcessorBase.run(SocketProcessorBase.java:52)
	at org.apache.tomcat.util.threads.ThreadPoolExecutor.runWorker(ThreadPoolExecutor.java:1191)
	at org.apache.tomcat.util.threads.ThreadPoolExecutor$Worker.run(ThreadPoolExecutor.java:659)
	at org.apache.tomcat.util.threads.TaskThread$WrappingRunnable.run(TaskThread.java:61)
	at java.base/java.lang.Thread.run(Thread.java:829)
26-07-26.20:53:45.525 [http-nio-8080-exec-7] INFO  LoginController        - 扫描检测登录结果 ticket:gQFV8DwAAAAAAAAAAS5odHRwOi8vd2VpeGluLnFxLmNvbS9xLzAyLTVPdFpWNVpjRHQxRmNnZDFHMTQAAgRMA2ZqAwQAjScA openidToken:oxf0n3aZpX_OA8c_g8Wag2qsyf1U
26-07-26.20:53:50.914 [http-nio-8080-exec-9] INFO  AliPayController       - 商品下单，根据商品ID创建支付单开始 userId:oxf0n3aZpX_OA8c_g8Wag2qsyf1U productId:oxf0n3aZpX_OA8c_g8Wag2qsyf1U
26-07-26.20:53:50.940 [http-nio-8080-exec-9] INFO  HikariDataSource       - HikariPool-1 - Starting...
26-07-26.20:53:51.093 [http-nio-8080-exec-9] INFO  HikariDataSource       - HikariPool-1 - Start completed.
26-07-26.20:53:51.127 [http-nio-8080-exec-9] INFO  AbstractOrderService   - 创建订单-已存在未支付订单，userId:oxf0n3aZpX_OA8c_g8Wag2qsyf1U, productId:100010090091, orderId:91889315187201
26-07-26.20:53:51.128 [http-nio-8080-exec-9] INFO  AliPayController       - 商品下单，根据商品ID创建支付单完成 userId:oxf0n3aZpX_OA8c_g8Wag2qsyf1U productId:100010090091 orderId:91889315187201
26-07-26.20:54:45.917 [http-nio-8080-exec-8] INFO  AliPayController       - 商品下单，根据商品ID创建支付单开始 userId:oxf0n3aZpX_OA8c_g8Wag2qsyf1U productId:oxf0n3aZpX_OA8c_g8Wag2qsyf1U
26-07-26.20:54:46.030 [http-nio-8080-exec-8] INFO  AliPayController       - 商品下单，根据商品ID创建支付单完成 userId:oxf0n3aZpX_OA8c_g8Wag2qsyf1U productId:100010090091 orderId:53147134084076
26-07-26.20:55:20.578 [SpringApplicationShutdownHook] INFO  HikariDataSource       - HikariPool-1 - Shutdown initiated...
26-07-26.20:55:20.594 [SpringApplicationShutdownHook] INFO  HikariDataSource       - HikariPool-1 - Shutdown completed.
26-07-26.20:55:22.526 [main            ] INFO  Application            - Starting Application using Java 11.0.31 on ASUS with PID 56168 (D:\code\s-pay-mall-ddd-cc\s-pay-mall-ddd-app\target\classes started by 13267 in D:\code\s-pay-mall-ddd-cc)
26-07-26.20:55:22.530 [main            ] INFO  Application            - The following 1 profile is active: "dev"
26-07-26.20:55:23.220 [main            ] INFO  RepositoryConfigurationDelegate - Multiple Spring Data modules found, entering strict repository configuration mode
26-07-26.20:55:23.222 [main            ] INFO  RepositoryConfigurationDelegate - Bootstrapping Spring Data Redis repositories in DEFAULT mode.
26-07-26.20:55:23.250 [main            ] INFO  RepositoryConfigurationDelegate - Finished Spring Data repository scanning in 18 ms. Found 0 Redis repository interfaces.
26-07-26.20:55:23.976 [main            ] INFO  TomcatWebServer        - Tomcat initialized with port(s): 8080 (http)
26-07-26.20:55:23.982 [main            ] INFO  Http11NioProtocol      - Initializing ProtocolHandler ["http-nio-8080"]
26-07-26.20:55:23.983 [main            ] INFO  StandardService        - Starting service [Tomcat]
26-07-26.20:55:23.983 [main            ] INFO  StandardEngine         - Starting Servlet engine: [Apache Tomcat/9.0.75]
26-07-26.20:55:24.087 [main            ] INFO  [/]                    - Initializing Spring embedded WebApplicationContext
26-07-26.20:55:24.087 [main            ] INFO  ServletWebServerApplicationContext - Root WebApplicationContext: initialization completed in 1525 ms
26-07-26.20:55:24.858 [main            ] INFO  Version                - Redisson 3.26.0
26-07-26.20:55:25.395 [redisson-netty-1-5] INFO  ConnectionsHolder      - 1 connections initialized for localhost/127.0.0.1:6379
26-07-26.20:55:25.460 [redisson-netty-1-20] INFO  ConnectionsHolder      - 24 connections initialized for localhost/127.0.0.1:6379
26-07-26.20:55:25.786 [main            ] INFO  EndpointLinksResolver  - Exposing 1 endpoint(s) beneath base path '/actuator'
26-07-26.20:55:25.802 [main            ] INFO  Http11NioProtocol      - Starting ProtocolHandler ["http-nio-8080"]
26-07-26.20:55:25.811 [main            ] INFO  TomcatWebServer        - Tomcat started on port(s): 8080 (http) with context path ''
26-07-26.20:55:25.822 [main            ] INFO  Application            - Started Application in 3.739 seconds (JVM running for 4.126)
26-07-26.20:55:56.298 [http-nio-8080-exec-1] INFO  [/]                    - Initializing Spring DispatcherServlet 'dispatcherServlet'
26-07-26.20:55:56.298 [http-nio-8080-exec-1] INFO  DispatcherServlet      - Initializing Servlet 'dispatcherServlet'
26-07-26.20:55:56.300 [http-nio-8080-exec-1] INFO  DispatcherServlet      - Completed initialization in 2 ms
26-07-26.20:55:57.470 [http-nio-8080-exec-1] INFO  LoginController        - weixin_qrcode_ticket:gQFX8DwAAAAAAAAAAS5odHRwOi8vd2VpeGluLnFxLmNvbS9xLzAyTms5aFpINVpjRHQxSHRnZGhHMTAAAgTdA2ZqAwQAjScA
26-07-26.20:56:00.615 [http-nio-8080-exec-2] INFO  LoginController        - 扫描检测登录结果 ticket:gQFX8DwAAAAAAAAAAS5odHRwOi8vd2VpeGluLnFxLmNvbS9xLzAyTms5aFpINVpjRHQxSHRnZGhHMTAAAgTdA2ZqAwQAjScA openidToken:null
26-07-26.20:56:02.278 [http-nio-8080-exec-4] INFO  WeixinPortalController - 接收微信公众号信息请求oxf0n3aZpX_OA8c_g8Wag2qsyf1U开始 <xml><ToUserName><![CDATA[gh_85b4345936d4]]></ToUserName>
<FromUserName><![CDATA[oxf0n3aZpX_OA8c_g8Wag2qsyf1U]]></FromUserName>
<CreateTime>1785070562</CreateTime>
<MsgType><![CDATA[event]]></MsgType>
<Event><![CDATA[SCAN]]></Event>
<EventKey><![CDATA[100601]]></EventKey>
<Ticket><![CDATA[gQFX8DwAAAAAAAAAAS5odHRwOi8vd2VpeGluLnFxLmNvbS9xLzAyTms5aFpINVpjRHQxSHRnZGhHMTAAAgTdA2ZqAwQAjScA]]></Ticket>
</xml>
26-07-26.20:56:03.599 [http-nio-8080-exec-3] INFO  LoginController        - 扫描检测登录结果 ticket:gQFX8DwAAAAAAAAAAS5odHRwOi8vd2VpeGluLnFxLmNvbS9xLzAyTms5aFpINVpjRHQxSHRnZGhHMTAAAgTdA2ZqAwQAjScA openidToken:oxf0n3aZpX_OA8c_g8Wag2qsyf1U
26-07-26.20:56:03.732 [http-nio-8080-exec-5] INFO  WeixinPortalController - 接收微信公众号信息请求oxf0n3aZpX_OA8c_g8Wag2qsyf1U开始 <xml><ToUserName><![CDATA[gh_85b4345936d4]]></ToUserName>
<FromUserName><![CDATA[oxf0n3aZpX_OA8c_g8Wag2qsyf1U]]></FromUserName>
<CreateTime>1785070563</CreateTime>
<MsgType><![CDATA[event]]></MsgType>
<Event><![CDATA[TEMPLATESENDJOBFINISH]]></Event>
<MsgID>4621758805343567878</MsgID>
<Status><![CDATA[success]]></Status>
</xml>
26-07-26.20:56:03.739 [http-nio-8080-exec-5] INFO  WeixinPortalController - 接收微信公众号信息请求oxf0n3aZpX_OA8c_g8Wag2qsyf1U完成 <xml><ToUserName><![CDATA[gh_85b4345936d4]]></ToUserName>
<FromUserName><![CDATA[oxf0n3aZpX_OA8c_g8Wag2qsyf1U]]></FromUserName>
<CreateTime>1785070563</CreateTime>
<MsgType><![CDATA[event]]></MsgType>
<Event><![CDATA[TEMPLATESENDJOBFINISH]]></Event>
<MsgID>4621758805343567878</MsgID>
<Status><![CDATA[success]]></Status>
</xml>
26-07-26.20:56:03.741 [http-nio-8080-exec-5] ERROR WeixinPortalController - 接收微信公众号信息请求oxf0n3aZpX_OA8c_g8Wag2qsyf1U失败 <xml><ToUserName><![CDATA[gh_85b4345936d4]]></ToUserName>
<FromUserName><![CDATA[oxf0n3aZpX_OA8c_g8Wag2qsyf1U]]></FromUserName>
<CreateTime>1785070563</CreateTime>
<MsgType><![CDATA[event]]></MsgType>
<Event><![CDATA[TEMPLATESENDJOBFINISH]]></Event>
<MsgID>4621758805343567878</MsgID>
<Status><![CDATA[success]]></Status>
</xml>
java.lang.NullPointerException: null
	at cn.bugstack.trigger.http.WeixinPortalController.post(WeixinPortalController.java:75)
	at java.base/jdk.internal.reflect.NativeMethodAccessorImpl.invoke0(Native Method)
	at java.base/jdk.internal.reflect.NativeMethodAccessorImpl.invoke(NativeMethodAccessorImpl.java:62)
	at java.base/jdk.internal.reflect.DelegatingMethodAccessorImpl.invoke(DelegatingMethodAccessorImpl.java:43)
	at java.base/java.lang.reflect.Method.invoke(Method.java:566)
	at org.springframework.web.method.support.InvocableHandlerMethod.doInvoke(InvocableHandlerMethod.java:205)
	at org.springframework.web.method.support.InvocableHandlerMethod.invokeForRequest(InvocableHandlerMethod.java:150)
	at org.springframework.web.servlet.mvc.method.annotation.ServletInvocableHandlerMethod.invokeAndHandle(ServletInvocableHandlerMethod.java:117)
	at org.springframework.web.servlet.mvc.method.annotation.RequestMappingHandlerAdapter.invokeHandlerMethod(RequestMappingHandlerAdapter.java:895)
	at org.springframework.web.servlet.mvc.method.annotation.RequestMappingHandlerAdapter.handleInternal(RequestMappingHandlerAdapter.java:808)
	at org.springframework.web.servlet.mvc.method.AbstractHandlerMethodAdapter.handle(AbstractHandlerMethodAdapter.java:87)
	at org.springframework.web.servlet.DispatcherServlet.doDispatch(DispatcherServlet.java:1072)
	at org.springframework.web.servlet.DispatcherServlet.doService(DispatcherServlet.java:965)
	at org.springframework.web.servlet.FrameworkServlet.processRequest(FrameworkServlet.java:1006)
	at org.springframework.web.servlet.FrameworkServlet.doPost(FrameworkServlet.java:909)
	at javax.servlet.http.HttpServlet.service(HttpServlet.java:555)
	at org.springframework.web.servlet.FrameworkServlet.service(FrameworkServlet.java:883)
	at javax.servlet.http.HttpServlet.service(HttpServlet.java:623)
	at org.apache.catalina.core.ApplicationFilterChain.internalDoFilter(ApplicationFilterChain.java:209)
	at org.apache.catalina.core.ApplicationFilterChain.doFilter(ApplicationFilterChain.java:153)
	at org.apache.tomcat.websocket.server.WsFilter.doFilter(WsFilter.java:51)
	at org.apache.catalina.core.ApplicationFilterChain.internalDoFilter(ApplicationFilterChain.java:178)
	at org.apache.catalina.core.ApplicationFilterChain.doFilter(ApplicationFilterChain.java:153)
	at org.springframework.web.filter.RequestContextFilter.doFilterInternal(RequestContextFilter.java:100)
	at org.springframework.web.filter.OncePerRequestFilter.doFilter(OncePerRequestFilter.java:117)
	at org.apache.catalina.core.ApplicationFilterChain.internalDoFilter(ApplicationFilterChain.java:178)
	at org.apache.catalina.core.ApplicationFilterChain.doFilter(ApplicationFilterChain.java:153)
	at org.springframework.web.filter.FormContentFilter.doFilterInternal(FormContentFilter.java:93)
	at org.springframework.web.filter.OncePerRequestFilter.doFilter(OncePerRequestFilter.java:117)
	at org.apache.catalina.core.ApplicationFilterChain.internalDoFilter(ApplicationFilterChain.java:178)
	at org.apache.catalina.core.ApplicationFilterChain.doFilter(ApplicationFilterChain.java:153)
	at org.springframework.boot.actuate.metrics.web.servlet.WebMvcMetricsFilter.doFilterInternal(WebMvcMetricsFilter.java:96)
	at org.springframework.web.filter.OncePerRequestFilter.doFilter(OncePerRequestFilter.java:117)
	at org.apache.catalina.core.ApplicationFilterChain.internalDoFilter(ApplicationFilterChain.java:178)
	at org.apache.catalina.core.ApplicationFilterChain.doFilter(ApplicationFilterChain.java:153)
	at org.springframework.web.filter.CharacterEncodingFilter.doFilterInternal(CharacterEncodingFilter.java:201)
	at org.springframework.web.filter.OncePerRequestFilter.doFilter(OncePerRequestFilter.java:117)
	at org.apache.catalina.core.ApplicationFilterChain.internalDoFilter(ApplicationFilterChain.java:178)
	at org.apache.catalina.core.ApplicationFilterChain.doFilter(ApplicationFilterChain.java:153)
	at org.apache.catalina.core.StandardWrapperValve.invoke(StandardWrapperValve.java:167)
	at org.apache.catalina.core.StandardContextValve.invoke(StandardContextValve.java:90)
	at org.apache.catalina.authenticator.AuthenticatorBase.invoke(AuthenticatorBase.java:481)
	at org.apache.catalina.core.StandardHostValve.invoke(StandardHostValve.java:130)
	at org.apache.catalina.valves.ErrorReportValve.invoke(ErrorReportValve.java:93)
	at org.apache.catalina.core.StandardEngineValve.invoke(StandardEngineValve.java:74)
	at org.apache.catalina.connector.CoyoteAdapter.service(CoyoteAdapter.java:343)
	at org.apache.coyote.http11.Http11Processor.service(Http11Processor.java:390)
	at org.apache.coyote.AbstractProcessorLight.process(AbstractProcessorLight.java:63)
	at org.apache.coyote.AbstractProtocol$ConnectionHandler.process(AbstractProtocol.java:926)
	at org.apache.tomcat.util.net.NioEndpoint$SocketProcessor.doRun(NioEndpoint.java:1791)
	at org.apache.tomcat.util.net.SocketProcessorBase.run(SocketProcessorBase.java:52)
	at org.apache.tomcat.util.threads.ThreadPoolExecutor.runWorker(ThreadPoolExecutor.java:1191)
	at org.apache.tomcat.util.threads.ThreadPoolExecutor$Worker.run(ThreadPoolExecutor.java:659)
	at org.apache.tomcat.util.threads.TaskThread$WrappingRunnable.run(TaskThread.java:61)
	at java.base/java.lang.Thread.run(Thread.java:829)
26-07-26.20:56:06.055 [http-nio-8080-exec-8] INFO  AliPayController       - 商品下单，根据商品ID创建支付单开始 userId:oxf0n3aZpX_OA8c_g8Wag2qsyf1U productId:oxf0n3aZpX_OA8c_g8Wag2qsyf1U
26-07-26.20:56:06.080 [http-nio-8080-exec-8] INFO  HikariDataSource       - HikariPool-1 - Starting...
26-07-26.20:56:06.235 [http-nio-8080-exec-8] INFO  HikariDataSource       - HikariPool-1 - Start completed.
26-07-26.20:56:06.271 [http-nio-8080-exec-8] INFO  AbstractOrderService   - 创建订单-已存在未支付订单，userId:oxf0n3aZpX_OA8c_g8Wag2qsyf1U, productId:100010090091, orderId:53147134084076
26-07-26.20:56:06.271 [http-nio-8080-exec-8] INFO  AliPayController       - 商品下单，根据商品ID创建支付单完成 userId:oxf0n3aZpX_OA8c_g8Wag2qsyf1U productId:100010090091 orderId:53147134084076
26-07-26.21:03:02.565 [SpringApplicationShutdownHook] INFO  HikariDataSource       - HikariPool-1 - Shutdown initiated...
26-07-26.21:03:02.583 [SpringApplicationShutdownHook] INFO  HikariDataSource       - HikariPool-1 - Shutdown completed.
26-07-26.21:03:07.427 [main            ] INFO  Application            - Starting Application using Java 11.0.31 on ASUS with PID 2908 (D:\code\s-pay-mall-ddd-cc\s-pay-mall-ddd-app\target\classes started by 13267 in D:\code\s-pay-mall-ddd-cc)
26-07-26.21:03:07.430 [main            ] INFO  Application            - The following 1 profile is active: "dev"
26-07-26.21:03:08.198 [main            ] INFO  RepositoryConfigurationDelegate - Multiple Spring Data modules found, entering strict repository configuration mode
26-07-26.21:03:08.199 [main            ] INFO  RepositoryConfigurationDelegate - Bootstrapping Spring Data Redis repositories in DEFAULT mode.
26-07-26.21:03:08.224 [main            ] INFO  RepositoryConfigurationDelegate - Finished Spring Data repository scanning in 16 ms. Found 0 Redis repository interfaces.
26-07-26.21:03:08.999 [main            ] INFO  TomcatWebServer        - Tomcat initialized with port(s): 8080 (http)
26-07-26.21:03:09.006 [main            ] INFO  Http11NioProtocol      - Initializing ProtocolHandler ["http-nio-8080"]
26-07-26.21:03:09.007 [main            ] INFO  StandardService        - Starting service [Tomcat]
26-07-26.21:03:09.007 [main            ] INFO  StandardEngine         - Starting Servlet engine: [Apache Tomcat/9.0.75]
26-07-26.21:03:09.129 [main            ] INFO  [/]                    - Initializing Spring embedded WebApplicationContext
26-07-26.21:03:09.129 [main            ] INFO  ServletWebServerApplicationContext - Root WebApplicationContext: initialization completed in 1659 ms
26-07-26.21:03:10.179 [main            ] INFO  Version                - Redisson 3.26.0
26-07-26.21:03:10.716 [redisson-netty-1-5] INFO  ConnectionsHolder      - 1 connections initialized for localhost/127.0.0.1:6379
26-07-26.21:03:10.787 [redisson-netty-1-20] INFO  ConnectionsHolder      - 24 connections initialized for localhost/127.0.0.1:6379
26-07-26.21:03:11.089 [main            ] INFO  EndpointLinksResolver  - Exposing 1 endpoint(s) beneath base path '/actuator'
26-07-26.21:03:11.106 [main            ] INFO  Http11NioProtocol      - Starting ProtocolHandler ["http-nio-8080"]
26-07-26.21:03:11.115 [main            ] INFO  TomcatWebServer        - Tomcat started on port(s): 8080 (http) with context path ''
26-07-26.21:03:11.129 [main            ] INFO  Application            - Started Application in 4.137 seconds (JVM running for 4.516)
26-07-26.21:03:12.028 [scheduling-1    ] INFO  HikariDataSource       - HikariPool-1 - Starting...
26-07-26.21:03:12.239 [scheduling-1    ] INFO  HikariDataSource       - HikariPool-1 - Start completed.
26-07-26.21:03:17.790 [scheduling-1    ] ERROR err                    - 2026-07-26 21:03:17^_^alipay.trade.query^_^null^_^192.168.73.1^_^Windows 11^_^alipay-sdk-java-4.38.157.ALL^_^https://openapi-sandbox.dl.alipaydev.com/gateway.do?charset=utf-8&method=alipay.trade.query&sign=EAk%2Fx%2BslAPPv%2BvfeRI9ZtNmLfNoOB2Ntv67JpVwTHLLyDEEuF5O0%2FChpRgQBk3VgkiCnPdOJRIoXOChn9KNQNzTnERMrKIkajCMUKElwmuX7xIwg0VzsBN1QELDjlCBAnhGlaiRHxYBXy%2FqCks5wLSyx8d8mWM3SotZHEEl9%2FuqRLvKJsTf9sGOWxQKuAtizaWo6yNp7VvVxNl9%2BqA2WMgXYL5CMMnoWI9ILyrSPg2rTxcCdhAeFQDDSvhAOK1VzN1aojI7jk31oWHXoW4ETjhSM2rC20d8BaB4nrOv3DQzHahooIzUWC7MGiE17KA56n510qIdG6wxDB7r2xY2q1w%3D%3D&version=1.0&app_id=9021000165677275&sign_type=RSA2&timestamp=2026-07-26+21%3A03%3A12&alipay_sdk=alipay-sdk-java-4.38.157.ALL&format=json^_^^_^<!DOCTYPE HTML PUBLIC "-//IETF//DTD HTML 2.0//EN"> <html> <head><title>504 Gateway Time-out</title></head> <body bgcolor="white"> <h1>504 Gateway Time-out</h1> <p>The gateway did not receive a timely response from the upstream server or application. Sorry for the inconvenience.<br/> Please report this message and include the following information to us.<br/> Thank you very much!</p> <table> <tr> <td>URL:</td> <td>http://openapi-sandbox.dl.alipaydev.com/gateway.do?charset=utf-8&amp;method=alipay.trade.query&amp;sign=EAk%2Fx%2BslAPPv%2BvfeRI9ZtNmLfNoOB2Ntv67JpVwTHLLyDEEuF5O0%2FChpRgQBk3VgkiCnPdOJRIoXOChn9KNQNzTnERMrKIkajCMUKElwmuX7xIwg0VzsBN1QELDjlCBAnhGlaiRHxYBXy%2FqCks5wLSyx8d8mWM3SotZHEEl9%2FuqRLvKJsTf9sGOWxQKuAtizaWo6yNp7VvVxNl9%2BqA2WMgXYL5CMMnoWI9ILyrSPg2rTxcCdhAeFQDDSvhAOK1VzN1aojI7jk31oWHXoW4ETjhSM2rC20d8BaB4nrOv3DQzHahooIzUWC7MGiE17KA56n510qIdG6wxDB7r2xY2q1w%3D%3D&amp;version=1.0&amp;app_id=9021000165677275&amp;sign_type=RSA2&amp;timestamp=2026-07-26+21%3A03%3A12&amp;alipay_sdk=alipay-sdk-java-4.38.157.ALL&amp;format=json</td> </tr> <tr> <td>Server:</td> <td>openapi-55.rz21a.sandbox.alipay.net</td> </tr> <tr> <td>Date:</td> <td>2026/07/26 21:03:17</td> </tr> </table> <hr/>Powered by Tengine </body> </html> 
26-07-26.21:03:17.790 [scheduling-1    ] ERROR NoPayNotifyOrderJob    - 检测未接收到或未正确处理的支付回调通知失败
com.alipay.api.AlipayApiException: java.io.IOException: <!DOCTYPE HTML PUBLIC "-//IETF//DTD HTML 2.0//EN">
<html>
<head><title>504 Gateway Time-out</title></head>
<body bgcolor="white">
<h1>504 Gateway Time-out</h1>
<p>The gateway did not receive a timely response from the upstream server or application. Sorry for the inconvenience.<br/>
Please report this message and include the following information to us.<br/>
Thank you very much!</p>
<table>
<tr>
<td>URL:</td>
<td>http://openapi-sandbox.dl.alipaydev.com/gateway.do?charset=utf-8&amp;method=alipay.trade.query&amp;sign=EAk%2Fx%2BslAPPv%2BvfeRI9ZtNmLfNoOB2Ntv67JpVwTHLLyDEEuF5O0%2FChpRgQBk3VgkiCnPdOJRIoXOChn9KNQNzTnERMrKIkajCMUKElwmuX7xIwg0VzsBN1QELDjlCBAnhGlaiRHxYBXy%2FqCks5wLSyx8d8mWM3SotZHEEl9%2FuqRLvKJsTf9sGOWxQKuAtizaWo6yNp7VvVxNl9%2BqA2WMgXYL5CMMnoWI9ILyrSPg2rTxcCdhAeFQDDSvhAOK1VzN1aojI7jk31oWHXoW4ETjhSM2rC20d8BaB4nrOv3DQzHahooIzUWC7MGiE17KA56n510qIdG6wxDB7r2xY2q1w%3D%3D&amp;version=1.0&amp;app_id=9021000165677275&amp;sign_type=RSA2&amp;timestamp=2026-07-26+21%3A03%3A12&amp;alipay_sdk=alipay-sdk-java-4.38.157.ALL&amp;format=json</td>
</tr>
<tr>
<td>Server:</td>
<td>openapi-55.rz21a.sandbox.alipay.net</td>
</tr>
<tr>
<td>Date:</td>
<td>2026/07/26 21:03:17</td>
</tr>
</table>
<hr/>Powered by Tengine
</body>
</html>

	at com.alipay.api.AbstractAlipayClient.doPost(AbstractAlipayClient.java:1015)
	at com.alipay.api.AbstractAlipayClient._execute(AbstractAlipayClient.java:921)
	at com.alipay.api.AbstractAlipayClient.execute(AbstractAlipayClient.java:395)
	at com.alipay.api.AbstractAlipayClient.execute(AbstractAlipayClient.java:377)
	at com.alipay.api.AbstractAlipayClient.execute(AbstractAlipayClient.java:372)
	at com.alipay.api.AbstractAlipayClient.execute(AbstractAlipayClient.java:366)
	at cn.bugstack.trigger.job.NoPayNotifyOrderJob.exec(NoPayNotifyOrderJob.java:42)
	at java.base/jdk.internal.reflect.NativeMethodAccessorImpl.invoke0(Native Method)
	at java.base/jdk.internal.reflect.NativeMethodAccessorImpl.invoke(NativeMethodAccessorImpl.java:62)
	at java.base/jdk.internal.reflect.DelegatingMethodAccessorImpl.invoke(DelegatingMethodAccessorImpl.java:43)
	at java.base/java.lang.reflect.Method.invoke(Method.java:566)
	at org.springframework.scheduling.support.ScheduledMethodRunnable.run(ScheduledMethodRunnable.java:84)
	at org.springframework.scheduling.support.DelegatingErrorHandlingRunnable.run(DelegatingErrorHandlingRunnable.java:54)
	at org.springframework.scheduling.concurrent.ReschedulingRunnable.run(ReschedulingRunnable.java:95)
	at java.base/java.util.concurrent.Executors$RunnableAdapter.call(Executors.java:515)
	at java.base/java.util.concurrent.FutureTask.run(FutureTask.java:264)
	at java.base/java.util.concurrent.ScheduledThreadPoolExecutor$ScheduledFutureTask.run(ScheduledThreadPoolExecutor.java:304)
	at java.base/java.util.concurrent.ThreadPoolExecutor.runWorker(ThreadPoolExecutor.java:1128)
	at java.base/java.util.concurrent.ThreadPoolExecutor$Worker.run(ThreadPoolExecutor.java:628)
	at java.base/java.lang.Thread.run(Thread.java:829)
Caused by: java.io.IOException: <!DOCTYPE HTML PUBLIC "-//IETF//DTD HTML 2.0//EN">
<html>
<head><title>504 Gateway Time-out</title></head>
<body bgcolor="white">
<h1>504 Gateway Time-out</h1>
<p>The gateway did not receive a timely response from the upstream server or application. Sorry for the inconvenience.<br/>
Please report this message and include the following information to us.<br/>
Thank you very much!</p>
<table>
<tr>
<td>URL:</td>
<td>http://openapi-sandbox.dl.alipaydev.com/gateway.do?charset=utf-8&amp;method=alipay.trade.query&amp;sign=EAk%2Fx%2BslAPPv%2BvfeRI9ZtNmLfNoOB2Ntv67JpVwTHLLyDEEuF5O0%2FChpRgQBk3VgkiCnPdOJRIoXOChn9KNQNzTnERMrKIkajCMUKElwmuX7xIwg0VzsBN1QELDjlCBAnhGlaiRHxYBXy%2FqCks5wLSyx8d8mWM3SotZHEEl9%2FuqRLvKJsTf9sGOWxQKuAtizaWo6yNp7VvVxNl9%2BqA2WMgXYL5CMMnoWI9ILyrSPg2rTxcCdhAeFQDDSvhAOK1VzN1aojI7jk31oWHXoW4ETjhSM2rC20d8BaB4nrOv3DQzHahooIzUWC7MGiE17KA56n510qIdG6wxDB7r2xY2q1w%3D%3D&amp;version=1.0&amp;app_id=9021000165677275&amp;sign_type=RSA2&amp;timestamp=2026-07-26+21%3A03%3A12&amp;alipay_sdk=alipay-sdk-java-4.38.157.ALL&amp;format=json</td>
</tr>
<tr>
<td>Server:</td>
<td>openapi-55.rz21a.sandbox.alipay.net</td>
</tr>
<tr>
<td>Date:</td>
<td>2026/07/26 21:03:17</td>
</tr>
</table>
<hr/>Powered by Tengine
</body>
</html>

	at com.alipay.api.internal.util.WebUtils.getResponseAsString(WebUtils.java:520)
	at com.alipay.api.internal.util.WebUtils.doPost(WebUtils.java:181)
	at com.alipay.api.internal.util.WebUtils.doPost(WebUtils.java:142)
	at com.alipay.api.AbstractAlipayClient.doPost(AbstractAlipayClient.java:1003)
	... 19 common frames omitted
26-07-26.21:03:18.589 [scheduling-1    ] ERROR err                    - ErrorScene^_^40004^_^ACQ.TRADE_NOT_EXIST^_^192.168.73.1^_^Windows 11^_^2026-07-26 21:03:18^_^ProtocalMustParams:charset=utf-8&method=alipay.trade.query&sign=d8PyeV1Jv4p+lH1o4fVd1AhS/azryhrpy3CnzDzRfEFbQN5BW+yIRbLKVq/0PE/8E/mzeS/i+zy4EP384vSd+Xm4kqqc/VEFF0QPTYdOWOrq5rbasTbk9+uaIK5T6Muw17gbZjez2u5h5Agu2WzEPcqyXIvz5ntGY3HxXnRMHeCmyM59+oVm97ywi6I2LwNbsPetmf4aZ62OgsTuaiGPxjdjSomAuS7r06o1/mZHxyakKQu8uwZA26/I+L6j1hTLyMj7+yfeXtVQAETw4ueYlgxO/jbOFe6iHGO+kOrwYg40a1UtXWHKPgqy4rsP/T+fvMp4f/9bqruUB2jIMdrWsg==&version=1.0&app_id=9021000165677275&sign_type=RSA2&timestamp=2026-07-26 21:03:18^_^ProtocalOptParams:alipay_sdk=alipay-sdk-java-4.38.157.ALL&format=json^_^ApplicationParams:traceId=06020e08178507099814945722433085&biz_content={"out_trade_no":"59214591885269"}^_^Body:{"alipay_trade_query_response":{"msg":"Business Failed","code":"40004","out_trade_no":"59214591885269","sub_msg":"交易不存在","sub_code":"ACQ.TRADE_NOT_EXIST","receipt_amount":"0.00","point_amount":"0.00","buyer_pay_amount":"0.00","invoice_amount":"0.00"},"sign":"IlGZ9x5UhNF2eAqdNMzeNXtVmLVeP4WAHqOs3UIoTeNqOZPSKddjkKWyTMN0yOnmdmvXLs65xA8iLe3vMAOcTv3IRc5Ly+sfXiILXIoyDMo48N1nGL00QjpY712N35H3czuLP1upFRYorbFoh87mPrUkchUunF+PEBdfORFul87T4s2hkFE5Fl1M1wxQAAUDsoOdZiXF4N0VIlZn8XpWkwGhUJTSzC4T5bTxJpGdI0AVbbLy9QZu0eXIaXEtwYSVDV1oFLVBE/DEmKpridtTn9/6ZOtOpBhjgylpbP+J+f2SCp37feezNW+mRc7kxKeaJfjjdbn7pTI1TeynheyWLQ=="}^_^14ms,514ms,43ms^_^trace_id:06020e08178507099814945722433085
26-07-26.21:03:18.593 [scheduling-1    ] INFO  NoPayNotifyOrderJob    - 检测未接收到或未正确处理的支付回调通知，订单未支付成功 orderId:59214591885269 code:40004 tradeStatus:null
26-07-26.21:03:19.871 [scheduling-1    ] ERROR err                    - ErrorScene^_^40004^_^ACQ.TRADE_NOT_EXIST^_^192.168.73.1^_^Windows 11^_^2026-07-26 21:03:19^_^ProtocalMustParams:charset=utf-8&method=alipay.trade.query&sign=PevXsmxzDeUgOIerVMkfhZoXTwd5jHEYbXF3lKJTegPhwW96tKJL/M5FUOnOwW0kLRtVYD9PhUnhtKTVgPPLc8Pi1+fBc9CubIqmlRG+lR7+qEih8dL+ib83VJN9FJFaJX+cdZkhtgnhuUW3Ozn+u+Nh/qfB6/+HDhXsF12LC/Zj0mvuXA154aChM9a3Q7AzxYFH3E9kCE3HOe+qKdq6oNitQHxG/JN3Nol/CsbOGes8UFLyD9aZtQgxWhZmZe58JHejhjV/yx+kHvySDfe2FKxYt3nQTRvH6H3vUJvCFfiXttoiYPXGhmKuvXr7GzADaWNTs9KxWzEcgwOX8B0hpw==&version=1.0&app_id=9021000165677275&sign_type=RSA2&timestamp=2026-07-26 21:03:18^_^ProtocalOptParams:alipay_sdk=alipay-sdk-java-4.38.157.ALL&format=json^_^ApplicationParams:traceId=06020e08178507099975245772433085&biz_content={"out_trade_no":"63015243383423"}^_^Body:{"alipay_trade_query_response":{"msg":"Business Failed","code":"40004","out_trade_no":"63015243383423","sub_msg":"交易不存在","sub_code":"ACQ.TRADE_NOT_EXIST","receipt_amount":"0.00","point_amount":"0.00","buyer_pay_amount":"0.00","invoice_amount":"0.00"},"sign":"j/BKxEaDkp40hVZnDvR3FjkafML/EKkrgK5tm3o7RpXke6JHNNHQj7dtxjFXrid2kn398BXbOviGV9OREaHEsGkNi7IoyBK1JYReqxxHw+KZz8rrBoqtEmOs09WNzTcKyl/5ieUTw21MI9LZ5QoNI9FiQB3n5vdZv5nJ4536haXV/1ocYO4eOii1Wdd47onG0oGH6w7WLvZT+jP9UP1EcysxWQjk4vfPC2p1W/SB9gAsXt/vZ3hDDoI08AIACsojEfWvD71/4rGQQEyT4naQANCIzeGTzHZEfSOYngieu+N8sDW52hL5yDXMIaHr563fJPxX8LcKEtAYz+SGdbzTrw=="}^_^17ms,1246ms,15ms^_^trace_id:06020e08178507099975245772433085
26-07-26.21:03:19.872 [scheduling-1    ] INFO  NoPayNotifyOrderJob    - 检测未接收到或未正确处理的支付回调通知，订单未支付成功 orderId:63015243383423 code:40004 tradeStatus:null
26-07-26.21:03:20.182 [scheduling-1    ] ERROR err                    - ErrorScene^_^40004^_^ACQ.TRADE_NOT_EXIST^_^192.168.73.1^_^Windows 11^_^2026-07-26 21:03:20^_^ProtocalMustParams:charset=utf-8&method=alipay.trade.query&sign=Mq+SiSl9DQyVThgAM4f2S9bPouJs3otWoIvIHL1m1ql1Xn8MxO6x3wQARjape+01ynMfZalP76RuuCcWZVCHi3kJJ7uiAbSqxipeE7k45147CIW0X1rKqDeNmS773g/0E7O6qSU2rJTbrsOKub3mw1EPjw0Ic7VY/IzboYMPEw1h6+ZorT8gUmNGVJf0FCKqfrIR0ijwXLOxJOAwKAiJJtHu6WHKcV9NDbuvHwKWGpmMjWy3mGDfJ39Dfj0PlIJe3g5rLnwjvx59zfiN2e6hGg3CXL3ewdvrWYEc0U7YDn4MVAFmmtmAOQ0orHx/cpSZktrUCeybZLfsovtKVEXLwg==&version=1.0&app_id=9021000165677275&sign_type=RSA2&timestamp=2026-07-26 21:03:19^_^ProtocalOptParams:alipay_sdk=alipay-sdk-java-4.38.157.ALL&format=json^_^ApplicationParams:traceId=06020e08178507100000045792433085&biz_content={"out_trade_no":"05687486819141"}^_^Body:{"alipay_trade_query_response":{"msg":"Business Failed","code":"40004","out_trade_no":"05687486819141","sub_msg":"交易不存在","sub_code":"ACQ.TRADE_NOT_EXIST","receipt_amount":"0.00","point_amount":"0.00","buyer_pay_amount":"0.00","invoice_amount":"0.00"},"sign":"X8+5Q6lbdoyyrQqpUwxTqfCXdBXg7ThJc2U+u8qezqbw+E5fcgtCqABatoc1r72W+dsojv3i6bkcvvMz3DRr5ahBjxU4gwSWCgz4TBIO+/iTBt57VZmROgv9LqvWSmIQTYHEWA0iBdvVQ8wabF8mzeGODzJcDm0eGuZrLQUuAfb7EsMddzf5Fpsu5TpWoCkIHAS+8CRG2vFJn8fHca0ezh5NORm72mkk1XJRvcuT3PelFHmTo+8KP5OR7ez/2fuIcdGiAD+b2i3e+sfFqMTeUrSfNpunUyXCuTC+ottvD15QxCFhRNfVkTvbOhatQUPyKDv4sjFTxoXvcC8oVH1r9Q=="}^_^10ms,281ms,19ms^_^trace_id:06020e08178507100000045792433085
26-07-26.21:03:20.182 [scheduling-1    ] INFO  NoPayNotifyOrderJob    - 检测未接收到或未正确处理的支付回调通知，订单未支付成功 orderId:05687486819141 code:40004 tradeStatus:null
26-07-26.21:03:23.965 [http-nio-8080-exec-1] INFO  [/]                    - Initializing Spring DispatcherServlet 'dispatcherServlet'
26-07-26.21:03:23.965 [http-nio-8080-exec-1] INFO  DispatcherServlet      - Initializing Servlet 'dispatcherServlet'
26-07-26.21:03:23.967 [http-nio-8080-exec-1] INFO  DispatcherServlet      - Completed initialization in 2 ms
26-07-26.21:03:24.056 [http-nio-8080-exec-1] INFO  AliPayController       - 商品下单，根据商品ID创建支付单开始 userId:oxf0n3aZpX_OA8c_g8Wag2qsyf1U productId:oxf0n3aZpX_OA8c_g8Wag2qsyf1U
26-07-26.21:03:24.196 [http-nio-8080-exec-1] INFO  AliPayController       - 商品下单，根据商品ID创建支付单完成 userId:oxf0n3aZpX_OA8c_g8Wag2qsyf1U productId:100010090091 orderId:40893508762811
26-07-26.21:03:35.791 [scheduling-1    ] ERROR err                    - ErrorScene^_^40004^_^ACQ.TRADE_NOT_EXIST^_^192.168.73.1^_^Windows 11^_^2026-07-26 21:03:35^_^ProtocalMustParams:charset=utf-8&method=alipay.trade.query&sign=VQd0DirJg0TD7Fa+NqpCswA+DXLYjKdKskK3JZlci/mxQysYZNLBlQbfLMl3TYxi+LrtlgdGhPgjD7Q6n0fPAeI1X5KkEj4Qfr0RY9pDeQwLB/GHFue2fSrXfP/j+nmvwb8ZZmT1gOTc0iwDUIKvwgVbY7K7ffEO/vd/iBr0ZhZwn43ioEt9OaClf9D+dq/6XG4CjEFf43bzF/KzNpdhIsbUNAEWdtxkd9ujIOXLxZigyYD8b3hcP1XsP3dfOe7hg0Qu/LRrabcq2nwBpOtfDX5QWiI80LgbCt2H5Z8xVo5YY7GnkGSUXUWjikih2xoDyZhVHJHRbFowvxDXSBHfQQ==&version=1.0&app_id=9021000165677275&sign_type=RSA2&timestamp=2026-07-26 21:03:21^_^ProtocalOptParams:alipay_sdk=alipay-sdk-java-4.38.157.ALL&format=json^_^ApplicationParams:traceId=060d663d178507101550370418178&biz_content={"out_trade_no":"59214591885269"}^_^Body:{"alipay_trade_query_response":{"msg":"Business Failed","code":"40004","out_trade_no":"59214591885269","sub_msg":"交易不存在","sub_code":"ACQ.TRADE_NOT_EXIST","receipt_amount":"0.00","point_amount":"0.00","buyer_pay_amount":"0.00","invoice_amount":"0.00"},"sign":"IlGZ9x5UhNF2eAqdNMzeNXtVmLVeP4WAHqOs3UIoTeNqOZPSKddjkKWyTMN0yOnmdmvXLs65xA8iLe3vMAOcTv3IRc5Ly+sfXiILXIoyDMo48N1nGL00QjpY712N35H3czuLP1upFRYorbFoh87mPrUkchUunF+PEBdfORFul87T4s2hkFE5Fl1M1wxQAAUDsoOdZiXF4N0VIlZn8XpWkwGhUJTSzC4T5bTxJpGdI0AVbbLy9QZu0eXIaXEtwYSVDV1oFLVBE/DEmKpridtTn9/6ZOtOpBhjgylpbP+J+f2SCp37feezNW+mRc7kxKeaJfjjdbn7pTI1TeynheyWLQ=="}^_^11ms,14761ms,10ms^_^trace_id:060d663d178507101550370418178
26-07-26.21:03:35.791 [scheduling-1    ] INFO  NoPayNotifyOrderJob    - 检测未接收到或未正确处理的支付回调通知，订单未支付成功 orderId:59214591885269 code:40004 tradeStatus:null
26-07-26.21:03:40.939 [scheduling-1    ] ERROR err                    - 2026-07-26 21:03:40^_^alipay.trade.query^_^null^_^192.168.73.1^_^Windows 11^_^alipay-sdk-java-4.38.157.ALL^_^https://openapi-sandbox.dl.alipaydev.com/gateway.do?charset=utf-8&method=alipay.trade.query&sign=WgrZ5qJPu26V1O0pHOsOs1D4AXt%2F%2BrSRch1YT4UAjSEHozGd6IVNTm4efitLjyg6snX3mjtFO7YmeC3OVR5OGDLvYrwTPI9sTT9Aor%2FEpQRfiw2KOvouRZgP%2Fv%2FSTlXJlMf3ASmM93egyNnYlgc2YcYpzXsR9Ky7Gg1jsBKzMno4D%2BdQgGa0dWW3DwgFfeunjamtKv8j6JVQDEwkzr0%2BDonn6jYX66WxGlRfsNbzueLy79n8w8G1KsoJJ78wJqqCUcSmNvg29emgfEiMUBAn8ZQ0h6qlsDcIMdzXRHSnazWut3VMtK%2BkODQaJphNcOkE6CJxwX0%2BQDVk6g4CqPETGQ%3D%3D&version=1.0&app_id=9021000165677275&sign_type=RSA2&timestamp=2026-07-26+21%3A03%3A35&alipay_sdk=alipay-sdk-java-4.38.157.ALL&format=json^_^^_^<!DOCTYPE HTML PUBLIC "-//IETF//DTD HTML 2.0//EN"> <html> <head><title>504 Gateway Time-out</title></head> <body bgcolor="white"> <h1>504 Gateway Time-out</h1> <p>The gateway did not receive a timely response from the upstream server or application. Sorry for the inconvenience.<br/> Please report this message and include the following information to us.<br/> Thank you very much!</p> <table> <tr> <td>URL:</td> <td>http://openapi-sandbox.dl.alipaydev.com/gateway.do?charset=utf-8&amp;method=alipay.trade.query&amp;sign=WgrZ5qJPu26V1O0pHOsOs1D4AXt%2F%2BrSRch1YT4UAjSEHozGd6IVNTm4efitLjyg6snX3mjtFO7YmeC3OVR5OGDLvYrwTPI9sTT9Aor%2FEpQRfiw2KOvouRZgP%2Fv%2FSTlXJlMf3ASmM93egyNnYlgc2YcYpzXsR9Ky7Gg1jsBKzMno4D%2BdQgGa0dWW3DwgFfeunjamtKv8j6JVQDEwkzr0%2BDonn6jYX66WxGlRfsNbzueLy79n8w8G1KsoJJ78wJqqCUcSmNvg29emgfEiMUBAn8ZQ0h6qlsDcIMdzXRHSnazWut3VMtK%2BkODQaJphNcOkE6CJxwX0%2BQDVk6g4CqPETGQ%3D%3D&amp;version=1.0&amp;app_id=9021000165677275&amp;sign_type=RSA2&amp;timestamp=2026-07-26+21%3A03%3A35&amp;alipay_sdk=alipay-sdk-java-4.38.157.ALL&amp;format=json</td> </tr> <tr> <td>Server:</td> <td>openapi-55.rz21a.sandbox.alipay.net</td> </tr> <tr> <td>Date:</td> <td>2026/07/26 21:03:40</td> </tr> </table> <hr/>Powered by Tengine </body> </html> 
26-07-26.21:03:40.939 [scheduling-1    ] ERROR NoPayNotifyOrderJob    - 检测未接收到或未正确处理的支付回调通知失败
com.alipay.api.AlipayApiException: java.io.IOException: <!DOCTYPE HTML PUBLIC "-//IETF//DTD HTML 2.0//EN">
<html>
<head><title>504 Gateway Time-out</title></head>
<body bgcolor="white">
<h1>504 Gateway Time-out</h1>
<p>The gateway did not receive a timely response from the upstream server or application. Sorry for the inconvenience.<br/>
Please report this message and include the following information to us.<br/>
Thank you very much!</p>
<table>
<tr>
<td>URL:</td>
<td>http://openapi-sandbox.dl.alipaydev.com/gateway.do?charset=utf-8&amp;method=alipay.trade.query&amp;sign=WgrZ5qJPu26V1O0pHOsOs1D4AXt%2F%2BrSRch1YT4UAjSEHozGd6IVNTm4efitLjyg6snX3mjtFO7YmeC3OVR5OGDLvYrwTPI9sTT9Aor%2FEpQRfiw2KOvouRZgP%2Fv%2FSTlXJlMf3ASmM93egyNnYlgc2YcYpzXsR9Ky7Gg1jsBKzMno4D%2BdQgGa0dWW3DwgFfeunjamtKv8j6JVQDEwkzr0%2BDonn6jYX66WxGlRfsNbzueLy79n8w8G1KsoJJ78wJqqCUcSmNvg29emgfEiMUBAn8ZQ0h6qlsDcIMdzXRHSnazWut3VMtK%2BkODQaJphNcOkE6CJxwX0%2BQDVk6g4CqPETGQ%3D%3D&amp;version=1.0&amp;app_id=9021000165677275&amp;sign_type=RSA2&amp;timestamp=2026-07-26+21%3A03%3A35&amp;alipay_sdk=alipay-sdk-java-4.38.157.ALL&amp;format=json</td>
</tr>
<tr>
<td>Server:</td>
<td>openapi-55.rz21a.sandbox.alipay.net</td>
</tr>
<tr>
<td>Date:</td>
<td>2026/07/26 21:03:40</td>
</tr>
</table>
<hr/>Powered by Tengine
</body>
</html>

	at com.alipay.api.AbstractAlipayClient.doPost(AbstractAlipayClient.java:1015)
	at com.alipay.api.AbstractAlipayClient._execute(AbstractAlipayClient.java:921)
	at com.alipay.api.AbstractAlipayClient.execute(AbstractAlipayClient.java:395)
	at com.alipay.api.AbstractAlipayClient.execute(AbstractAlipayClient.java:377)
	at com.alipay.api.AbstractAlipayClient.execute(AbstractAlipayClient.java:372)
	at com.alipay.api.AbstractAlipayClient.execute(AbstractAlipayClient.java:366)
	at cn.bugstack.trigger.job.NoPayNotifyOrderJob.exec(NoPayNotifyOrderJob.java:42)
	at java.base/jdk.internal.reflect.NativeMethodAccessorImpl.invoke0(Native Method)
	at java.base/jdk.internal.reflect.NativeMethodAccessorImpl.invoke(NativeMethodAccessorImpl.java:62)
	at java.base/jdk.internal.reflect.DelegatingMethodAccessorImpl.invoke(DelegatingMethodAccessorImpl.java:43)
	at java.base/java.lang.reflect.Method.invoke(Method.java:566)
	at org.springframework.scheduling.support.ScheduledMethodRunnable.run(ScheduledMethodRunnable.java:84)
	at org.springframework.scheduling.support.DelegatingErrorHandlingRunnable.run(DelegatingErrorHandlingRunnable.java:54)
	at org.springframework.scheduling.concurrent.ReschedulingRunnable.run(ReschedulingRunnable.java:95)
	at java.base/java.util.concurrent.Executors$RunnableAdapter.call(Executors.java:515)
	at java.base/java.util.concurrent.FutureTask.run(FutureTask.java:264)
	at java.base/java.util.concurrent.ScheduledThreadPoolExecutor$ScheduledFutureTask.run(ScheduledThreadPoolExecutor.java:304)
	at java.base/java.util.concurrent.ThreadPoolExecutor.runWorker(ThreadPoolExecutor.java:1128)
	at java.base/java.util.concurrent.ThreadPoolExecutor$Worker.run(ThreadPoolExecutor.java:628)
	at java.base/java.lang.Thread.run(Thread.java:829)
Caused by: java.io.IOException: <!DOCTYPE HTML PUBLIC "-//IETF//DTD HTML 2.0//EN">
<html>
<head><title>504 Gateway Time-out</title></head>
<body bgcolor="white">
<h1>504 Gateway Time-out</h1>
<p>The gateway did not receive a timely response from the upstream server or application. Sorry for the inconvenience.<br/>
Please report this message and include the following information to us.<br/>
Thank you very much!</p>
<table>
<tr>
<td>URL:</td>
<td>http://openapi-sandbox.dl.alipaydev.com/gateway.do?charset=utf-8&amp;method=alipay.trade.query&amp;sign=WgrZ5qJPu26V1O0pHOsOs1D4AXt%2F%2BrSRch1YT4UAjSEHozGd6IVNTm4efitLjyg6snX3mjtFO7YmeC3OVR5OGDLvYrwTPI9sTT9Aor%2FEpQRfiw2KOvouRZgP%2Fv%2FSTlXJlMf3ASmM93egyNnYlgc2YcYpzXsR9Ky7Gg1jsBKzMno4D%2BdQgGa0dWW3DwgFfeunjamtKv8j6JVQDEwkzr0%2BDonn6jYX66WxGlRfsNbzueLy79n8w8G1KsoJJ78wJqqCUcSmNvg29emgfEiMUBAn8ZQ0h6qlsDcIMdzXRHSnazWut3VMtK%2BkODQaJphNcOkE6CJxwX0%2BQDVk6g4CqPETGQ%3D%3D&amp;version=1.0&amp;app_id=9021000165677275&amp;sign_type=RSA2&amp;timestamp=2026-07-26+21%3A03%3A35&amp;alipay_sdk=alipay-sdk-java-4.38.157.ALL&amp;format=json</td>
</tr>
<tr>
<td>Server:</td>
<td>openapi-55.rz21a.sandbox.alipay.net</td>
</tr>
<tr>
<td>Date:</td>
<td>2026/07/26 21:03:40</td>
</tr>
</table>
<hr/>Powered by Tengine
</body>
</html>

	at com.alipay.api.internal.util.WebUtils.getResponseAsString(WebUtils.java:520)
	at com.alipay.api.internal.util.WebUtils.doPost(WebUtils.java:181)
	at com.alipay.api.internal.util.WebUtils.doPost(WebUtils.java:142)
	at com.alipay.api.AbstractAlipayClient.doPost(AbstractAlipayClient.java:1003)
	... 19 common frames omitted
26-07-26.21:03:42.376 [scheduling-1    ] ERROR err                    - ErrorScene^_^40004^_^ACQ.TRADE_NOT_EXIST^_^192.168.73.1^_^Windows 11^_^2026-07-26 21:03:42^_^ProtocalMustParams:charset=utf-8&method=alipay.trade.query&sign=R9B14etn6frJk+T4ASfRWYdpZlAcJ9rEjBm/2zg3s/mqFtXhbfPSuGT3jS+Lgf/ygHaBXCXby2S3yGV8xBizyEWNE++PyGqIVJUBCPWvOZsHlDdVPBa0SEsKMCXww8m0E+1qI3l78hPG7CevBsrzJ+a3I4sU/5uSV3cw0I2Txzu9AM4Tujdd//wKlNY/xEUjWEiTnH3Fo2O9VLeucmMun2XuepfmPtMSvdr0KRa2kAgu23lAQTP8jjW4lCqrR9dbZu1jTs0je1BUvQpBkkLivtxXBmWVxGI5/OcB0SjkZnt/puUUnq2InikPCtQHjqxBmWTRx8LkSPsBmGwuaVoW7Q==&version=1.0&app_id=9021000165677275&sign_type=RSA2&timestamp=2026-07-26 21:03:42^_^ProtocalOptParams:alipay_sdk=alipay-sdk-java-4.38.157.ALL&format=json^_^ApplicationParams:traceId=060d6922178507102212730513502569&biz_content={"out_trade_no":"59214591885269"}^_^Body:{"alipay_trade_query_response":{"msg":"Business Failed","code":"40004","out_trade_no":"59214591885269","sub_msg":"交易不存在","sub_code":"ACQ.TRADE_NOT_EXIST","receipt_amount":"0.00","point_amount":"0.00","buyer_pay_amount":"0.00","invoice_amount":"0.00"},"sign":"IlGZ9x5UhNF2eAqdNMzeNXtVmLVeP4WAHqOs3UIoTeNqOZPSKddjkKWyTMN0yOnmdmvXLs65xA8iLe3vMAOcTv3IRc5Ly+sfXiILXIoyDMo48N1nGL00QjpY712N35H3czuLP1upFRYorbFoh87mPrUkchUunF+PEBdfORFul87T4s2hkFE5Fl1M1wxQAAUDsoOdZiXF4N0VIlZn8XpWkwGhUJTSzC4T5bTxJpGdI0AVbbLy9QZu0eXIaXEtwYSVDV1oFLVBE/DEmKpridtTn9/6ZOtOpBhjgylpbP+J+f2SCp37feezNW+mRc7kxKeaJfjjdbn7pTI1TeynheyWLQ=="}^_^14ms,345ms,12ms^_^trace_id:060d6922178507102212730513502569
26-07-26.21:03:42.377 [scheduling-1    ] INFO  NoPayNotifyOrderJob    - 检测未接收到或未正确处理的支付回调通知，订单未支付成功 orderId:59214591885269 code:40004 tradeStatus:null
26-07-26.21:03:42.594 [scheduling-1    ] ERROR err                    - ErrorScene^_^40004^_^ACQ.TRADE_NOT_EXIST^_^192.168.73.1^_^Windows 11^_^2026-07-26 21:03:42^_^ProtocalMustParams:charset=utf-8&method=alipay.trade.query&sign=P0lWmozTaVQ7X8sUndm3uflkaRQ5RI5tgWo1haa5S0VBscyvxWe2VlcJ4uaNWwaLSQyGCluhKLUO5QSkRCisvYm/cqR93sqLCiCKN2mBqKFnMc98fapY5MIOtf3EX1fjpmsPrS+m99+Zdt4qKtGCrFtuJM6lxa6Tnv6yioDxJ2OknKKC9GscJICQ6p56C57QrWZu+Tu67JctxAqC3vqly9LSt/4oy26unF5iX5O6V5OuMnNyhNVl5RCi+MYtCrXK4LtE/yzLoC0fr3KK8bq2pmSxXqjN6g1XDkHdya3IrmFwS0YfJdMpJai7HwunkNRvqzEP8zGeKb//OKmgUhoFbQ==&version=1.0&app_id=9021000165677275&sign_type=RSA2&timestamp=2026-07-26 21:03:42^_^ProtocalOptParams:alipay_sdk=alipay-sdk-java-4.38.157.ALL&format=json^_^ApplicationParams:traceId=06020e08178507102249846842433085&biz_content={"out_trade_no":"63015243383423"}^_^Body:{"alipay_trade_query_response":{"msg":"Business Failed","code":"40004","out_trade_no":"63015243383423","sub_msg":"交易不存在","sub_code":"ACQ.TRADE_NOT_EXIST","receipt_amount":"0.00","point_amount":"0.00","buyer_pay_amount":"0.00","invoice_amount":"0.00"},"sign":"j/BKxEaDkp40hVZnDvR3FjkafML/EKkrgK5tm3o7RpXke6JHNNHQj7dtxjFXrid2kn398BXbOviGV9OREaHEsGkNi7IoyBK1JYReqxxHw+KZz8rrBoqtEmOs09WNzTcKyl/5ieUTw21MI9LZ5QoNI9FiQB3n5vdZv5nJ4536haXV/1ocYO4eOii1Wdd47onG0oGH6w7WLvZT+jP9UP1EcysxWQjk4vfPC2p1W/SB9gAsXt/vZ3hDDoI08AIACsojEfWvD71/4rGQQEyT4naQANCIzeGTzHZEfSOYngieu+N8sDW52hL5yDXMIaHr563fJPxX8LcKEtAYz+SGdbzTrw=="}^_^12ms,192ms,13ms^_^trace_id:06020e08178507102249846842433085
26-07-26.21:03:42.594 [scheduling-1    ] INFO  NoPayNotifyOrderJob    - 检测未接收到或未正确处理的支付回调通知，订单未支付成功 orderId:63015243383423 code:40004 tradeStatus:null
26-07-26.21:03:42.830 [scheduling-1    ] ERROR err                    - ErrorScene^_^40004^_^ACQ.TRADE_NOT_EXIST^_^192.168.73.1^_^Windows 11^_^2026-07-26 21:03:42^_^ProtocalMustParams:charset=utf-8&method=alipay.trade.query&sign=gK3Gucx+b8AaOT7iuv17SJYb/ptiQudXtSBQXDhtWLxWUNWdiOCWr95G7GTFPirrfGAfFUpJ+99tzUCDplgpZUhaYMA2tcAUsTQhQasjClHrbbB6COi6F2OO7YslpeFilt+N9YmSfYpP/JozxtOTsj2pPC+HpGll7qWIvyu0cmR9til15gmuD65RMZQ5nuMu7ryjoEfH4wZkpV1zhkETny7c4HtiqNUDF1d6ikDljS8qlOoSIq/WLwCcOlq/lhcrzL2AW6WfruRVDcp9yOxa67hnqPJJT73OEHCGwKYbbKDRCmhZZRARZayLo+BPmJlJADCfPI6JweUfztuRcLktUg==&version=1.0&app_id=9021000165677275&sign_type=RSA2&timestamp=2026-07-26 21:03:42^_^ProtocalOptParams:alipay_sdk=alipay-sdk-java-4.38.157.ALL&format=json^_^ApplicationParams:traceId=060d6922178507102272130523502569&biz_content={"out_trade_no":"05687486819141"}^_^Body:{"alipay_trade_query_response":{"msg":"Business Failed","code":"40004","out_trade_no":"05687486819141","sub_msg":"交易不存在","sub_code":"ACQ.TRADE_NOT_EXIST","receipt_amount":"0.00","point_amount":"0.00","buyer_pay_amount":"0.00","invoice_amount":"0.00"},"sign":"X8+5Q6lbdoyyrQqpUwxTqfCXdBXg7ThJc2U+u8qezqbw+E5fcgtCqABatoc1r72W+dsojv3i6bkcvvMz3DRr5ahBjxU4gwSWCgz4TBIO+/iTBt57VZmROgv9LqvWSmIQTYHEWA0iBdvVQ8wabF8mzeGODzJcDm0eGuZrLQUuAfb7EsMddzf5Fpsu5TpWoCkIHAS+8CRG2vFJn8fHca0ezh5NORm72mkk1XJRvcuT3PelFHmTo+8KP5OR7ez/2fuIcdGiAD+b2i3e+sfFqMTeUrSfNpunUyXCuTC+ottvD15QxCFhRNfVkTvbOhatQUPyKDv4sjFTxoXvcC8oVH1r9Q=="}^_^13ms,208ms,15ms^_^trace_id:060d6922178507102272130523502569
26-07-26.21:03:42.830 [scheduling-1    ] INFO  NoPayNotifyOrderJob    - 检测未接收到或未正确处理的支付回调通知，订单未支付成功 orderId:05687486819141 code:40004 tradeStatus:null
26-07-26.21:03:45.376 [scheduling-1    ] ERROR err                    - ErrorScene^_^40004^_^ACQ.TRADE_NOT_EXIST^_^192.168.73.1^_^Windows 11^_^2026-07-26 21:03:45^_^ProtocalMustParams:charset=utf-8&method=alipay.trade.query&sign=jEdkbft8cLsgXPKmtRo4ikRLWi7m0GwvyJwp23hXa8Ksk7gIlfVtlQ5L/HA/xpXQCzAf8BTmxWpqxIpzAB9pjQkpdAdnti2OznmwBAXMMGWXJQP57t4GLTTAWbP33nTGnpMg4xOj4VGGpI1w8EqOMfZfLETOGzD1mx/jmTCZf0QN6t8Xqqrsca+ZLG8Kr1XmKt5gkKrQ1uzyMOMeptVremEhKdA569UAu15//nQHPjM2d5qyzaCuGNSMKPRGnAodFbl9tHWqCf6ks+ZkmpDmDmZEJMqKixVABuquPTSsY+6ZRAKCmai/84BxUNIiZLAG23hNH8QtqD0Uwn86SNVZZw==&version=1.0&app_id=9021000165677275&sign_type=RSA2&timestamp=2026-07-26 21:03:45^_^ProtocalOptParams:alipay_sdk=alipay-sdk-java-4.38.157.ALL&format=json^_^ApplicationParams:traceId=06020e08178507102512947032433085&biz_content={"out_trade_no":"59214591885269"}^_^Body:{"alipay_trade_query_response":{"msg":"Business Failed","code":"40004","out_trade_no":"59214591885269","sub_msg":"交易不存在","sub_code":"ACQ.TRADE_NOT_EXIST","receipt_amount":"0.00","point_amount":"0.00","buyer_pay_amount":"0.00","invoice_amount":"0.00"},"sign":"IlGZ9x5UhNF2eAqdNMzeNXtVmLVeP4WAHqOs3UIoTeNqOZPSKddjkKWyTMN0yOnmdmvXLs65xA8iLe3vMAOcTv3IRc5Ly+sfXiILXIoyDMo48N1nGL00QjpY712N35H3czuLP1upFRYorbFoh87mPrUkchUunF+PEBdfORFul87T4s2hkFE5Fl1M1wxQAAUDsoOdZiXF4N0VIlZn8XpWkwGhUJTSzC4T5bTxJpGdI0AVbbLy9QZu0eXIaXEtwYSVDV1oFLVBE/DEmKpridtTn9/6ZOtOpBhjgylpbP+J+f2SCp37feezNW+mRc7kxKeaJfjjdbn7pTI1TeynheyWLQ=="}^_^12ms,348ms,14ms^_^trace_id:06020e08178507102512947032433085
26-07-26.21:03:45.378 [scheduling-1    ] INFO  NoPayNotifyOrderJob    - 检测未接收到或未正确处理的支付回调通知，订单未支付成功 orderId:59214591885269 code:40004 tradeStatus:null
26-07-26.21:03:50.535 [scheduling-1    ] ERROR err                    - 2026-07-26 21:03:50^_^alipay.trade.query^_^null^_^192.168.73.1^_^Windows 11^_^alipay-sdk-java-4.38.157.ALL^_^https://openapi-sandbox.dl.alipaydev.com/gateway.do?charset=utf-8&method=alipay.trade.query&sign=WWqp2WdIUOn4Wdg%2B3IYAURTBPtxBvm3l5AytO%2Fobx8qlEM0I9uRNAfOuOPa5OktCNJamNTANuSeXTm22nPyzKWP3PiaQ33gycyXNrCfmTOxoWxsi6T84g5xBuSOCZXQri9vg4TDpXmsG2SGZUEnW11Bkpevts%2FlUmV3PRPdSAlh9QIrnQRAJeIZHj1zvGCugcN%2FyEhTPsAZGCgQX6IHFm8BoHgdyoP88ZDflRvmRDxgbhLpymXqYz1yVYmBC0njBQmV7CdO0FqTIRLs8wXKIO0%2Fqub8KMYgtr2osj4uZ57Af27Zo7fI1KP2BBIZpjONhXwv6ETLMXG2hHaC6SPmVig%3D%3D&version=1.0&app_id=9021000165677275&sign_type=RSA2&timestamp=2026-07-26+21%3A03%3A45&alipay_sdk=alipay-sdk-java-4.38.157.ALL&format=json^_^^_^<!DOCTYPE HTML PUBLIC "-//IETF//DTD HTML 2.0//EN"> <html> <head><title>504 Gateway Time-out</title></head> <body bgcolor="white"> <h1>504 Gateway Time-out</h1> <p>The gateway did not receive a timely response from the upstream server or application. Sorry for the inconvenience.<br/> Please report this message and include the following information to us.<br/> Thank you very much!</p> <table> <tr> <td>URL:</td> <td>http://openapi-sandbox.dl.alipaydev.com/gateway.do?charset=utf-8&amp;method=alipay.trade.query&amp;sign=WWqp2WdIUOn4Wdg%2B3IYAURTBPtxBvm3l5AytO%2Fobx8qlEM0I9uRNAfOuOPa5OktCNJamNTANuSeXTm22nPyzKWP3PiaQ33gycyXNrCfmTOxoWxsi6T84g5xBuSOCZXQri9vg4TDpXmsG2SGZUEnW11Bkpevts%2FlUmV3PRPdSAlh9QIrnQRAJeIZHj1zvGCugcN%2FyEhTPsAZGCgQX6IHFm8BoHgdyoP88ZDflRvmRDxgbhLpymXqYz1yVYmBC0njBQmV7CdO0FqTIRLs8wXKIO0%2Fqub8KMYgtr2osj4uZ57Af27Zo7fI1KP2BBIZpjONhXwv6ETLMXG2hHaC6SPmVig%3D%3D&amp;version=1.0&amp;app_id=9021000165677275&amp;sign_type=RSA2&amp;timestamp=2026-07-26+21%3A03%3A45&amp;alipay_sdk=alipay-sdk-java-4.38.157.ALL&amp;format=json</td> </tr> <tr> <td>Server:</td> <td>openapi-57.rz21a.sandbox.alipay.net</td> </tr> <tr> <td>Date:</td> <td>2026/07/26 21:03:50</td> </tr> </table> <hr/>Powered by Tengine </body> </html> 
26-07-26.21:03:50.535 [scheduling-1    ] ERROR NoPayNotifyOrderJob    - 检测未接收到或未正确处理的支付回调通知失败
com.alipay.api.AlipayApiException: java.io.IOException: <!DOCTYPE HTML PUBLIC "-//IETF//DTD HTML 2.0//EN">
<html>
<head><title>504 Gateway Time-out</title></head>
<body bgcolor="white">
<h1>504 Gateway Time-out</h1>
<p>The gateway did not receive a timely response from the upstream server or application. Sorry for the inconvenience.<br/>
Please report this message and include the following information to us.<br/>
Thank you very much!</p>
<table>
<tr>
<td>URL:</td>
<td>http://openapi-sandbox.dl.alipaydev.com/gateway.do?charset=utf-8&amp;method=alipay.trade.query&amp;sign=WWqp2WdIUOn4Wdg%2B3IYAURTBPtxBvm3l5AytO%2Fobx8qlEM0I9uRNAfOuOPa5OktCNJamNTANuSeXTm22nPyzKWP3PiaQ33gycyXNrCfmTOxoWxsi6T84g5xBuSOCZXQri9vg4TDpXmsG2SGZUEnW11Bkpevts%2FlUmV3PRPdSAlh9QIrnQRAJeIZHj1zvGCugcN%2FyEhTPsAZGCgQX6IHFm8BoHgdyoP88ZDflRvmRDxgbhLpymXqYz1yVYmBC0njBQmV7CdO0FqTIRLs8wXKIO0%2Fqub8KMYgtr2osj4uZ57Af27Zo7fI1KP2BBIZpjONhXwv6ETLMXG2hHaC6SPmVig%3D%3D&amp;version=1.0&amp;app_id=9021000165677275&amp;sign_type=RSA2&amp;timestamp=2026-07-26+21%3A03%3A45&amp;alipay_sdk=alipay-sdk-java-4.38.157.ALL&amp;format=json</td>
</tr>
<tr>
<td>Server:</td>
<td>openapi-57.rz21a.sandbox.alipay.net</td>
</tr>
<tr>
<td>Date:</td>
<td>2026/07/26 21:03:50</td>
</tr>
</table>
<hr/>Powered by Tengine
</body>
</html>

	at com.alipay.api.AbstractAlipayClient.doPost(AbstractAlipayClient.java:1015)
	at com.alipay.api.AbstractAlipayClient._execute(AbstractAlipayClient.java:921)
	at com.alipay.api.AbstractAlipayClient.execute(AbstractAlipayClient.java:395)
	at com.alipay.api.AbstractAlipayClient.execute(AbstractAlipayClient.java:377)
	at com.alipay.api.AbstractAlipayClient.execute(AbstractAlipayClient.java:372)
	at com.alipay.api.AbstractAlipayClient.execute(AbstractAlipayClient.java:366)
	at cn.bugstack.trigger.job.NoPayNotifyOrderJob.exec(NoPayNotifyOrderJob.java:42)
	at java.base/jdk.internal.reflect.NativeMethodAccessorImpl.invoke0(Native Method)
	at java.base/jdk.internal.reflect.NativeMethodAccessorImpl.invoke(NativeMethodAccessorImpl.java:62)
	at java.base/jdk.internal.reflect.DelegatingMethodAccessorImpl.invoke(DelegatingMethodAccessorImpl.java:43)
	at java.base/java.lang.reflect.Method.invoke(Method.java:566)
	at org.springframework.scheduling.support.ScheduledMethodRunnable.run(ScheduledMethodRunnable.java:84)
	at org.springframework.scheduling.support.DelegatingErrorHandlingRunnable.run(DelegatingErrorHandlingRunnable.java:54)
	at org.springframework.scheduling.concurrent.ReschedulingRunnable.run(ReschedulingRunnable.java:95)
	at java.base/java.util.concurrent.Executors$RunnableAdapter.call(Executors.java:515)
	at java.base/java.util.concurrent.FutureTask.run(FutureTask.java:264)
	at java.base/java.util.concurrent.ScheduledThreadPoolExecutor$ScheduledFutureTask.run(ScheduledThreadPoolExecutor.java:304)
	at java.base/java.util.concurrent.ThreadPoolExecutor.runWorker(ThreadPoolExecutor.java:1128)
	at java.base/java.util.concurrent.ThreadPoolExecutor$Worker.run(ThreadPoolExecutor.java:628)
	at java.base/java.lang.Thread.run(Thread.java:829)
Caused by: java.io.IOException: <!DOCTYPE HTML PUBLIC "-//IETF//DTD HTML 2.0//EN">
<html>
<head><title>504 Gateway Time-out</title></head>
<body bgcolor="white">
<h1>504 Gateway Time-out</h1>
<p>The gateway did not receive a timely response from the upstream server or application. Sorry for the inconvenience.<br/>
Please report this message and include the following information to us.<br/>
Thank you very much!</p>
<table>
<tr>
<td>URL:</td>
<td>http://openapi-sandbox.dl.alipaydev.com/gateway.do?charset=utf-8&amp;method=alipay.trade.query&amp;sign=WWqp2WdIUOn4Wdg%2B3IYAURTBPtxBvm3l5AytO%2Fobx8qlEM0I9uRNAfOuOPa5OktCNJamNTANuSeXTm22nPyzKWP3PiaQ33gycyXNrCfmTOxoWxsi6T84g5xBuSOCZXQri9vg4TDpXmsG2SGZUEnW11Bkpevts%2FlUmV3PRPdSAlh9QIrnQRAJeIZHj1zvGCugcN%2FyEhTPsAZGCgQX6IHFm8BoHgdyoP88ZDflRvmRDxgbhLpymXqYz1yVYmBC0njBQmV7CdO0FqTIRLs8wXKIO0%2Fqub8KMYgtr2osj4uZ57Af27Zo7fI1KP2BBIZpjONhXwv6ETLMXG2hHaC6SPmVig%3D%3D&amp;version=1.0&amp;app_id=9021000165677275&amp;sign_type=RSA2&amp;timestamp=2026-07-26+21%3A03%3A45&amp;alipay_sdk=alipay-sdk-java-4.38.157.ALL&amp;format=json</td>
</tr>
<tr>
<td>Server:</td>
<td>openapi-57.rz21a.sandbox.alipay.net</td>
</tr>
<tr>
<td>Date:</td>
<td>2026/07/26 21:03:50</td>
</tr>
</table>
<hr/>Powered by Tengine
</body>
</html>

	at com.alipay.api.internal.util.WebUtils.getResponseAsString(WebUtils.java:520)
	at com.alipay.api.internal.util.WebUtils.doPost(WebUtils.java:181)
	at com.alipay.api.internal.util.WebUtils.doPost(WebUtils.java:142)
	at com.alipay.api.AbstractAlipayClient.doPost(AbstractAlipayClient.java:1003)
	... 19 common frames omitted
26-07-26.21:03:51.253 [scheduling-1    ] ERROR err                    - ErrorScene^_^40004^_^ACQ.TRADE_NOT_EXIST^_^192.168.73.1^_^Windows 11^_^2026-07-26 21:03:51^_^ProtocalMustParams:charset=utf-8&method=alipay.trade.query&sign=m0PGEoEqVOsC7NFF+siW7JVeIILaG3lfCfMY8XggnHWcpV7PSEEyY0BfClyif6FJ1jenv55WoN7dVCedYtfWyIvl/vK0ej3mEk0qmaiu+4wXzN0UF7ymyswrB4sJclG1rwYBcT2OP98c1drlGMyrFEqrSserGXPPT3UjcnfRZeTMQSOZUVEISTNemGflsyB02z+b9FWFieNepUF4/wNZoNEcqvsHxv97vb+Q9fy73QrDvT8VuQsQ/r5Lp95G/KMjGbyvVFR6Bpa20b+N8fL6NZYzH1yIB23Egj7Wa+HdgZPvxb4Rgdu7dVrAqUG0i14qKQP8hlIzlLi5fRfUp1y0OQ==&version=1.0&app_id=9021000165677275&sign_type=RSA2&timestamp=2026-07-26 21:03:51^_^ProtocalOptParams:alipay_sdk=alipay-sdk-java-4.38.157.ALL&format=json^_^ApplicationParams:traceId=060d6922178507103114530923502569&biz_content={"out_trade_no":"59214591885269"}^_^Body:{"alipay_trade_query_response":{"msg":"Business Failed","code":"40004","out_trade_no":"59214591885269","sub_msg":"交易不存在","sub_code":"ACQ.TRADE_NOT_EXIST","receipt_amount":"0.00","point_amount":"0.00","buyer_pay_amount":"0.00","invoice_amount":"0.00"},"sign":"IlGZ9x5UhNF2eAqdNMzeNXtVmLVeP4WAHqOs3UIoTeNqOZPSKddjkKWyTMN0yOnmdmvXLs65xA8iLe3vMAOcTv3IRc5Ly+sfXiILXIoyDMo48N1nGL00QjpY712N35H3czuLP1upFRYorbFoh87mPrUkchUunF+PEBdfORFul87T4s2hkFE5Fl1M1wxQAAUDsoOdZiXF4N0VIlZn8XpWkwGhUJTSzC4T5bTxJpGdI0AVbbLy9QZu0eXIaXEtwYSVDV1oFLVBE/DEmKpridtTn9/6ZOtOpBhjgylpbP+J+f2SCp37feezNW+mRc7kxKeaJfjjdbn7pTI1TeynheyWLQ=="}^_^11ms,222ms,14ms^_^trace_id:060d6922178507103114530923502569
26-07-26.21:03:51.254 [scheduling-1    ] INFO  NoPayNotifyOrderJob    - 检测未接收到或未正确处理的支付回调通知，订单未支付成功 orderId:59214591885269 code:40004 tradeStatus:null
26-07-26.21:03:56.410 [scheduling-1    ] ERROR err                    - 2026-07-26 21:03:56^_^alipay.trade.query^_^null^_^192.168.73.1^_^Windows 11^_^alipay-sdk-java-4.38.157.ALL^_^https://openapi-sandbox.dl.alipaydev.com/gateway.do?charset=utf-8&method=alipay.trade.query&sign=LV7urceygT%2FSXrqnTXYd12t%2FHhM7BPkio9OBW4P473UauZIVcWARV%2BxykOpnCqIUTza3NlprVf4nSAIZzM28j%2BG1vBRbPyKZC8bOxY5pP5a9iEMTVGD%2BOLKb2Ftqj%2Fj2wNC0A8VcgitL2fc1dRMOw%2BMqL6iAXUTA9raiXWW3rsqv33RYo3StgENPkTdrSMgnQfwoEBiOdDDjjH2DRou9sHnQaXZQpamd4dwWFra39dO4DBVcwZrhcI8icBC7xi7otEtnHfbWn98%2FMpl0yPoHBGUnpLGWt5%2BRJSdBoHZNDOh3eHxNgUlatxyr98%2FT%2BM6YNkgV0Qj2bTGv0Cd7SGiMsA%3D%3D&version=1.0&app_id=9021000165677275&sign_type=RSA2&timestamp=2026-07-26+21%3A03%3A51&alipay_sdk=alipay-sdk-java-4.38.157.ALL&format=json^_^^_^<!DOCTYPE HTML PUBLIC "-//IETF//DTD HTML 2.0//EN"> <html> <head><title>504 Gateway Time-out</title></head> <body bgcolor="white"> <h1>504 Gateway Time-out</h1> <p>The gateway did not receive a timely response from the upstream server or application. Sorry for the inconvenience.<br/> Please report this message and include the following information to us.<br/> Thank you very much!</p> <table> <tr> <td>URL:</td> <td>http://openapi-sandbox.dl.alipaydev.com/gateway.do?charset=utf-8&amp;method=alipay.trade.query&amp;sign=LV7urceygT%2FSXrqnTXYd12t%2FHhM7BPkio9OBW4P473UauZIVcWARV%2BxykOpnCqIUTza3NlprVf4nSAIZzM28j%2BG1vBRbPyKZC8bOxY5pP5a9iEMTVGD%2BOLKb2Ftqj%2Fj2wNC0A8VcgitL2fc1dRMOw%2BMqL6iAXUTA9raiXWW3rsqv33RYo3StgENPkTdrSMgnQfwoEBiOdDDjjH2DRou9sHnQaXZQpamd4dwWFra39dO4DBVcwZrhcI8icBC7xi7otEtnHfbWn98%2FMpl0yPoHBGUnpLGWt5%2BRJSdBoHZNDOh3eHxNgUlatxyr98%2FT%2BM6YNkgV0Qj2bTGv0Cd7SGiMsA%3D%3D&amp;version=1.0&amp;app_id=9021000165677275&amp;sign_type=RSA2&amp;timestamp=2026-07-26+21%3A03%3A51&amp;alipay_sdk=alipay-sdk-java-4.38.157.ALL&amp;format=json</td> </tr> <tr> <td>Server:</td> <td>openapi-57.rz21a.sandbox.alipay.net</td> </tr> <tr> <td>Date:</td> <td>2026/07/26 21:03:56</td> </tr> </table> <hr/>Powered by Tengine </body> </html> 
26-07-26.21:03:56.410 [scheduling-1    ] ERROR NoPayNotifyOrderJob    - 检测未接收到或未正确处理的支付回调通知失败
com.alipay.api.AlipayApiException: java.io.IOException: <!DOCTYPE HTML PUBLIC "-//IETF//DTD HTML 2.0//EN">
<html>
<head><title>504 Gateway Time-out</title></head>
<body bgcolor="white">
<h1>504 Gateway Time-out</h1>
<p>The gateway did not receive a timely response from the upstream server or application. Sorry for the inconvenience.<br/>
Please report this message and include the following information to us.<br/>
Thank you very much!</p>
<table>
<tr>
<td>URL:</td>
<td>http://openapi-sandbox.dl.alipaydev.com/gateway.do?charset=utf-8&amp;method=alipay.trade.query&amp;sign=LV7urceygT%2FSXrqnTXYd12t%2FHhM7BPkio9OBW4P473UauZIVcWARV%2BxykOpnCqIUTza3NlprVf4nSAIZzM28j%2BG1vBRbPyKZC8bOxY5pP5a9iEMTVGD%2BOLKb2Ftqj%2Fj2wNC0A8VcgitL2fc1dRMOw%2BMqL6iAXUTA9raiXWW3rsqv33RYo3StgENPkTdrSMgnQfwoEBiOdDDjjH2DRou9sHnQaXZQpamd4dwWFra39dO4DBVcwZrhcI8icBC7xi7otEtnHfbWn98%2FMpl0yPoHBGUnpLGWt5%2BRJSdBoHZNDOh3eHxNgUlatxyr98%2FT%2BM6YNkgV0Qj2bTGv0Cd7SGiMsA%3D%3D&amp;version=1.0&amp;app_id=9021000165677275&amp;sign_type=RSA2&amp;timestamp=2026-07-26+21%3A03%3A51&amp;alipay_sdk=alipay-sdk-java-4.38.157.ALL&amp;format=json</td>
</tr>
<tr>
<td>Server:</td>
<td>openapi-57.rz21a.sandbox.alipay.net</td>
</tr>
<tr>
<td>Date:</td>
<td>2026/07/26 21:03:56</td>
</tr>
</table>
<hr/>Powered by Tengine
</body>
</html>

	at com.alipay.api.AbstractAlipayClient.doPost(AbstractAlipayClient.java:1015)
	at com.alipay.api.AbstractAlipayClient._execute(AbstractAlipayClient.java:921)
	at com.alipay.api.AbstractAlipayClient.execute(AbstractAlipayClient.java:395)
	at com.alipay.api.AbstractAlipayClient.execute(AbstractAlipayClient.java:377)
	at com.alipay.api.AbstractAlipayClient.execute(AbstractAlipayClient.java:372)
	at com.alipay.api.AbstractAlipayClient.execute(AbstractAlipayClient.java:366)
	at cn.bugstack.trigger.job.NoPayNotifyOrderJob.exec(NoPayNotifyOrderJob.java:42)
	at java.base/jdk.internal.reflect.NativeMethodAccessorImpl.invoke0(Native Method)
	at java.base/jdk.internal.reflect.NativeMethodAccessorImpl.invoke(NativeMethodAccessorImpl.java:62)
	at java.base/jdk.internal.reflect.DelegatingMethodAccessorImpl.invoke(DelegatingMethodAccessorImpl.java:43)
	at java.base/java.lang.reflect.Method.invoke(Method.java:566)
	at org.springframework.scheduling.support.ScheduledMethodRunnable.run(ScheduledMethodRunnable.java:84)
	at org.springframework.scheduling.support.DelegatingErrorHandlingRunnable.run(DelegatingErrorHandlingRunnable.java:54)
	at org.springframework.scheduling.concurrent.ReschedulingRunnable.run(ReschedulingRunnable.java:95)
	at java.base/java.util.concurrent.Executors$RunnableAdapter.call(Executors.java:515)
	at java.base/java.util.concurrent.FutureTask.run(FutureTask.java:264)
	at java.base/java.util.concurrent.ScheduledThreadPoolExecutor$ScheduledFutureTask.run(ScheduledThreadPoolExecutor.java:304)
	at java.base/java.util.concurrent.ThreadPoolExecutor.runWorker(ThreadPoolExecutor.java:1128)
	at java.base/java.util.concurrent.ThreadPoolExecutor$Worker.run(ThreadPoolExecutor.java:628)
	at java.base/java.lang.Thread.run(Thread.java:829)
Caused by: java.io.IOException: <!DOCTYPE HTML PUBLIC "-//IETF//DTD HTML 2.0//EN">
<html>
<head><title>504 Gateway Time-out</title></head>
<body bgcolor="white">
<h1>504 Gateway Time-out</h1>
<p>The gateway did not receive a timely response from the upstream server or application. Sorry for the inconvenience.<br/>
Please report this message and include the following information to us.<br/>
Thank you very much!</p>
<table>
<tr>
<td>URL:</td>
<td>http://openapi-sandbox.dl.alipaydev.com/gateway.do?charset=utf-8&amp;method=alipay.trade.query&amp;sign=LV7urceygT%2FSXrqnTXYd12t%2FHhM7BPkio9OBW4P473UauZIVcWARV%2BxykOpnCqIUTza3NlprVf4nSAIZzM28j%2BG1vBRbPyKZC8bOxY5pP5a9iEMTVGD%2BOLKb2Ftqj%2Fj2wNC0A8VcgitL2fc1dRMOw%2BMqL6iAXUTA9raiXWW3rsqv33RYo3StgENPkTdrSMgnQfwoEBiOdDDjjH2DRou9sHnQaXZQpamd4dwWFra39dO4DBVcwZrhcI8icBC7xi7otEtnHfbWn98%2FMpl0yPoHBGUnpLGWt5%2BRJSdBoHZNDOh3eHxNgUlatxyr98%2FT%2BM6YNkgV0Qj2bTGv0Cd7SGiMsA%3D%3D&amp;version=1.0&amp;app_id=9021000165677275&amp;sign_type=RSA2&amp;timestamp=2026-07-26+21%3A03%3A51&amp;alipay_sdk=alipay-sdk-java-4.38.157.ALL&amp;format=json</td>
</tr>
<tr>
<td>Server:</td>
<td>openapi-57.rz21a.sandbox.alipay.net</td>
</tr>
<tr>
<td>Date:</td>
<td>2026/07/26 21:03:56</td>
</tr>
</table>
<hr/>Powered by Tengine
</body>
</html>

	at com.alipay.api.internal.util.WebUtils.getResponseAsString(WebUtils.java:520)
	at com.alipay.api.internal.util.WebUtils.doPost(WebUtils.java:181)
	at com.alipay.api.internal.util.WebUtils.doPost(WebUtils.java:142)
	at com.alipay.api.AbstractAlipayClient.doPost(AbstractAlipayClient.java:1003)
	... 19 common frames omitted
26-07-26.21:03:57.235 [scheduling-1    ] ERROR err                    - ErrorScene^_^40004^_^ACQ.TRADE_NOT_EXIST^_^192.168.73.1^_^Windows 11^_^2026-07-26 21:03:57^_^ProtocalMustParams:charset=utf-8&method=alipay.trade.query&sign=MFG1Kz0D3/c/dmVmay03Hq+XODIjwe1vvV3gJLQdkj8X9exGvZhb/d4ENmMCR3f1rwGhzx4UpL+L/x5fWbR7Y8jVtRucxrQm8+tN/uWjfGXjvWwF6wvdODaacLt8abu1relSxfgiGLyek4xRv1PAWTMIvwRBGx01do58UDaRSzGEEFc+7DFuHLssp/uP3eOXzCKhN20i9799TfRKaNnka5UKQCft+CKLP15N+vlWgZGK+DL1q+16ysh15R08k6otGKuwbb5WDCOo1GfYunNpdwOR8xN/aeK8n+lzr/rJVi5UU1imE1RliCq2nNn+UqA4ufvuubWbiW91/+V+Z9iofA==&version=1.0&app_id=9021000165677275&sign_type=RSA2&timestamp=2026-07-26 21:03:57^_^ProtocalOptParams:alipay_sdk=alipay-sdk-java-4.38.157.ALL&format=json^_^ApplicationParams:traceId=060d6922178507103714631213502569&biz_content={"out_trade_no":"59214591885269"}^_^Body:{"alipay_trade_query_response":{"msg":"Business Failed","code":"40004","out_trade_no":"59214591885269","sub_msg":"交易不存在","sub_code":"ACQ.TRADE_NOT_EXIST","receipt_amount":"0.00","point_amount":"0.00","buyer_pay_amount":"0.00","invoice_amount":"0.00"},"sign":"IlGZ9x5UhNF2eAqdNMzeNXtVmLVeP4WAHqOs3UIoTeNqOZPSKddjkKWyTMN0yOnmdmvXLs65xA8iLe3vMAOcTv3IRc5Ly+sfXiILXIoyDMo48N1nGL00QjpY712N35H3czuLP1upFRYorbFoh87mPrUkchUunF+PEBdfORFul87T4s2hkFE5Fl1M1wxQAAUDsoOdZiXF4N0VIlZn8XpWkwGhUJTSzC4T5bTxJpGdI0AVbbLy9QZu0eXIaXEtwYSVDV1oFLVBE/DEmKpridtTn9/6ZOtOpBhjgylpbP+J+f2SCp37feezNW+mRc7kxKeaJfjjdbn7pTI1TeynheyWLQ=="}^_^13ms,204ms,14ms^_^trace_id:060d6922178507103714631213502569
26-07-26.21:03:57.235 [scheduling-1    ] INFO  NoPayNotifyOrderJob    - 检测未接收到或未正确处理的支付回调通知，订单未支付成功 orderId:59214591885269 code:40004 tradeStatus:null
26-07-26.21:04:02.375 [scheduling-1    ] ERROR err                    - 2026-07-26 21:04:02^_^alipay.trade.query^_^null^_^192.168.73.1^_^Windows 11^_^alipay-sdk-java-4.38.157.ALL^_^https://openapi-sandbox.dl.alipaydev.com/gateway.do?charset=utf-8&method=alipay.trade.query&sign=BkPHINDTemRIomvc%2FirkyzE3KtkHaBc1vvdi5nzKMIrGTkbi1ER0LFnyywAAMcQ%2FUUu4%2BLrP%2BCndkq0bwx7hwjEJDTmRdv8GkUc%2FLBw67ysvsCOH3yxLJygY13vfCa24rHTOh4IaNjL5%2BBSkB2W6ZzNAeBN2BeANCn2I6er9YzYHagAB131v1NQx8jnMO2XoMpttfTVRzhQmUtenZF4FZT8fPIT511zvDBRrWRoA8CYklcEapHinUmO%2FJ1BUxtoz6RmShteaNBo1JJhVamP0msQYN2tr5v9lfxwpVqjPs76h6lE7kdO5wM7v3pTI3D2pN7Zva2BrDFECU8suh4GpOQ%3D%3D&version=1.0&app_id=9021000165677275&sign_type=RSA2&timestamp=2026-07-26+21%3A03%3A57&alipay_sdk=alipay-sdk-java-4.38.157.ALL&format=json^_^^_^<!DOCTYPE HTML PUBLIC "-//IETF//DTD HTML 2.0//EN"> <html> <head><title>504 Gateway Time-out</title></head> <body bgcolor="white"> <h1>504 Gateway Time-out</h1> <p>The gateway did not receive a timely response from the upstream server or application. Sorry for the inconvenience.<br/> Please report this message and include the following information to us.<br/> Thank you very much!</p> <table> <tr> <td>URL:</td> <td>http://openapi-sandbox.dl.alipaydev.com/gateway.do?charset=utf-8&amp;method=alipay.trade.query&amp;sign=BkPHINDTemRIomvc%2FirkyzE3KtkHaBc1vvdi5nzKMIrGTkbi1ER0LFnyywAAMcQ%2FUUu4%2BLrP%2BCndkq0bwx7hwjEJDTmRdv8GkUc%2FLBw67ysvsCOH3yxLJygY13vfCa24rHTOh4IaNjL5%2BBSkB2W6ZzNAeBN2BeANCn2I6er9YzYHagAB131v1NQx8jnMO2XoMpttfTVRzhQmUtenZF4FZT8fPIT511zvDBRrWRoA8CYklcEapHinUmO%2FJ1BUxtoz6RmShteaNBo1JJhVamP0msQYN2tr5v9lfxwpVqjPs76h6lE7kdO5wM7v3pTI3D2pN7Zva2BrDFECU8suh4GpOQ%3D%3D&amp;version=1.0&amp;app_id=9021000165677275&amp;sign_type=RSA2&amp;timestamp=2026-07-26+21%3A03%3A57&amp;alipay_sdk=alipay-sdk-java-4.38.157.ALL&amp;format=json</td> </tr> <tr> <td>Server:</td> <td>openapi-55.rz21a.sandbox.alipay.net</td> </tr> <tr> <td>Date:</td> <td>2026/07/26 21:04:02</td> </tr> </table> <hr/>Powered by Tengine </body> </html> 
26-07-26.21:04:02.376 [scheduling-1    ] ERROR NoPayNotifyOrderJob    - 检测未接收到或未正确处理的支付回调通知失败
com.alipay.api.AlipayApiException: java.io.IOException: <!DOCTYPE HTML PUBLIC "-//IETF//DTD HTML 2.0//EN">
<html>
<head><title>504 Gateway Time-out</title></head>
<body bgcolor="white">
<h1>504 Gateway Time-out</h1>
<p>The gateway did not receive a timely response from the upstream server or application. Sorry for the inconvenience.<br/>
Please report this message and include the following information to us.<br/>
Thank you very much!</p>
<table>
<tr>
<td>URL:</td>
<td>http://openapi-sandbox.dl.alipaydev.com/gateway.do?charset=utf-8&amp;method=alipay.trade.query&amp;sign=BkPHINDTemRIomvc%2FirkyzE3KtkHaBc1vvdi5nzKMIrGTkbi1ER0LFnyywAAMcQ%2FUUu4%2BLrP%2BCndkq0bwx7hwjEJDTmRdv8GkUc%2FLBw67ysvsCOH3yxLJygY13vfCa24rHTOh4IaNjL5%2BBSkB2W6ZzNAeBN2BeANCn2I6er9YzYHagAB131v1NQx8jnMO2XoMpttfTVRzhQmUtenZF4FZT8fPIT511zvDBRrWRoA8CYklcEapHinUmO%2FJ1BUxtoz6RmShteaNBo1JJhVamP0msQYN2tr5v9lfxwpVqjPs76h6lE7kdO5wM7v3pTI3D2pN7Zva2BrDFECU8suh4GpOQ%3D%3D&amp;version=1.0&amp;app_id=9021000165677275&amp;sign_type=RSA2&amp;timestamp=2026-07-26+21%3A03%3A57&amp;alipay_sdk=alipay-sdk-java-4.38.157.ALL&amp;format=json</td>
</tr>
<tr>
<td>Server:</td>
<td>openapi-55.rz21a.sandbox.alipay.net</td>
</tr>
<tr>
<td>Date:</td>
<td>2026/07/26 21:04:02</td>
</tr>
</table>
<hr/>Powered by Tengine
</body>
</html>

	at com.alipay.api.AbstractAlipayClient.doPost(AbstractAlipayClient.java:1015)
	at com.alipay.api.AbstractAlipayClient._execute(AbstractAlipayClient.java:921)
	at com.alipay.api.AbstractAlipayClient.execute(AbstractAlipayClient.java:395)
	at com.alipay.api.AbstractAlipayClient.execute(AbstractAlipayClient.java:377)
	at com.alipay.api.AbstractAlipayClient.execute(AbstractAlipayClient.java:372)
	at com.alipay.api.AbstractAlipayClient.execute(AbstractAlipayClient.java:366)
	at cn.bugstack.trigger.job.NoPayNotifyOrderJob.exec(NoPayNotifyOrderJob.java:42)
	at java.base/jdk.internal.reflect.NativeMethodAccessorImpl.invoke0(Native Method)
	at java.base/jdk.internal.reflect.NativeMethodAccessorImpl.invoke(NativeMethodAccessorImpl.java:62)
	at java.base/jdk.internal.reflect.DelegatingMethodAccessorImpl.invoke(DelegatingMethodAccessorImpl.java:43)
	at java.base/java.lang.reflect.Method.invoke(Method.java:566)
	at org.springframework.scheduling.support.ScheduledMethodRunnable.run(ScheduledMethodRunnable.java:84)
	at org.springframework.scheduling.support.DelegatingErrorHandlingRunnable.run(DelegatingErrorHandlingRunnable.java:54)
	at org.springframework.scheduling.concurrent.ReschedulingRunnable.run(ReschedulingRunnable.java:95)
	at java.base/java.util.concurrent.Executors$RunnableAdapter.call(Executors.java:515)
	at java.base/java.util.concurrent.FutureTask.run(FutureTask.java:264)
	at java.base/java.util.concurrent.ScheduledThreadPoolExecutor$ScheduledFutureTask.run(ScheduledThreadPoolExecutor.java:304)
	at java.base/java.util.concurrent.ThreadPoolExecutor.runWorker(ThreadPoolExecutor.java:1128)
	at java.base/java.util.concurrent.ThreadPoolExecutor$Worker.run(ThreadPoolExecutor.java:628)
	at java.base/java.lang.Thread.run(Thread.java:829)
Caused by: java.io.IOException: <!DOCTYPE HTML PUBLIC "-//IETF//DTD HTML 2.0//EN">
<html>
<head><title>504 Gateway Time-out</title></head>
<body bgcolor="white">
<h1>504 Gateway Time-out</h1>
<p>The gateway did not receive a timely response from the upstream server or application. Sorry for the inconvenience.<br/>
Please report this message and include the following information to us.<br/>
Thank you very much!</p>
<table>
<tr>
<td>URL:</td>
<td>http://openapi-sandbox.dl.alipaydev.com/gateway.do?charset=utf-8&amp;method=alipay.trade.query&amp;sign=BkPHINDTemRIomvc%2FirkyzE3KtkHaBc1vvdi5nzKMIrGTkbi1ER0LFnyywAAMcQ%2FUUu4%2BLrP%2BCndkq0bwx7hwjEJDTmRdv8GkUc%2FLBw67ysvsCOH3yxLJygY13vfCa24rHTOh4IaNjL5%2BBSkB2W6ZzNAeBN2BeANCn2I6er9YzYHagAB131v1NQx8jnMO2XoMpttfTVRzhQmUtenZF4FZT8fPIT511zvDBRrWRoA8CYklcEapHinUmO%2FJ1BUxtoz6RmShteaNBo1JJhVamP0msQYN2tr5v9lfxwpVqjPs76h6lE7kdO5wM7v3pTI3D2pN7Zva2BrDFECU8suh4GpOQ%3D%3D&amp;version=1.0&amp;app_id=9021000165677275&amp;sign_type=RSA2&amp;timestamp=2026-07-26+21%3A03%3A57&amp;alipay_sdk=alipay-sdk-java-4.38.157.ALL&amp;format=json</td>
</tr>
<tr>
<td>Server:</td>
<td>openapi-55.rz21a.sandbox.alipay.net</td>
</tr>
<tr>
<td>Date:</td>
<td>2026/07/26 21:04:02</td>
</tr>
</table>
<hr/>Powered by Tengine
</body>
</html>

	at com.alipay.api.internal.util.WebUtils.getResponseAsString(WebUtils.java:520)
	at com.alipay.api.internal.util.WebUtils.doPost(WebUtils.java:181)
	at com.alipay.api.internal.util.WebUtils.doPost(WebUtils.java:142)
	at com.alipay.api.AbstractAlipayClient.doPost(AbstractAlipayClient.java:1003)
	... 19 common frames omitted
26-07-26.21:04:03.228 [scheduling-1    ] ERROR err                    - ErrorScene^_^40004^_^ACQ.TRADE_NOT_EXIST^_^192.168.73.1^_^Windows 11^_^2026-07-26 21:04:03^_^ProtocalMustParams:charset=utf-8&method=alipay.trade.query&sign=YeZ2pLS/yOBqeA18pS4y+YxvChTcqjBflq1k+pCREKqQB1xAVa2GqXl7VJQdrhWFK1TWyxIWTas9knf5NN8sgbK32XhuRo+zz2cpjncjlX14YmnMJj9eQjThzcRTU+eyn7RNa8SfYCShl+EXdQSP1Wm6za3gBBO3puSMvg+bxykEyFFeKrYAfAE8S/DU+pRx7LHLmgHyfxp8Hvq2J6/TjhcuHxwFHOn/zyOkkgutWNDqKCbhlSBNw5RUDV2zHrIYsF6EaTpPXsfS/ouyODd2jEH3fRPHVIcaKecKPZYHjzt/atz9Glof4QrsXJKGEDT8t0IUaZmp3tHbqiliXV0NKQ==&version=1.0&app_id=9021000165677275&sign_type=RSA2&timestamp=2026-07-26 21:04:03^_^ProtocalOptParams:alipay_sdk=alipay-sdk-java-4.38.157.ALL&format=json^_^ApplicationParams:traceId=06020e08178507104313347792433085&biz_content={"out_trade_no":"59214591885269"}^_^Body:{"alipay_trade_query_response":{"msg":"Business Failed","code":"40004","out_trade_no":"59214591885269","sub_msg":"交易不存在","sub_code":"ACQ.TRADE_NOT_EXIST","receipt_amount":"0.00","point_amount":"0.00","buyer_pay_amount":"0.00","invoice_amount":"0.00"},"sign":"IlGZ9x5UhNF2eAqdNMzeNXtVmLVeP4WAHqOs3UIoTeNqOZPSKddjkKWyTMN0yOnmdmvXLs65xA8iLe3vMAOcTv3IRc5Ly+sfXiILXIoyDMo48N1nGL00QjpY712N35H3czuLP1upFRYorbFoh87mPrUkchUunF+PEBdfORFul87T4s2hkFE5Fl1M1wxQAAUDsoOdZiXF4N0VIlZn8XpWkwGhUJTSzC4T5bTxJpGdI0AVbbLy9QZu0eXIaXEtwYSVDV1oFLVBE/DEmKpridtTn9/6ZOtOpBhjgylpbP+J+f2SCp37feezNW+mRc7kxKeaJfjjdbn7pTI1TeynheyWLQ=="}^_^13ms,196ms,15ms^_^trace_id:06020e08178507104313347792433085
26-07-26.21:04:03.228 [scheduling-1    ] INFO  NoPayNotifyOrderJob    - 检测未接收到或未正确处理的支付回调通知，订单未支付成功 orderId:59214591885269 code:40004 tradeStatus:null
26-07-26.21:04:03.610 [scheduling-1    ] ERROR err                    - ErrorScene^_^40004^_^ACQ.TRADE_NOT_EXIST^_^192.168.73.1^_^Windows 11^_^2026-07-26 21:04:03^_^ProtocalMustParams:charset=utf-8&method=alipay.trade.query&sign=lRa53ZEQbW1uuZxvNEF+l/8OUukLV7eoRObHZF4G+VvEbw1xouvpOBX5bsTU1YBcW9oxxswDi8C7dfxBsyUgzQPq9L3IsN/qoB9aVwQe/MXrWloMwmh5QWldIGZHtaz5BmY1sEyHOHOrpDEGogm+Hufw0wfMP4U97orgIqCJJxP/3Q4HYRTDlL2oqUvxlJps9K4NnneWuteSOF5XipbunkvDy6cKKXFm5q9j9iX4QXLdkMXX85W7axGVInZV1CKbW4WE6hn84hIdpi3fGM9xkh3omf9aH5YEMTim+re08Jsg5R34PfWXs6vxnIJb/jWZAVmInBCRcU0o6pF172jQtg==&version=1.0&app_id=9021000165677275&sign_type=RSA2&timestamp=2026-07-26 21:04:03^_^ProtocalOptParams:alipay_sdk=alipay-sdk-java-4.38.157.ALL&format=json^_^ApplicationParams:traceId=060001f3178507104335389372231288&biz_content={"out_trade_no":"63015243383423"}^_^Body:{"alipay_trade_query_response":{"msg":"Business Failed","code":"40004","out_trade_no":"63015243383423","sub_msg":"交易不存在","sub_code":"ACQ.TRADE_NOT_EXIST","receipt_amount":"0.00","point_amount":"0.00","buyer_pay_amount":"0.00","invoice_amount":"0.00"},"sign":"j/BKxEaDkp40hVZnDvR3FjkafML/EKkrgK5tm3o7RpXke6JHNNHQj7dtxjFXrid2kn398BXbOviGV9OREaHEsGkNi7IoyBK1JYReqxxHw+KZz8rrBoqtEmOs09WNzTcKyl/5ieUTw21MI9LZ5QoNI9FiQB3n5vdZv5nJ4536haXV/1ocYO4eOii1Wdd47onG0oGH6w7WLvZT+jP9UP1EcysxWQjk4vfPC2p1W/SB9gAsXt/vZ3hDDoI08AIACsojEfWvD71/4rGQQEyT4naQANCIzeGTzHZEfSOYngieu+N8sDW52hL5yDXMIaHr563fJPxX8LcKEtAYz+SGdbzTrw=="}^_^12ms,356ms,14ms^_^trace_id:060001f3178507104335389372231288
26-07-26.21:04:03.610 [scheduling-1    ] INFO  NoPayNotifyOrderJob    - 检测未接收到或未正确处理的支付回调通知，订单未支付成功 orderId:63015243383423 code:40004 tradeStatus:null
26-07-26.21:04:08.757 [scheduling-1    ] ERROR err                    - 2026-07-26 21:04:08^_^alipay.trade.query^_^null^_^192.168.73.1^_^Windows 11^_^alipay-sdk-java-4.38.157.ALL^_^https://openapi-sandbox.dl.alipaydev.com/gateway.do?charset=utf-8&method=alipay.trade.query&sign=bucDIOKmrSgKRMbtl7AcVKiCu3AyjT3NmFWCbSpcaWPGgf3adxhx5wvap8QCtJZ9nG1GcSSlsHizGHbq0Gl%2FbDm0lo7FRgd6u0ezxMTb7LU0c3o0tzbSg1b3ya1QJwh4OfjkZv14%2B4xoi2Pe3j10%2BoIKVAFaxticJ2q%2FuXPDPCIAOSw6ZhXB0OndXGrndLmcE%2BF4ugFdI5JMNs25ts2sOJ8EXFCdPntI0HaXAFAcDrFkVgQA8XKgDUOquoNzMPCJeb2eDDXZY7fCOhCxMcyBvb2%2BqIGGK0bArzb0OsXQxgKcHVDlokV2v%2BKrvu4iYWWFW7InQe1KMkKJB9hqZ2GlcQ%3D%3D&version=1.0&app_id=9021000165677275&sign_type=RSA2&timestamp=2026-07-26+21%3A04%3A03&alipay_sdk=alipay-sdk-java-4.38.157.ALL&format=json^_^^_^<!DOCTYPE HTML PUBLIC "-//IETF//DTD HTML 2.0//EN"> <html> <head><title>504 Gateway Time-out</title></head> <body bgcolor="white"> <h1>504 Gateway Time-out</h1> <p>The gateway did not receive a timely response from the upstream server or application. Sorry for the inconvenience.<br/> Please report this message and include the following information to us.<br/> Thank you very much!</p> <table> <tr> <td>URL:</td> <td>http://openapi-sandbox.dl.alipaydev.com/gateway.do?charset=utf-8&amp;method=alipay.trade.query&amp;sign=bucDIOKmrSgKRMbtl7AcVKiCu3AyjT3NmFWCbSpcaWPGgf3adxhx5wvap8QCtJZ9nG1GcSSlsHizGHbq0Gl%2FbDm0lo7FRgd6u0ezxMTb7LU0c3o0tzbSg1b3ya1QJwh4OfjkZv14%2B4xoi2Pe3j10%2BoIKVAFaxticJ2q%2FuXPDPCIAOSw6ZhXB0OndXGrndLmcE%2BF4ugFdI5JMNs25ts2sOJ8EXFCdPntI0HaXAFAcDrFkVgQA8XKgDUOquoNzMPCJeb2eDDXZY7fCOhCxMcyBvb2%2BqIGGK0bArzb0OsXQxgKcHVDlokV2v%2BKrvu4iYWWFW7InQe1KMkKJB9hqZ2GlcQ%3D%3D&amp;version=1.0&amp;app_id=9021000165677275&amp;sign_type=RSA2&amp;timestamp=2026-07-26+21%3A04%3A03&amp;alipay_sdk=alipay-sdk-java-4.38.157.ALL&amp;format=json</td> </tr> <tr> <td>Server:</td> <td>openapi-55.rz21a.sandbox.alipay.net</td> </tr> <tr> <td>Date:</td> <td>2026/07/26 21:04:08</td> </tr> </table> <hr/>Powered by Tengine </body> </html> 
26-07-26.21:04:08.757 [scheduling-1    ] ERROR NoPayNotifyOrderJob    - 检测未接收到或未正确处理的支付回调通知失败
com.alipay.api.AlipayApiException: java.io.IOException: <!DOCTYPE HTML PUBLIC "-//IETF//DTD HTML 2.0//EN">
<html>
<head><title>504 Gateway Time-out</title></head>
<body bgcolor="white">
<h1>504 Gateway Time-out</h1>
<p>The gateway did not receive a timely response from the upstream server or application. Sorry for the inconvenience.<br/>
Please report this message and include the following information to us.<br/>
Thank you very much!</p>
<table>
<tr>
<td>URL:</td>
<td>http://openapi-sandbox.dl.alipaydev.com/gateway.do?charset=utf-8&amp;method=alipay.trade.query&amp;sign=bucDIOKmrSgKRMbtl7AcVKiCu3AyjT3NmFWCbSpcaWPGgf3adxhx5wvap8QCtJZ9nG1GcSSlsHizGHbq0Gl%2FbDm0lo7FRgd6u0ezxMTb7LU0c3o0tzbSg1b3ya1QJwh4OfjkZv14%2B4xoi2Pe3j10%2BoIKVAFaxticJ2q%2FuXPDPCIAOSw6ZhXB0OndXGrndLmcE%2BF4ugFdI5JMNs25ts2sOJ8EXFCdPntI0HaXAFAcDrFkVgQA8XKgDUOquoNzMPCJeb2eDDXZY7fCOhCxMcyBvb2%2BqIGGK0bArzb0OsXQxgKcHVDlokV2v%2BKrvu4iYWWFW7InQe1KMkKJB9hqZ2GlcQ%3D%3D&amp;version=1.0&amp;app_id=9021000165677275&amp;sign_type=RSA2&amp;timestamp=2026-07-26+21%3A04%3A03&amp;alipay_sdk=alipay-sdk-java-4.38.157.ALL&amp;format=json</td>
</tr>
<tr>
<td>Server:</td>
<td>openapi-55.rz21a.sandbox.alipay.net</td>
</tr>
<tr>
<td>Date:</td>
<td>2026/07/26 21:04:08</td>
</tr>
</table>
<hr/>Powered by Tengine
</body>
</html>

	at com.alipay.api.AbstractAlipayClient.doPost(AbstractAlipayClient.java:1015)
	at com.alipay.api.AbstractAlipayClient._execute(AbstractAlipayClient.java:921)
	at com.alipay.api.AbstractAlipayClient.execute(AbstractAlipayClient.java:395)
	at com.alipay.api.AbstractAlipayClient.execute(AbstractAlipayClient.java:377)
	at com.alipay.api.AbstractAlipayClient.execute(AbstractAlipayClient.java:372)
	at com.alipay.api.AbstractAlipayClient.execute(AbstractAlipayClient.java:366)
	at cn.bugstack.trigger.job.NoPayNotifyOrderJob.exec(NoPayNotifyOrderJob.java:42)
	at java.base/jdk.internal.reflect.NativeMethodAccessorImpl.invoke0(Native Method)
	at java.base/jdk.internal.reflect.NativeMethodAccessorImpl.invoke(NativeMethodAccessorImpl.java:62)
	at java.base/jdk.internal.reflect.DelegatingMethodAccessorImpl.invoke(DelegatingMethodAccessorImpl.java:43)
	at java.base/java.lang.reflect.Method.invoke(Method.java:566)
	at org.springframework.scheduling.support.ScheduledMethodRunnable.run(ScheduledMethodRunnable.java:84)
	at org.springframework.scheduling.support.DelegatingErrorHandlingRunnable.run(DelegatingErrorHandlingRunnable.java:54)
	at org.springframework.scheduling.concurrent.ReschedulingRunnable.run(ReschedulingRunnable.java:95)
	at java.base/java.util.concurrent.Executors$RunnableAdapter.call(Executors.java:515)
	at java.base/java.util.concurrent.FutureTask.run(FutureTask.java:264)
	at java.base/java.util.concurrent.ScheduledThreadPoolExecutor$ScheduledFutureTask.run(ScheduledThreadPoolExecutor.java:304)
	at java.base/java.util.concurrent.ThreadPoolExecutor.runWorker(ThreadPoolExecutor.java:1128)
	at java.base/java.util.concurrent.ThreadPoolExecutor$Worker.run(ThreadPoolExecutor.java:628)
	at java.base/java.lang.Thread.run(Thread.java:829)
Caused by: java.io.IOException: <!DOCTYPE HTML PUBLIC "-//IETF//DTD HTML 2.0//EN">
<html>
<head><title>504 Gateway Time-out</title></head>
<body bgcolor="white">
<h1>504 Gateway Time-out</h1>
<p>The gateway did not receive a timely response from the upstream server or application. Sorry for the inconvenience.<br/>
Please report this message and include the following information to us.<br/>
Thank you very much!</p>
<table>
<tr>
<td>URL:</td>
<td>http://openapi-sandbox.dl.alipaydev.com/gateway.do?charset=utf-8&amp;method=alipay.trade.query&amp;sign=bucDIOKmrSgKRMbtl7AcVKiCu3AyjT3NmFWCbSpcaWPGgf3adxhx5wvap8QCtJZ9nG1GcSSlsHizGHbq0Gl%2FbDm0lo7FRgd6u0ezxMTb7LU0c3o0tzbSg1b3ya1QJwh4OfjkZv14%2B4xoi2Pe3j10%2BoIKVAFaxticJ2q%2FuXPDPCIAOSw6ZhXB0OndXGrndLmcE%2BF4ugFdI5JMNs25ts2sOJ8EXFCdPntI0HaXAFAcDrFkVgQA8XKgDUOquoNzMPCJeb2eDDXZY7fCOhCxMcyBvb2%2BqIGGK0bArzb0OsXQxgKcHVDlokV2v%2BKrvu4iYWWFW7InQe1KMkKJB9hqZ2GlcQ%3D%3D&amp;version=1.0&amp;app_id=9021000165677275&amp;sign_type=RSA2&amp;timestamp=2026-07-26+21%3A04%3A03&amp;alipay_sdk=alipay-sdk-java-4.38.157.ALL&amp;format=json</td>
</tr>
<tr>
<td>Server:</td>
<td>openapi-55.rz21a.sandbox.alipay.net</td>
</tr>
<tr>
<td>Date:</td>
<td>2026/07/26 21:04:08</td>
</tr>
</table>
<hr/>Powered by Tengine
</body>
</html>

	at com.alipay.api.internal.util.WebUtils.getResponseAsString(WebUtils.java:520)
	at com.alipay.api.internal.util.WebUtils.doPost(WebUtils.java:181)
	at com.alipay.api.internal.util.WebUtils.doPost(WebUtils.java:142)
	at com.alipay.api.AbstractAlipayClient.doPost(AbstractAlipayClient.java:1003)
	... 19 common frames omitted
26-07-26.21:04:09.246 [scheduling-1    ] ERROR err                    - ErrorScene^_^40004^_^ACQ.TRADE_NOT_EXIST^_^192.168.73.1^_^Windows 11^_^2026-07-26 21:04:09^_^ProtocalMustParams:charset=utf-8&method=alipay.trade.query&sign=YZGGygbZmPEwEcxT8Rb0eskYj1MkutBJiAA40m3nyOCuM8HdI//nb16+J4CzPca52W/yFl0p8rK9AF9H6y7vzSYSw491dH2VSM4N6YpCT+p5S6E7UbRcCvu11JqS8j9Q7YAReJe2/QAPaMgLKL1lb7nW/pi64uQRP07niefCKqRw9HN+4v6GAKhzwspD/4L+o/PiRPjScfvT/WowExAIMAivHrRngmL1N5S0/wsyGZL+tOnLRKCGQAngCxJ9mfGPndc7tt1h5eOC3ihFc7UT0DXi5IOTIsv5IsoJxPEPxzPqQj2AJaH2nWz/dTO4E1Qqp6HWGzzjKkd0hV1Uk/PcFA==&version=1.0&app_id=9021000165677275&sign_type=RSA2&timestamp=2026-07-26 21:04:09^_^ProtocalOptParams:alipay_sdk=alipay-sdk-java-4.38.157.ALL&format=json^_^ApplicationParams:traceId=060001f3178507104914089742231288&biz_content={"out_trade_no":"59214591885269"}^_^Body:{"alipay_trade_query_response":{"msg":"Business Failed","code":"40004","out_trade_no":"59214591885269","sub_msg":"交易不存在","sub_code":"ACQ.TRADE_NOT_EXIST","receipt_amount":"0.00","point_amount":"0.00","buyer_pay_amount":"0.00","invoice_amount":"0.00"},"sign":"IlGZ9x5UhNF2eAqdNMzeNXtVmLVeP4WAHqOs3UIoTeNqOZPSKddjkKWyTMN0yOnmdmvXLs65xA8iLe3vMAOcTv3IRc5Ly+sfXiILXIoyDMo48N1nGL00QjpY712N35H3czuLP1upFRYorbFoh87mPrUkchUunF+PEBdfORFul87T4s2hkFE5Fl1M1wxQAAUDsoOdZiXF4N0VIlZn8XpWkwGhUJTSzC4T5bTxJpGdI0AVbbLy9QZu0eXIaXEtwYSVDV1oFLVBE/DEmKpridtTn9/6ZOtOpBhjgylpbP+J+f2SCp37feezNW+mRc7kxKeaJfjjdbn7pTI1TeynheyWLQ=="}^_^14ms,210ms,17ms^_^trace_id:060001f3178507104914089742231288
26-07-26.21:04:09.246 [scheduling-1    ] INFO  NoPayNotifyOrderJob    - 检测未接收到或未正确处理的支付回调通知，订单未支付成功 orderId:59214591885269 code:40004 tradeStatus:null
26-07-26.21:04:09.502 [scheduling-1    ] ERROR err                    - ErrorScene^_^40004^_^ACQ.TRADE_NOT_EXIST^_^192.168.73.1^_^Windows 11^_^2026-07-26 21:04:09^_^ProtocalMustParams:charset=utf-8&method=alipay.trade.query&sign=MezLQ7szQxOCzH+wIY58zBgHUdwSRkE24qPbl9lksxU32kwyNZWEwuSfEDSpb75g2PYzG8DRfRLwqn3/PGuk8YdT35H2t35hr5RT7UGS14xsruilfqnVgv569VheJyq1O5Y/Q0HSjFKe94gbj6UuISaktFLp+GZ6wRYHSkQpzBi0kQlqMhU9xo2KaR+5PS1pundJMNFHkVXKkxf5mZLbAv+jxUD1zS4HDcKIsklVnNXOE58nLz4RF5UON6jSGIoTbSPcYk2WxNXP2ZcdhMFtEXL4Daoyh5ORhb34uTIe1J7hUqcM+gdpxI7MxHfJQhzOmsA7VBX6mvPseARPlNw2Bg==&version=1.0&app_id=9021000165677275&sign_type=RSA2&timestamp=2026-07-26 21:04:09^_^ProtocalOptParams:alipay_sdk=alipay-sdk-java-4.38.157.ALL&format=json^_^ApplicationParams:traceId=060001f3178507104938189762231288&biz_content={"out_trade_no":"63015243383423"}^_^Body:{"alipay_trade_query_response":{"msg":"Business Failed","code":"40004","out_trade_no":"63015243383423","sub_msg":"交易不存在","sub_code":"ACQ.TRADE_NOT_EXIST","receipt_amount":"0.00","point_amount":"0.00","buyer_pay_amount":"0.00","invoice_amount":"0.00"},"sign":"j/BKxEaDkp40hVZnDvR3FjkafML/EKkrgK5tm3o7RpXke6JHNNHQj7dtxjFXrid2kn398BXbOviGV9OREaHEsGkNi7IoyBK1JYReqxxHw+KZz8rrBoqtEmOs09WNzTcKyl/5ieUTw21MI9LZ5QoNI9FiQB3n5vdZv5nJ4536haXV/1ocYO4eOii1Wdd47onG0oGH6w7WLvZT+jP9UP1EcysxWQjk4vfPC2p1W/SB9gAsXt/vZ3hDDoI08AIACsojEfWvD71/4rGQQEyT4naQANCIzeGTzHZEfSOYngieu+N8sDW52hL5yDXMIaHr563fJPxX8LcKEtAYz+SGdbzTrw=="}^_^13ms,230ms,12ms^_^trace_id:060001f3178507104938189762231288
26-07-26.21:04:09.502 [scheduling-1    ] INFO  NoPayNotifyOrderJob    - 检测未接收到或未正确处理的支付回调通知，订单未支付成功 orderId:63015243383423 code:40004 tradeStatus:null
26-07-26.21:04:09.722 [scheduling-1    ] ERROR err                    - ErrorScene^_^40004^_^ACQ.TRADE_NOT_EXIST^_^192.168.73.1^_^Windows 11^_^2026-07-26 21:04:09^_^ProtocalMustParams:charset=utf-8&method=alipay.trade.query&sign=KrxQVyEc1ywS7MY7sN5jTpE+9t9o6b4bIdYh+0r2teghDIJWQg6oCWtFmsTV2P2Cg/La/4OLjWGdXC76e7nxKw10REL1vCY9ggyv2i9iBk+Of8tzjDht1qP+RQgc6Ro0BMRTKt2hXQdOl4CZWkshs33GfYSvKkE3jhplKmmfdxJc3oxWxZIPX5XC26+0Y7Q37vL/iLioHFY11zr7hPr+tncY+ps4sbg5prJ8MKe7K28Jqef8v9Vx9dQzg0Nci+FVZ5DyMCCs2MRl8zqd6EjxkDNg8t364sj2QIFyipLEt+A91eEYCZgLJd0nO+HDZXGfRCWN/1tuolVDFlxNBkGL0g==&version=1.0&app_id=9021000165677275&sign_type=RSA2&timestamp=2026-07-26 21:04:09^_^ProtocalOptParams:alipay_sdk=alipay-sdk-java-4.38.157.ALL&format=json^_^ApplicationParams:traceId=060001f3178507104962089782231288&biz_content={"out_trade_no":"05687486819141"}^_^Body:{"alipay_trade_query_response":{"msg":"Business Failed","code":"40004","out_trade_no":"05687486819141","sub_msg":"交易不存在","sub_code":"ACQ.TRADE_NOT_EXIST","receipt_amount":"0.00","point_amount":"0.00","buyer_pay_amount":"0.00","invoice_amount":"0.00"},"sign":"X8+5Q6lbdoyyrQqpUwxTqfCXdBXg7ThJc2U+u8qezqbw+E5fcgtCqABatoc1r72W+dsojv3i6bkcvvMz3DRr5ahBjxU4gwSWCgz4TBIO+/iTBt57VZmROgv9LqvWSmIQTYHEWA0iBdvVQ8wabF8mzeGODzJcDm0eGuZrLQUuAfb7EsMddzf5Fpsu5TpWoCkIHAS+8CRG2vFJn8fHca0ezh5NORm72mkk1XJRvcuT3PelFHmTo+8KP5OR7ez/2fuIcdGiAD+b2i3e+sfFqMTeUrSfNpunUyXCuTC+ottvD15QxCFhRNfVkTvbOhatQUPyKDv4sjFTxoXvcC8oVH1r9Q=="}^_^11ms,193ms,16ms^_^trace_id:060001f3178507104962089782231288
26-07-26.21:04:09.722 [scheduling-1    ] INFO  NoPayNotifyOrderJob    - 检测未接收到或未正确处理的支付回调通知，订单未支付成功 orderId:05687486819141 code:40004 tradeStatus:null
26-07-26.21:04:12.225 [scheduling-1    ] ERROR err                    - ErrorScene^_^40004^_^ACQ.TRADE_NOT_EXIST^_^192.168.73.1^_^Windows 11^_^2026-07-26 21:04:12^_^ProtocalMustParams:charset=utf-8&method=alipay.trade.query&sign=HbxiY+hydc+g8BycMg39vAS6ZrhvlfAr7zg2jZIUyq8r+LpHW791MTc/jzf8Oc2pSvDTufEpR3EBwL5l9YszYo1DK9sKAg8K9waQdEEgNIGZ6gg7aogdIwhzsYJlQua5YP4bZrrYIcoGiVhtpapgldZrwm29yo48VFhqQloJryOTPbXG7XjJFL0QKRnKzcElXp3WQzSa0qrJ7dd6eGkaXJ41q/AJWeEWMC/2PuZSSXzACP41QjMnK2ugEMo4ZzVmdMDLv8snQx/81zDkk/zXA8Ieufm9FZ20AIW/TISmsmZ5PRuTjKSt0Mo+ENFkVc6Z6A0QSNFcRetL0lUkv45kaQ==&version=1.0&app_id=9021000165677275&sign_type=RSA2&timestamp=2026-07-26 21:04:12^_^ProtocalOptParams:alipay_sdk=alipay-sdk-java-4.38.157.ALL&format=json^_^ApplicationParams:traceId=06020e08178507105212648322433085&biz_content={"out_trade_no":"59214591885269"}^_^Body:{"alipay_trade_query_response":{"msg":"Business Failed","code":"40004","out_trade_no":"59214591885269","sub_msg":"交易不存在","sub_code":"ACQ.TRADE_NOT_EXIST","receipt_amount":"0.00","point_amount":"0.00","buyer_pay_amount":"0.00","invoice_amount":"0.00"},"sign":"IlGZ9x5UhNF2eAqdNMzeNXtVmLVeP4WAHqOs3UIoTeNqOZPSKddjkKWyTMN0yOnmdmvXLs65xA8iLe3vMAOcTv3IRc5Ly+sfXiILXIoyDMo48N1nGL00QjpY712N35H3czuLP1upFRYorbFoh87mPrUkchUunF+PEBdfORFul87T4s2hkFE5Fl1M1wxQAAUDsoOdZiXF4N0VIlZn8XpWkwGhUJTSzC4T5bTxJpGdI0AVbbLy9QZu0eXIaXEtwYSVDV1oFLVBE/DEmKpridtTn9/6ZOtOpBhjgylpbP+J+f2SCp37feezNW+mRc7kxKeaJfjjdbn7pTI1TeynheyWLQ=="}^_^12ms,196ms,13ms^_^trace_id:06020e08178507105212648322433085
26-07-26.21:04:12.225 [scheduling-1    ] INFO  NoPayNotifyOrderJob    - 检测未接收到或未正确处理的支付回调通知，订单未支付成功 orderId:59214591885269 code:40004 tradeStatus:null
26-07-26.21:04:12.452 [scheduling-1    ] ERROR err                    - ErrorScene^_^40004^_^ACQ.TRADE_NOT_EXIST^_^192.168.73.1^_^Windows 11^_^2026-07-26 21:04:12^_^ProtocalMustParams:charset=utf-8&method=alipay.trade.query&sign=SJie4iZs4gFMn3LJdpqOsM70audDy0B9npmvi2QWN/ajEa8PKpcocCIXCeDFt71ee/1SDv9eaf8B/+cqD3xqecEN1Py1z+ZESQJ8eb+5zWt3AqWLF5g14k+sysoW5UG4ALSaor/hAarbEO6MUnUlE/cE0WyjwAR7gZd/WvWQlBM43Cb6s7n9Ztr7Br6O+q+KxhuibVrXOd+N6ch4314k+1DTf/ZF3cJHSxKo+ea9AUV0QCFfnCoqSdRphEGQi/gybMMGWmCoS3v39Cn+9+0j+Nuf3d648rt3zGgAUJJeOrkq8Kjq08hSoEr3xB1qwiZMxHfDLQknbge7L0Gm+HmhKw==&version=1.0&app_id=9021000165677275&sign_type=RSA2&timestamp=2026-07-26 21:04:12^_^ProtocalOptParams:alipay_sdk=alipay-sdk-java-4.38.157.ALL&format=json^_^ApplicationParams:traceId=060d6922178507105235331963502569&biz_content={"out_trade_no":"63015243383423"}^_^Body:{"alipay_trade_query_response":{"msg":"Business Failed","code":"40004","out_trade_no":"63015243383423","sub_msg":"交易不存在","sub_code":"ACQ.TRADE_NOT_EXIST","receipt_amount":"0.00","point_amount":"0.00","buyer_pay_amount":"0.00","invoice_amount":"0.00"},"sign":"j/BKxEaDkp40hVZnDvR3FjkafML/EKkrgK5tm3o7RpXke6JHNNHQj7dtxjFXrid2kn398BXbOviGV9OREaHEsGkNi7IoyBK1JYReqxxHw+KZz8rrBoqtEmOs09WNzTcKyl/5ieUTw21MI9LZ5QoNI9FiQB3n5vdZv5nJ4536haXV/1ocYO4eOii1Wdd47onG0oGH6w7WLvZT+jP9UP1EcysxWQjk4vfPC2p1W/SB9gAsXt/vZ3hDDoI08AIACsojEfWvD71/4rGQQEyT4naQANCIzeGTzHZEfSOYngieu+N8sDW52hL5yDXMIaHr563fJPxX8LcKEtAYz+SGdbzTrw=="}^_^15ms,199ms,13ms^_^trace_id:060d6922178507105235331963502569
26-07-26.21:04:12.452 [scheduling-1    ] INFO  NoPayNotifyOrderJob    - 检测未接收到或未正确处理的支付回调通知，订单未支付成功 orderId:63015243383423 code:40004 tradeStatus:null
26-07-26.21:04:17.611 [scheduling-1    ] ERROR err                    - 2026-07-26 21:04:17^_^alipay.trade.query^_^null^_^192.168.73.1^_^Windows 11^_^alipay-sdk-java-4.38.157.ALL^_^https://openapi-sandbox.dl.alipaydev.com/gateway.do?charset=utf-8&method=alipay.trade.query&sign=KgnWMRKTJXHxuCIEnxwIQWwO6lKlFUrksLgWfbUPuJOxnBFkKtsibd1Kxrkvf4%2F7TvYFjSvuBxo3QU1ABJ8jBOLwIjrPF3jnQFlLbSiPT3Gf0uxjWOaNIyDt4%2BzU4XhqPWO2CCPNE8YnBYQq0r%2FbYDxw1ahEmWXzJcz1Rdgzzd8YixQKixuzBDttbPzkwgYaxU7Cqv3fhjqetXs%2FyZQ%2Fx%2B13JI9pX0WzptoScfI2FzrkjH0LTeapqeu4P%2F7LMot2vejN2vJNGgyIXUoi6aIRUv%2BsHYrAMP7nXVBr%2Bj8C2ljon8O53EFAryy%2BgmvlHTy246qiIVXWHHLmYZJj7m3raA%3D%3D&version=1.0&app_id=9021000165677275&sign_type=RSA2&timestamp=2026-07-26+21%3A04%3A12&alipay_sdk=alipay-sdk-java-4.38.157.ALL&format=json^_^^_^<!DOCTYPE HTML PUBLIC "-//IETF//DTD HTML 2.0//EN"> <html> <head><title>504 Gateway Time-out</title></head> <body bgcolor="white"> <h1>504 Gateway Time-out</h1> <p>The gateway did not receive a timely response from the upstream server or application. Sorry for the inconvenience.<br/> Please report this message and include the following information to us.<br/> Thank you very much!</p> <table> <tr> <td>URL:</td> <td>http://openapi-sandbox.dl.alipaydev.com/gateway.do?charset=utf-8&amp;method=alipay.trade.query&amp;sign=KgnWMRKTJXHxuCIEnxwIQWwO6lKlFUrksLgWfbUPuJOxnBFkKtsibd1Kxrkvf4%2F7TvYFjSvuBxo3QU1ABJ8jBOLwIjrPF3jnQFlLbSiPT3Gf0uxjWOaNIyDt4%2BzU4XhqPWO2CCPNE8YnBYQq0r%2FbYDxw1ahEmWXzJcz1Rdgzzd8YixQKixuzBDttbPzkwgYaxU7Cqv3fhjqetXs%2FyZQ%2Fx%2B13JI9pX0WzptoScfI2FzrkjH0LTeapqeu4P%2F7LMot2vejN2vJNGgyIXUoi6aIRUv%2BsHYrAMP7nXVBr%2Bj8C2ljon8O53EFAryy%2BgmvlHTy246qiIVXWHHLmYZJj7m3raA%3D%3D&amp;version=1.0&amp;app_id=9021000165677275&amp;sign_type=RSA2&amp;timestamp=2026-07-26+21%3A04%3A12&amp;alipay_sdk=alipay-sdk-java-4.38.157.ALL&amp;format=json</td> </tr> <tr> <td>Server:</td> <td>openapi-57.rz21a.sandbox.alipay.net</td> </tr> <tr> <td>Date:</td> <td>2026/07/26 21:04:17</td> </tr> </table> <hr/>Powered by Tengine </body> </html> 
26-07-26.21:04:17.612 [scheduling-1    ] ERROR NoPayNotifyOrderJob    - 检测未接收到或未正确处理的支付回调通知失败
com.alipay.api.AlipayApiException: java.io.IOException: <!DOCTYPE HTML PUBLIC "-//IETF//DTD HTML 2.0//EN">
<html>
<head><title>504 Gateway Time-out</title></head>
<body bgcolor="white">
<h1>504 Gateway Time-out</h1>
<p>The gateway did not receive a timely response from the upstream server or application. Sorry for the inconvenience.<br/>
Please report this message and include the following information to us.<br/>
Thank you very much!</p>
<table>
<tr>
<td>URL:</td>
<td>http://openapi-sandbox.dl.alipaydev.com/gateway.do?charset=utf-8&amp;method=alipay.trade.query&amp;sign=KgnWMRKTJXHxuCIEnxwIQWwO6lKlFUrksLgWfbUPuJOxnBFkKtsibd1Kxrkvf4%2F7TvYFjSvuBxo3QU1ABJ8jBOLwIjrPF3jnQFlLbSiPT3Gf0uxjWOaNIyDt4%2BzU4XhqPWO2CCPNE8YnBYQq0r%2FbYDxw1ahEmWXzJcz1Rdgzzd8YixQKixuzBDttbPzkwgYaxU7Cqv3fhjqetXs%2FyZQ%2Fx%2B13JI9pX0WzptoScfI2FzrkjH0LTeapqeu4P%2F7LMot2vejN2vJNGgyIXUoi6aIRUv%2BsHYrAMP7nXVBr%2Bj8C2ljon8O53EFAryy%2BgmvlHTy246qiIVXWHHLmYZJj7m3raA%3D%3D&amp;version=1.0&amp;app_id=9021000165677275&amp;sign_type=RSA2&amp;timestamp=2026-07-26+21%3A04%3A12&amp;alipay_sdk=alipay-sdk-java-4.38.157.ALL&amp;format=json</td>
</tr>
<tr>
<td>Server:</td>
<td>openapi-57.rz21a.sandbox.alipay.net</td>
</tr>
<tr>
<td>Date:</td>
<td>2026/07/26 21:04:17</td>
</tr>
</table>
<hr/>Powered by Tengine
</body>
</html>

	at com.alipay.api.AbstractAlipayClient.doPost(AbstractAlipayClient.java:1015)
	at com.alipay.api.AbstractAlipayClient._execute(AbstractAlipayClient.java:921)
	at com.alipay.api.AbstractAlipayClient.execute(AbstractAlipayClient.java:395)
	at com.alipay.api.AbstractAlipayClient.execute(AbstractAlipayClient.java:377)
	at com.alipay.api.AbstractAlipayClient.execute(AbstractAlipayClient.java:372)
	at com.alipay.api.AbstractAlipayClient.execute(AbstractAlipayClient.java:366)
	at cn.bugstack.trigger.job.NoPayNotifyOrderJob.exec(NoPayNotifyOrderJob.java:42)
	at java.base/jdk.internal.reflect.NativeMethodAccessorImpl.invoke0(Native Method)
	at java.base/jdk.internal.reflect.NativeMethodAccessorImpl.invoke(NativeMethodAccessorImpl.java:62)
	at java.base/jdk.internal.reflect.DelegatingMethodAccessorImpl.invoke(DelegatingMethodAccessorImpl.java:43)
	at java.base/java.lang.reflect.Method.invoke(Method.java:566)
	at org.springframework.scheduling.support.ScheduledMethodRunnable.run(ScheduledMethodRunnable.java:84)
	at org.springframework.scheduling.support.DelegatingErrorHandlingRunnable.run(DelegatingErrorHandlingRunnable.java:54)
	at org.springframework.scheduling.concurrent.ReschedulingRunnable.run(ReschedulingRunnable.java:95)
	at java.base/java.util.concurrent.Executors$RunnableAdapter.call(Executors.java:515)
	at java.base/java.util.concurrent.FutureTask.run(FutureTask.java:264)
	at java.base/java.util.concurrent.ScheduledThreadPoolExecutor$ScheduledFutureTask.run(ScheduledThreadPoolExecutor.java:304)
	at java.base/java.util.concurrent.ThreadPoolExecutor.runWorker(ThreadPoolExecutor.java:1128)
	at java.base/java.util.concurrent.ThreadPoolExecutor$Worker.run(ThreadPoolExecutor.java:628)
	at java.base/java.lang.Thread.run(Thread.java:829)
Caused by: java.io.IOException: <!DOCTYPE HTML PUBLIC "-//IETF//DTD HTML 2.0//EN">
<html>
<head><title>504 Gateway Time-out</title></head>
<body bgcolor="white">
<h1>504 Gateway Time-out</h1>
<p>The gateway did not receive a timely response from the upstream server or application. Sorry for the inconvenience.<br/>
Please report this message and include the following information to us.<br/>
Thank you very much!</p>
<table>
<tr>
<td>URL:</td>
<td>http://openapi-sandbox.dl.alipaydev.com/gateway.do?charset=utf-8&amp;method=alipay.trade.query&amp;sign=KgnWMRKTJXHxuCIEnxwIQWwO6lKlFUrksLgWfbUPuJOxnBFkKtsibd1Kxrkvf4%2F7TvYFjSvuBxo3QU1ABJ8jBOLwIjrPF3jnQFlLbSiPT3Gf0uxjWOaNIyDt4%2BzU4XhqPWO2CCPNE8YnBYQq0r%2FbYDxw1ahEmWXzJcz1Rdgzzd8YixQKixuzBDttbPzkwgYaxU7Cqv3fhjqetXs%2FyZQ%2Fx%2B13JI9pX0WzptoScfI2FzrkjH0LTeapqeu4P%2F7LMot2vejN2vJNGgyIXUoi6aIRUv%2BsHYrAMP7nXVBr%2Bj8C2ljon8O53EFAryy%2BgmvlHTy246qiIVXWHHLmYZJj7m3raA%3D%3D&amp;version=1.0&amp;app_id=9021000165677275&amp;sign_type=RSA2&amp;timestamp=2026-07-26+21%3A04%3A12&amp;alipay_sdk=alipay-sdk-java-4.38.157.ALL&amp;format=json</td>
</tr>
<tr>
<td>Server:</td>
<td>openapi-57.rz21a.sandbox.alipay.net</td>
</tr>
<tr>
<td>Date:</td>
<td>2026/07/26 21:04:17</td>
</tr>
</table>
<hr/>Powered by Tengine
</body>
</html>

	at com.alipay.api.internal.util.WebUtils.getResponseAsString(WebUtils.java:520)
	at com.alipay.api.internal.util.WebUtils.doPost(WebUtils.java:181)
	at com.alipay.api.internal.util.WebUtils.doPost(WebUtils.java:142)
	at com.alipay.api.AbstractAlipayClient.doPost(AbstractAlipayClient.java:1003)
	... 19 common frames omitted
26-07-26.21:04:18.245 [scheduling-1    ] ERROR err                    - ErrorScene^_^40004^_^ACQ.TRADE_NOT_EXIST^_^192.168.73.1^_^Windows 11^_^2026-07-26 21:04:18^_^ProtocalMustParams:charset=utf-8&method=alipay.trade.query&sign=EBh9KrbKQfwjOeqHRMhJg2gB7SlGsZratt+IymmN4w3vigmSjgHpt/JYZSSP+j6vUhPY8Ig4LkdxNmJF8JNiO81mrY/rlYj+hYdixkOhiHpnJ0+9m8PApHhYC7kHbospaddkUxMbF8MRLzOFSI27HqZyUPwwFgV2xMKKooctq+7zT3Fi1R1GYfsx8zA8Ci/kWAVpzPCIdgrk4oZk2ojOTLzHnfa4OyLhfDaT+VBL2phOwfHShouJrQp0+xhE0tn7bWYBb39b3sMEYg6XKEk4MtVfeZpxSk/P8X9DwlJ5OZ/zHjpU4HuRC2ol6laa8gFhZyiw3AjcS0HJ6CjQTskyRg==&version=1.0&app_id=9021000165677275&sign_type=RSA2&timestamp=2026-07-26 21:04:18^_^ProtocalOptParams:alipay_sdk=alipay-sdk-java-4.38.157.ALL&format=json^_^ApplicationParams:traceId=060d6922178507105814532193502569&biz_content={"out_trade_no":"59214591885269"}^_^Body:{"alipay_trade_query_response":{"msg":"Business Failed","code":"40004","out_trade_no":"59214591885269","sub_msg":"交易不存在","sub_code":"ACQ.TRADE_NOT_EXIST","receipt_amount":"0.00","point_amount":"0.00","buyer_pay_amount":"0.00","invoice_amount":"0.00"},"sign":"IlGZ9x5UhNF2eAqdNMzeNXtVmLVeP4WAHqOs3UIoTeNqOZPSKddjkKWyTMN0yOnmdmvXLs65xA8iLe3vMAOcTv3IRc5Ly+sfXiILXIoyDMo48N1nGL00QjpY712N35H3czuLP1upFRYorbFoh87mPrUkchUunF+PEBdfORFul87T4s2hkFE5Fl1M1wxQAAUDsoOdZiXF4N0VIlZn8XpWkwGhUJTSzC4T5bTxJpGdI0AVbbLy9QZu0eXIaXEtwYSVDV1oFLVBE/DEmKpridtTn9/6ZOtOpBhjgylpbP+J+f2SCp37feezNW+mRc7kxKeaJfjjdbn7pTI1TeynheyWLQ=="}^_^9ms,225ms,9ms^_^trace_id:060d6922178507105814532193502569
26-07-26.21:04:18.245 [scheduling-1    ] INFO  NoPayNotifyOrderJob    - 检测未接收到或未正确处理的支付回调通知，订单未支付成功 orderId:59214591885269 code:40004 tradeStatus:null
26-07-26.21:04:18.553 [scheduling-1    ] ERROR err                    - ErrorScene^_^40004^_^ACQ.TRADE_NOT_EXIST^_^192.168.73.1^_^Windows 11^_^2026-07-26 21:04:18^_^ProtocalMustParams:charset=utf-8&method=alipay.trade.query&sign=Iytc/wbkiB+0RRzsiGyWVi3MRw2C2yiH+GayUmeUCrxkYfgmKXi4+cEQMljH7q5MnQaHffN7tiot9Vlf7jkmX6ZoeQGJfpVBV12sBJLk/7z+9Ihlk8N6EUDU3sRW/+voT4rCGu5FZJKTjzKsnwI/dmjwKOhiTSh+HPJ5UOl5UsP/rA3rRlAqBDpdXu5MiJ8WBNWzYzG0llbzVux1osvtgmm9p0g9GLpP2OA3e9MWqTPKDH5WsClvtCU8zYa4nWIni7itItLvFuQ75V5ZslQLXF8Vx7LUD1VEGpJ04Q75GwWp1ggFzZafLnMY8qMyiNDhFhZOGI/ZqwwXoZhqnAcKtw==&version=1.0&app_id=9021000165677275&sign_type=RSA2&timestamp=2026-07-26 21:04:18^_^ProtocalOptParams:alipay_sdk=alipay-sdk-java-4.38.157.ALL&format=json^_^ApplicationParams:traceId=060d663d178507105841172678178&biz_content={"out_trade_no":"63015243383423"}^_^Body:{"alipay_trade_query_response":{"msg":"Business Failed","code":"40004","out_trade_no":"63015243383423","sub_msg":"交易不存在","sub_code":"ACQ.TRADE_NOT_EXIST","receipt_amount":"0.00","point_amount":"0.00","buyer_pay_amount":"0.00","invoice_amount":"0.00"},"sign":"j/BKxEaDkp40hVZnDvR3FjkafML/EKkrgK5tm3o7RpXke6JHNNHQj7dtxjFXrid2kn398BXbOviGV9OREaHEsGkNi7IoyBK1JYReqxxHw+KZz8rrBoqtEmOs09WNzTcKyl/5ieUTw21MI9LZ5QoNI9FiQB3n5vdZv5nJ4536haXV/1ocYO4eOii1Wdd47onG0oGH6w7WLvZT+jP9UP1EcysxWQjk4vfPC2p1W/SB9gAsXt/vZ3hDDoI08AIACsojEfWvD71/4rGQQEyT4naQANCIzeGTzHZEfSOYngieu+N8sDW52hL5yDXMIaHr563fJPxX8LcKEtAYz+SGdbzTrw=="}^_^8ms,295ms,5ms^_^trace_id:060d663d178507105841172678178
26-07-26.21:04:18.553 [scheduling-1    ] INFO  NoPayNotifyOrderJob    - 检测未接收到或未正确处理的支付回调通知，订单未支付成功 orderId:63015243383423 code:40004 tradeStatus:null
26-07-26.21:04:18.815 [scheduling-1    ] ERROR err                    - ErrorScene^_^40004^_^ACQ.TRADE_NOT_EXIST^_^192.168.73.1^_^Windows 11^_^2026-07-26 21:04:18^_^ProtocalMustParams:charset=utf-8&method=alipay.trade.query&sign=RmyXgauE/OU6fHYQB2R6HOM7EiCe7vrBVcbkzEIf4XLFz/1XPohKB/hVGtL9k9e89Jxjhk83ArexIZJ2bJJY/xKR4uNUBO2jnhMZ7E4ZoRw/jJNjtsPviP91Q6A4G+UHkkOEz4ZY/XuUXVfxrdbej5CAU3jcPxcFj47/9ehJ42tcGCUyN2WLC54w1QpCVVAtxy6XZOpmzCLG1/Oulf9M4pubGY2gYWbJ5GK6Le7TB/Dwut3ErX0g6AqysCoG64BHRwsUFvsqQsWRnZ6h38x7TxBIsqzBraSR85xXCR10nXTnOoJSt3CxzYOatAL2NjkoT1avpbM+wJsgpJQNNY1/Sw==&version=1.0&app_id=9021000165677275&sign_type=RSA2&timestamp=2026-07-26 21:04:18^_^ProtocalOptParams:alipay_sdk=alipay-sdk-java-4.38.157.ALL&format=json^_^ApplicationParams:traceId=060d6922178507105869432213502569&biz_content={"out_trade_no":"05687486819141"}^_^Body:{"alipay_trade_query_response":{"msg":"Business Failed","code":"40004","out_trade_no":"05687486819141","sub_msg":"交易不存在","sub_code":"ACQ.TRADE_NOT_EXIST","receipt_amount":"0.00","point_amount":"0.00","buyer_pay_amount":"0.00","invoice_amount":"0.00"},"sign":"X8+5Q6lbdoyyrQqpUwxTqfCXdBXg7ThJc2U+u8qezqbw+E5fcgtCqABatoc1r72W+dsojv3i6bkcvvMz3DRr5ahBjxU4gwSWCgz4TBIO+/iTBt57VZmROgv9LqvWSmIQTYHEWA0iBdvVQ8wabF8mzeGODzJcDm0eGuZrLQUuAfb7EsMddzf5Fpsu5TpWoCkIHAS+8CRG2vFJn8fHca0ezh5NORm72mkk1XJRvcuT3PelFHmTo+8KP5OR7ez/2fuIcdGiAD+b2i3e+sfFqMTeUrSfNpunUyXCuTC+ottvD15QxCFhRNfVkTvbOhatQUPyKDv4sjFTxoXvcC8oVH1r9Q=="}^_^10ms,242ms,10ms^_^trace_id:060d6922178507105869432213502569
26-07-26.21:04:18.815 [scheduling-1    ] INFO  NoPayNotifyOrderJob    - 检测未接收到或未正确处理的支付回调通知，订单未支付成功 orderId:05687486819141 code:40004 tradeStatus:null
26-07-26.21:04:21.369 [scheduling-1    ] ERROR err                    - ErrorScene^_^40004^_^ACQ.TRADE_NOT_EXIST^_^192.168.73.1^_^Windows 11^_^2026-07-26 21:04:21^_^ProtocalMustParams:charset=utf-8&method=alipay.trade.query&sign=Zz+cLeHCOVDT5uhvUNXnpcXnSyPvqeDlfsCErh4GWXL2UGrYRDNQYG04vMwQcy49CT91Jt9gTAnuH+oJvDwQbBuJLFGzVKL8++OfejaHIHozGmOBSmyqeoHrB1R9598+6nqWgAnWWoaqnDRJ0yR2lLFke6xD10RRTdFt8mfQo5AYcMS7kxdUpWz4MIxb0sn106njyPJg54jbWgQapTDkdrHzFoN5UlkkzUWbEd9q8ctrfotS5pLC0v5YZqzb5wIsvmbLR3GYHshRLyJVe12nd+YH7xLYUBUmb06yguNv7GJDzdUyCaNynK/RqDUKDljOqp9/2Rq1yqtfdrapS/+g2Q==&version=1.0&app_id=9021000165677275&sign_type=RSA2&timestamp=2026-07-26 21:04:21^_^ProtocalOptParams:alipay_sdk=alipay-sdk-java-4.38.157.ALL&format=json^_^ApplicationParams:traceId=06002c4e178507106114563331578980&biz_content={"out_trade_no":"59214591885269"}^_^Body:{"alipay_trade_query_response":{"msg":"Business Failed","code":"40004","out_trade_no":"59214591885269","sub_msg":"交易不存在","sub_code":"ACQ.TRADE_NOT_EXIST","receipt_amount":"0.00","point_amount":"0.00","buyer_pay_amount":"0.00","invoice_amount":"0.00"},"sign":"IlGZ9x5UhNF2eAqdNMzeNXtVmLVeP4WAHqOs3UIoTeNqOZPSKddjkKWyTMN0yOnmdmvXLs65xA8iLe3vMAOcTv3IRc5Ly+sfXiILXIoyDMo48N1nGL00QjpY712N35H3czuLP1upFRYorbFoh87mPrUkchUunF+PEBdfORFul87T4s2hkFE5Fl1M1wxQAAUDsoOdZiXF4N0VIlZn8XpWkwGhUJTSzC4T5bTxJpGdI0AVbbLy9QZu0eXIaXEtwYSVDV1oFLVBE/DEmKpridtTn9/6ZOtOpBhjgylpbP+J+f2SCp37feezNW+mRc7kxKeaJfjjdbn7pTI1TeynheyWLQ=="}^_^8ms,340ms,8ms^_^trace_id:06002c4e178507106114563331578980
26-07-26.21:04:21.369 [scheduling-1    ] INFO  NoPayNotifyOrderJob    - 检测未接收到或未正确处理的支付回调通知，订单未支付成功 orderId:59214591885269 code:40004 tradeStatus:null
26-07-26.21:04:36.388 [scheduling-1    ] ERROR err                    - 2026-07-26 21:04:36^_^alipay.trade.query^_^null^_^192.168.73.1^_^Windows 11^_^alipay-sdk-java-4.38.157.ALL^_^https://openapi-sandbox.dl.alipaydev.com/gateway.do?charset=utf-8&method=alipay.trade.query&sign=VigTyMSVOARrDdQeaZv9nqh1ACwyYRGfMsXn6pmaWOwjrZbJnuLF%2Fe7oRefXQqYtSrqWzPT7SImJLfR8CCz0VNnaVzcy1dfbSeFurO2swJ7457Ksrw%2FlZhLbgfZ074JRmQsR3hzx3EhkYCSmuMg%2B1p%2F8QDoRVWOgQKWfPw5t8ng4p%2BQoeEZ4YzXYLEv0hegkZrq%2F7nnV56OFlsKey5GEU%2FJ6LDQUspUmeQgJQpPbxqjhiMRM0ipvN2oDtNM5QKRaChis0RhHLafZwK3JjFcrUCDCWWIdJMJoKSyQob2JDwCjtCjhybgJge2V%2F3y2AzKYZBbdFOUpZ2EPuSA%2FCJoUtQ%3D%3D&version=1.0&app_id=9021000165677275&sign_type=RSA2&timestamp=2026-07-26+21%3A04%3A21&alipay_sdk=alipay-sdk-java-4.38.157.ALL&format=json^_^^_^Read timed out
26-07-26.21:04:36.389 [scheduling-1    ] ERROR NoPayNotifyOrderJob    - 检测未接收到或未正确处理的支付回调通知失败
com.alipay.api.AlipayApiException: java.net.SocketTimeoutException: Read timed out
	at com.alipay.api.AbstractAlipayClient.doPost(AbstractAlipayClient.java:1015)
	at com.alipay.api.AbstractAlipayClient._execute(AbstractAlipayClient.java:921)
	at com.alipay.api.AbstractAlipayClient.execute(AbstractAlipayClient.java:395)
	at com.alipay.api.AbstractAlipayClient.execute(AbstractAlipayClient.java:377)
	at com.alipay.api.AbstractAlipayClient.execute(AbstractAlipayClient.java:372)
	at com.alipay.api.AbstractAlipayClient.execute(AbstractAlipayClient.java:366)
	at cn.bugstack.trigger.job.NoPayNotifyOrderJob.exec(NoPayNotifyOrderJob.java:42)
	at java.base/jdk.internal.reflect.NativeMethodAccessorImpl.invoke0(Native Method)
	at java.base/jdk.internal.reflect.NativeMethodAccessorImpl.invoke(NativeMethodAccessorImpl.java:62)
	at java.base/jdk.internal.reflect.DelegatingMethodAccessorImpl.invoke(DelegatingMethodAccessorImpl.java:43)
	at java.base/java.lang.reflect.Method.invoke(Method.java:566)
	at org.springframework.scheduling.support.ScheduledMethodRunnable.run(ScheduledMethodRunnable.java:84)
	at org.springframework.scheduling.support.DelegatingErrorHandlingRunnable.run(DelegatingErrorHandlingRunnable.java:54)
	at org.springframework.scheduling.concurrent.ReschedulingRunnable.run(ReschedulingRunnable.java:95)
	at java.base/java.util.concurrent.Executors$RunnableAdapter.call(Executors.java:515)
	at java.base/java.util.concurrent.FutureTask.run(FutureTask.java:264)
	at java.base/java.util.concurrent.ScheduledThreadPoolExecutor$ScheduledFutureTask.run(ScheduledThreadPoolExecutor.java:304)
	at java.base/java.util.concurrent.ThreadPoolExecutor.runWorker(ThreadPoolExecutor.java:1128)
	at java.base/java.util.concurrent.ThreadPoolExecutor$Worker.run(ThreadPoolExecutor.java:628)
	at java.base/java.lang.Thread.run(Thread.java:829)
Caused by: java.net.SocketTimeoutException: Read timed out
	at java.base/jdk.internal.reflect.NativeConstructorAccessorImpl.newInstance0(Native Method)
	at java.base/jdk.internal.reflect.NativeConstructorAccessorImpl.newInstance(NativeConstructorAccessorImpl.java:62)
	at java.base/jdk.internal.reflect.DelegatingConstructorAccessorImpl.newInstance(DelegatingConstructorAccessorImpl.java:45)
	at java.base/java.lang.reflect.Constructor.newInstance(Constructor.java:490)
	at java.base/sun.net.www.protocol.http.HttpURLConnection$10.run(HttpURLConnection.java:2019)
	at java.base/sun.net.www.protocol.http.HttpURLConnection$10.run(HttpURLConnection.java:2014)
	at java.base/java.security.AccessController.doPrivileged(Native Method)
	at java.base/sun.net.www.protocol.http.HttpURLConnection.getChainedException(HttpURLConnection.java:2013)
	at java.base/sun.net.www.protocol.http.HttpURLConnection.getInputStream0(HttpURLConnection.java:1575)
	at java.base/sun.net.www.protocol.http.HttpURLConnection.getInputStream(HttpURLConnection.java:1559)
	at java.base/sun.net.www.protocol.https.HttpsURLConnectionImpl.getInputStream(HttpsURLConnectionImpl.java:250)
	at com.alipay.api.internal.util.WebUtils.getResponseAsString(WebUtils.java:514)
	at com.alipay.api.internal.util.WebUtils.doPost(WebUtils.java:181)
	at com.alipay.api.internal.util.WebUtils.doPost(WebUtils.java:142)
	at com.alipay.api.AbstractAlipayClient.doPost(AbstractAlipayClient.java:1003)
	... 19 common frames omitted
Caused by: java.net.SocketTimeoutException: Read timed out
	at java.base/java.net.SocketInputStream.socketRead0(Native Method)
	at java.base/java.net.SocketInputStream.socketRead(SocketInputStream.java:115)
	at java.base/java.net.SocketInputStream.read(SocketInputStream.java:168)
	at java.base/java.net.SocketInputStream.read(SocketInputStream.java:140)
	at java.base/sun.security.ssl.SSLSocketInputRecord.read(SSLSocketInputRecord.java:484)
	at java.base/sun.security.ssl.SSLSocketInputRecord.readHeader(SSLSocketInputRecord.java:478)
	at java.base/sun.security.ssl.SSLSocketInputRecord.bytesInCompletePacket(SSLSocketInputRecord.java:70)
	at java.base/sun.security.ssl.SSLSocketImpl.readApplicationRecord(SSLSocketImpl.java:1459)
	at java.base/sun.security.ssl.SSLSocketImpl$AppInputStream.read(SSLSocketImpl.java:1070)
	at java.base/java.io.BufferedInputStream.fill(BufferedInputStream.java:252)
	at java.base/java.io.BufferedInputStream.read1(BufferedInputStream.java:292)
	at java.base/java.io.BufferedInputStream.read(BufferedInputStream.java:351)
	at java.base/sun.net.www.http.HttpClient.parseHTTPHeader(HttpClient.java:789)
	at java.base/sun.net.www.http.HttpClient.parseHTTP(HttpClient.java:724)
	at java.base/sun.net.www.protocol.http.HttpURLConnection.getInputStream0(HttpURLConnection.java:1654)
	at java.base/sun.net.www.protocol.http.HttpURLConnection.getInputStream(HttpURLConnection.java:1559)
	at java.base/sun.net.www.protocol.http.HttpURLConnection.getHeaderField(HttpURLConnection.java:3170)
	at java.base/java.net.URLConnection.getContentType(URLConnection.java:519)
	at java.base/sun.net.www.protocol.https.HttpsURLConnectionImpl.getContentType(HttpsURLConnectionImpl.java:402)
	at com.alipay.api.internal.util.WebUtils.getResponseAsString(WebUtils.java:506)
	... 22 common frames omitted
26-07-26.21:04:44.373 [scheduling-1    ] ERROR err                    - 2026-07-26 21:04:44^_^alipay.trade.query^_^null^_^192.168.73.1^_^Windows 11^_^alipay-sdk-java-4.38.157.ALL^_^https://openapi-sandbox.dl.alipaydev.com/gateway.do?charset=utf-8&method=alipay.trade.query&sign=oDeBYSYkbcWHVV6rTukVX3HADaPPyEVYp9iwN39bJHwCXD3CfDsb%2FRic0S8tb9dKKiLhFW58lszNLiddk%2F58rpXvW0%2FRMDTh3urEvBTAHFpszWyjdgTuHKsOxfwL91xxGdEnyO3aiVkSM51F0wLmAAiT6uOkMLnDtNO7zkXiGlKfbxJWQbu9RFKxt2Wz1jrOAiZK9gpjI4jXGmj2qSNrZTeVv3Wf0KtK%2FbXzUj3dBaSDjf6FZTnAGIWsDPXdxk%2FqIl0Qd7MhQdc8qyR8ZRZyhQoFwqrb4KNFF9%2BpkAi9uXqleatkkHp2XASKNTbUXi%2BGq96R9VAf4mUpVBC31ITXiw%3D%3D&version=1.0&app_id=9021000165677275&sign_type=RSA2&timestamp=2026-07-26+21%3A04%3A39&alipay_sdk=alipay-sdk-java-4.38.157.ALL&format=json^_^^_^<!DOCTYPE HTML PUBLIC "-//IETF//DTD HTML 2.0//EN"> <html> <head><title>504 Gateway Time-out</title></head> <body bgcolor="white"> <h1>504 Gateway Time-out</h1> <p>The gateway did not receive a timely response from the upstream server or application. Sorry for the inconvenience.<br/> Please report this message and include the following information to us.<br/> Thank you very much!</p> <table> <tr> <td>URL:</td> <td>http://openapi-sandbox.dl.alipaydev.com/gateway.do?charset=utf-8&amp;method=alipay.trade.query&amp;sign=oDeBYSYkbcWHVV6rTukVX3HADaPPyEVYp9iwN39bJHwCXD3CfDsb%2FRic0S8tb9dKKiLhFW58lszNLiddk%2F58rpXvW0%2FRMDTh3urEvBTAHFpszWyjdgTuHKsOxfwL91xxGdEnyO3aiVkSM51F0wLmAAiT6uOkMLnDtNO7zkXiGlKfbxJWQbu9RFKxt2Wz1jrOAiZK9gpjI4jXGmj2qSNrZTeVv3Wf0KtK%2FbXzUj3dBaSDjf6FZTnAGIWsDPXdxk%2FqIl0Qd7MhQdc8qyR8ZRZyhQoFwqrb4KNFF9%2BpkAi9uXqleatkkHp2XASKNTbUXi%2BGq96R9VAf4mUpVBC31ITXiw%3D%3D&amp;version=1.0&amp;app_id=9021000165677275&amp;sign_type=RSA2&amp;timestamp=2026-07-26+21%3A04%3A39&amp;alipay_sdk=alipay-sdk-java-4.38.157.ALL&amp;format=json</td> </tr> <tr> <td>Server:</td> <td>openapi-55.rz21a.sandbox.alipay.net</td> </tr> <tr> <td>Date:</td> <td>2026/07/26 21:04:44</td> </tr> </table> <hr/>Powered by Tengine </body> </html> 
26-07-26.21:04:44.373 [scheduling-1    ] ERROR NoPayNotifyOrderJob    - 检测未接收到或未正确处理的支付回调通知失败
com.alipay.api.AlipayApiException: java.io.IOException: <!DOCTYPE HTML PUBLIC "-//IETF//DTD HTML 2.0//EN">
<html>
<head><title>504 Gateway Time-out</title></head>
<body bgcolor="white">
<h1>504 Gateway Time-out</h1>
<p>The gateway did not receive a timely response from the upstream server or application. Sorry for the inconvenience.<br/>
Please report this message and include the following information to us.<br/>
Thank you very much!</p>
<table>
<tr>
<td>URL:</td>
<td>http://openapi-sandbox.dl.alipaydev.com/gateway.do?charset=utf-8&amp;method=alipay.trade.query&amp;sign=oDeBYSYkbcWHVV6rTukVX3HADaPPyEVYp9iwN39bJHwCXD3CfDsb%2FRic0S8tb9dKKiLhFW58lszNLiddk%2F58rpXvW0%2FRMDTh3urEvBTAHFpszWyjdgTuHKsOxfwL91xxGdEnyO3aiVkSM51F0wLmAAiT6uOkMLnDtNO7zkXiGlKfbxJWQbu9RFKxt2Wz1jrOAiZK9gpjI4jXGmj2qSNrZTeVv3Wf0KtK%2FbXzUj3dBaSDjf6FZTnAGIWsDPXdxk%2FqIl0Qd7MhQdc8qyR8ZRZyhQoFwqrb4KNFF9%2BpkAi9uXqleatkkHp2XASKNTbUXi%2BGq96R9VAf4mUpVBC31ITXiw%3D%3D&amp;version=1.0&amp;app_id=9021000165677275&amp;sign_type=RSA2&amp;timestamp=2026-07-26+21%3A04%3A39&amp;alipay_sdk=alipay-sdk-java-4.38.157.ALL&amp;format=json</td>
</tr>
<tr>
<td>Server:</td>
<td>openapi-55.rz21a.sandbox.alipay.net</td>
</tr>
<tr>
<td>Date:</td>
<td>2026/07/26 21:04:44</td>
</tr>
</table>
<hr/>Powered by Tengine
</body>
</html>

	at com.alipay.api.AbstractAlipayClient.doPost(AbstractAlipayClient.java:1015)
	at com.alipay.api.AbstractAlipayClient._execute(AbstractAlipayClient.java:921)
	at com.alipay.api.AbstractAlipayClient.execute(AbstractAlipayClient.java:395)
	at com.alipay.api.AbstractAlipayClient.execute(AbstractAlipayClient.java:377)
	at com.alipay.api.AbstractAlipayClient.execute(AbstractAlipayClient.java:372)
	at com.alipay.api.AbstractAlipayClient.execute(AbstractAlipayClient.java:366)
	at cn.bugstack.trigger.job.NoPayNotifyOrderJob.exec(NoPayNotifyOrderJob.java:42)
	at java.base/jdk.internal.reflect.NativeMethodAccessorImpl.invoke0(Native Method)
	at java.base/jdk.internal.reflect.NativeMethodAccessorImpl.invoke(NativeMethodAccessorImpl.java:62)
	at java.base/jdk.internal.reflect.DelegatingMethodAccessorImpl.invoke(DelegatingMethodAccessorImpl.java:43)
	at java.base/java.lang.reflect.Method.invoke(Method.java:566)
	at org.springframework.scheduling.support.ScheduledMethodRunnable.run(ScheduledMethodRunnable.java:84)
	at org.springframework.scheduling.support.DelegatingErrorHandlingRunnable.run(DelegatingErrorHandlingRunnable.java:54)
	at org.springframework.scheduling.concurrent.ReschedulingRunnable.run(ReschedulingRunnable.java:95)
	at java.base/java.util.concurrent.Executors$RunnableAdapter.call(Executors.java:515)
	at java.base/java.util.concurrent.FutureTask.run(FutureTask.java:264)
	at java.base/java.util.concurrent.ScheduledThreadPoolExecutor$ScheduledFutureTask.run(ScheduledThreadPoolExecutor.java:304)
	at java.base/java.util.concurrent.ThreadPoolExecutor.runWorker(ThreadPoolExecutor.java:1128)
	at java.base/java.util.concurrent.ThreadPoolExecutor$Worker.run(ThreadPoolExecutor.java:628)
	at java.base/java.lang.Thread.run(Thread.java:829)
Caused by: java.io.IOException: <!DOCTYPE HTML PUBLIC "-//IETF//DTD HTML 2.0//EN">
<html>
<head><title>504 Gateway Time-out</title></head>
<body bgcolor="white">
<h1>504 Gateway Time-out</h1>
<p>The gateway did not receive a timely response from the upstream server or application. Sorry for the inconvenience.<br/>
Please report this message and include the following information to us.<br/>
Thank you very much!</p>
<table>
<tr>
<td>URL:</td>
<td>http://openapi-sandbox.dl.alipaydev.com/gateway.do?charset=utf-8&amp;method=alipay.trade.query&amp;sign=oDeBYSYkbcWHVV6rTukVX3HADaPPyEVYp9iwN39bJHwCXD3CfDsb%2FRic0S8tb9dKKiLhFW58lszNLiddk%2F58rpXvW0%2FRMDTh3urEvBTAHFpszWyjdgTuHKsOxfwL91xxGdEnyO3aiVkSM51F0wLmAAiT6uOkMLnDtNO7zkXiGlKfbxJWQbu9RFKxt2Wz1jrOAiZK9gpjI4jXGmj2qSNrZTeVv3Wf0KtK%2FbXzUj3dBaSDjf6FZTnAGIWsDPXdxk%2FqIl0Qd7MhQdc8qyR8ZRZyhQoFwqrb4KNFF9%2BpkAi9uXqleatkkHp2XASKNTbUXi%2BGq96R9VAf4mUpVBC31ITXiw%3D%3D&amp;version=1.0&amp;app_id=9021000165677275&amp;sign_type=RSA2&amp;timestamp=2026-07-26+21%3A04%3A39&amp;alipay_sdk=alipay-sdk-java-4.38.157.ALL&amp;format=json</td>
</tr>
<tr>
<td>Server:</td>
<td>openapi-55.rz21a.sandbox.alipay.net</td>
</tr>
<tr>
<td>Date:</td>
<td>2026/07/26 21:04:44</td>
</tr>
</table>
<hr/>Powered by Tengine
</body>
</html>

	at com.alipay.api.internal.util.WebUtils.getResponseAsString(WebUtils.java:520)
	at com.alipay.api.internal.util.WebUtils.doPost(WebUtils.java:181)
	at com.alipay.api.internal.util.WebUtils.doPost(WebUtils.java:142)
	at com.alipay.api.AbstractAlipayClient.doPost(AbstractAlipayClient.java:1003)
	... 19 common frames omitted
26-07-26.21:04:50.189 [scheduling-1    ] ERROR err                    - 2026-07-26 21:04:50^_^alipay.trade.query^_^null^_^192.168.73.1^_^Windows 11^_^alipay-sdk-java-4.38.157.ALL^_^https://openapi-sandbox.dl.alipaydev.com/gateway.do?charset=utf-8&method=alipay.trade.query&sign=IHRnWgH%2FouUffcKCXwb%2BrZjNHpL5DifqvXvvSOHEhscTsmKMd7SqwOq5VvHTkFhUEkYNGsV3lyqwf6ECYiMuNIF9g%2BvQJ3%2B7MEGOn5JHyGM3%2BLfOQQrcZo%2FFz1C%2BrBMdZutm0OaLkXQEd2pgwD8JKLxV719q%2F1D8hU71c6SkiJD%2BSUOkEuU%2BiSehmC9LJP%2B9zAdxVLmndm8mA5bnMO69mAqZl6GLZiHbpiIRCo8CwwxsoLJOe45tSXkXxWWc5Al%2Bha%2F9fAtfRWUGe2MCysQAMsWt2vqAfzQ5q30FCKef%2Fk5Do9NSVgIYjTHIf04Q499G6%2FzcBMO7hd%2FyXwBKuwn4Dg%3D%3D&version=1.0&app_id=9021000165677275&sign_type=RSA2&timestamp=2026-07-26+21%3A04%3A45&alipay_sdk=alipay-sdk-java-4.38.157.ALL&format=json^_^^_^<!DOCTYPE HTML PUBLIC "-//IETF//DTD HTML 2.0//EN"> <html> <head><title>504 Gateway Time-out</title></head> <body bgcolor="white"> <h1>504 Gateway Time-out</h1> <p>The gateway did not receive a timely response from the upstream server or application. Sorry for the inconvenience.<br/> Please report this message and include the following information to us.<br/> Thank you very much!</p> <table> <tr> <td>URL:</td> <td>http://openapi-sandbox.dl.alipaydev.com/gateway.do?charset=utf-8&amp;method=alipay.trade.query&amp;sign=IHRnWgH%2FouUffcKCXwb%2BrZjNHpL5DifqvXvvSOHEhscTsmKMd7SqwOq5VvHTkFhUEkYNGsV3lyqwf6ECYiMuNIF9g%2BvQJ3%2B7MEGOn5JHyGM3%2BLfOQQrcZo%2FFz1C%2BrBMdZutm0OaLkXQEd2pgwD8JKLxV719q%2F1D8hU71c6SkiJD%2BSUOkEuU%2BiSehmC9LJP%2B9zAdxVLmndm8mA5bnMO69mAqZl6GLZiHbpiIRCo8CwwxsoLJOe45tSXkXxWWc5Al%2Bha%2F9fAtfRWUGe2MCysQAMsWt2vqAfzQ5q30FCKef%2Fk5Do9NSVgIYjTHIf04Q499G6%2FzcBMO7hd%2FyXwBKuwn4Dg%3D%3D&amp;version=1.0&amp;app_id=9021000165677275&amp;sign_type=RSA2&amp;timestamp=2026-07-26+21%3A04%3A45&amp;alipay_sdk=alipay-sdk-java-4.38.157.ALL&amp;format=json</td> </tr> <tr> <td>Server:</td> <td>openapi-55.rz21a.sandbox.alipay.net</td> </tr> <tr> <td>Date:</td> <td>2026/07/26 21:04:50</td> </tr> </table> <hr/>Powered by Tengine </body> </html> 
26-07-26.21:04:50.190 [scheduling-1    ] ERROR NoPayNotifyOrderJob    - 检测未接收到或未正确处理的支付回调通知失败
com.alipay.api.AlipayApiException: java.io.IOException: <!DOCTYPE HTML PUBLIC "-//IETF//DTD HTML 2.0//EN">
<html>
<head><title>504 Gateway Time-out</title></head>
<body bgcolor="white">
<h1>504 Gateway Time-out</h1>
<p>The gateway did not receive a timely response from the upstream server or application. Sorry for the inconvenience.<br/>
Please report this message and include the following information to us.<br/>
Thank you very much!</p>
<table>
<tr>
<td>URL:</td>
<td>http://openapi-sandbox.dl.alipaydev.com/gateway.do?charset=utf-8&amp;method=alipay.trade.query&amp;sign=IHRnWgH%2FouUffcKCXwb%2BrZjNHpL5DifqvXvvSOHEhscTsmKMd7SqwOq5VvHTkFhUEkYNGsV3lyqwf6ECYiMuNIF9g%2BvQJ3%2B7MEGOn5JHyGM3%2BLfOQQrcZo%2FFz1C%2BrBMdZutm0OaLkXQEd2pgwD8JKLxV719q%2F1D8hU71c6SkiJD%2BSUOkEuU%2BiSehmC9LJP%2B9zAdxVLmndm8mA5bnMO69mAqZl6GLZiHbpiIRCo8CwwxsoLJOe45tSXkXxWWc5Al%2Bha%2F9fAtfRWUGe2MCysQAMsWt2vqAfzQ5q30FCKef%2Fk5Do9NSVgIYjTHIf04Q499G6%2FzcBMO7hd%2FyXwBKuwn4Dg%3D%3D&amp;version=1.0&amp;app_id=9021000165677275&amp;sign_type=RSA2&amp;timestamp=2026-07-26+21%3A04%3A45&amp;alipay_sdk=alipay-sdk-java-4.38.157.ALL&amp;format=json</td>
</tr>
<tr>
<td>Server:</td>
<td>openapi-55.rz21a.sandbox.alipay.net</td>
</tr>
<tr>
<td>Date:</td>
<td>2026/07/26 21:04:50</td>
</tr>
</table>
<hr/>Powered by Tengine
</body>
</html>

	at com.alipay.api.AbstractAlipayClient.doPost(AbstractAlipayClient.java:1015)
	at com.alipay.api.AbstractAlipayClient._execute(AbstractAlipayClient.java:921)
	at com.alipay.api.AbstractAlipayClient.execute(AbstractAlipayClient.java:395)
	at com.alipay.api.AbstractAlipayClient.execute(AbstractAlipayClient.java:377)
	at com.alipay.api.AbstractAlipayClient.execute(AbstractAlipayClient.java:372)
	at com.alipay.api.AbstractAlipayClient.execute(AbstractAlipayClient.java:366)
	at cn.bugstack.trigger.job.NoPayNotifyOrderJob.exec(NoPayNotifyOrderJob.java:42)
	at java.base/jdk.internal.reflect.NativeMethodAccessorImpl.invoke0(Native Method)
	at java.base/jdk.internal.reflect.NativeMethodAccessorImpl.invoke(NativeMethodAccessorImpl.java:62)
	at java.base/jdk.internal.reflect.DelegatingMethodAccessorImpl.invoke(DelegatingMethodAccessorImpl.java:43)
	at java.base/java.lang.reflect.Method.invoke(Method.java:566)
	at org.springframework.scheduling.support.ScheduledMethodRunnable.run(ScheduledMethodRunnable.java:84)
	at org.springframework.scheduling.support.DelegatingErrorHandlingRunnable.run(DelegatingErrorHandlingRunnable.java:54)
	at org.springframework.scheduling.concurrent.ReschedulingRunnable.run(ReschedulingRunnable.java:95)
	at java.base/java.util.concurrent.Executors$RunnableAdapter.call(Executors.java:515)
	at java.base/java.util.concurrent.FutureTask.run(FutureTask.java:264)
	at java.base/java.util.concurrent.ScheduledThreadPoolExecutor$ScheduledFutureTask.run(ScheduledThreadPoolExecutor.java:304)
	at java.base/java.util.concurrent.ThreadPoolExecutor.runWorker(ThreadPoolExecutor.java:1128)
	at java.base/java.util.concurrent.ThreadPoolExecutor$Worker.run(ThreadPoolExecutor.java:628)
	at java.base/java.lang.Thread.run(Thread.java:829)
Caused by: java.io.IOException: <!DOCTYPE HTML PUBLIC "-//IETF//DTD HTML 2.0//EN">
<html>
<head><title>504 Gateway Time-out</title></head>
<body bgcolor="white">
<h1>504 Gateway Time-out</h1>
<p>The gateway did not receive a timely response from the upstream server or application. Sorry for the inconvenience.<br/>
Please report this message and include the following information to us.<br/>
Thank you very much!</p>
<table>
<tr>
<td>URL:</td>
<td>http://openapi-sandbox.dl.alipaydev.com/gateway.do?charset=utf-8&amp;method=alipay.trade.query&amp;sign=IHRnWgH%2FouUffcKCXwb%2BrZjNHpL5DifqvXvvSOHEhscTsmKMd7SqwOq5VvHTkFhUEkYNGsV3lyqwf6ECYiMuNIF9g%2BvQJ3%2B7MEGOn5JHyGM3%2BLfOQQrcZo%2FFz1C%2BrBMdZutm0OaLkXQEd2pgwD8JKLxV719q%2F1D8hU71c6SkiJD%2BSUOkEuU%2BiSehmC9LJP%2B9zAdxVLmndm8mA5bnMO69mAqZl6GLZiHbpiIRCo8CwwxsoLJOe45tSXkXxWWc5Al%2Bha%2F9fAtfRWUGe2MCysQAMsWt2vqAfzQ5q30FCKef%2Fk5Do9NSVgIYjTHIf04Q499G6%2FzcBMO7hd%2FyXwBKuwn4Dg%3D%3D&amp;version=1.0&amp;app_id=9021000165677275&amp;sign_type=RSA2&amp;timestamp=2026-07-26+21%3A04%3A45&amp;alipay_sdk=alipay-sdk-java-4.38.157.ALL&amp;format=json</td>
</tr>
<tr>
<td>Server:</td>
<td>openapi-55.rz21a.sandbox.alipay.net</td>
</tr>
<tr>
<td>Date:</td>
<td>2026/07/26 21:04:50</td>
</tr>
</table>
<hr/>Powered by Tengine
</body>
</html>

	at com.alipay.api.internal.util.WebUtils.getResponseAsString(WebUtils.java:520)
	at com.alipay.api.internal.util.WebUtils.doPost(WebUtils.java:181)
	at com.alipay.api.internal.util.WebUtils.doPost(WebUtils.java:142)
	at com.alipay.api.AbstractAlipayClient.doPost(AbstractAlipayClient.java:1003)
	... 19 common frames omitted
26-07-26.21:04:51.217 [scheduling-1    ] ERROR err                    - ErrorScene^_^40004^_^ACQ.TRADE_NOT_EXIST^_^192.168.73.1^_^Windows 11^_^2026-07-26 21:04:51^_^ProtocalMustParams:charset=utf-8&method=alipay.trade.query&sign=Hr9pGjd92Pl/xmXeXmvO7k3Cfu9m2V9aokKz/tXhGUdqGFS8NYQPBki6i+gH3MCm44YpPpt3HAybz6iAfouD9WmdW/y38qIwB9slMkl4kCGr5Lm+RlzOqcFdUajj08vSVB+RWIgf9BOoJoXBat/SD+aL0eVI0ychB8bA7f4/408qypQjz06Ezv9gDXGsQK06JQRlccMrPIX8S22SB+zhNpizB0pUkhg09oPXab1vlBmUFKiEo45nc384+xaDyyVUpBFWyJohkI3P5M8BJhxuXKMlsEizdT1wsJH17wek8NqxSINUGXmcqeTuBxN08Q8I29F8Oke+1jL8BLN/nCkgXQ==&version=1.0&app_id=9021000165677275&sign_type=RSA2&timestamp=2026-07-26 21:04:51^_^ProtocalOptParams:alipay_sdk=alipay-sdk-java-4.38.157.ALL&format=json^_^ApplicationParams:traceId=060d6922178507109113033533502569&biz_content={"out_trade_no":"59214591885269"}^_^Body:{"alipay_trade_query_response":{"msg":"Business Failed","code":"40004","out_trade_no":"59214591885269","sub_msg":"交易不存在","sub_code":"ACQ.TRADE_NOT_EXIST","receipt_amount":"0.00","point_amount":"0.00","buyer_pay_amount":"0.00","invoice_amount":"0.00"},"sign":"IlGZ9x5UhNF2eAqdNMzeNXtVmLVeP4WAHqOs3UIoTeNqOZPSKddjkKWyTMN0yOnmdmvXLs65xA8iLe3vMAOcTv3IRc5Ly+sfXiILXIoyDMo48N1nGL00QjpY712N35H3czuLP1upFRYorbFoh87mPrUkchUunF+PEBdfORFul87T4s2hkFE5Fl1M1wxQAAUDsoOdZiXF4N0VIlZn8XpWkwGhUJTSzC4T5bTxJpGdI0AVbbLy9QZu0eXIaXEtwYSVDV1oFLVBE/DEmKpridtTn9/6ZOtOpBhjgylpbP+J+f2SCp37feezNW+mRc7kxKeaJfjjdbn7pTI1TeynheyWLQ=="}^_^3ms,199ms,9ms^_^trace_id:060d6922178507109113033533502569
26-07-26.21:04:51.218 [scheduling-1    ] INFO  NoPayNotifyOrderJob    - 检测未接收到或未正确处理的支付回调通知，订单未支付成功 orderId:59214591885269 code:40004 tradeStatus:null
26-07-26.21:04:56.390 [scheduling-1    ] ERROR err                    - 2026-07-26 21:04:56^_^alipay.trade.query^_^null^_^192.168.73.1^_^Windows 11^_^alipay-sdk-java-4.38.157.ALL^_^https://openapi-sandbox.dl.alipaydev.com/gateway.do?charset=utf-8&method=alipay.trade.query&sign=hhNNiV%2FvcL1tzhGl0LzJAfnEOKz7i2HXS8DEHEv%2FSNXE4YJ%2FgAL5q7CsnwW9DNgDqAgIq0hmYEZ%2ByI5TJF8J5WeuJ1TivON1%2FRWz%2BKvohoh4et7ZR4MY7r2S4BJWP68ETbYfV7mKQQzTX2WcPZpowRszM8wVjufoBcszdEOo7dOyovCt0YU69vuWFGDIttOB0h6MoghnaeY1Jcg76cEQeMhBUDF6IjVTCbBFl0KMcgnNy1ER71vMERGYVvxKJtFvNWPeA2JhmJUFnoFLOwdn302HL7MFDzixGWn7HDzKrSZgzdAVB2TrtRC7dMe%2F%2BRPrlvAmkptndR16EghRa8%2FDyg%3D%3D&version=1.0&app_id=9021000165677275&sign_type=RSA2&timestamp=2026-07-26+21%3A04%3A51&alipay_sdk=alipay-sdk-java-4.38.157.ALL&format=json^_^^_^<!DOCTYPE HTML PUBLIC "-//IETF//DTD HTML 2.0//EN"> <html> <head><title>504 Gateway Time-out</title></head> <body bgcolor="white"> <h1>504 Gateway Time-out</h1> <p>The gateway did not receive a timely response from the upstream server or application. Sorry for the inconvenience.<br/> Please report this message and include the following information to us.<br/> Thank you very much!</p> <table> <tr> <td>URL:</td> <td>http://openapi-sandbox.dl.alipaydev.com/gateway.do?charset=utf-8&amp;method=alipay.trade.query&amp;sign=hhNNiV%2FvcL1tzhGl0LzJAfnEOKz7i2HXS8DEHEv%2FSNXE4YJ%2FgAL5q7CsnwW9DNgDqAgIq0hmYEZ%2ByI5TJF8J5WeuJ1TivON1%2FRWz%2BKvohoh4et7ZR4MY7r2S4BJWP68ETbYfV7mKQQzTX2WcPZpowRszM8wVjufoBcszdEOo7dOyovCt0YU69vuWFGDIttOB0h6MoghnaeY1Jcg76cEQeMhBUDF6IjVTCbBFl0KMcgnNy1ER71vMERGYVvxKJtFvNWPeA2JhmJUFnoFLOwdn302HL7MFDzixGWn7HDzKrSZgzdAVB2TrtRC7dMe%2F%2BRPrlvAmkptndR16EghRa8%2FDyg%3D%3D&amp;version=1.0&amp;app_id=9021000165677275&amp;sign_type=RSA2&amp;timestamp=2026-07-26+21%3A04%3A51&amp;alipay_sdk=alipay-sdk-java-4.38.157.ALL&amp;format=json</td> </tr> <tr> <td>Server:</td> <td>openapi-57.rz21a.sandbox.alipay.net</td> </tr> <tr> <td>Date:</td> <td>2026/07/26 21:04:56</td> </tr> </table> <hr/>Powered by Tengine </body> </html> 
26-07-26.21:04:56.390 [scheduling-1    ] ERROR NoPayNotifyOrderJob    - 检测未接收到或未正确处理的支付回调通知失败
com.alipay.api.AlipayApiException: java.io.IOException: <!DOCTYPE HTML PUBLIC "-//IETF//DTD HTML 2.0//EN">
<html>
<head><title>504 Gateway Time-out</title></head>
<body bgcolor="white">
<h1>504 Gateway Time-out</h1>
<p>The gateway did not receive a timely response from the upstream server or application. Sorry for the inconvenience.<br/>
Please report this message and include the following information to us.<br/>
Thank you very much!</p>
<table>
<tr>
<td>URL:</td>
<td>http://openapi-sandbox.dl.alipaydev.com/gateway.do?charset=utf-8&amp;method=alipay.trade.query&amp;sign=hhNNiV%2FvcL1tzhGl0LzJAfnEOKz7i2HXS8DEHEv%2FSNXE4YJ%2FgAL5q7CsnwW9DNgDqAgIq0hmYEZ%2ByI5TJF8J5WeuJ1TivON1%2FRWz%2BKvohoh4et7ZR4MY7r2S4BJWP68ETbYfV7mKQQzTX2WcPZpowRszM8wVjufoBcszdEOo7dOyovCt0YU69vuWFGDIttOB0h6MoghnaeY1Jcg76cEQeMhBUDF6IjVTCbBFl0KMcgnNy1ER71vMERGYVvxKJtFvNWPeA2JhmJUFnoFLOwdn302HL7MFDzixGWn7HDzKrSZgzdAVB2TrtRC7dMe%2F%2BRPrlvAmkptndR16EghRa8%2FDyg%3D%3D&amp;version=1.0&amp;app_id=9021000165677275&amp;sign_type=RSA2&amp;timestamp=2026-07-26+21%3A04%3A51&amp;alipay_sdk=alipay-sdk-java-4.38.157.ALL&amp;format=json</td>
</tr>
<tr>
<td>Server:</td>
<td>openapi-57.rz21a.sandbox.alipay.net</td>
</tr>
<tr>
<td>Date:</td>
<td>2026/07/26 21:04:56</td>
</tr>
</table>
<hr/>Powered by Tengine
</body>
</html>

	at com.alipay.api.AbstractAlipayClient.doPost(AbstractAlipayClient.java:1015)
	at com.alipay.api.AbstractAlipayClient._execute(AbstractAlipayClient.java:921)
	at com.alipay.api.AbstractAlipayClient.execute(AbstractAlipayClient.java:395)
	at com.alipay.api.AbstractAlipayClient.execute(AbstractAlipayClient.java:377)
	at com.alipay.api.AbstractAlipayClient.execute(AbstractAlipayClient.java:372)
	at com.alipay.api.AbstractAlipayClient.execute(AbstractAlipayClient.java:366)
	at cn.bugstack.trigger.job.NoPayNotifyOrderJob.exec(NoPayNotifyOrderJob.java:42)
	at java.base/jdk.internal.reflect.NativeMethodAccessorImpl.invoke0(Native Method)
	at java.base/jdk.internal.reflect.NativeMethodAccessorImpl.invoke(NativeMethodAccessorImpl.java:62)
	at java.base/jdk.internal.reflect.DelegatingMethodAccessorImpl.invoke(DelegatingMethodAccessorImpl.java:43)
	at java.base/java.lang.reflect.Method.invoke(Method.java:566)
	at org.springframework.scheduling.support.ScheduledMethodRunnable.run(ScheduledMethodRunnable.java:84)
	at org.springframework.scheduling.support.DelegatingErrorHandlingRunnable.run(DelegatingErrorHandlingRunnable.java:54)
	at org.springframework.scheduling.concurrent.ReschedulingRunnable.run(ReschedulingRunnable.java:95)
	at java.base/java.util.concurrent.Executors$RunnableAdapter.call(Executors.java:515)
	at java.base/java.util.concurrent.FutureTask.run(FutureTask.java:264)
	at java.base/java.util.concurrent.ScheduledThreadPoolExecutor$ScheduledFutureTask.run(ScheduledThreadPoolExecutor.java:304)
	at java.base/java.util.concurrent.ThreadPoolExecutor.runWorker(ThreadPoolExecutor.java:1128)
	at java.base/java.util.concurrent.ThreadPoolExecutor$Worker.run(ThreadPoolExecutor.java:628)
	at java.base/java.lang.Thread.run(Thread.java:829)
Caused by: java.io.IOException: <!DOCTYPE HTML PUBLIC "-//IETF//DTD HTML 2.0//EN">
<html>
<head><title>504 Gateway Time-out</title></head>
<body bgcolor="white">
<h1>504 Gateway Time-out</h1>
<p>The gateway did not receive a timely response from the upstream server or application. Sorry for the inconvenience.<br/>
Please report this message and include the following information to us.<br/>
Thank you very much!</p>
<table>
<tr>
<td>URL:</td>
<td>http://openapi-sandbox.dl.alipaydev.com/gateway.do?charset=utf-8&amp;method=alipay.trade.query&amp;sign=hhNNiV%2FvcL1tzhGl0LzJAfnEOKz7i2HXS8DEHEv%2FSNXE4YJ%2FgAL5q7CsnwW9DNgDqAgIq0hmYEZ%2ByI5TJF8J5WeuJ1TivON1%2FRWz%2BKvohoh4et7ZR4MY7r2S4BJWP68ETbYfV7mKQQzTX2WcPZpowRszM8wVjufoBcszdEOo7dOyovCt0YU69vuWFGDIttOB0h6MoghnaeY1Jcg76cEQeMhBUDF6IjVTCbBFl0KMcgnNy1ER71vMERGYVvxKJtFvNWPeA2JhmJUFnoFLOwdn302HL7MFDzixGWn7HDzKrSZgzdAVB2TrtRC7dMe%2F%2BRPrlvAmkptndR16EghRa8%2FDyg%3D%3D&amp;version=1.0&amp;app_id=9021000165677275&amp;sign_type=RSA2&amp;timestamp=2026-07-26+21%3A04%3A51&amp;alipay_sdk=alipay-sdk-java-4.38.157.ALL&amp;format=json</td>
</tr>
<tr>
<td>Server:</td>
<td>openapi-57.rz21a.sandbox.alipay.net</td>
</tr>
<tr>
<td>Date:</td>
<td>2026/07/26 21:04:56</td>
</tr>
</table>
<hr/>Powered by Tengine
</body>
</html>

	at com.alipay.api.internal.util.WebUtils.getResponseAsString(WebUtils.java:520)
	at com.alipay.api.internal.util.WebUtils.doPost(WebUtils.java:181)
	at com.alipay.api.internal.util.WebUtils.doPost(WebUtils.java:142)
	at com.alipay.api.AbstractAlipayClient.doPost(AbstractAlipayClient.java:1003)
	... 19 common frames omitted
26-07-26.21:05:02.198 [scheduling-1    ] ERROR err                    - 2026-07-26 21:05:02^_^alipay.trade.query^_^null^_^192.168.73.1^_^Windows 11^_^alipay-sdk-java-4.38.157.ALL^_^https://openapi-sandbox.dl.alipaydev.com/gateway.do?charset=utf-8&method=alipay.trade.query&sign=U8iUAuXanYmBiPAL2BDG4BJwU9J4dABMQru8B2YkBxrX4L6q%2Fv5CHIHIkdCD046p3aSsxcrByX1yLgZ6Ob9evHUjo7NeyzvBD%2FSIYxvES9BQLyYdemjuFvBqgMaPZyejgiQwRSLk5qFdQ5STxeUDShhwzXZsgFyPvmRolP2KpkzHLCq9%2BGHd5k2cZEhgyPUeK2NEvZbXggToAw7rNekezzN4OkSUnSF6oaJKTuf0cq3d8nasDKLpohA5UnAgfyNbxO4NvarAoBEmbdn6C4MHXUzpGqCvuTDy3FoT4h%2FYYYq3xOjfUdIFJkzk%2FSJDhGVRRYee7g7s9kLJeqQQRZ40PA%3D%3D&version=1.0&app_id=9021000165677275&sign_type=RSA2&timestamp=2026-07-26+21%3A04%3A57&alipay_sdk=alipay-sdk-java-4.38.157.ALL&format=json^_^^_^<!DOCTYPE HTML PUBLIC "-//IETF//DTD HTML 2.0//EN"> <html> <head><title>504 Gateway Time-out</title></head> <body bgcolor="white"> <h1>504 Gateway Time-out</h1> <p>The gateway did not receive a timely response from the upstream server or application. Sorry for the inconvenience.<br/> Please report this message and include the following information to us.<br/> Thank you very much!</p> <table> <tr> <td>URL:</td> <td>http://openapi-sandbox.dl.alipaydev.com/gateway.do?charset=utf-8&amp;method=alipay.trade.query&amp;sign=U8iUAuXanYmBiPAL2BDG4BJwU9J4dABMQru8B2YkBxrX4L6q%2Fv5CHIHIkdCD046p3aSsxcrByX1yLgZ6Ob9evHUjo7NeyzvBD%2FSIYxvES9BQLyYdemjuFvBqgMaPZyejgiQwRSLk5qFdQ5STxeUDShhwzXZsgFyPvmRolP2KpkzHLCq9%2BGHd5k2cZEhgyPUeK2NEvZbXggToAw7rNekezzN4OkSUnSF6oaJKTuf0cq3d8nasDKLpohA5UnAgfyNbxO4NvarAoBEmbdn6C4MHXUzpGqCvuTDy3FoT4h%2FYYYq3xOjfUdIFJkzk%2FSJDhGVRRYee7g7s9kLJeqQQRZ40PA%3D%3D&amp;version=1.0&amp;app_id=9021000165677275&amp;sign_type=RSA2&amp;timestamp=2026-07-26+21%3A04%3A57&amp;alipay_sdk=alipay-sdk-java-4.38.157.ALL&amp;format=json</td> </tr> <tr> <td>Server:</td> <td>openapi-57.rz21a.sandbox.alipay.net</td> </tr> <tr> <td>Date:</td> <td>2026/07/26 21:05:02</td> </tr> </table> <hr/>Powered by Tengine </body> </html> 
26-07-26.21:05:02.199 [scheduling-1    ] ERROR NoPayNotifyOrderJob    - 检测未接收到或未正确处理的支付回调通知失败
com.alipay.api.AlipayApiException: java.io.IOException: <!DOCTYPE HTML PUBLIC "-//IETF//DTD HTML 2.0//EN">
<html>
<head><title>504 Gateway Time-out</title></head>
<body bgcolor="white">
<h1>504 Gateway Time-out</h1>
<p>The gateway did not receive a timely response from the upstream server or application. Sorry for the inconvenience.<br/>
Please report this message and include the following information to us.<br/>
Thank you very much!</p>
<table>
<tr>
<td>URL:</td>
<td>http://openapi-sandbox.dl.alipaydev.com/gateway.do?charset=utf-8&amp;method=alipay.trade.query&amp;sign=U8iUAuXanYmBiPAL2BDG4BJwU9J4dABMQru8B2YkBxrX4L6q%2Fv5CHIHIkdCD046p3aSsxcrByX1yLgZ6Ob9evHUjo7NeyzvBD%2FSIYxvES9BQLyYdemjuFvBqgMaPZyejgiQwRSLk5qFdQ5STxeUDShhwzXZsgFyPvmRolP2KpkzHLCq9%2BGHd5k2cZEhgyPUeK2NEvZbXggToAw7rNekezzN4OkSUnSF6oaJKTuf0cq3d8nasDKLpohA5UnAgfyNbxO4NvarAoBEmbdn6C4MHXUzpGqCvuTDy3FoT4h%2FYYYq3xOjfUdIFJkzk%2FSJDhGVRRYee7g7s9kLJeqQQRZ40PA%3D%3D&amp;version=1.0&amp;app_id=9021000165677275&amp;sign_type=RSA2&amp;timestamp=2026-07-26+21%3A04%3A57&amp;alipay_sdk=alipay-sdk-java-4.38.157.ALL&amp;format=json</td>
</tr>
<tr>
<td>Server:</td>
<td>openapi-57.rz21a.sandbox.alipay.net</td>
</tr>
<tr>
<td>Date:</td>
<td>2026/07/26 21:05:02</td>
</tr>
</table>
<hr/>Powered by Tengine
</body>
</html>

	at com.alipay.api.AbstractAlipayClient.doPost(AbstractAlipayClient.java:1015)
	at com.alipay.api.AbstractAlipayClient._execute(AbstractAlipayClient.java:921)
	at com.alipay.api.AbstractAlipayClient.execute(AbstractAlipayClient.java:395)
	at com.alipay.api.AbstractAlipayClient.execute(AbstractAlipayClient.java:377)
	at com.alipay.api.AbstractAlipayClient.execute(AbstractAlipayClient.java:372)
	at com.alipay.api.AbstractAlipayClient.execute(AbstractAlipayClient.java:366)
	at cn.bugstack.trigger.job.NoPayNotifyOrderJob.exec(NoPayNotifyOrderJob.java:42)
	at java.base/jdk.internal.reflect.NativeMethodAccessorImpl.invoke0(Native Method)
	at java.base/jdk.internal.reflect.NativeMethodAccessorImpl.invoke(NativeMethodAccessorImpl.java:62)
	at java.base/jdk.internal.reflect.DelegatingMethodAccessorImpl.invoke(DelegatingMethodAccessorImpl.java:43)
	at java.base/java.lang.reflect.Method.invoke(Method.java:566)
	at org.springframework.scheduling.support.ScheduledMethodRunnable.run(ScheduledMethodRunnable.java:84)
	at org.springframework.scheduling.support.DelegatingErrorHandlingRunnable.run(DelegatingErrorHandlingRunnable.java:54)
	at org.springframework.scheduling.concurrent.ReschedulingRunnable.run(ReschedulingRunnable.java:95)
	at java.base/java.util.concurrent.Executors$RunnableAdapter.call(Executors.java:515)
	at java.base/java.util.concurrent.FutureTask.run(FutureTask.java:264)
	at java.base/java.util.concurrent.ScheduledThreadPoolExecutor$ScheduledFutureTask.run(ScheduledThreadPoolExecutor.java:304)
	at java.base/java.util.concurrent.ThreadPoolExecutor.runWorker(ThreadPoolExecutor.java:1128)
	at java.base/java.util.concurrent.ThreadPoolExecutor$Worker.run(ThreadPoolExecutor.java:628)
	at java.base/java.lang.Thread.run(Thread.java:829)
Caused by: java.io.IOException: <!DOCTYPE HTML PUBLIC "-//IETF//DTD HTML 2.0//EN">
<html>
<head><title>504 Gateway Time-out</title></head>
<body bgcolor="white">
<h1>504 Gateway Time-out</h1>
<p>The gateway did not receive a timely response from the upstream server or application. Sorry for the inconvenience.<br/>
Please report this message and include the following information to us.<br/>
Thank you very much!</p>
<table>
<tr>
<td>URL:</td>
<td>http://openapi-sandbox.dl.alipaydev.com/gateway.do?charset=utf-8&amp;method=alipay.trade.query&amp;sign=U8iUAuXanYmBiPAL2BDG4BJwU9J4dABMQru8B2YkBxrX4L6q%2Fv5CHIHIkdCD046p3aSsxcrByX1yLgZ6Ob9evHUjo7NeyzvBD%2FSIYxvES9BQLyYdemjuFvBqgMaPZyejgiQwRSLk5qFdQ5STxeUDShhwzXZsgFyPvmRolP2KpkzHLCq9%2BGHd5k2cZEhgyPUeK2NEvZbXggToAw7rNekezzN4OkSUnSF6oaJKTuf0cq3d8nasDKLpohA5UnAgfyNbxO4NvarAoBEmbdn6C4MHXUzpGqCvuTDy3FoT4h%2FYYYq3xOjfUdIFJkzk%2FSJDhGVRRYee7g7s9kLJeqQQRZ40PA%3D%3D&amp;version=1.0&amp;app_id=9021000165677275&amp;sign_type=RSA2&amp;timestamp=2026-07-26+21%3A04%3A57&amp;alipay_sdk=alipay-sdk-java-4.38.157.ALL&amp;format=json</td>
</tr>
<tr>
<td>Server:</td>
<td>openapi-57.rz21a.sandbox.alipay.net</td>
</tr>
<tr>
<td>Date:</td>
<td>2026/07/26 21:05:02</td>
</tr>
</table>
<hr/>Powered by Tengine
</body>
</html>

	at com.alipay.api.internal.util.WebUtils.getResponseAsString(WebUtils.java:520)
	at com.alipay.api.internal.util.WebUtils.doPost(WebUtils.java:181)
	at com.alipay.api.internal.util.WebUtils.doPost(WebUtils.java:142)
	at com.alipay.api.AbstractAlipayClient.doPost(AbstractAlipayClient.java:1003)
	... 19 common frames omitted
26-07-26.21:05:03.226 [scheduling-1    ] ERROR err                    - ErrorScene^_^40004^_^ACQ.TRADE_NOT_EXIST^_^192.168.73.1^_^Windows 11^_^2026-07-26 21:05:03^_^ProtocalMustParams:charset=utf-8&method=alipay.trade.query&sign=AEo3AAFJZmkm+vk6AXSr4e0qXO/5BcYsbKFd7tlzhRIQ2O1qhyBO0RR9IYY3EDDw3BNAorSu+tREjcxV9XUA7EaTmSwUaffh2lgqrHpB3aHNjwmNsGKtZLqkG0LGvo47GVtMV/3l78e+Z99K8YBQ7BiZ3zP6Eq6T6sdcWNRvljcYJZFuAt7Ry+gzzcxmQaG0B4NUs10wbgRlE9DQKANU5edTN8x7cpeERlZae+faAG/XvGoi9K+fIEtvSt19iA03Qojk8Iv7XCT6OWlkMpDheHxPZcwGVnGzou8OHZGdZXne4J9cFPww+no3XgrVNzkGCw3kFWhpRwZccV9WMcSbYQ==&version=1.0&app_id=9021000165677275&sign_type=RSA2&timestamp=2026-07-26 21:05:03^_^ProtocalOptParams:alipay_sdk=alipay-sdk-java-4.38.157.ALL&format=json^_^ApplicationParams:traceId=060d6922178507110313934023502569&biz_content={"out_trade_no":"59214591885269"}^_^Body:{"alipay_trade_query_response":{"msg":"Business Failed","code":"40004","out_trade_no":"59214591885269","sub_msg":"交易不存在","sub_code":"ACQ.TRADE_NOT_EXIST","receipt_amount":"0.00","point_amount":"0.00","buyer_pay_amount":"0.00","invoice_amount":"0.00"},"sign":"IlGZ9x5UhNF2eAqdNMzeNXtVmLVeP4WAHqOs3UIoTeNqOZPSKddjkKWyTMN0yOnmdmvXLs65xA8iLe3vMAOcTv3IRc5Ly+sfXiILXIoyDMo48N1nGL00QjpY712N35H3czuLP1upFRYorbFoh87mPrUkchUunF+PEBdfORFul87T4s2hkFE5Fl1M1wxQAAUDsoOdZiXF4N0VIlZn8XpWkwGhUJTSzC4T5bTxJpGdI0AVbbLy9QZu0eXIaXEtwYSVDV1oFLVBE/DEmKpridtTn9/6ZOtOpBhjgylpbP+J+f2SCp37feezNW+mRc7kxKeaJfjjdbn7pTI1TeynheyWLQ=="}^_^8ms,194ms,9ms^_^trace_id:060d6922178507110313934023502569
26-07-26.21:05:03.226 [scheduling-1    ] INFO  NoPayNotifyOrderJob    - 检测未接收到或未正确处理的支付回调通知，订单未支付成功 orderId:59214591885269 code:40004 tradeStatus:null
26-07-26.21:05:08.351 [scheduling-1    ] ERROR err                    - 2026-07-26 21:05:08^_^alipay.trade.query^_^null^_^192.168.73.1^_^Windows 11^_^alipay-sdk-java-4.38.157.ALL^_^https://openapi-sandbox.dl.alipaydev.com/gateway.do?charset=utf-8&method=alipay.trade.query&sign=k5Gk0o65mfvzhmm5lhFdZ6fCdcbLwp9qF5oDkI94M1Kq%2BQ1Syk4%2FHqTmP0GfqBdOV6UBpUFqiCDS%2Bru1aHQWDdQ4AnGvZHa8%2FrSPnJNJMWiKPHKXjT5wyWUkgvG4KRFMQEXGraXY52NFPJFd60p1NYAeM3oKrdaVC8corGPNyrEe6R7Wvsc3rp%2FpzIGvWqYoGE%2Bnd3PkOtP6yyuwmHgF5dMRay0VGnmXeYCV4mfavzNQ4VanMgrVaG2NSMWXX8p9APiz7HnpXABonAllXRA0djqKDNPYxOMSYBMJ3NqWzTsa%2Fs%2FD4eDjIfEo%2BwoCbs52mjEZ6Cl2EHirzMmntQ%2FMzw%3D%3D&version=1.0&app_id=9021000165677275&sign_type=RSA2&timestamp=2026-07-26+21%3A05%3A03&alipay_sdk=alipay-sdk-java-4.38.157.ALL&format=json^_^^_^<!DOCTYPE HTML PUBLIC "-//IETF//DTD HTML 2.0//EN"> <html> <head><title>504 Gateway Time-out</title></head> <body bgcolor="white"> <h1>504 Gateway Time-out</h1> <p>The gateway did not receive a timely response from the upstream server or application. Sorry for the inconvenience.<br/> Please report this message and include the following information to us.<br/> Thank you very much!</p> <table> <tr> <td>URL:</td> <td>http://openapi-sandbox.dl.alipaydev.com/gateway.do?charset=utf-8&amp;method=alipay.trade.query&amp;sign=k5Gk0o65mfvzhmm5lhFdZ6fCdcbLwp9qF5oDkI94M1Kq%2BQ1Syk4%2FHqTmP0GfqBdOV6UBpUFqiCDS%2Bru1aHQWDdQ4AnGvZHa8%2FrSPnJNJMWiKPHKXjT5wyWUkgvG4KRFMQEXGraXY52NFPJFd60p1NYAeM3oKrdaVC8corGPNyrEe6R7Wvsc3rp%2FpzIGvWqYoGE%2Bnd3PkOtP6yyuwmHgF5dMRay0VGnmXeYCV4mfavzNQ4VanMgrVaG2NSMWXX8p9APiz7HnpXABonAllXRA0djqKDNPYxOMSYBMJ3NqWzTsa%2Fs%2FD4eDjIfEo%2BwoCbs52mjEZ6Cl2EHirzMmntQ%2FMzw%3D%3D&amp;version=1.0&amp;app_id=9021000165677275&amp;sign_type=RSA2&amp;timestamp=2026-07-26+21%3A05%3A03&amp;alipay_sdk=alipay-sdk-java-4.38.157.ALL&amp;format=json</td> </tr> <tr> <td>Server:</td> <td>openapi-57.rz21a.sandbox.alipay.net</td> </tr> <tr> <td>Date:</td> <td>2026/07/26 21:05:08</td> </tr> </table> <hr/>Powered by Tengine </body> </html> 
26-07-26.21:05:08.351 [scheduling-1    ] ERROR NoPayNotifyOrderJob    - 检测未接收到或未正确处理的支付回调通知失败
com.alipay.api.AlipayApiException: java.io.IOException: <!DOCTYPE HTML PUBLIC "-//IETF//DTD HTML 2.0//EN">
<html>
<head><title>504 Gateway Time-out</title></head>
<body bgcolor="white">
<h1>504 Gateway Time-out</h1>
<p>The gateway did not receive a timely response from the upstream server or application. Sorry for the inconvenience.<br/>
Please report this message and include the following information to us.<br/>
Thank you very much!</p>
<table>
<tr>
<td>URL:</td>
<td>http://openapi-sandbox.dl.alipaydev.com/gateway.do?charset=utf-8&amp;method=alipay.trade.query&amp;sign=k5Gk0o65mfvzhmm5lhFdZ6fCdcbLwp9qF5oDkI94M1Kq%2BQ1Syk4%2FHqTmP0GfqBdOV6UBpUFqiCDS%2Bru1aHQWDdQ4AnGvZHa8%2FrSPnJNJMWiKPHKXjT5wyWUkgvG4KRFMQEXGraXY52NFPJFd60p1NYAeM3oKrdaVC8corGPNyrEe6R7Wvsc3rp%2FpzIGvWqYoGE%2Bnd3PkOtP6yyuwmHgF5dMRay0VGnmXeYCV4mfavzNQ4VanMgrVaG2NSMWXX8p9APiz7HnpXABonAllXRA0djqKDNPYxOMSYBMJ3NqWzTsa%2Fs%2FD4eDjIfEo%2BwoCbs52mjEZ6Cl2EHirzMmntQ%2FMzw%3D%3D&amp;version=1.0&amp;app_id=9021000165677275&amp;sign_type=RSA2&amp;timestamp=2026-07-26+21%3A05%3A03&amp;alipay_sdk=alipay-sdk-java-4.38.157.ALL&amp;format=json</td>
</tr>
<tr>
<td>Server:</td>
<td>openapi-57.rz21a.sandbox.alipay.net</td>
</tr>
<tr>
<td>Date:</td>
<td>2026/07/26 21:05:08</td>
</tr>
</table>
<hr/>Powered by Tengine
</body>
</html>

	at com.alipay.api.AbstractAlipayClient.doPost(AbstractAlipayClient.java:1015)
	at com.alipay.api.AbstractAlipayClient._execute(AbstractAlipayClient.java:921)
	at com.alipay.api.AbstractAlipayClient.execute(AbstractAlipayClient.java:395)
	at com.alipay.api.AbstractAlipayClient.execute(AbstractAlipayClient.java:377)
	at com.alipay.api.AbstractAlipayClient.execute(AbstractAlipayClient.java:372)
	at com.alipay.api.AbstractAlipayClient.execute(AbstractAlipayClient.java:366)
	at cn.bugstack.trigger.job.NoPayNotifyOrderJob.exec(NoPayNotifyOrderJob.java:42)
	at jdk.internal.reflect.GeneratedMethodAccessor23.invoke(Unknown Source)
	at java.base/jdk.internal.reflect.DelegatingMethodAccessorImpl.invoke(DelegatingMethodAccessorImpl.java:43)
	at java.base/java.lang.reflect.Method.invoke(Method.java:566)
	at org.springframework.scheduling.support.ScheduledMethodRunnable.run(ScheduledMethodRunnable.java:84)
	at org.springframework.scheduling.support.DelegatingErrorHandlingRunnable.run(DelegatingErrorHandlingRunnable.java:54)
	at org.springframework.scheduling.concurrent.ReschedulingRunnable.run(ReschedulingRunnable.java:95)
	at java.base/java.util.concurrent.Executors$RunnableAdapter.call(Executors.java:515)
	at java.base/java.util.concurrent.FutureTask.run(FutureTask.java:264)
	at java.base/java.util.concurrent.ScheduledThreadPoolExecutor$ScheduledFutureTask.run(ScheduledThreadPoolExecutor.java:304)
	at java.base/java.util.concurrent.ThreadPoolExecutor.runWorker(ThreadPoolExecutor.java:1128)
	at java.base/java.util.concurrent.ThreadPoolExecutor$Worker.run(ThreadPoolExecutor.java:628)
	at java.base/java.lang.Thread.run(Thread.java:829)
Caused by: java.io.IOException: <!DOCTYPE HTML PUBLIC "-//IETF//DTD HTML 2.0//EN">
<html>
<head><title>504 Gateway Time-out</title></head>
<body bgcolor="white">
<h1>504 Gateway Time-out</h1>
<p>The gateway did not receive a timely response from the upstream server or application. Sorry for the inconvenience.<br/>
Please report this message and include the following information to us.<br/>
Thank you very much!</p>
<table>
<tr>
<td>URL:</td>
<td>http://openapi-sandbox.dl.alipaydev.com/gateway.do?charset=utf-8&amp;method=alipay.trade.query&amp;sign=k5Gk0o65mfvzhmm5lhFdZ6fCdcbLwp9qF5oDkI94M1Kq%2BQ1Syk4%2FHqTmP0GfqBdOV6UBpUFqiCDS%2Bru1aHQWDdQ4AnGvZHa8%2FrSPnJNJMWiKPHKXjT5wyWUkgvG4KRFMQEXGraXY52NFPJFd60p1NYAeM3oKrdaVC8corGPNyrEe6R7Wvsc3rp%2FpzIGvWqYoGE%2Bnd3PkOtP6yyuwmHgF5dMRay0VGnmXeYCV4mfavzNQ4VanMgrVaG2NSMWXX8p9APiz7HnpXABonAllXRA0djqKDNPYxOMSYBMJ3NqWzTsa%2Fs%2FD4eDjIfEo%2BwoCbs52mjEZ6Cl2EHirzMmntQ%2FMzw%3D%3D&amp;version=1.0&amp;app_id=9021000165677275&amp;sign_type=RSA2&amp;timestamp=2026-07-26+21%3A05%3A03&amp;alipay_sdk=alipay-sdk-java-4.38.157.ALL&amp;format=json</td>
</tr>
<tr>
<td>Server:</td>
<td>openapi-57.rz21a.sandbox.alipay.net</td>
</tr>
<tr>
<td>Date:</td>
<td>2026/07/26 21:05:08</td>
</tr>
</table>
<hr/>Powered by Tengine
</body>
</html>

	at com.alipay.api.internal.util.WebUtils.getResponseAsString(WebUtils.java:520)
	at com.alipay.api.internal.util.WebUtils.doPost(WebUtils.java:181)
	at com.alipay.api.internal.util.WebUtils.doPost(WebUtils.java:142)
	at com.alipay.api.AbstractAlipayClient.doPost(AbstractAlipayClient.java:1003)
	... 18 common frames omitted
26-07-26.21:05:09.227 [scheduling-1    ] ERROR err                    - ErrorScene^_^40004^_^ACQ.TRADE_NOT_EXIST^_^192.168.73.1^_^Windows 11^_^2026-07-26 21:05:09^_^ProtocalMustParams:charset=utf-8&method=alipay.trade.query&sign=YOlKRdOajEA1VmKKNtMz1yPSozUHCLbcplP0gPZc8ZY0rxUoCXrgRiLtgyqPboXVSCdz8V93WaYvRpRvHHhm1N+K5CIZmlSLmWByCSkMtOcSh3Hn69H+2RkZ0t6TbtaEzQgCEN+PxBInPpjK5SpRbEFtEnqTeefv8+rnjb/6qW6VouFbLMQI6BgdUysZae1NuaeEhEG2gh0OODcJhxgqz9oF64JCR+8p70Jz4nyIZBihcuizzaSfb1iOQ5cf2c25J5hgUoUlQKaMpUy9j8o8DywrfweAscnFCpPR+LHpETYi0G1CorjabueNFFaQd45CIkR+sF5acVGKzAbPizKMVQ==&version=1.0&app_id=9021000165677275&sign_type=RSA2&timestamp=2026-07-26 21:05:09^_^ProtocalOptParams:alipay_sdk=alipay-sdk-java-4.38.157.ALL&format=json^_^ApplicationParams:traceId=06002c4e178507110913965401578980&biz_content={"out_trade_no":"59214591885269"}^_^Body:{"alipay_trade_query_response":{"msg":"Business Failed","code":"40004","out_trade_no":"59214591885269","sub_msg":"交易不存在","sub_code":"ACQ.TRADE_NOT_EXIST","receipt_amount":"0.00","point_amount":"0.00","buyer_pay_amount":"0.00","invoice_amount":"0.00"},"sign":"IlGZ9x5UhNF2eAqdNMzeNXtVmLVeP4WAHqOs3UIoTeNqOZPSKddjkKWyTMN0yOnmdmvXLs65xA8iLe3vMAOcTv3IRc5Ly+sfXiILXIoyDMo48N1nGL00QjpY712N35H3czuLP1upFRYorbFoh87mPrUkchUunF+PEBdfORFul87T4s2hkFE5Fl1M1wxQAAUDsoOdZiXF4N0VIlZn8XpWkwGhUJTSzC4T5bTxJpGdI0AVbbLy9QZu0eXIaXEtwYSVDV1oFLVBE/DEmKpridtTn9/6ZOtOpBhjgylpbP+J+f2SCp37feezNW+mRc7kxKeaJfjjdbn7pTI1TeynheyWLQ=="}^_^9ms,201ms,10ms^_^trace_id:06002c4e178507110913965401578980
26-07-26.21:05:09.227 [scheduling-1    ] INFO  NoPayNotifyOrderJob    - 检测未接收到或未正确处理的支付回调通知，订单未支付成功 orderId:59214591885269 code:40004 tradeStatus:null
26-07-26.21:05:09.459 [scheduling-1    ] ERROR err                    - ErrorScene^_^40004^_^ACQ.TRADE_NOT_EXIST^_^192.168.73.1^_^Windows 11^_^2026-07-26 21:05:09^_^ProtocalMustParams:charset=utf-8&method=alipay.trade.query&sign=k9oUZEhO7tHt5mgwTC3GUmg5pSg2MChNnnx1EI+7R7SvwvAlqAgxW21lJNwpWffTouOXRmItEORiYn22rUcRW4EFv53IMj8jfVGWPeUC6pgk36MaQT1MMVO6LbgnrMW7UxRNG8jriQPfJd2GWL/XRaf3lWUY0mEfO5R8uuuBC8OYFQFLabBaX2Ljk5Ny+qdJzyVGHnco4qQ75AVnufjL8Au7F8l6xVL1wxu6nwm+MfCjeTl2CYGfhUv9+tLP3mfjnRoC7kSDYHzZnjoyFFu1e0uHG16AuIRwpLTd4SrbdxSlOMpSobCjYYaNWUCzrKCI57h5vgJMeVWm71gp1lXN7g==&version=1.0&app_id=9021000165677275&sign_type=RSA2&timestamp=2026-07-26 21:05:09^_^ProtocalOptParams:alipay_sdk=alipay-sdk-java-4.38.157.ALL&format=json^_^ApplicationParams:traceId=060d6922178507110935634333502569&biz_content={"out_trade_no":"63015243383423"}^_^Body:{"alipay_trade_query_response":{"msg":"Business Failed","code":"40004","out_trade_no":"63015243383423","sub_msg":"交易不存在","sub_code":"ACQ.TRADE_NOT_EXIST","receipt_amount":"0.00","point_amount":"0.00","buyer_pay_amount":"0.00","invoice_amount":"0.00"},"sign":"j/BKxEaDkp40hVZnDvR3FjkafML/EKkrgK5tm3o7RpXke6JHNNHQj7dtxjFXrid2kn398BXbOviGV9OREaHEsGkNi7IoyBK1JYReqxxHw+KZz8rrBoqtEmOs09WNzTcKyl/5ieUTw21MI9LZ5QoNI9FiQB3n5vdZv5nJ4536haXV/1ocYO4eOii1Wdd47onG0oGH6w7WLvZT+jP9UP1EcysxWQjk4vfPC2p1W/SB9gAsXt/vZ3hDDoI08AIACsojEfWvD71/4rGQQEyT4naQANCIzeGTzHZEfSOYngieu+N8sDW52hL5yDXMIaHr563fJPxX8LcKEtAYz+SGdbzTrw=="}^_^8ms,215ms,9ms^_^trace_id:060d6922178507110935634333502569
26-07-26.21:05:09.459 [scheduling-1    ] INFO  NoPayNotifyOrderJob    - 检测未接收到或未正确处理的支付回调通知，订单未支付成功 orderId:63015243383423 code:40004 tradeStatus:null
26-07-26.21:05:09.668 [scheduling-1    ] ERROR err                    - ErrorScene^_^40004^_^ACQ.TRADE_NOT_EXIST^_^192.168.73.1^_^Windows 11^_^2026-07-26 21:05:09^_^ProtocalMustParams:charset=utf-8&method=alipay.trade.query&sign=Ofm06VXO9Evr4Ug3WmKhzpVlqLi6g3X5nf7xTo3zVdHecm58sZo6H8YJhVa/dZlZnAI0iwLk/ubbRh3VITwJibuG2sCu1+77bRJ3zqpqtHAM4JqBoKTEhjexwVPhVOBZB/4ln/QFI670wKI94yKyOIOh7uPD8wmj2DsEuuCp5l8MUtryHICx8x7k/Aq43mhQY2u3PjjxflAj9aE4xCJ575ID6kl46k6sS1yk3rneQunoUlKR3EH0HLR4F+E/xCaW0Q+DhszUZTHk9WsBI28z5gTDUBjpUrVPg7uFQof+35fOJAkSed5TKRX5p2nh9qQJrlboxUsyP4jaIzPRSMm7kg==&version=1.0&app_id=9021000165677275&sign_type=RSA2&timestamp=2026-07-26 21:05:09^_^ProtocalOptParams:alipay_sdk=alipay-sdk-java-4.38.157.ALL&format=json^_^ApplicationParams:traceId=06020e08178507110958150702433085&biz_content={"out_trade_no":"05687486819141"}^_^Body:{"alipay_trade_query_response":{"msg":"Business Failed","code":"40004","out_trade_no":"05687486819141","sub_msg":"交易不存在","sub_code":"ACQ.TRADE_NOT_EXIST","receipt_amount":"0.00","point_amount":"0.00","buyer_pay_amount":"0.00","invoice_amount":"0.00"},"sign":"X8+5Q6lbdoyyrQqpUwxTqfCXdBXg7ThJc2U+u8qezqbw+E5fcgtCqABatoc1r72W+dsojv3i6bkcvvMz3DRr5ahBjxU4gwSWCgz4TBIO+/iTBt57VZmROgv9LqvWSmIQTYHEWA0iBdvVQ8wabF8mzeGODzJcDm0eGuZrLQUuAfb7EsMddzf5Fpsu5TpWoCkIHAS+8CRG2vFJn8fHca0ezh5NORm72mkk1XJRvcuT3PelFHmTo+8KP5OR7ez/2fuIcdGiAD+b2i3e+sfFqMTeUrSfNpunUyXCuTC+ottvD15QxCFhRNfVkTvbOhatQUPyKDv4sjFTxoXvcC8oVH1r9Q=="}^_^8ms,192ms,9ms^_^trace_id:06020e08178507110958150702433085
26-07-26.21:05:09.669 [scheduling-1    ] INFO  NoPayNotifyOrderJob    - 检测未接收到或未正确处理的支付回调通知，订单未支付成功 orderId:05687486819141 code:40004 tradeStatus:null
26-07-26.21:05:09.959 [scheduling-1    ] INFO  info                   - Summary^_^10000^_^null^_^ProtocalMustParams:charset=utf-8&method=alipay.trade.query&sign=EBae0SsD6NJ7YKrFPg7nMWz3QnFNHCN8Zzrl4LMBmrj0/ARllkH0vgpJyGL4h6o+dyxmR4bx0yPVlrCWHhrtHVAbXI/xCHOeVNLNZczdbiJaAISlOmxZ9UyJhVWKPMk5qLxdZVaMvnQ5cBv8+mBlMOOkPQnP9z2lSa5T9WT6tUNZvuknURgMDIRD3j8ZI4FC3byJvw2yP5TZhM40hKu0TfPR5u10KIoI4m1EqL2ohnMvruw9i/CC4JiyeuzbhklEnLxub3tSX6+bnOuf6gXXAO/7SGJu1x8Zq6ehTvzPrsOYqmrN3+3EYNxQdngZ8dnVYHwxuXFivDaGlHxM2QSXrA==&version=1.0&app_id=9021000165677275&sign_type=RSA2&timestamp=2026-07-26 21:05:09^_^ProtocalOptParams:alipay_sdk=alipay-sdk-java-4.38.157.ALL&format=json^_^ApplicationParams:biz_content={"out_trade_no":"40893508762811"}^_^7ms,274ms,9ms^_^trace_id:060d663d178507110979674868178
26-07-26.21:05:09.978 [scheduling-1    ] INFO  OrderPaySuccessListener - 收到支付成功消息，可以做接下来的事情了【发货、充值、开会员】paySuccessMessage：{"tradeNo":"40893508762811"}
26-07-26.21:05:12.226 [scheduling-1    ] ERROR err                    - ErrorScene^_^40004^_^ACQ.TRADE_NOT_EXIST^_^192.168.73.1^_^Windows 11^_^2026-07-26 21:05:12^_^ProtocalMustParams:charset=utf-8&method=alipay.trade.query&sign=fFnSpSTfUUt7yRX+VbYl9Gj135PzFWsN98v2kZEv2Au+EHJ2G/6G8Y4Todurbq279VB53VZEfyszMV0wo51ziRTiQ21Be9GhKF1gPMhBGcMq/a4WTN+m1/NknoKXhwr91z+lPzBZnFZcvYFP1kds8Oi0fI9SJcjdyslvNyvQ9dYqCgUrTP5732fGZZvnsMm5a5ptSNC83AX3e2jjIVwcZuOt1PxlJ5xdqTt86bD4KxgUNkkWkYzBd7hL6q9YgJbUOvriQj4kkKqfQczSggubsbVdi+hGEbwvPikMu1JVWeswiWAiaIslFB10ehZiNVilt7fXXtpzPug9AI1Yavtp9w==&version=1.0&app_id=9021000165677275&sign_type=RSA2&timestamp=2026-07-26 21:05:12^_^ProtocalOptParams:alipay_sdk=alipay-sdk-java-4.38.157.ALL&format=json^_^ApplicationParams:traceId=060001f3178507111213612322231288&biz_content={"out_trade_no":"59214591885269"}^_^Body:{"alipay_trade_query_response":{"msg":"Business Failed","code":"40004","out_trade_no":"59214591885269","sub_msg":"交易不存在","sub_code":"ACQ.TRADE_NOT_EXIST","receipt_amount":"0.00","point_amount":"0.00","buyer_pay_amount":"0.00","invoice_amount":"0.00"},"sign":"IlGZ9x5UhNF2eAqdNMzeNXtVmLVeP4WAHqOs3UIoTeNqOZPSKddjkKWyTMN0yOnmdmvXLs65xA8iLe3vMAOcTv3IRc5Ly+sfXiILXIoyDMo48N1nGL00QjpY712N35H3czuLP1upFRYorbFoh87mPrUkchUunF+PEBdfORFul87T4s2hkFE5Fl1M1wxQAAUDsoOdZiXF4N0VIlZn8XpWkwGhUJTSzC4T5bTxJpGdI0AVbbLy9QZu0eXIaXEtwYSVDV1oFLVBE/DEmKpridtTn9/6ZOtOpBhjgylpbP+J+f2SCp37feezNW+mRc7kxKeaJfjjdbn7pTI1TeynheyWLQ=="}^_^8ms,198ms,9ms^_^trace_id:060001f3178507111213612322231288
26-07-26.21:05:12.226 [scheduling-1    ] INFO  NoPayNotifyOrderJob    - 检测未接收到或未正确处理的支付回调通知，订单未支付成功 orderId:59214591885269 code:40004 tradeStatus:null
26-07-26.21:05:12.447 [scheduling-1    ] ERROR err                    - ErrorScene^_^40004^_^ACQ.TRADE_NOT_EXIST^_^192.168.73.1^_^Windows 11^_^2026-07-26 21:05:12^_^ProtocalMustParams:charset=utf-8&method=alipay.trade.query&sign=jRIegjAgY11z5Q+sRbn14Yfxu3yzYE8p36USeJal/202CdPRDqhr77+avPUOZ3JX46nVunRIrIIavrUZ4jiNpUDdkXziK+iKAf+5lJZRHZvqPOc4vDJDkZlL1m3d6SM2lP06mBa+IngVd3/1UxlW1F8AL5hIUf9/z5niN1dsi4UBiQf63zo4p+c1miDPBLBZtXK/u0rZXzZS/bOQ56S2dmw5NIAM2wsYwMgjoMwmoY4J0xGI8koPXG2OpQvZCzKd0gwok6mb93FHn7NA3zliL4kizstVmeJhtNHXa4l0CMXY7sIhKdqpoeofjSW9TN7nOMLD43zwZC6A8rTvriBzyg==&version=1.0&app_id=9021000165677275&sign_type=RSA2&timestamp=2026-07-26 21:05:12^_^ProtocalOptParams:alipay_sdk=alipay-sdk-java-4.38.157.ALL&format=json^_^ApplicationParams:traceId=06002c4e178507111236465591578980&biz_content={"out_trade_no":"63015243383423"}^_^Body:{"alipay_trade_query_response":{"msg":"Business Failed","code":"40004","out_trade_no":"63015243383423","sub_msg":"交易不存在","sub_code":"ACQ.TRADE_NOT_EXIST","receipt_amount":"0.00","point_amount":"0.00","buyer_pay_amount":"0.00","invoice_amount":"0.00"},"sign":"j/BKxEaDkp40hVZnDvR3FjkafML/EKkrgK5tm3o7RpXke6JHNNHQj7dtxjFXrid2kn398BXbOviGV9OREaHEsGkNi7IoyBK1JYReqxxHw+KZz8rrBoqtEmOs09WNzTcKyl/5ieUTw21MI9LZ5QoNI9FiQB3n5vdZv5nJ4536haXV/1ocYO4eOii1Wdd47onG0oGH6w7WLvZT+jP9UP1EcysxWQjk4vfPC2p1W/SB9gAsXt/vZ3hDDoI08AIACsojEfWvD71/4rGQQEyT4naQANCIzeGTzHZEfSOYngieu+N8sDW52hL5yDXMIaHr563fJPxX8LcKEtAYz+SGdbzTrw=="}^_^8ms,203ms,8ms^_^trace_id:06002c4e178507111236465591578980
26-07-26.21:05:12.447 [scheduling-1    ] INFO  NoPayNotifyOrderJob    - 检测未接收到或未正确处理的支付回调通知，订单未支付成功 orderId:63015243383423 code:40004 tradeStatus:null
26-07-26.21:05:12.686 [scheduling-1    ] ERROR err                    - ErrorScene^_^40004^_^ACQ.TRADE_NOT_EXIST^_^192.168.73.1^_^Windows 11^_^2026-07-26 21:05:12^_^ProtocalMustParams:charset=utf-8&method=alipay.trade.query&sign=dYKec6AuuGPp+IfYOjIXX1pP3LuGgUKVIwjJZ/xudS9UCruat1rxFt493PHkyijBiQomYWwpUZMWhrPdxUmPvd2VHVinCeO5tntl+CUbVhRemV0VgARPY51pourCblo9z04FBqzkVOSdAodjfGXiHVdx22H38WuyZhqwJhqkbrOymzqcs/rQmebw3wM5VWTHG7A1LNQFFn2YPFjstOmclh9G96iQZJBdfKgqkGc7VfFi1nxM1ywVrIDv01JJAtW2lGaSUtZsv33/LTzwBmlxIAnBru+pKf9frOWrIiicFp8A9T+rIAjkF2LPp/fHbVvjmyyjVU4OWQkkdjzXZo8Xkg==&version=1.0&app_id=9021000165677275&sign_type=RSA2&timestamp=2026-07-26 21:05:12^_^ProtocalOptParams:alipay_sdk=alipay-sdk-java-4.38.157.ALL&format=json^_^ApplicationParams:traceId=060d663d178507111258674998178&biz_content={"out_trade_no":"05687486819141"}^_^Body:{"alipay_trade_query_response":{"msg":"Business Failed","code":"40004","out_trade_no":"05687486819141","sub_msg":"交易不存在","sub_code":"ACQ.TRADE_NOT_EXIST","receipt_amount":"0.00","point_amount":"0.00","buyer_pay_amount":"0.00","invoice_amount":"0.00"},"sign":"X8+5Q6lbdoyyrQqpUwxTqfCXdBXg7ThJc2U+u8qezqbw+E5fcgtCqABatoc1r72W+dsojv3i6bkcvvMz3DRr5ahBjxU4gwSWCgz4TBIO+/iTBt57VZmROgv9LqvWSmIQTYHEWA0iBdvVQ8wabF8mzeGODzJcDm0eGuZrLQUuAfb7EsMddzf5Fpsu5TpWoCkIHAS+8CRG2vFJn8fHca0ezh5NORm72mkk1XJRvcuT3PelFHmTo+8KP5OR7ez/2fuIcdGiAD+b2i3e+sfFqMTeUrSfNpunUyXCuTC+ottvD15QxCFhRNfVkTvbOhatQUPyKDv4sjFTxoXvcC8oVH1r9Q=="}^_^7ms,223ms,9ms^_^trace_id:060d663d178507111258674998178
26-07-26.21:05:12.686 [scheduling-1    ] INFO  NoPayNotifyOrderJob    - 检测未接收到或未正确处理的支付回调通知，订单未支付成功 orderId:05687486819141 code:40004 tradeStatus:null
26-07-26.21:05:15.515 [scheduling-1    ] ERROR err                    - ErrorScene^_^40004^_^ACQ.TRADE_NOT_EXIST^_^192.168.73.1^_^Windows 11^_^2026-07-26 21:05:15^_^ProtocalMustParams:charset=utf-8&method=alipay.trade.query&sign=ebbIVOhf6WgqJmgqLtgks10HwMXmF+vD/w4NKKm55Fl868Km3Ye3fdEo4n8ujDAQsk9vF/+ixHzgF9F9fenGmJ734R9aYmI+1IjasyQq6etpNemLzFXY6LZFba3g+Gz9XFiubhzM8IIEgBo8wogeWmbMxu8/Dj8qF5RdDkEnIBqWXH2HX77XkbNyUa+mhVf9DOdGYRbxvyOJoPytvQfA/5ss6r4wkLbTHRIteESB68FKiHwCv/nZnVnj0k1/KW3RlzPRW0LudXUelOlmbEqRMdCe4A6cX5fZQDe5ic2OF+g/ippnZlGlm9+IKhfKX18ATc3SJqcojqob9fPtesSNPQ==&version=1.0&app_id=9021000165677275&sign_type=RSA2&timestamp=2026-07-26 21:05:15^_^ProtocalOptParams:alipay_sdk=alipay-sdk-java-4.38.157.ALL&format=json^_^ApplicationParams:traceId=06002c4e178507111541465741578980&biz_content={"out_trade_no":"59214591885269"}^_^Body:{"alipay_trade_query_response":{"msg":"Business Failed","code":"40004","out_trade_no":"59214591885269","sub_msg":"交易不存在","sub_code":"ACQ.TRADE_NOT_EXIST","receipt_amount":"0.00","point_amount":"0.00","buyer_pay_amount":"0.00","invoice_amount":"0.00"},"sign":"IlGZ9x5UhNF2eAqdNMzeNXtVmLVeP4WAHqOs3UIoTeNqOZPSKddjkKWyTMN0yOnmdmvXLs65xA8iLe3vMAOcTv3IRc5Ly+sfXiILXIoyDMo48N1nGL00QjpY712N35H3czuLP1upFRYorbFoh87mPrUkchUunF+PEBdfORFul87T4s2hkFE5Fl1M1wxQAAUDsoOdZiXF4N0VIlZn8XpWkwGhUJTSzC4T5bTxJpGdI0AVbbLy9QZu0eXIaXEtwYSVDV1oFLVBE/DEmKpridtTn9/6ZOtOpBhjgylpbP+J+f2SCp37feezNW+mRc7kxKeaJfjjdbn7pTI1TeynheyWLQ=="}^_^8ms,494ms,10ms^_^trace_id:06002c4e178507111541465741578980
26-07-26.21:05:15.515 [scheduling-1    ] INFO  NoPayNotifyOrderJob    - 检测未接收到或未正确处理的支付回调通知，订单未支付成功 orderId:59214591885269 code:40004 tradeStatus:null
26-07-26.21:05:20.640 [scheduling-1    ] ERROR err                    - 2026-07-26 21:05:20^_^alipay.trade.query^_^null^_^192.168.73.1^_^Windows 11^_^alipay-sdk-java-4.38.157.ALL^_^https://openapi-sandbox.dl.alipaydev.com/gateway.do?charset=utf-8&method=alipay.trade.query&sign=SP3hq8b%2BynhbuNDES7imA%2BpANqaNY0u3GVcp84Rt07CmdggqD%2FsIAyulYITFGdlKcPfnga2vS%2BwDhjVSBhOT3glSfs54J23cEY%2FaoZtzBGooazNcR1p8eilxJGjMq%2BVYYiOvnbp1ypECClRxsYPKLl7RDIatZm0IwEDHnwOQPgIy1KIvBxh38yRVelnnBXESS6LXIuPfPcCcDq48JQ1dQeFpSvTWqge9MzWcL0DiaESJgxHhGX%2FdKpbHSExmNHef4Jvf1pft3YyKX%2FKyO5dfaXlug8tlXl8lv4egA6eaVhX8YzpYh3aFAz25tV%2FNEj2LJ1WmUV%2FTaC84PmN9aG91xg%3D%3D&version=1.0&app_id=9021000165677275&sign_type=RSA2&timestamp=2026-07-26+21%3A05%3A15&alipay_sdk=alipay-sdk-java-4.38.157.ALL&format=json^_^^_^<!DOCTYPE HTML PUBLIC "-//IETF//DTD HTML 2.0//EN"> <html> <head><title>504 Gateway Time-out</title></head> <body bgcolor="white"> <h1>504 Gateway Time-out</h1> <p>The gateway did not receive a timely response from the upstream server or application. Sorry for the inconvenience.<br/> Please report this message and include the following information to us.<br/> Thank you very much!</p> <table> <tr> <td>URL:</td> <td>http://openapi-sandbox.dl.alipaydev.com/gateway.do?charset=utf-8&amp;method=alipay.trade.query&amp;sign=SP3hq8b%2BynhbuNDES7imA%2BpANqaNY0u3GVcp84Rt07CmdggqD%2FsIAyulYITFGdlKcPfnga2vS%2BwDhjVSBhOT3glSfs54J23cEY%2FaoZtzBGooazNcR1p8eilxJGjMq%2BVYYiOvnbp1ypECClRxsYPKLl7RDIatZm0IwEDHnwOQPgIy1KIvBxh38yRVelnnBXESS6LXIuPfPcCcDq48JQ1dQeFpSvTWqge9MzWcL0DiaESJgxHhGX%2FdKpbHSExmNHef4Jvf1pft3YyKX%2FKyO5dfaXlug8tlXl8lv4egA6eaVhX8YzpYh3aFAz25tV%2FNEj2LJ1WmUV%2FTaC84PmN9aG91xg%3D%3D&amp;version=1.0&amp;app_id=9021000165677275&amp;sign_type=RSA2&amp;timestamp=2026-07-26+21%3A05%3A15&amp;alipay_sdk=alipay-sdk-java-4.38.157.ALL&amp;format=json</td> </tr> <tr> <td>Server:</td> <td>openapi-55.rz21a.sandbox.alipay.net</td> </tr> <tr> <td>Date:</td> <td>2026/07/26 21:05:20</td> </tr> </table> <hr/>Powered by Tengine </body> </html> 
26-07-26.21:05:20.641 [scheduling-1    ] ERROR NoPayNotifyOrderJob    - 检测未接收到或未正确处理的支付回调通知失败
com.alipay.api.AlipayApiException: java.io.IOException: <!DOCTYPE HTML PUBLIC "-//IETF//DTD HTML 2.0//EN">
<html>
<head><title>504 Gateway Time-out</title></head>
<body bgcolor="white">
<h1>504 Gateway Time-out</h1>
<p>The gateway did not receive a timely response from the upstream server or application. Sorry for the inconvenience.<br/>
Please report this message and include the following information to us.<br/>
Thank you very much!</p>
<table>
<tr>
<td>URL:</td>
<td>http://openapi-sandbox.dl.alipaydev.com/gateway.do?charset=utf-8&amp;method=alipay.trade.query&amp;sign=SP3hq8b%2BynhbuNDES7imA%2BpANqaNY0u3GVcp84Rt07CmdggqD%2FsIAyulYITFGdlKcPfnga2vS%2BwDhjVSBhOT3glSfs54J23cEY%2FaoZtzBGooazNcR1p8eilxJGjMq%2BVYYiOvnbp1ypECClRxsYPKLl7RDIatZm0IwEDHnwOQPgIy1KIvBxh38yRVelnnBXESS6LXIuPfPcCcDq48JQ1dQeFpSvTWqge9MzWcL0DiaESJgxHhGX%2FdKpbHSExmNHef4Jvf1pft3YyKX%2FKyO5dfaXlug8tlXl8lv4egA6eaVhX8YzpYh3aFAz25tV%2FNEj2LJ1WmUV%2FTaC84PmN9aG91xg%3D%3D&amp;version=1.0&amp;app_id=9021000165677275&amp;sign_type=RSA2&amp;timestamp=2026-07-26+21%3A05%3A15&amp;alipay_sdk=alipay-sdk-java-4.38.157.ALL&amp;format=json</td>
</tr>
<tr>
<td>Server:</td>
<td>openapi-55.rz21a.sandbox.alipay.net</td>
</tr>
<tr>
<td>Date:</td>
<td>2026/07/26 21:05:20</td>
</tr>
</table>
<hr/>Powered by Tengine
</body>
</html>

	at com.alipay.api.AbstractAlipayClient.doPost(AbstractAlipayClient.java:1015)
	at com.alipay.api.AbstractAlipayClient._execute(AbstractAlipayClient.java:921)
	at com.alipay.api.AbstractAlipayClient.execute(AbstractAlipayClient.java:395)
	at com.alipay.api.AbstractAlipayClient.execute(AbstractAlipayClient.java:377)
	at com.alipay.api.AbstractAlipayClient.execute(AbstractAlipayClient.java:372)
	at com.alipay.api.AbstractAlipayClient.execute(AbstractAlipayClient.java:366)
	at cn.bugstack.trigger.job.NoPayNotifyOrderJob.exec(NoPayNotifyOrderJob.java:42)
	at jdk.internal.reflect.GeneratedMethodAccessor23.invoke(Unknown Source)
	at java.base/jdk.internal.reflect.DelegatingMethodAccessorImpl.invoke(DelegatingMethodAccessorImpl.java:43)
	at java.base/java.lang.reflect.Method.invoke(Method.java:566)
	at org.springframework.scheduling.support.ScheduledMethodRunnable.run(ScheduledMethodRunnable.java:84)
	at org.springframework.scheduling.support.DelegatingErrorHandlingRunnable.run(DelegatingErrorHandlingRunnable.java:54)
	at org.springframework.scheduling.concurrent.ReschedulingRunnable.run(ReschedulingRunnable.java:95)
	at java.base/java.util.concurrent.Executors$RunnableAdapter.call(Executors.java:515)
	at java.base/java.util.concurrent.FutureTask.run(FutureTask.java:264)
	at java.base/java.util.concurrent.ScheduledThreadPoolExecutor$ScheduledFutureTask.run(ScheduledThreadPoolExecutor.java:304)
	at java.base/java.util.concurrent.ThreadPoolExecutor.runWorker(ThreadPoolExecutor.java:1128)
	at java.base/java.util.concurrent.ThreadPoolExecutor$Worker.run(ThreadPoolExecutor.java:628)
	at java.base/java.lang.Thread.run(Thread.java:829)
Caused by: java.io.IOException: <!DOCTYPE HTML PUBLIC "-//IETF//DTD HTML 2.0//EN">
<html>
<head><title>504 Gateway Time-out</title></head>
<body bgcolor="white">
<h1>504 Gateway Time-out</h1>
<p>The gateway did not receive a timely response from the upstream server or application. Sorry for the inconvenience.<br/>
Please report this message and include the following information to us.<br/>
Thank you very much!</p>
<table>
<tr>
<td>URL:</td>
<td>http://openapi-sandbox.dl.alipaydev.com/gateway.do?charset=utf-8&amp;method=alipay.trade.query&amp;sign=SP3hq8b%2BynhbuNDES7imA%2BpANqaNY0u3GVcp84Rt07CmdggqD%2FsIAyulYITFGdlKcPfnga2vS%2BwDhjVSBhOT3glSfs54J23cEY%2FaoZtzBGooazNcR1p8eilxJGjMq%2BVYYiOvnbp1ypECClRxsYPKLl7RDIatZm0IwEDHnwOQPgIy1KIvBxh38yRVelnnBXESS6LXIuPfPcCcDq48JQ1dQeFpSvTWqge9MzWcL0DiaESJgxHhGX%2FdKpbHSExmNHef4Jvf1pft3YyKX%2FKyO5dfaXlug8tlXl8lv4egA6eaVhX8YzpYh3aFAz25tV%2FNEj2LJ1WmUV%2FTaC84PmN9aG91xg%3D%3D&amp;version=1.0&amp;app_id=9021000165677275&amp;sign_type=RSA2&amp;timestamp=2026-07-26+21%3A05%3A15&amp;alipay_sdk=alipay-sdk-java-4.38.157.ALL&amp;format=json</td>
</tr>
<tr>
<td>Server:</td>
<td>openapi-55.rz21a.sandbox.alipay.net</td>
</tr>
<tr>
<td>Date:</td>
<td>2026/07/26 21:05:20</td>
</tr>
</table>
<hr/>Powered by Tengine
</body>
</html>

	at com.alipay.api.internal.util.WebUtils.getResponseAsString(WebUtils.java:520)
	at com.alipay.api.internal.util.WebUtils.doPost(WebUtils.java:181)
	at com.alipay.api.internal.util.WebUtils.doPost(WebUtils.java:142)
	at com.alipay.api.AbstractAlipayClient.doPost(AbstractAlipayClient.java:1003)
	... 18 common frames omitted
26-07-26.21:05:21.245 [scheduling-1    ] ERROR err                    - ErrorScene^_^40004^_^ACQ.TRADE_NOT_EXIST^_^192.168.73.1^_^Windows 11^_^2026-07-26 21:05:21^_^ProtocalMustParams:charset=utf-8&method=alipay.trade.query&sign=PK8+WVvShV6ZLU7R1oViPSEnfuXDTE52DEZxnV/gdM1tdih1+hGmrThkASxc07CZS/7mDpb4V0A0KHQCft7xfK5gFGNg7/rm7Mw0vD9+0DRtTjeAKwRtsuxRz+/RtzbZjrAb8BrPBELgEXOevSKlgN5OJykuCMYcczXNIbRARswcik1RPgIW3HGjZTLOZb2pPQqZgROMLbwqT6vWz4eWseyXaVugfFiv/w1aUCYPqW9JrIJ+HqVPnXA7Y+vR8DFoznOVU7seYdDCNOIrOLexI2oDFAARGsInyKScxE9bKaPr2clIvE0uR0bPOT6fBLLNbC6oC+4Dr7kWFALwgx9jsg==&version=1.0&app_id=9021000165677275&sign_type=RSA2&timestamp=2026-07-26 21:05:21^_^ProtocalOptParams:alipay_sdk=alipay-sdk-java-4.38.157.ALL&format=json^_^ApplicationParams:traceId=060d6922178507112113634923502569&biz_content={"out_trade_no":"59214591885269"}^_^Body:{"alipay_trade_query_response":{"msg":"Business Failed","code":"40004","out_trade_no":"59214591885269","sub_msg":"交易不存在","sub_code":"ACQ.TRADE_NOT_EXIST","receipt_amount":"0.00","point_amount":"0.00","buyer_pay_amount":"0.00","invoice_amount":"0.00"},"sign":"IlGZ9x5UhNF2eAqdNMzeNXtVmLVeP4WAHqOs3UIoTeNqOZPSKddjkKWyTMN0yOnmdmvXLs65xA8iLe3vMAOcTv3IRc5Ly+sfXiILXIoyDMo48N1nGL00QjpY712N35H3czuLP1upFRYorbFoh87mPrUkchUunF+PEBdfORFul87T4s2hkFE5Fl1M1wxQAAUDsoOdZiXF4N0VIlZn8XpWkwGhUJTSzC4T5bTxJpGdI0AVbbLy9QZu0eXIaXEtwYSVDV1oFLVBE/DEmKpridtTn9/6ZOtOpBhjgylpbP+J+f2SCp37feezNW+mRc7kxKeaJfjjdbn7pTI1TeynheyWLQ=="}^_^7ms,221ms,8ms^_^trace_id:060d6922178507112113634923502569
26-07-26.21:05:21.246 [scheduling-1    ] INFO  NoPayNotifyOrderJob    - 检测未接收到或未正确处理的支付回调通知，订单未支付成功 orderId:59214591885269 code:40004 tradeStatus:null
26-07-26.21:05:21.450 [scheduling-1    ] ERROR err                    - ErrorScene^_^40004^_^ACQ.TRADE_NOT_EXIST^_^192.168.73.1^_^Windows 11^_^2026-07-26 21:05:21^_^ProtocalMustParams:charset=utf-8&method=alipay.trade.query&sign=IRCNmMtRe954eoT7T7yu3mo3izj1kcNqvvm8qJyTlfffFwSLzivoJovqg5mVtrOfDjiUxGowDtIZyCHibml08xFNFFt1+/Kqf4UXkCg1GggbqguXj3vGuUbEnqbmQbrGbP4p7AE7J0HAm6fCI0mqSTozZg9n5kjWlPZVrWd0j7C7tLjHmqB2/KFDTeHJNkzosWeIf0/JLAyAF64FoyykseW6NipBc6MvX82RMq+sBLjcdrzW9htdFb27I99JnCAOi52X9HmVEuTIrEeM5/hnQSQoMYHbdf1HDkWfzpEdaoldpjaNn9aBSb+sL2kKrdsp4UpsE6im8VRASd+RtOmpJg==&version=1.0&app_id=9021000165677275&sign_type=RSA2&timestamp=2026-07-26 21:05:21^_^ProtocalOptParams:alipay_sdk=alipay-sdk-java-4.38.157.ALL&format=json^_^ApplicationParams:traceId=06020e08178507112136351272433085&biz_content={"out_trade_no":"63015243383423"}^_^Body:{"alipay_trade_query_response":{"msg":"Business Failed","code":"40004","out_trade_no":"63015243383423","sub_msg":"交易不存在","sub_code":"ACQ.TRADE_NOT_EXIST","receipt_amount":"0.00","point_amount":"0.00","buyer_pay_amount":"0.00","invoice_amount":"0.00"},"sign":"j/BKxEaDkp40hVZnDvR3FjkafML/EKkrgK5tm3o7RpXke6JHNNHQj7dtxjFXrid2kn398BXbOviGV9OREaHEsGkNi7IoyBK1JYReqxxHw+KZz8rrBoqtEmOs09WNzTcKyl/5ieUTw21MI9LZ5QoNI9FiQB3n5vdZv5nJ4536haXV/1ocYO4eOii1Wdd47onG0oGH6w7WLvZT+jP9UP1EcysxWQjk4vfPC2p1W/SB9gAsXt/vZ3hDDoI08AIACsojEfWvD71/4rGQQEyT4naQANCIzeGTzHZEfSOYngieu+N8sDW52hL5yDXMIaHr563fJPxX8LcKEtAYz+SGdbzTrw=="}^_^8ms,187ms,9ms^_^trace_id:06020e08178507112136351272433085
26-07-26.21:05:21.450 [scheduling-1    ] INFO  NoPayNotifyOrderJob    - 检测未接收到或未正确处理的支付回调通知，订单未支付成功 orderId:63015243383423 code:40004 tradeStatus:null
26-07-26.21:05:21.667 [scheduling-1    ] ERROR err                    - ErrorScene^_^40004^_^ACQ.TRADE_NOT_EXIST^_^192.168.73.1^_^Windows 11^_^2026-07-26 21:05:21^_^ProtocalMustParams:charset=utf-8&method=alipay.trade.query&sign=hSEJJjjtL5mCoBG9eWDnF7xuQQbVYc7IEwlElp1rQaO4db9tFJzvTVyJD699wUCmMaFtM/AWCTmoOJreF1PFsyCYHH/yTDuPkt3uDLXaDcu7AGOCSTgqzGZ6T07duReOnPXxr3lURvUqJC6II8xGJ66o7QOakpGOsglbSez/AAZ/3qBzZBuf7pQgZK0oVEuN4E8S8R4ICfX4YqnX1drpKdrEBzd67Fv9SUs9Ng3zIrONsXzv3M1hGrPyGNSXIhyNtqrmGoz+m3FPOJcqZ1jVqK2hyWaXJ1xLXRtMlHYesmaZNQ0qdUfNcXpUJ6IJEdygxyazv8q8bIvIdRdXq5O+Bg==&version=1.0&app_id=9021000165677275&sign_type=RSA2&timestamp=2026-07-26 21:05:21^_^ProtocalOptParams:alipay_sdk=alipay-sdk-java-4.38.157.ALL&format=json^_^ApplicationParams:traceId=060d663d178507112157175358178&biz_content={"out_trade_no":"05687486819141"}^_^Body:{"alipay_trade_query_response":{"msg":"Business Failed","code":"40004","out_trade_no":"05687486819141","sub_msg":"交易不存在","sub_code":"ACQ.TRADE_NOT_EXIST","receipt_amount":"0.00","point_amount":"0.00","buyer_pay_amount":"0.00","invoice_amount":"0.00"},"sign":"X8+5Q6lbdoyyrQqpUwxTqfCXdBXg7ThJc2U+u8qezqbw+E5fcgtCqABatoc1r72W+dsojv3i6bkcvvMz3DRr5ahBjxU4gwSWCgz4TBIO+/iTBt57VZmROgv9LqvWSmIQTYHEWA0iBdvVQ8wabF8mzeGODzJcDm0eGuZrLQUuAfb7EsMddzf5Fpsu5TpWoCkIHAS+8CRG2vFJn8fHca0ezh5NORm72mkk1XJRvcuT3PelFHmTo+8KP5OR7ez/2fuIcdGiAD+b2i3e+sfFqMTeUrSfNpunUyXCuTC+ottvD15QxCFhRNfVkTvbOhatQUPyKDv4sjFTxoXvcC8oVH1r9Q=="}^_^8ms,201ms,8ms^_^trace_id:060d663d178507112157175358178
26-07-26.21:05:21.667 [scheduling-1    ] INFO  NoPayNotifyOrderJob    - 检测未接收到或未正确处理的支付回调通知，订单未支付成功 orderId:05687486819141 code:40004 tradeStatus:null
26-07-26.21:05:29.173 [scheduling-1    ] ERROR err                    - 2026-07-26 21:05:29^_^alipay.trade.query^_^null^_^192.168.73.1^_^Windows 11^_^alipay-sdk-java-4.38.157.ALL^_^https://openapi-sandbox.dl.alipaydev.com/gateway.do?charset=utf-8&method=alipay.trade.query&sign=nONxlGdKaKHL18AxH55aMOEaENAEN3CY4XxvOD%2ByBAcf8SduBIu%2FCxhRKWobhICXupokbNkeOfMMkKbDNp5rQ1C0mR1v96sDOYWc1rQ3Aorvj5OO3OsRGGqrEsF209lC9%2FiwIQxW52l0XKHAazsoUO7vAC1PC9twiB2o6HGfdw%2FEo7Qluty56UMX6hCMQbqMKAg06Dl6wADn5XPyjzPbR8M4dk8GKjgYs1Y7oL8%2BkwV6YYR%2B7n%2BLt2ZqlOnfzx09ZEcB3zHA6pEYctOqMfBXD6Cd8qZIsA32QTnvPV7GrwMXe2FL5cwZZ63ISQfa0LURf%2B58xAOHRqC5NIF8KyU6tg%3D%3D&version=1.0&app_id=9021000165677275&sign_type=RSA2&timestamp=2026-07-26+21%3A05%3A24&alipay_sdk=alipay-sdk-java-4.38.157.ALL&format=json^_^^_^<!DOCTYPE HTML PUBLIC "-//IETF//DTD HTML 2.0//EN"> <html> <head><title>504 Gateway Time-out</title></head> <body bgcolor="white"> <h1>504 Gateway Time-out</h1> <p>The gateway did not receive a timely response from the upstream server or application. Sorry for the inconvenience.<br/> Please report this message and include the following information to us.<br/> Thank you very much!</p> <table> <tr> <td>URL:</td> <td>http://openapi-sandbox.dl.alipaydev.com/gateway.do?charset=utf-8&amp;method=alipay.trade.query&amp;sign=nONxlGdKaKHL18AxH55aMOEaENAEN3CY4XxvOD%2ByBAcf8SduBIu%2FCxhRKWobhICXupokbNkeOfMMkKbDNp5rQ1C0mR1v96sDOYWc1rQ3Aorvj5OO3OsRGGqrEsF209lC9%2FiwIQxW52l0XKHAazsoUO7vAC1PC9twiB2o6HGfdw%2FEo7Qluty56UMX6hCMQbqMKAg06Dl6wADn5XPyjzPbR8M4dk8GKjgYs1Y7oL8%2BkwV6YYR%2B7n%2BLt2ZqlOnfzx09ZEcB3zHA6pEYctOqMfBXD6Cd8qZIsA32QTnvPV7GrwMXe2FL5cwZZ63ISQfa0LURf%2B58xAOHRqC5NIF8KyU6tg%3D%3D&amp;version=1.0&amp;app_id=9021000165677275&amp;sign_type=RSA2&amp;timestamp=2026-07-26+21%3A05%3A24&amp;alipay_sdk=alipay-sdk-java-4.38.157.ALL&amp;format=json</td> </tr> <tr> <td>Server:</td> <td>openapi-57.rz21a.sandbox.alipay.net</td> </tr> <tr> <td>Date:</td> <td>2026/07/26 21:05:29</td> </tr> </table> <hr/>Powered by Tengine </body> </html> 
26-07-26.21:05:29.173 [scheduling-1    ] ERROR NoPayNotifyOrderJob    - 检测未接收到或未正确处理的支付回调通知失败
com.alipay.api.AlipayApiException: java.io.IOException: <!DOCTYPE HTML PUBLIC "-//IETF//DTD HTML 2.0//EN">
<html>
<head><title>504 Gateway Time-out</title></head>
<body bgcolor="white">
<h1>504 Gateway Time-out</h1>
<p>The gateway did not receive a timely response from the upstream server or application. Sorry for the inconvenience.<br/>
Please report this message and include the following information to us.<br/>
Thank you very much!</p>
<table>
<tr>
<td>URL:</td>
<td>http://openapi-sandbox.dl.alipaydev.com/gateway.do?charset=utf-8&amp;method=alipay.trade.query&amp;sign=nONxlGdKaKHL18AxH55aMOEaENAEN3CY4XxvOD%2ByBAcf8SduBIu%2FCxhRKWobhICXupokbNkeOfMMkKbDNp5rQ1C0mR1v96sDOYWc1rQ3Aorvj5OO3OsRGGqrEsF209lC9%2FiwIQxW52l0XKHAazsoUO7vAC1PC9twiB2o6HGfdw%2FEo7Qluty56UMX6hCMQbqMKAg06Dl6wADn5XPyjzPbR8M4dk8GKjgYs1Y7oL8%2BkwV6YYR%2B7n%2BLt2ZqlOnfzx09ZEcB3zHA6pEYctOqMfBXD6Cd8qZIsA32QTnvPV7GrwMXe2FL5cwZZ63ISQfa0LURf%2B58xAOHRqC5NIF8KyU6tg%3D%3D&amp;version=1.0&amp;app_id=9021000165677275&amp;sign_type=RSA2&amp;timestamp=2026-07-26+21%3A05%3A24&amp;alipay_sdk=alipay-sdk-java-4.38.157.ALL&amp;format=json</td>
</tr>
<tr>
<td>Server:</td>
<td>openapi-57.rz21a.sandbox.alipay.net</td>
</tr>
<tr>
<td>Date:</td>
<td>2026/07/26 21:05:29</td>
</tr>
</table>
<hr/>Powered by Tengine
</body>
</html>

	at com.alipay.api.AbstractAlipayClient.doPost(AbstractAlipayClient.java:1015)
	at com.alipay.api.AbstractAlipayClient._execute(AbstractAlipayClient.java:921)
	at com.alipay.api.AbstractAlipayClient.execute(AbstractAlipayClient.java:395)
	at com.alipay.api.AbstractAlipayClient.execute(AbstractAlipayClient.java:377)
	at com.alipay.api.AbstractAlipayClient.execute(AbstractAlipayClient.java:372)
	at com.alipay.api.AbstractAlipayClient.execute(AbstractAlipayClient.java:366)
	at cn.bugstack.trigger.job.NoPayNotifyOrderJob.exec(NoPayNotifyOrderJob.java:42)
	at jdk.internal.reflect.GeneratedMethodAccessor23.invoke(Unknown Source)
	at java.base/jdk.internal.reflect.DelegatingMethodAccessorImpl.invoke(DelegatingMethodAccessorImpl.java:43)
	at java.base/java.lang.reflect.Method.invoke(Method.java:566)
	at org.springframework.scheduling.support.ScheduledMethodRunnable.run(ScheduledMethodRunnable.java:84)
	at org.springframework.scheduling.support.DelegatingErrorHandlingRunnable.run(DelegatingErrorHandlingRunnable.java:54)
	at org.springframework.scheduling.concurrent.ReschedulingRunnable.run(ReschedulingRunnable.java:95)
	at java.base/java.util.concurrent.Executors$RunnableAdapter.call(Executors.java:515)
	at java.base/java.util.concurrent.FutureTask.run(FutureTask.java:264)
	at java.base/java.util.concurrent.ScheduledThreadPoolExecutor$ScheduledFutureTask.run(ScheduledThreadPoolExecutor.java:304)
	at java.base/java.util.concurrent.ThreadPoolExecutor.runWorker(ThreadPoolExecutor.java:1128)
	at java.base/java.util.concurrent.ThreadPoolExecutor$Worker.run(ThreadPoolExecutor.java:628)
	at java.base/java.lang.Thread.run(Thread.java:829)
Caused by: java.io.IOException: <!DOCTYPE HTML PUBLIC "-//IETF//DTD HTML 2.0//EN">
<html>
<head><title>504 Gateway Time-out</title></head>
<body bgcolor="white">
<h1>504 Gateway Time-out</h1>
<p>The gateway did not receive a timely response from the upstream server or application. Sorry for the inconvenience.<br/>
Please report this message and include the following information to us.<br/>
Thank you very much!</p>
<table>
<tr>
<td>URL:</td>
<td>http://openapi-sandbox.dl.alipaydev.com/gateway.do?charset=utf-8&amp;method=alipay.trade.query&amp;sign=nONxlGdKaKHL18AxH55aMOEaENAEN3CY4XxvOD%2ByBAcf8SduBIu%2FCxhRKWobhICXupokbNkeOfMMkKbDNp5rQ1C0mR1v96sDOYWc1rQ3Aorvj5OO3OsRGGqrEsF209lC9%2FiwIQxW52l0XKHAazsoUO7vAC1PC9twiB2o6HGfdw%2FEo7Qluty56UMX6hCMQbqMKAg06Dl6wADn5XPyjzPbR8M4dk8GKjgYs1Y7oL8%2BkwV6YYR%2B7n%2BLt2ZqlOnfzx09ZEcB3zHA6pEYctOqMfBXD6Cd8qZIsA32QTnvPV7GrwMXe2FL5cwZZ63ISQfa0LURf%2B58xAOHRqC5NIF8KyU6tg%3D%3D&amp;version=1.0&amp;app_id=9021000165677275&amp;sign_type=RSA2&amp;timestamp=2026-07-26+21%3A05%3A24&amp;alipay_sdk=alipay-sdk-java-4.38.157.ALL&amp;format=json</td>
</tr>
<tr>
<td>Server:</td>
<td>openapi-57.rz21a.sandbox.alipay.net</td>
</tr>
<tr>
<td>Date:</td>
<td>2026/07/26 21:05:29</td>
</tr>
</table>
<hr/>Powered by Tengine
</body>
</html>

	at com.alipay.api.internal.util.WebUtils.getResponseAsString(WebUtils.java:520)
	at com.alipay.api.internal.util.WebUtils.doPost(WebUtils.java:181)
	at com.alipay.api.internal.util.WebUtils.doPost(WebUtils.java:142)
	at com.alipay.api.AbstractAlipayClient.doPost(AbstractAlipayClient.java:1003)
	... 18 common frames omitted
26-07-26.21:05:30.229 [scheduling-1    ] ERROR err                    - ErrorScene^_^40004^_^ACQ.TRADE_NOT_EXIST^_^192.168.73.1^_^Windows 11^_^2026-07-26 21:05:30^_^ProtocalMustParams:charset=utf-8&method=alipay.trade.query&sign=Mj8df4AQnWE37pLasP4GLebtQo934eKPBbE0VwqbeJhSY8G8p0Fv+d0u0/8z01XSfdO83KPUFNSxy/rlfiD6gmALiAJG/KNA0lY5dZtnVh9UOaAzjjORXW0R+wZvtKgXWTr4MP1ZiKuuX9CfzsBBge1vypPRLp62etoj8aX1+MrvgNZ4NCefZ5BOmve/wzXGXo0VWBcCuTlzfDpyI3Hg/BqWWz0YkIYCiN7vBLMUVNEfm//U0pnTU3xrXSkWpbX7iRr3nrVYyswJaoy6tVZCc/+NBJOEcNTRm0b/digfkcSGxbXWSMHyGm1GM6bGVww+qQ/RZdLgL49GG4Iy9rygjw==&version=1.0&app_id=9021000165677275&sign_type=RSA2&timestamp=2026-07-26 21:05:30^_^ProtocalOptParams:alipay_sdk=alipay-sdk-java-4.38.157.ALL&format=json^_^ApplicationParams:traceId=06020e08178507113013251682433085&biz_content={"out_trade_no":"59214591885269"}^_^Body:{"alipay_trade_query_response":{"msg":"Business Failed","code":"40004","out_trade_no":"59214591885269","sub_msg":"交易不存在","sub_code":"ACQ.TRADE_NOT_EXIST","receipt_amount":"0.00","point_amount":"0.00","buyer_pay_amount":"0.00","invoice_amount":"0.00"},"sign":"IlGZ9x5UhNF2eAqdNMzeNXtVmLVeP4WAHqOs3UIoTeNqOZPSKddjkKWyTMN0yOnmdmvXLs65xA8iLe3vMAOcTv3IRc5Ly+sfXiILXIoyDMo48N1nGL00QjpY712N35H3czuLP1upFRYorbFoh87mPrUkchUunF+PEBdfORFul87T4s2hkFE5Fl1M1wxQAAUDsoOdZiXF4N0VIlZn8XpWkwGhUJTSzC4T5bTxJpGdI0AVbbLy9QZu0eXIaXEtwYSVDV1oFLVBE/DEmKpridtTn9/6ZOtOpBhjgylpbP+J+f2SCp37feezNW+mRc7kxKeaJfjjdbn7pTI1TeynheyWLQ=="}^_^8ms,201ms,9ms^_^trace_id:06020e08178507113013251682433085
26-07-26.21:05:30.229 [scheduling-1    ] INFO  NoPayNotifyOrderJob    - 检测未接收到或未正确处理的支付回调通知，订单未支付成功 orderId:59214591885269 code:40004 tradeStatus:null
26-07-26.21:05:35.370 [scheduling-1    ] ERROR err                    - 2026-07-26 21:05:35^_^alipay.trade.query^_^null^_^192.168.73.1^_^Windows 11^_^alipay-sdk-java-4.38.157.ALL^_^https://openapi-sandbox.dl.alipaydev.com/gateway.do?charset=utf-8&method=alipay.trade.query&sign=mnNBUO7X3B42t%2F7RP0dKjGySlEmkoJsVpdirNwB0rovP5XhJYYX0nfSCLTvkHEmDW5tK2pLPYZxKnzS6r15HnrYB3xvGy0LqJ8JWzHhfT9yDFi0bCEzMTK1P9zP6YHO1hXCYOYGmaLRmXn3h2abFUq6wDhCRiS0cET7Pgtrj8uGcuaDZNVR2h3y%2BaGa34DspcGscAUnEV9RnY36IeLYRJk14WeikyV%2FvE0kVopmJJzfHyrWebrFWvB69A%2BLsKhz04yiopvS1DZ8Y2FhFqA9210Djb8sdoCdFcUXp6yuhs8aVTKm9fUZ1MRNU9L5tBNF9dzPF3raorUnOwavU6t31lQ%3D%3D&version=1.0&app_id=9021000165677275&sign_type=RSA2&timestamp=2026-07-26+21%3A05%3A30&alipay_sdk=alipay-sdk-java-4.38.157.ALL&format=json^_^^_^<!DOCTYPE HTML PUBLIC "-//IETF//DTD HTML 2.0//EN"> <html> <head><title>504 Gateway Time-out</title></head> <body bgcolor="white"> <h1>504 Gateway Time-out</h1> <p>The gateway did not receive a timely response from the upstream server or application. Sorry for the inconvenience.<br/> Please report this message and include the following information to us.<br/> Thank you very much!</p> <table> <tr> <td>URL:</td> <td>http://openapi-sandbox.dl.alipaydev.com/gateway.do?charset=utf-8&amp;method=alipay.trade.query&amp;sign=mnNBUO7X3B42t%2F7RP0dKjGySlEmkoJsVpdirNwB0rovP5XhJYYX0nfSCLTvkHEmDW5tK2pLPYZxKnzS6r15HnrYB3xvGy0LqJ8JWzHhfT9yDFi0bCEzMTK1P9zP6YHO1hXCYOYGmaLRmXn3h2abFUq6wDhCRiS0cET7Pgtrj8uGcuaDZNVR2h3y%2BaGa34DspcGscAUnEV9RnY36IeLYRJk14WeikyV%2FvE0kVopmJJzfHyrWebrFWvB69A%2BLsKhz04yiopvS1DZ8Y2FhFqA9210Djb8sdoCdFcUXp6yuhs8aVTKm9fUZ1MRNU9L5tBNF9dzPF3raorUnOwavU6t31lQ%3D%3D&amp;version=1.0&amp;app_id=9021000165677275&amp;sign_type=RSA2&amp;timestamp=2026-07-26+21%3A05%3A30&amp;alipay_sdk=alipay-sdk-java-4.38.157.ALL&amp;format=json</td> </tr> <tr> <td>Server:</td> <td>openapi-55.rz21a.sandbox.alipay.net</td> </tr> <tr> <td>Date:</td> <td>2026/07/26 21:05:35</td> </tr> </table> <hr/>Powered by Tengine </body> </html> 
26-07-26.21:05:35.370 [scheduling-1    ] ERROR NoPayNotifyOrderJob    - 检测未接收到或未正确处理的支付回调通知失败
com.alipay.api.AlipayApiException: java.io.IOException: <!DOCTYPE HTML PUBLIC "-//IETF//DTD HTML 2.0//EN">
<html>
<head><title>504 Gateway Time-out</title></head>
<body bgcolor="white">
<h1>504 Gateway Time-out</h1>
<p>The gateway did not receive a timely response from the upstream server or application. Sorry for the inconvenience.<br/>
Please report this message and include the following information to us.<br/>
Thank you very much!</p>
<table>
<tr>
<td>URL:</td>
<td>http://openapi-sandbox.dl.alipaydev.com/gateway.do?charset=utf-8&amp;method=alipay.trade.query&amp;sign=mnNBUO7X3B42t%2F7RP0dKjGySlEmkoJsVpdirNwB0rovP5XhJYYX0nfSCLTvkHEmDW5tK2pLPYZxKnzS6r15HnrYB3xvGy0LqJ8JWzHhfT9yDFi0bCEzMTK1P9zP6YHO1hXCYOYGmaLRmXn3h2abFUq6wDhCRiS0cET7Pgtrj8uGcuaDZNVR2h3y%2BaGa34DspcGscAUnEV9RnY36IeLYRJk14WeikyV%2FvE0kVopmJJzfHyrWebrFWvB69A%2BLsKhz04yiopvS1DZ8Y2FhFqA9210Djb8sdoCdFcUXp6yuhs8aVTKm9fUZ1MRNU9L5tBNF9dzPF3raorUnOwavU6t31lQ%3D%3D&amp;version=1.0&amp;app_id=9021000165677275&amp;sign_type=RSA2&amp;timestamp=2026-07-26+21%3A05%3A30&amp;alipay_sdk=alipay-sdk-java-4.38.157.ALL&amp;format=json</td>
</tr>
<tr>
<td>Server:</td>
<td>openapi-55.rz21a.sandbox.alipay.net</td>
</tr>
<tr>
<td>Date:</td>
<td>2026/07/26 21:05:35</td>
</tr>
</table>
<hr/>Powered by Tengine
</body>
</html>

	at com.alipay.api.AbstractAlipayClient.doPost(AbstractAlipayClient.java:1015)
	at com.alipay.api.AbstractAlipayClient._execute(AbstractAlipayClient.java:921)
	at com.alipay.api.AbstractAlipayClient.execute(AbstractAlipayClient.java:395)
	at com.alipay.api.AbstractAlipayClient.execute(AbstractAlipayClient.java:377)
	at com.alipay.api.AbstractAlipayClient.execute(AbstractAlipayClient.java:372)
	at com.alipay.api.AbstractAlipayClient.execute(AbstractAlipayClient.java:366)
	at cn.bugstack.trigger.job.NoPayNotifyOrderJob.exec(NoPayNotifyOrderJob.java:42)
	at jdk.internal.reflect.GeneratedMethodAccessor23.invoke(Unknown Source)
	at java.base/jdk.internal.reflect.DelegatingMethodAccessorImpl.invoke(DelegatingMethodAccessorImpl.java:43)
	at java.base/java.lang.reflect.Method.invoke(Method.java:566)
	at org.springframework.scheduling.support.ScheduledMethodRunnable.run(ScheduledMethodRunnable.java:84)
	at org.springframework.scheduling.support.DelegatingErrorHandlingRunnable.run(DelegatingErrorHandlingRunnable.java:54)
	at org.springframework.scheduling.concurrent.ReschedulingRunnable.run(ReschedulingRunnable.java:95)
	at java.base/java.util.concurrent.Executors$RunnableAdapter.call(Executors.java:515)
	at java.base/java.util.concurrent.FutureTask.run(FutureTask.java:264)
	at java.base/java.util.concurrent.ScheduledThreadPoolExecutor$ScheduledFutureTask.run(ScheduledThreadPoolExecutor.java:304)
	at java.base/java.util.concurrent.ThreadPoolExecutor.runWorker(ThreadPoolExecutor.java:1128)
	at java.base/java.util.concurrent.ThreadPoolExecutor$Worker.run(ThreadPoolExecutor.java:628)
	at java.base/java.lang.Thread.run(Thread.java:829)
Caused by: java.io.IOException: <!DOCTYPE HTML PUBLIC "-//IETF//DTD HTML 2.0//EN">
<html>
<head><title>504 Gateway Time-out</title></head>
<body bgcolor="white">
<h1>504 Gateway Time-out</h1>
<p>The gateway did not receive a timely response from the upstream server or application. Sorry for the inconvenience.<br/>
Please report this message and include the following information to us.<br/>
Thank you very much!</p>
<table>
<tr>
<td>URL:</td>
<td>http://openapi-sandbox.dl.alipaydev.com/gateway.do?charset=utf-8&amp;method=alipay.trade.query&amp;sign=mnNBUO7X3B42t%2F7RP0dKjGySlEmkoJsVpdirNwB0rovP5XhJYYX0nfSCLTvkHEmDW5tK2pLPYZxKnzS6r15HnrYB3xvGy0LqJ8JWzHhfT9yDFi0bCEzMTK1P9zP6YHO1hXCYOYGmaLRmXn3h2abFUq6wDhCRiS0cET7Pgtrj8uGcuaDZNVR2h3y%2BaGa34DspcGscAUnEV9RnY36IeLYRJk14WeikyV%2FvE0kVopmJJzfHyrWebrFWvB69A%2BLsKhz04yiopvS1DZ8Y2FhFqA9210Djb8sdoCdFcUXp6yuhs8aVTKm9fUZ1MRNU9L5tBNF9dzPF3raorUnOwavU6t31lQ%3D%3D&amp;version=1.0&amp;app_id=9021000165677275&amp;sign_type=RSA2&amp;timestamp=2026-07-26+21%3A05%3A30&amp;alipay_sdk=alipay-sdk-java-4.38.157.ALL&amp;format=json</td>
</tr>
<tr>
<td>Server:</td>
<td>openapi-55.rz21a.sandbox.alipay.net</td>
</tr>
<tr>
<td>Date:</td>
<td>2026/07/26 21:05:35</td>
</tr>
</table>
<hr/>Powered by Tengine
</body>
</html>

	at com.alipay.api.internal.util.WebUtils.getResponseAsString(WebUtils.java:520)
	at com.alipay.api.internal.util.WebUtils.doPost(WebUtils.java:181)
	at com.alipay.api.internal.util.WebUtils.doPost(WebUtils.java:142)
	at com.alipay.api.AbstractAlipayClient.doPost(AbstractAlipayClient.java:1003)
	... 18 common frames omitted
26-07-26.21:05:36.390 [scheduling-1    ] ERROR err                    - ErrorScene^_^40004^_^ACQ.TRADE_NOT_EXIST^_^192.168.73.1^_^Windows 11^_^2026-07-26 21:05:36^_^ProtocalMustParams:charset=utf-8&method=alipay.trade.query&sign=QiL86kp3Y0BVmQ8cUWyrk74MhBClKKQ93666GkUgRfhc8UXezh0t+c1dQULEhe0XxppnTixxLz+hfScSMM5bSh9GRwTH01XrjH8jhoudpOVcIgzKVJ3tOWQY/idQTLEHjc27jiDDOEcXYz41MESQojM3Y+wV+4dVNTF/NrqTmqPkUPoBSMSDSLIsNYUPapd0Ia6FmJZ95W7tMzcWWjfhIpVZ5mw9BAa11LmNoM3r7sR2LaCdsZHFDLrCoq9LrqqAIYAvTBPYtu5+5N4lgbBWfqJAKek9pDSoxuZqlNRM4KwVNrBT64lPBWLMKrRAlI44gFrGYV1S25Ez6UZ48EBV9w==&version=1.0&app_id=9021000165677275&sign_type=RSA2&timestamp=2026-07-26 21:05:36^_^ProtocalOptParams:alipay_sdk=alipay-sdk-java-4.38.157.ALL&format=json^_^ApplicationParams:traceId=060d6922178507113615035563502569&biz_content={"out_trade_no":"59214591885269"}^_^Body:{"alipay_trade_query_response":{"msg":"Business Failed","code":"40004","out_trade_no":"59214591885269","sub_msg":"交易不存在","sub_code":"ACQ.TRADE_NOT_EXIST","receipt_amount":"0.00","point_amount":"0.00","buyer_pay_amount":"0.00","invoice_amount":"0.00"},"sign":"IlGZ9x5UhNF2eAqdNMzeNXtVmLVeP4WAHqOs3UIoTeNqOZPSKddjkKWyTMN0yOnmdmvXLs65xA8iLe3vMAOcTv3IRc5Ly+sfXiILXIoyDMo48N1nGL00QjpY712N35H3czuLP1upFRYorbFoh87mPrUkchUunF+PEBdfORFul87T4s2hkFE5Fl1M1wxQAAUDsoOdZiXF4N0VIlZn8XpWkwGhUJTSzC4T5bTxJpGdI0AVbbLy9QZu0eXIaXEtwYSVDV1oFLVBE/DEmKpridtTn9/6ZOtOpBhjgylpbP+J+f2SCp37feezNW+mRc7kxKeaJfjjdbn7pTI1TeynheyWLQ=="}^_^8ms,350ms,16ms^_^trace_id:060d6922178507113615035563502569
26-07-26.21:05:36.390 [scheduling-1    ] INFO  NoPayNotifyOrderJob    - 检测未接收到或未正确处理的支付回调通知，订单未支付成功 orderId:59214591885269 code:40004 tradeStatus:null
26-07-26.21:05:41.527 [scheduling-1    ] ERROR err                    - 2026-07-26 21:05:41^_^alipay.trade.query^_^null^_^192.168.73.1^_^Windows 11^_^alipay-sdk-java-4.38.157.ALL^_^https://openapi-sandbox.dl.alipaydev.com/gateway.do?charset=utf-8&method=alipay.trade.query&sign=ZGYSBgpKnPJSp3P9%2F%2B5Yz95F%2BCiNPVvbX5%2BHU1HarzryGtUBWkn61EyBLYyo9hKChG6fIycdNsnhLVpIj1awaqBn7Gu0MaTY55sPHSa84wIOTOwSPuJZwy8rIcUuZKdKc%2BHyyB6ii8jzFaapT2k3BrBVizQsvyDbgE1WRLuRbMiC4zlNytXJc2Ap0HWJhbsqsydzoL%2BwUnxFmL9cK1D7qT7rwRGCOjqlk4jhof6e3efY%2BEZh90kfqJ%2BBedUH2t30hWzuZvjbAq7kMiJ9qE2IDUTHuPryB5bLdgTYbsQ2Aw0RvI0edMCDBtH6JXN9u7oRmInLX4dSF43v1PjMI0frlQ%3D%3D&version=1.0&app_id=9021000165677275&sign_type=RSA2&timestamp=2026-07-26+21%3A05%3A36&alipay_sdk=alipay-sdk-java-4.38.157.ALL&format=json^_^^_^<!DOCTYPE HTML PUBLIC "-//IETF//DTD HTML 2.0//EN"> <html> <head><title>504 Gateway Time-out</title></head> <body bgcolor="white"> <h1>504 Gateway Time-out</h1> <p>The gateway did not receive a timely response from the upstream server or application. Sorry for the inconvenience.<br/> Please report this message and include the following information to us.<br/> Thank you very much!</p> <table> <tr> <td>URL:</td> <td>http://openapi-sandbox.dl.alipaydev.com/gateway.do?charset=utf-8&amp;method=alipay.trade.query&amp;sign=ZGYSBgpKnPJSp3P9%2F%2B5Yz95F%2BCiNPVvbX5%2BHU1HarzryGtUBWkn61EyBLYyo9hKChG6fIycdNsnhLVpIj1awaqBn7Gu0MaTY55sPHSa84wIOTOwSPuJZwy8rIcUuZKdKc%2BHyyB6ii8jzFaapT2k3BrBVizQsvyDbgE1WRLuRbMiC4zlNytXJc2Ap0HWJhbsqsydzoL%2BwUnxFmL9cK1D7qT7rwRGCOjqlk4jhof6e3efY%2BEZh90kfqJ%2BBedUH2t30hWzuZvjbAq7kMiJ9qE2IDUTHuPryB5bLdgTYbsQ2Aw0RvI0edMCDBtH6JXN9u7oRmInLX4dSF43v1PjMI0frlQ%3D%3D&amp;version=1.0&amp;app_id=9021000165677275&amp;sign_type=RSA2&amp;timestamp=2026-07-26+21%3A05%3A36&amp;alipay_sdk=alipay-sdk-java-4.38.157.ALL&amp;format=json</td> </tr> <tr> <td>Server:</td> <td>openapi-57.rz21a.sandbox.alipay.net</td> </tr> <tr> <td>Date:</td> <td>2026/07/26 21:05:41</td> </tr> </table> <hr/>Powered by Tengine </body> </html> 
26-07-26.21:05:41.527 [scheduling-1    ] ERROR NoPayNotifyOrderJob    - 检测未接收到或未正确处理的支付回调通知失败
com.alipay.api.AlipayApiException: java.io.IOException: <!DOCTYPE HTML PUBLIC "-//IETF//DTD HTML 2.0//EN">
<html>
<head><title>504 Gateway Time-out</title></head>
<body bgcolor="white">
<h1>504 Gateway Time-out</h1>
<p>The gateway did not receive a timely response from the upstream server or application. Sorry for the inconvenience.<br/>
Please report this message and include the following information to us.<br/>
Thank you very much!</p>
<table>
<tr>
<td>URL:</td>
<td>http://openapi-sandbox.dl.alipaydev.com/gateway.do?charset=utf-8&amp;method=alipay.trade.query&amp;sign=ZGYSBgpKnPJSp3P9%2F%2B5Yz95F%2BCiNPVvbX5%2BHU1HarzryGtUBWkn61EyBLYyo9hKChG6fIycdNsnhLVpIj1awaqBn7Gu0MaTY55sPHSa84wIOTOwSPuJZwy8rIcUuZKdKc%2BHyyB6ii8jzFaapT2k3BrBVizQsvyDbgE1WRLuRbMiC4zlNytXJc2Ap0HWJhbsqsydzoL%2BwUnxFmL9cK1D7qT7rwRGCOjqlk4jhof6e3efY%2BEZh90kfqJ%2BBedUH2t30hWzuZvjbAq7kMiJ9qE2IDUTHuPryB5bLdgTYbsQ2Aw0RvI0edMCDBtH6JXN9u7oRmInLX4dSF43v1PjMI0frlQ%3D%3D&amp;version=1.0&amp;app_id=9021000165677275&amp;sign_type=RSA2&amp;timestamp=2026-07-26+21%3A05%3A36&amp;alipay_sdk=alipay-sdk-java-4.38.157.ALL&amp;format=json</td>
</tr>
<tr>
<td>Server:</td>
<td>openapi-57.rz21a.sandbox.alipay.net</td>
</tr>
<tr>
<td>Date:</td>
<td>2026/07/26 21:05:41</td>
</tr>
</table>
<hr/>Powered by Tengine
</body>
</html>

	at com.alipay.api.AbstractAlipayClient.doPost(AbstractAlipayClient.java:1015)
	at com.alipay.api.AbstractAlipayClient._execute(AbstractAlipayClient.java:921)
	at com.alipay.api.AbstractAlipayClient.execute(AbstractAlipayClient.java:395)
	at com.alipay.api.AbstractAlipayClient.execute(AbstractAlipayClient.java:377)
	at com.alipay.api.AbstractAlipayClient.execute(AbstractAlipayClient.java:372)
	at com.alipay.api.AbstractAlipayClient.execute(AbstractAlipayClient.java:366)
	at cn.bugstack.trigger.job.NoPayNotifyOrderJob.exec(NoPayNotifyOrderJob.java:42)
	at jdk.internal.reflect.GeneratedMethodAccessor23.invoke(Unknown Source)
	at java.base/jdk.internal.reflect.DelegatingMethodAccessorImpl.invoke(DelegatingMethodAccessorImpl.java:43)
	at java.base/java.lang.reflect.Method.invoke(Method.java:566)
	at org.springframework.scheduling.support.ScheduledMethodRunnable.run(ScheduledMethodRunnable.java:84)
	at org.springframework.scheduling.support.DelegatingErrorHandlingRunnable.run(DelegatingErrorHandlingRunnable.java:54)
	at org.springframework.scheduling.concurrent.ReschedulingRunnable.run(ReschedulingRunnable.java:95)
	at java.base/java.util.concurrent.Executors$RunnableAdapter.call(Executors.java:515)
	at java.base/java.util.concurrent.FutureTask.run(FutureTask.java:264)
	at java.base/java.util.concurrent.ScheduledThreadPoolExecutor$ScheduledFutureTask.run(ScheduledThreadPoolExecutor.java:304)
	at java.base/java.util.concurrent.ThreadPoolExecutor.runWorker(ThreadPoolExecutor.java:1128)
	at java.base/java.util.concurrent.ThreadPoolExecutor$Worker.run(ThreadPoolExecutor.java:628)
	at java.base/java.lang.Thread.run(Thread.java:829)
Caused by: java.io.IOException: <!DOCTYPE HTML PUBLIC "-//IETF//DTD HTML 2.0//EN">
<html>
<head><title>504 Gateway Time-out</title></head>
<body bgcolor="white">
<h1>504 Gateway Time-out</h1>
<p>The gateway did not receive a timely response from the upstream server or application. Sorry for the inconvenience.<br/>
Please report this message and include the following information to us.<br/>
Thank you very much!</p>
<table>
<tr>
<td>URL:</td>
<td>http://openapi-sandbox.dl.alipaydev.com/gateway.do?charset=utf-8&amp;method=alipay.trade.query&amp;sign=ZGYSBgpKnPJSp3P9%2F%2B5Yz95F%2BCiNPVvbX5%2BHU1HarzryGtUBWkn61EyBLYyo9hKChG6fIycdNsnhLVpIj1awaqBn7Gu0MaTY55sPHSa84wIOTOwSPuJZwy8rIcUuZKdKc%2BHyyB6ii8jzFaapT2k3BrBVizQsvyDbgE1WRLuRbMiC4zlNytXJc2Ap0HWJhbsqsydzoL%2BwUnxFmL9cK1D7qT7rwRGCOjqlk4jhof6e3efY%2BEZh90kfqJ%2BBedUH2t30hWzuZvjbAq7kMiJ9qE2IDUTHuPryB5bLdgTYbsQ2Aw0RvI0edMCDBtH6JXN9u7oRmInLX4dSF43v1PjMI0frlQ%3D%3D&amp;version=1.0&amp;app_id=9021000165677275&amp;sign_type=RSA2&amp;timestamp=2026-07-26+21%3A05%3A36&amp;alipay_sdk=alipay-sdk-java-4.38.157.ALL&amp;format=json</td>
</tr>
<tr>
<td>Server:</td>
<td>openapi-57.rz21a.sandbox.alipay.net</td>
</tr>
<tr>
<td>Date:</td>
<td>2026/07/26 21:05:41</td>
</tr>
</table>
<hr/>Powered by Tengine
</body>
</html>

	at com.alipay.api.internal.util.WebUtils.getResponseAsString(WebUtils.java:520)
	at com.alipay.api.internal.util.WebUtils.doPost(WebUtils.java:181)
	at com.alipay.api.internal.util.WebUtils.doPost(WebUtils.java:142)
	at com.alipay.api.AbstractAlipayClient.doPost(AbstractAlipayClient.java:1003)
	... 18 common frames omitted
26-07-26.21:05:42.230 [scheduling-1    ] ERROR err                    - ErrorScene^_^40004^_^ACQ.TRADE_NOT_EXIST^_^192.168.73.1^_^Windows 11^_^2026-07-26 21:05:42^_^ProtocalMustParams:charset=utf-8&method=alipay.trade.query&sign=UbA9Ngk9TLb8y0CK9hRhzUL20X6pKqNvGMeHDFHikG70wP86XDz1HlpCZ5c8ynwfkkQK66UCu6Mff1/PTgkPO6wtEhtFXNYWaYv5vje9Lwhvm0jhgvT52zj38FtQMrMVqtGDMpPoJ/4Vr2aOoNj1pYP1rckUKcfbHtfyLzWkd+j28FI44XP/2oLh2/x1BAjF4dku8OBBWvMiXggZUhBJiAllAoSjgEsyha6hwrtVLHlR96ev061Np+iwR04abOUti2n8BwSm5FnBH2TT8I7amU6KRI4TnUBrQPzIBKgUvOM72Op9D18cv6sgZ4fZiytzB0+QIpoWteLPX8AEEIaXOA==&version=1.0&app_id=9021000165677275&sign_type=RSA2&timestamp=2026-07-26 21:05:42^_^ProtocalOptParams:alipay_sdk=alipay-sdk-java-4.38.157.ALL&format=json^_^ApplicationParams:traceId=060001f3178507114214413432231288&biz_content={"out_trade_no":"59214591885269"}^_^Body:{"alipay_trade_query_response":{"msg":"Business Failed","code":"40004","out_trade_no":"59214591885269","sub_msg":"交易不存在","sub_code":"ACQ.TRADE_NOT_EXIST","receipt_amount":"0.00","point_amount":"0.00","buyer_pay_amount":"0.00","invoice_amount":"0.00"},"sign":"IlGZ9x5UhNF2eAqdNMzeNXtVmLVeP4WAHqOs3UIoTeNqOZPSKddjkKWyTMN0yOnmdmvXLs65xA8iLe3vMAOcTv3IRc5Ly+sfXiILXIoyDMo48N1nGL00QjpY712N35H3czuLP1upFRYorbFoh87mPrUkchUunF+PEBdfORFul87T4s2hkFE5Fl1M1wxQAAUDsoOdZiXF4N0VIlZn8XpWkwGhUJTSzC4T5bTxJpGdI0AVbbLy9QZu0eXIaXEtwYSVDV1oFLVBE/DEmKpridtTn9/6ZOtOpBhjgylpbP+J+f2SCp37feezNW+mRc7kxKeaJfjjdbn7pTI1TeynheyWLQ=="}^_^8ms,208ms,10ms^_^trace_id:060001f3178507114214413432231288
26-07-26.21:05:42.230 [scheduling-1    ] INFO  NoPayNotifyOrderJob    - 检测未接收到或未正确处理的支付回调通知，订单未支付成功 orderId:59214591885269 code:40004 tradeStatus:null
26-07-26.21:05:42.450 [scheduling-1    ] ERROR err                    - ErrorScene^_^40004^_^ACQ.TRADE_NOT_EXIST^_^192.168.73.1^_^Windows 11^_^2026-07-26 21:05:42^_^ProtocalMustParams:charset=utf-8&method=alipay.trade.query&sign=auRbxLlo3HPEve0JC04s6O4UkpGVEzXXURbttt1eZA/l+7mMzB6YZZBVs2VEH6MU760at78Q47AcbOm7TLcnjyZ6WT1zlYVl4iMrwpyzOJlAfV3UmNrJxAyRnxolIqEvjyiUsROGAAorFYAAOR1OhQeuCosteRu68tTrCLy5Eoy8SYxSSpceRVqODBljh/LP6UL+hnfP0MPngnP1mNjlthNwZdZ/iwdg8SaZQYNrKoP+NsRnWC/0bFYkzUxbFvJSxgR/zlzsOBcbGCPt8WpuRLdTz2uueAmDyD0ocby3Qd8HjvG215/u71yd02kJHhzDEJdiU7Na6zzVpwSRGYHmVw==&version=1.0&app_id=9021000165677275&sign_type=RSA2&timestamp=2026-07-26 21:05:42^_^ProtocalOptParams:alipay_sdk=alipay-sdk-java-4.38.157.ALL&format=json^_^ApplicationParams:traceId=060001f3178507114235413442231288&biz_content={"out_trade_no":"63015243383423"}^_^Body:{"alipay_trade_query_response":{"msg":"Business Failed","code":"40004","out_trade_no":"63015243383423","sub_msg":"交易不存在","sub_code":"ACQ.TRADE_NOT_EXIST","receipt_amount":"0.00","point_amount":"0.00","buyer_pay_amount":"0.00","invoice_amount":"0.00"},"sign":"j/BKxEaDkp40hVZnDvR3FjkafML/EKkrgK5tm3o7RpXke6JHNNHQj7dtxjFXrid2kn398BXbOviGV9OREaHEsGkNi7IoyBK1JYReqxxHw+KZz8rrBoqtEmOs09WNzTcKyl/5ieUTw21MI9LZ5QoNI9FiQB3n5vdZv5nJ4536haXV/1ocYO4eOii1Wdd47onG0oGH6w7WLvZT+jP9UP1EcysxWQjk4vfPC2p1W/SB9gAsXt/vZ3hDDoI08AIACsojEfWvD71/4rGQQEyT4naQANCIzeGTzHZEfSOYngieu+N8sDW52hL5yDXMIaHr563fJPxX8LcKEtAYz+SGdbzTrw=="}^_^8ms,203ms,9ms^_^trace_id:060001f3178507114235413442231288
26-07-26.21:05:42.450 [scheduling-1    ] INFO  NoPayNotifyOrderJob    - 检测未接收到或未正确处理的支付回调通知，订单未支付成功 orderId:63015243383423 code:40004 tradeStatus:null
26-07-26.21:05:47.597 [scheduling-1    ] ERROR err                    - 2026-07-26 21:05:47^_^alipay.trade.query^_^null^_^192.168.73.1^_^Windows 11^_^alipay-sdk-java-4.38.157.ALL^_^https://openapi-sandbox.dl.alipaydev.com/gateway.do?charset=utf-8&method=alipay.trade.query&sign=P%2BI9GQCpW6GdhdZ9Yd60InwPNMT7voXPdK%2FQ8eUvm9JHVFzOHPleJW%2Bmgmr0Bc7GPxy2LOK%2BJ8d0Y1JmutitRZEicDqXbMYnVH3vCLDIoGyjLEz%2FrpKwIjfnIKVBxge%2F6ThUxXv5e63QudtkyilrH9ZRvcj4EancdCakTuHbi21Jrdzuv4FvYee5J1R4s1Vhf4c0xiK92eunhvhQQR74881RG5K2n%2Frl1ruNpbIa50BPrTJcu9Oxztc5rTutqCLHk4aZUuhtNtPIqbsCt6N%2FCMMMdST%2FpqmBbIoANzeKgGvPemPnHHQfAHCVd4j8ljpUxBcS4daTxbAQ1rki8cHBGg%3D%3D&version=1.0&app_id=9021000165677275&sign_type=RSA2&timestamp=2026-07-26+21%3A05%3A42&alipay_sdk=alipay-sdk-java-4.38.157.ALL&format=json^_^^_^<!DOCTYPE HTML PUBLIC "-//IETF//DTD HTML 2.0//EN"> <html> <head><title>504 Gateway Time-out</title></head> <body bgcolor="white"> <h1>504 Gateway Time-out</h1> <p>The gateway did not receive a timely response from the upstream server or application. Sorry for the inconvenience.<br/> Please report this message and include the following information to us.<br/> Thank you very much!</p> <table> <tr> <td>URL:</td> <td>http://openapi-sandbox.dl.alipaydev.com/gateway.do?charset=utf-8&amp;method=alipay.trade.query&amp;sign=P%2BI9GQCpW6GdhdZ9Yd60InwPNMT7voXPdK%2FQ8eUvm9JHVFzOHPleJW%2Bmgmr0Bc7GPxy2LOK%2BJ8d0Y1JmutitRZEicDqXbMYnVH3vCLDIoGyjLEz%2FrpKwIjfnIKVBxge%2F6ThUxXv5e63QudtkyilrH9ZRvcj4EancdCakTuHbi21Jrdzuv4FvYee5J1R4s1Vhf4c0xiK92eunhvhQQR74881RG5K2n%2Frl1ruNpbIa50BPrTJcu9Oxztc5rTutqCLHk4aZUuhtNtPIqbsCt6N%2FCMMMdST%2FpqmBbIoANzeKgGvPemPnHHQfAHCVd4j8ljpUxBcS4daTxbAQ1rki8cHBGg%3D%3D&amp;version=1.0&amp;app_id=9021000165677275&amp;sign_type=RSA2&amp;timestamp=2026-07-26+21%3A05%3A42&amp;alipay_sdk=alipay-sdk-java-4.38.157.ALL&amp;format=json</td> </tr> <tr> <td>Server:</td> <td>openapi-57.rz21a.sandbox.alipay.net</td> </tr> <tr> <td>Date:</td> <td>2026/07/26 21:05:47</td> </tr> </table> <hr/>Powered by Tengine </body> </html> 
26-07-26.21:05:47.597 [scheduling-1    ] ERROR NoPayNotifyOrderJob    - 检测未接收到或未正确处理的支付回调通知失败
com.alipay.api.AlipayApiException: java.io.IOException: <!DOCTYPE HTML PUBLIC "-//IETF//DTD HTML 2.0//EN">
<html>
<head><title>504 Gateway Time-out</title></head>
<body bgcolor="white">
<h1>504 Gateway Time-out</h1>
<p>The gateway did not receive a timely response from the upstream server or application. Sorry for the inconvenience.<br/>
Please report this message and include the following information to us.<br/>
Thank you very much!</p>
<table>
<tr>
<td>URL:</td>
<td>http://openapi-sandbox.dl.alipaydev.com/gateway.do?charset=utf-8&amp;method=alipay.trade.query&amp;sign=P%2BI9GQCpW6GdhdZ9Yd60InwPNMT7voXPdK%2FQ8eUvm9JHVFzOHPleJW%2Bmgmr0Bc7GPxy2LOK%2BJ8d0Y1JmutitRZEicDqXbMYnVH3vCLDIoGyjLEz%2FrpKwIjfnIKVBxge%2F6ThUxXv5e63QudtkyilrH9ZRvcj4EancdCakTuHbi21Jrdzuv4FvYee5J1R4s1Vhf4c0xiK92eunhvhQQR74881RG5K2n%2Frl1ruNpbIa50BPrTJcu9Oxztc5rTutqCLHk4aZUuhtNtPIqbsCt6N%2FCMMMdST%2FpqmBbIoANzeKgGvPemPnHHQfAHCVd4j8ljpUxBcS4daTxbAQ1rki8cHBGg%3D%3D&amp;version=1.0&amp;app_id=9021000165677275&amp;sign_type=RSA2&amp;timestamp=2026-07-26+21%3A05%3A42&amp;alipay_sdk=alipay-sdk-java-4.38.157.ALL&amp;format=json</td>
</tr>
<tr>
<td>Server:</td>
<td>openapi-57.rz21a.sandbox.alipay.net</td>
</tr>
<tr>
<td>Date:</td>
<td>2026/07/26 21:05:47</td>
</tr>
</table>
<hr/>Powered by Tengine
</body>
</html>

	at com.alipay.api.AbstractAlipayClient.doPost(AbstractAlipayClient.java:1015)
	at com.alipay.api.AbstractAlipayClient._execute(AbstractAlipayClient.java:921)
	at com.alipay.api.AbstractAlipayClient.execute(AbstractAlipayClient.java:395)
	at com.alipay.api.AbstractAlipayClient.execute(AbstractAlipayClient.java:377)
	at com.alipay.api.AbstractAlipayClient.execute(AbstractAlipayClient.java:372)
	at com.alipay.api.AbstractAlipayClient.execute(AbstractAlipayClient.java:366)
	at cn.bugstack.trigger.job.NoPayNotifyOrderJob.exec(NoPayNotifyOrderJob.java:42)
	at jdk.internal.reflect.GeneratedMethodAccessor23.invoke(Unknown Source)
	at java.base/jdk.internal.reflect.DelegatingMethodAccessorImpl.invoke(DelegatingMethodAccessorImpl.java:43)
	at java.base/java.lang.reflect.Method.invoke(Method.java:566)
	at org.springframework.scheduling.support.ScheduledMethodRunnable.run(ScheduledMethodRunnable.java:84)
	at org.springframework.scheduling.support.DelegatingErrorHandlingRunnable.run(DelegatingErrorHandlingRunnable.java:54)
	at org.springframework.scheduling.concurrent.ReschedulingRunnable.run(ReschedulingRunnable.java:95)
	at java.base/java.util.concurrent.Executors$RunnableAdapter.call(Executors.java:515)
	at java.base/java.util.concurrent.FutureTask.run(FutureTask.java:264)
	at java.base/java.util.concurrent.ScheduledThreadPoolExecutor$ScheduledFutureTask.run(ScheduledThreadPoolExecutor.java:304)
	at java.base/java.util.concurrent.ThreadPoolExecutor.runWorker(ThreadPoolExecutor.java:1128)
	at java.base/java.util.concurrent.ThreadPoolExecutor$Worker.run(ThreadPoolExecutor.java:628)
	at java.base/java.lang.Thread.run(Thread.java:829)
Caused by: java.io.IOException: <!DOCTYPE HTML PUBLIC "-//IETF//DTD HTML 2.0//EN">
<html>
<head><title>504 Gateway Time-out</title></head>
<body bgcolor="white">
<h1>504 Gateway Time-out</h1>
<p>The gateway did not receive a timely response from the upstream server or application. Sorry for the inconvenience.<br/>
Please report this message and include the following information to us.<br/>
Thank you very much!</p>
<table>
<tr>
<td>URL:</td>
<td>http://openapi-sandbox.dl.alipaydev.com/gateway.do?charset=utf-8&amp;method=alipay.trade.query&amp;sign=P%2BI9GQCpW6GdhdZ9Yd60InwPNMT7voXPdK%2FQ8eUvm9JHVFzOHPleJW%2Bmgmr0Bc7GPxy2LOK%2BJ8d0Y1JmutitRZEicDqXbMYnVH3vCLDIoGyjLEz%2FrpKwIjfnIKVBxge%2F6ThUxXv5e63QudtkyilrH9ZRvcj4EancdCakTuHbi21Jrdzuv4FvYee5J1R4s1Vhf4c0xiK92eunhvhQQR74881RG5K2n%2Frl1ruNpbIa50BPrTJcu9Oxztc5rTutqCLHk4aZUuhtNtPIqbsCt6N%2FCMMMdST%2FpqmBbIoANzeKgGvPemPnHHQfAHCVd4j8ljpUxBcS4daTxbAQ1rki8cHBGg%3D%3D&amp;version=1.0&amp;app_id=9021000165677275&amp;sign_type=RSA2&amp;timestamp=2026-07-26+21%3A05%3A42&amp;alipay_sdk=alipay-sdk-java-4.38.157.ALL&amp;format=json</td>
</tr>
<tr>
<td>Server:</td>
<td>openapi-57.rz21a.sandbox.alipay.net</td>
</tr>
<tr>
<td>Date:</td>
<td>2026/07/26 21:05:47</td>
</tr>
</table>
<hr/>Powered by Tengine
</body>
</html>

	at com.alipay.api.internal.util.WebUtils.getResponseAsString(WebUtils.java:520)
	at com.alipay.api.internal.util.WebUtils.doPost(WebUtils.java:181)
	at com.alipay.api.internal.util.WebUtils.doPost(WebUtils.java:142)
	at com.alipay.api.AbstractAlipayClient.doPost(AbstractAlipayClient.java:1003)
	... 18 common frames omitted
26-07-26.21:05:48.241 [scheduling-1    ] ERROR err                    - ErrorScene^_^40004^_^ACQ.TRADE_NOT_EXIST^_^192.168.73.1^_^Windows 11^_^2026-07-26 21:05:48^_^ProtocalMustParams:charset=utf-8&method=alipay.trade.query&sign=TmLaChjZ1ySwsRxqSjmmn+KJUKlfqZuioTKBojQnezn0x0N+EqgVFVMuGx2QGnh8tYQxuK2BDx9NjC2V8Qcb2PsNo9frsSeKMnApFwJ9NfNB1BKXWonVHU5SBh+/COoaSyWArwH3BlHKJK1XjakmFKIqLjgnbO2n9pWQcpOOcqiHsAPWeodTS4sw9WLkUl/ZHPXAYDtspdkuGmVdnDcyZQDNcvbYBR+2IQspwWsscfc8onOsATOW50pgoS05XcbY+eyUx/X14wooIrhIvrB0n/aX9jm4JhNZr4N+5GnfVmXPyupTEsWg+ZbgsOG+wfZ45OKOFFM9W5I+3oJS91JCjg==&version=1.0&app_id=9021000165677275&sign_type=RSA2&timestamp=2026-07-26 21:05:48^_^ProtocalOptParams:alipay_sdk=alipay-sdk-java-4.38.157.ALL&format=json^_^ApplicationParams:traceId=06002c4e178507114813866881578980&biz_content={"out_trade_no":"59214591885269"}^_^Body:{"alipay_trade_query_response":{"msg":"Business Failed","code":"40004","out_trade_no":"59214591885269","sub_msg":"交易不存在","sub_code":"ACQ.TRADE_NOT_EXIST","receipt_amount":"0.00","point_amount":"0.00","buyer_pay_amount":"0.00","invoice_amount":"0.00"},"sign":"IlGZ9x5UhNF2eAqdNMzeNXtVmLVeP4WAHqOs3UIoTeNqOZPSKddjkKWyTMN0yOnmdmvXLs65xA8iLe3vMAOcTv3IRc5Ly+sfXiILXIoyDMo48N1nGL00QjpY712N35H3czuLP1upFRYorbFoh87mPrUkchUunF+PEBdfORFul87T4s2hkFE5Fl1M1wxQAAUDsoOdZiXF4N0VIlZn8XpWkwGhUJTSzC4T5bTxJpGdI0AVbbLy9QZu0eXIaXEtwYSVDV1oFLVBE/DEmKpridtTn9/6ZOtOpBhjgylpbP+J+f2SCp37feezNW+mRc7kxKeaJfjjdbn7pTI1TeynheyWLQ=="}^_^8ms,213ms,9ms^_^trace_id:06002c4e178507114813866881578980
26-07-26.21:05:48.241 [scheduling-1    ] INFO  NoPayNotifyOrderJob    - 检测未接收到或未正确处理的支付回调通知，订单未支付成功 orderId:59214591885269 code:40004 tradeStatus:null
26-07-26.21:05:48.434 [scheduling-1    ] ERROR err                    - ErrorScene^_^40004^_^ACQ.TRADE_NOT_EXIST^_^192.168.73.1^_^Windows 11^_^2026-07-26 21:05:48^_^ProtocalMustParams:charset=utf-8&method=alipay.trade.query&sign=ZUAHaEG0nSGvqVaNqobHZYxEpLcdafG7Nwsd9CIaiY5DKiY490ydX092ri+dRIZlEQTzBuos636COsM3PWuqotjEycgLYdKOkwqzgEZLbxWr7GLsUzEWPkDRNOxy7K5+NV23oWjH4jv95MCRIiWRQTBSzfbf2IpPIqaCOUZ5aTyq7KbvS7kx96H5liZ8PANHwXtaNH2AbTjqXPStsNl2JwusXp9QugO0URs+UoFcB+dq5lppzqvxwEXttBWNA2MAnNRZvs2BziZu5+1xKx76lFrskLgk1pvnKUYBIbPs2WON/LCy0pBgySaEGQlO4GukmO2P4hIlvEUz5b+KqId9tg==&version=1.0&app_id=9021000165677275&sign_type=RSA2&timestamp=2026-07-26 21:05:48^_^ProtocalOptParams:alipay_sdk=alipay-sdk-java-4.38.157.ALL&format=json^_^ApplicationParams:traceId=06002c4e178507114835766891578980&biz_content={"out_trade_no":"63015243383423"}^_^Body:{"alipay_trade_query_response":{"msg":"Business Failed","code":"40004","out_trade_no":"63015243383423","sub_msg":"交易不存在","sub_code":"ACQ.TRADE_NOT_EXIST","receipt_amount":"0.00","point_amount":"0.00","buyer_pay_amount":"0.00","invoice_amount":"0.00"},"sign":"j/BKxEaDkp40hVZnDvR3FjkafML/EKkrgK5tm3o7RpXke6JHNNHQj7dtxjFXrid2kn398BXbOviGV9OREaHEsGkNi7IoyBK1JYReqxxHw+KZz8rrBoqtEmOs09WNzTcKyl/5ieUTw21MI9LZ5QoNI9FiQB3n5vdZv5nJ4536haXV/1ocYO4eOii1Wdd47onG0oGH6w7WLvZT+jP9UP1EcysxWQjk4vfPC2p1W/SB9gAsXt/vZ3hDDoI08AIACsojEfWvD71/4rGQQEyT4naQANCIzeGTzHZEfSOYngieu+N8sDW52hL5yDXMIaHr563fJPxX8LcKEtAYz+SGdbzTrw=="}^_^9ms,176ms,8ms^_^trace_id:06002c4e178507114835766891578980
26-07-26.21:05:48.434 [scheduling-1    ] INFO  NoPayNotifyOrderJob    - 检测未接收到或未正确处理的支付回调通知，订单未支付成功 orderId:63015243383423 code:40004 tradeStatus:null
26-07-26.21:05:48.652 [scheduling-1    ] ERROR err                    - ErrorScene^_^40004^_^ACQ.TRADE_NOT_EXIST^_^192.168.73.1^_^Windows 11^_^2026-07-26 21:05:48^_^ProtocalMustParams:charset=utf-8&method=alipay.trade.query&sign=nJ46uDWX8M8vqt4/LzK0UPmuTdTy39+1Q+JUEwCr/xwh/kTJap4OaJZWVeYSd9IDDc72jJogAGkUhYcx9tY7GL6K6euvcP8y7fvwrDz47B2RGjyePeEI9SMWqBcgol8hjDp6FB9UpoxBaW1wgsu3Q2xKra6R64MVgvzmzexssRBB6l1uGOa4VjPsZguoh70eelszLuk0eNLEu+FX+VoU+fFQ/dxcNHyey8gdbvHlMnIjNHXBjEcN7vlJA3CMDCMlKpPBe3+KlKK+lCPcz1ynkG4j8TVTaycduP5EDaHinf07sGpLjSH+ARaUTQPxX6VSb6r8qtHpnVVA0PJc11sUdg==&version=1.0&app_id=9021000165677275&sign_type=RSA2&timestamp=2026-07-26 21:05:48^_^ProtocalOptParams:alipay_sdk=alipay-sdk-java-4.38.157.ALL&format=json^_^ApplicationParams:traceId=060001f3178507114856613802231288&biz_content={"out_trade_no":"05687486819141"}^_^Body:{"alipay_trade_query_response":{"msg":"Business Failed","code":"40004","out_trade_no":"05687486819141","sub_msg":"交易不存在","sub_code":"ACQ.TRADE_NOT_EXIST","receipt_amount":"0.00","point_amount":"0.00","buyer_pay_amount":"0.00","invoice_amount":"0.00"},"sign":"X8+5Q6lbdoyyrQqpUwxTqfCXdBXg7ThJc2U+u8qezqbw+E5fcgtCqABatoc1r72W+dsojv3i6bkcvvMz3DRr5ahBjxU4gwSWCgz4TBIO+/iTBt57VZmROgv9LqvWSmIQTYHEWA0iBdvVQ8wabF8mzeGODzJcDm0eGuZrLQUuAfb7EsMddzf5Fpsu5TpWoCkIHAS+8CRG2vFJn8fHca0ezh5NORm72mkk1XJRvcuT3PelFHmTo+8KP5OR7ez/2fuIcdGiAD+b2i3e+sfFqMTeUrSfNpunUyXCuTC+ottvD15QxCFhRNfVkTvbOhatQUPyKDv4sjFTxoXvcC8oVH1r9Q=="}^_^8ms,201ms,9ms^_^trace_id:060001f3178507114856613802231288
26-07-26.21:05:48.652 [scheduling-1    ] INFO  NoPayNotifyOrderJob    - 检测未接收到或未正确处理的支付回调通知，订单未支付成功 orderId:05687486819141 code:40004 tradeStatus:null
26-07-26.21:05:56.139 [scheduling-1    ] ERROR err                    - 2026-07-26 21:05:56^_^alipay.trade.query^_^null^_^192.168.73.1^_^Windows 11^_^alipay-sdk-java-4.38.157.ALL^_^https://openapi-sandbox.dl.alipaydev.com/gateway.do?charset=utf-8&method=alipay.trade.query&sign=FGYQxTL68ripMQft%2BQIBl4Xr0lIbqzL6HJAwBIyP6XcbagiHzO7r10m2%2FsYW4htjJjrwP414MXb%2BPWXKj5efaArD58dk4GRPkF41sIupFKKgi4WV%2BmUWTZuroApiJzyOqKV%2BSwRO82hlxML2dDIePCdHLXJcM6t%2BZeJCnGG0NF%2Fmo2SMVPKrK0eWCwb7z97j8gK69%2FeaU7Uo3hRpjPX20guaXMJ0lNf6Fa4xz1JTwRuFA7VCd%2FyudklOHmA1VtMEDXgfpTnJ7GMDu1icP5hEIqnA8VQiJTgPMSq6kziU4IgtiOg2ZaIoK6u2vclPUM37SodEREzzMQVfuvEpzNsldA%3D%3D&version=1.0&app_id=9021000165677275&sign_type=RSA2&timestamp=2026-07-26+21%3A05%3A51&alipay_sdk=alipay-sdk-java-4.38.157.ALL&format=json^_^^_^<!DOCTYPE HTML PUBLIC "-//IETF//DTD HTML 2.0//EN"> <html> <head><title>504 Gateway Time-out</title></head> <body bgcolor="white"> <h1>504 Gateway Time-out</h1> <p>The gateway did not receive a timely response from the upstream server or application. Sorry for the inconvenience.<br/> Please report this message and include the following information to us.<br/> Thank you very much!</p> <table> <tr> <td>URL:</td> <td>http://openapi-sandbox.dl.alipaydev.com/gateway.do?charset=utf-8&amp;method=alipay.trade.query&amp;sign=FGYQxTL68ripMQft%2BQIBl4Xr0lIbqzL6HJAwBIyP6XcbagiHzO7r10m2%2FsYW4htjJjrwP414MXb%2BPWXKj5efaArD58dk4GRPkF41sIupFKKgi4WV%2BmUWTZuroApiJzyOqKV%2BSwRO82hlxML2dDIePCdHLXJcM6t%2BZeJCnGG0NF%2Fmo2SMVPKrK0eWCwb7z97j8gK69%2FeaU7Uo3hRpjPX20guaXMJ0lNf6Fa4xz1JTwRuFA7VCd%2FyudklOHmA1VtMEDXgfpTnJ7GMDu1icP5hEIqnA8VQiJTgPMSq6kziU4IgtiOg2ZaIoK6u2vclPUM37SodEREzzMQVfuvEpzNsldA%3D%3D&amp;version=1.0&amp;app_id=9021000165677275&amp;sign_type=RSA2&amp;timestamp=2026-07-26+21%3A05%3A51&amp;alipay_sdk=alipay-sdk-java-4.38.157.ALL&amp;format=json</td> </tr> <tr> <td>Server:</td> <td>openapi-55.rz21a.sandbox.alipay.net</td> </tr> <tr> <td>Date:</td> <td>2026/07/26 21:05:56</td> </tr> </table> <hr/>Powered by Tengine </body> </html> 
26-07-26.21:05:56.139 [scheduling-1    ] ERROR NoPayNotifyOrderJob    - 检测未接收到或未正确处理的支付回调通知失败
com.alipay.api.AlipayApiException: java.io.IOException: <!DOCTYPE HTML PUBLIC "-//IETF//DTD HTML 2.0//EN">
<html>
<head><title>504 Gateway Time-out</title></head>
<body bgcolor="white">
<h1>504 Gateway Time-out</h1>
<p>The gateway did not receive a timely response from the upstream server or application. Sorry for the inconvenience.<br/>
Please report this message and include the following information to us.<br/>
Thank you very much!</p>
<table>
<tr>
<td>URL:</td>
<td>http://openapi-sandbox.dl.alipaydev.com/gateway.do?charset=utf-8&amp;method=alipay.trade.query&amp;sign=FGYQxTL68ripMQft%2BQIBl4Xr0lIbqzL6HJAwBIyP6XcbagiHzO7r10m2%2FsYW4htjJjrwP414MXb%2BPWXKj5efaArD58dk4GRPkF41sIupFKKgi4WV%2BmUWTZuroApiJzyOqKV%2BSwRO82hlxML2dDIePCdHLXJcM6t%2BZeJCnGG0NF%2Fmo2SMVPKrK0eWCwb7z97j8gK69%2FeaU7Uo3hRpjPX20guaXMJ0lNf6Fa4xz1JTwRuFA7VCd%2FyudklOHmA1VtMEDXgfpTnJ7GMDu1icP5hEIqnA8VQiJTgPMSq6kziU4IgtiOg2ZaIoK6u2vclPUM37SodEREzzMQVfuvEpzNsldA%3D%3D&amp;version=1.0&amp;app_id=9021000165677275&amp;sign_type=RSA2&amp;timestamp=2026-07-26+21%3A05%3A51&amp;alipay_sdk=alipay-sdk-java-4.38.157.ALL&amp;format=json</td>
</tr>
<tr>
<td>Server:</td>
<td>openapi-55.rz21a.sandbox.alipay.net</td>
</tr>
<tr>
<td>Date:</td>
<td>2026/07/26 21:05:56</td>
</tr>
</table>
<hr/>Powered by Tengine
</body>
</html>

	at com.alipay.api.AbstractAlipayClient.doPost(AbstractAlipayClient.java:1015)
	at com.alipay.api.AbstractAlipayClient._execute(AbstractAlipayClient.java:921)
	at com.alipay.api.AbstractAlipayClient.execute(AbstractAlipayClient.java:395)
	at com.alipay.api.AbstractAlipayClient.execute(AbstractAlipayClient.java:377)
	at com.alipay.api.AbstractAlipayClient.execute(AbstractAlipayClient.java:372)
	at com.alipay.api.AbstractAlipayClient.execute(AbstractAlipayClient.java:366)
	at cn.bugstack.trigger.job.NoPayNotifyOrderJob.exec(NoPayNotifyOrderJob.java:42)
	at jdk.internal.reflect.GeneratedMethodAccessor23.invoke(Unknown Source)
	at java.base/jdk.internal.reflect.DelegatingMethodAccessorImpl.invoke(DelegatingMethodAccessorImpl.java:43)
	at java.base/java.lang.reflect.Method.invoke(Method.java:566)
	at org.springframework.scheduling.support.ScheduledMethodRunnable.run(ScheduledMethodRunnable.java:84)
	at org.springframework.scheduling.support.DelegatingErrorHandlingRunnable.run(DelegatingErrorHandlingRunnable.java:54)
	at org.springframework.scheduling.concurrent.ReschedulingRunnable.run(ReschedulingRunnable.java:95)
	at java.base/java.util.concurrent.Executors$RunnableAdapter.call(Executors.java:515)
	at java.base/java.util.concurrent.FutureTask.run(FutureTask.java:264)
	at java.base/java.util.concurrent.ScheduledThreadPoolExecutor$ScheduledFutureTask.run(ScheduledThreadPoolExecutor.java:304)
	at java.base/java.util.concurrent.ThreadPoolExecutor.runWorker(ThreadPoolExecutor.java:1128)
	at java.base/java.util.concurrent.ThreadPoolExecutor$Worker.run(ThreadPoolExecutor.java:628)
	at java.base/java.lang.Thread.run(Thread.java:829)
Caused by: java.io.IOException: <!DOCTYPE HTML PUBLIC "-//IETF//DTD HTML 2.0//EN">
<html>
<head><title>504 Gateway Time-out</title></head>
<body bgcolor="white">
<h1>504 Gateway Time-out</h1>
<p>The gateway did not receive a timely response from the upstream server or application. Sorry for the inconvenience.<br/>
Please report this message and include the following information to us.<br/>
Thank you very much!</p>
<table>
<tr>
<td>URL:</td>
<td>http://openapi-sandbox.dl.alipaydev.com/gateway.do?charset=utf-8&amp;method=alipay.trade.query&amp;sign=FGYQxTL68ripMQft%2BQIBl4Xr0lIbqzL6HJAwBIyP6XcbagiHzO7r10m2%2FsYW4htjJjrwP414MXb%2BPWXKj5efaArD58dk4GRPkF41sIupFKKgi4WV%2BmUWTZuroApiJzyOqKV%2BSwRO82hlxML2dDIePCdHLXJcM6t%2BZeJCnGG0NF%2Fmo2SMVPKrK0eWCwb7z97j8gK69%2FeaU7Uo3hRpjPX20guaXMJ0lNf6Fa4xz1JTwRuFA7VCd%2FyudklOHmA1VtMEDXgfpTnJ7GMDu1icP5hEIqnA8VQiJTgPMSq6kziU4IgtiOg2ZaIoK6u2vclPUM37SodEREzzMQVfuvEpzNsldA%3D%3D&amp;version=1.0&amp;app_id=9021000165677275&amp;sign_type=RSA2&amp;timestamp=2026-07-26+21%3A05%3A51&amp;alipay_sdk=alipay-sdk-java-4.38.157.ALL&amp;format=json</td>
</tr>
<tr>
<td>Server:</td>
<td>openapi-55.rz21a.sandbox.alipay.net</td>
</tr>
<tr>
<td>Date:</td>
<td>2026/07/26 21:05:56</td>
</tr>
</table>
<hr/>Powered by Tengine
</body>
</html>

	at com.alipay.api.internal.util.WebUtils.getResponseAsString(WebUtils.java:520)
	at com.alipay.api.internal.util.WebUtils.doPost(WebUtils.java:181)
	at com.alipay.api.internal.util.WebUtils.doPost(WebUtils.java:142)
	at com.alipay.api.AbstractAlipayClient.doPost(AbstractAlipayClient.java:1003)
	... 18 common frames omitted
26-07-26.21:05:57.242 [scheduling-1    ] ERROR err                    - ErrorScene^_^40004^_^ACQ.TRADE_NOT_EXIST^_^192.168.73.1^_^Windows 11^_^2026-07-26 21:05:57^_^ProtocalMustParams:charset=utf-8&method=alipay.trade.query&sign=azrMmxcAXsr+/b+0az0gA48SKHX1MISyxq9OhkyIY5DDGESWrS4kXBnoWd/KEeZ5aOqVL17uSpd7yNEzfq4iDZmg7Kp7zoOu0uzEe5meYfOsx1ll5pGpNE8v9G/1ubqfguv8q4WZtSPxL6PRLyVFlr/SC680g0vlBhUmljA4bzPv6Pm+7fdDVJA1clEvpA/jE7E2UqssZ9BM/wTlgjykhVLC3BjgMQWr23CwcGnsiFBPFczmdk+ed79s3QGU0RKSs1kpj5hPsA7cI9njyk/++ewtpsZxuqPRkFtwCj9U9c2Cp5G7SDI+mKc/CKZXfERYqb8b6PqVH7i0sEMijNjlgA==&version=1.0&app_id=9021000165677275&sign_type=RSA2&timestamp=2026-07-26 21:05:57^_^ProtocalOptParams:alipay_sdk=alipay-sdk-java-4.38.157.ALL&format=json^_^ApplicationParams:traceId=060d663d178507115715176818178&biz_content={"out_trade_no":"59214591885269"}^_^Body:{"alipay_trade_query_response":{"msg":"Business Failed","code":"40004","out_trade_no":"59214591885269","sub_msg":"交易不存在","sub_code":"ACQ.TRADE_NOT_EXIST","receipt_amount":"0.00","point_amount":"0.00","buyer_pay_amount":"0.00","invoice_amount":"0.00"},"sign":"IlGZ9x5UhNF2eAqdNMzeNXtVmLVeP4WAHqOs3UIoTeNqOZPSKddjkKWyTMN0yOnmdmvXLs65xA8iLe3vMAOcTv3IRc5Ly+sfXiILXIoyDMo48N1nGL00QjpY712N35H3czuLP1upFRYorbFoh87mPrUkchUunF+PEBdfORFul87T4s2hkFE5Fl1M1wxQAAUDsoOdZiXF4N0VIlZn8XpWkwGhUJTSzC4T5bTxJpGdI0AVbbLy9QZu0eXIaXEtwYSVDV1oFLVBE/DEmKpridtTn9/6ZOtOpBhjgylpbP+J+f2SCp37feezNW+mRc7kxKeaJfjjdbn7pTI1TeynheyWLQ=="}^_^8ms,211ms,8ms^_^trace_id:060d663d178507115715176818178
26-07-26.21:05:57.242 [scheduling-1    ] INFO  NoPayNotifyOrderJob    - 检测未接收到或未正确处理的支付回调通知，订单未支付成功 orderId:59214591885269 code:40004 tradeStatus:null
26-07-26.21:06:02.383 [scheduling-1    ] ERROR err                    - 2026-07-26 21:06:02^_^alipay.trade.query^_^null^_^192.168.73.1^_^Windows 11^_^alipay-sdk-java-4.38.157.ALL^_^https://openapi-sandbox.dl.alipaydev.com/gateway.do?charset=utf-8&method=alipay.trade.query&sign=T0OmU8iBNliSVKHCJs%2Bzv5NeyJ24iqMsIuGZ2mQaQSZIxGlL5dW%2BTzQloLRe1Bh%2FyZcfX85zP%2FucoREgwlxaUkN2BMFtGnKnfoB0qcbZG11ArsVw0FumiHm5OfbkOrpk7ajwp1BG7lvFBzXNAensbto6hcST%2BjOdIbNmYt%2FN1hMRXRLnI5vpPJTfg0ujkTVnquuTP4sHI%2FiBBuAe0LOPzD2hpArybKEcII%2BBLUJnVtPxImLj%2BBkpZLNAbf1hU0lqUsgctUXIGll8TvhjfwdGk5CCoRY5D8uebagvwm5KJur29tGwcmmFOlgdUgbjL1TnUMHmWNtENtSq7uPugfbFoA%3D%3D&version=1.0&app_id=9021000165677275&sign_type=RSA2&timestamp=2026-07-26+21%3A05%3A57&alipay_sdk=alipay-sdk-java-4.38.157.ALL&format=json^_^^_^<!DOCTYPE HTML PUBLIC "-//IETF//DTD HTML 2.0//EN"> <html> <head><title>504 Gateway Time-out</title></head> <body bgcolor="white"> <h1>504 Gateway Time-out</h1> <p>The gateway did not receive a timely response from the upstream server or application. Sorry for the inconvenience.<br/> Please report this message and include the following information to us.<br/> Thank you very much!</p> <table> <tr> <td>URL:</td> <td>http://openapi-sandbox.dl.alipaydev.com/gateway.do?charset=utf-8&amp;method=alipay.trade.query&amp;sign=T0OmU8iBNliSVKHCJs%2Bzv5NeyJ24iqMsIuGZ2mQaQSZIxGlL5dW%2BTzQloLRe1Bh%2FyZcfX85zP%2FucoREgwlxaUkN2BMFtGnKnfoB0qcbZG11ArsVw0FumiHm5OfbkOrpk7ajwp1BG7lvFBzXNAensbto6hcST%2BjOdIbNmYt%2FN1hMRXRLnI5vpPJTfg0ujkTVnquuTP4sHI%2FiBBuAe0LOPzD2hpArybKEcII%2BBLUJnVtPxImLj%2BBkpZLNAbf1hU0lqUsgctUXIGll8TvhjfwdGk5CCoRY5D8uebagvwm5KJur29tGwcmmFOlgdUgbjL1TnUMHmWNtENtSq7uPugfbFoA%3D%3D&amp;version=1.0&amp;app_id=9021000165677275&amp;sign_type=RSA2&amp;timestamp=2026-07-26+21%3A05%3A57&amp;alipay_sdk=alipay-sdk-java-4.38.157.ALL&amp;format=json</td> </tr> <tr> <td>Server:</td> <td>openapi-57.rz21a.sandbox.alipay.net</td> </tr> <tr> <td>Date:</td> <td>2026/07/26 21:06:02</td> </tr> </table> <hr/>Powered by Tengine </body> </html> 
26-07-26.21:06:02.384 [scheduling-1    ] ERROR NoPayNotifyOrderJob    - 检测未接收到或未正确处理的支付回调通知失败
com.alipay.api.AlipayApiException: java.io.IOException: <!DOCTYPE HTML PUBLIC "-//IETF//DTD HTML 2.0//EN">
<html>
<head><title>504 Gateway Time-out</title></head>
<body bgcolor="white">
<h1>504 Gateway Time-out</h1>
<p>The gateway did not receive a timely response from the upstream server or application. Sorry for the inconvenience.<br/>
Please report this message and include the following information to us.<br/>
Thank you very much!</p>
<table>
<tr>
<td>URL:</td>
<td>http://openapi-sandbox.dl.alipaydev.com/gateway.do?charset=utf-8&amp;method=alipay.trade.query&amp;sign=T0OmU8iBNliSVKHCJs%2Bzv5NeyJ24iqMsIuGZ2mQaQSZIxGlL5dW%2BTzQloLRe1Bh%2FyZcfX85zP%2FucoREgwlxaUkN2BMFtGnKnfoB0qcbZG11ArsVw0FumiHm5OfbkOrpk7ajwp1BG7lvFBzXNAensbto6hcST%2BjOdIbNmYt%2FN1hMRXRLnI5vpPJTfg0ujkTVnquuTP4sHI%2FiBBuAe0LOPzD2hpArybKEcII%2BBLUJnVtPxImLj%2BBkpZLNAbf1hU0lqUsgctUXIGll8TvhjfwdGk5CCoRY5D8uebagvwm5KJur29tGwcmmFOlgdUgbjL1TnUMHmWNtENtSq7uPugfbFoA%3D%3D&amp;version=1.0&amp;app_id=9021000165677275&amp;sign_type=RSA2&amp;timestamp=2026-07-26+21%3A05%3A57&amp;alipay_sdk=alipay-sdk-java-4.38.157.ALL&amp;format=json</td>
</tr>
<tr>
<td>Server:</td>
<td>openapi-57.rz21a.sandbox.alipay.net</td>
</tr>
<tr>
<td>Date:</td>
<td>2026/07/26 21:06:02</td>
</tr>
</table>
<hr/>Powered by Tengine
</body>
</html>

	at com.alipay.api.AbstractAlipayClient.doPost(AbstractAlipayClient.java:1015)
	at com.alipay.api.AbstractAlipayClient._execute(AbstractAlipayClient.java:921)
	at com.alipay.api.AbstractAlipayClient.execute(AbstractAlipayClient.java:395)
	at com.alipay.api.AbstractAlipayClient.execute(AbstractAlipayClient.java:377)
	at com.alipay.api.AbstractAlipayClient.execute(AbstractAlipayClient.java:372)
	at com.alipay.api.AbstractAlipayClient.execute(AbstractAlipayClient.java:366)
	at cn.bugstack.trigger.job.NoPayNotifyOrderJob.exec(NoPayNotifyOrderJob.java:42)
	at jdk.internal.reflect.GeneratedMethodAccessor23.invoke(Unknown Source)
	at java.base/jdk.internal.reflect.DelegatingMethodAccessorImpl.invoke(DelegatingMethodAccessorImpl.java:43)
	at java.base/java.lang.reflect.Method.invoke(Method.java:566)
	at org.springframework.scheduling.support.ScheduledMethodRunnable.run(ScheduledMethodRunnable.java:84)
	at org.springframework.scheduling.support.DelegatingErrorHandlingRunnable.run(DelegatingErrorHandlingRunnable.java:54)
	at org.springframework.scheduling.concurrent.ReschedulingRunnable.run(ReschedulingRunnable.java:95)
	at java.base/java.util.concurrent.Executors$RunnableAdapter.call(Executors.java:515)
	at java.base/java.util.concurrent.FutureTask.run(FutureTask.java:264)
	at java.base/java.util.concurrent.ScheduledThreadPoolExecutor$ScheduledFutureTask.run(ScheduledThreadPoolExecutor.java:304)
	at java.base/java.util.concurrent.ThreadPoolExecutor.runWorker(ThreadPoolExecutor.java:1128)
	at java.base/java.util.concurrent.ThreadPoolExecutor$Worker.run(ThreadPoolExecutor.java:628)
	at java.base/java.lang.Thread.run(Thread.java:829)
Caused by: java.io.IOException: <!DOCTYPE HTML PUBLIC "-//IETF//DTD HTML 2.0//EN">
<html>
<head><title>504 Gateway Time-out</title></head>
<body bgcolor="white">
<h1>504 Gateway Time-out</h1>
<p>The gateway did not receive a timely response from the upstream server or application. Sorry for the inconvenience.<br/>
Please report this message and include the following information to us.<br/>
Thank you very much!</p>
<table>
<tr>
<td>URL:</td>
<td>http://openapi-sandbox.dl.alipaydev.com/gateway.do?charset=utf-8&amp;method=alipay.trade.query&amp;sign=T0OmU8iBNliSVKHCJs%2Bzv5NeyJ24iqMsIuGZ2mQaQSZIxGlL5dW%2BTzQloLRe1Bh%2FyZcfX85zP%2FucoREgwlxaUkN2BMFtGnKnfoB0qcbZG11ArsVw0FumiHm5OfbkOrpk7ajwp1BG7lvFBzXNAensbto6hcST%2BjOdIbNmYt%2FN1hMRXRLnI5vpPJTfg0ujkTVnquuTP4sHI%2FiBBuAe0LOPzD2hpArybKEcII%2BBLUJnVtPxImLj%2BBkpZLNAbf1hU0lqUsgctUXIGll8TvhjfwdGk5CCoRY5D8uebagvwm5KJur29tGwcmmFOlgdUgbjL1TnUMHmWNtENtSq7uPugfbFoA%3D%3D&amp;version=1.0&amp;app_id=9021000165677275&amp;sign_type=RSA2&amp;timestamp=2026-07-26+21%3A05%3A57&amp;alipay_sdk=alipay-sdk-java-4.38.157.ALL&amp;format=json</td>
</tr>
<tr>
<td>Server:</td>
<td>openapi-57.rz21a.sandbox.alipay.net</td>
</tr>
<tr>
<td>Date:</td>
<td>2026/07/26 21:06:02</td>
</tr>
</table>
<hr/>Powered by Tengine
</body>
</html>

	at com.alipay.api.internal.util.WebUtils.getResponseAsString(WebUtils.java:520)
	at com.alipay.api.internal.util.WebUtils.doPost(WebUtils.java:181)
	at com.alipay.api.internal.util.WebUtils.doPost(WebUtils.java:142)
	at com.alipay.api.AbstractAlipayClient.doPost(AbstractAlipayClient.java:1003)
	... 18 common frames omitted
26-07-26.21:06:03.251 [scheduling-1    ] ERROR err                    - ErrorScene^_^40004^_^ACQ.TRADE_NOT_EXIST^_^192.168.73.1^_^Windows 11^_^2026-07-26 21:06:03^_^ProtocalMustParams:charset=utf-8&method=alipay.trade.query&sign=Lj5cN/Qg5Cq4yVlrhxretRqDYh3u7AFlYsq2FIm8kweWAcQb58lciWD9Opld0y8FKGw+RzyvESAgE0gIHBdeh6wh4KCfBB9h/pKl9IIY9CXTUw2pf4dQKUMbaePJVihsgG7Y2aevKmjbjrTdGmYEBKfisCZWr1ksc+4OMRoL1y53Y07VgqbckU+Dz/J04apiu/0z4EOq63rfRjUstQAX5S5ERl+Et/BhnzQx/qqMMkJTJTjxJM3N0z0NXevspTqHwIuGvX0obrjrT75f9NwgxB85HIxYD1L9y7bg4PJFGvZT4zZDBF5QT0r30s6OMa/Z0wfpR5lkNmw0BZQanVk65A==&version=1.0&app_id=9021000165677275&sign_type=RSA2&timestamp=2026-07-26 21:06:03^_^ProtocalOptParams:alipay_sdk=alipay-sdk-java-4.38.157.ALL&format=json^_^ApplicationParams:traceId=060d6922178507116315336693502569&biz_content={"out_trade_no":"59214591885269"}^_^Body:{"alipay_trade_query_response":{"msg":"Business Failed","code":"40004","out_trade_no":"59214591885269","sub_msg":"交易不存在","sub_code":"ACQ.TRADE_NOT_EXIST","receipt_amount":"0.00","point_amount":"0.00","buyer_pay_amount":"0.00","invoice_amount":"0.00"},"sign":"IlGZ9x5UhNF2eAqdNMzeNXtVmLVeP4WAHqOs3UIoTeNqOZPSKddjkKWyTMN0yOnmdmvXLs65xA8iLe3vMAOcTv3IRc5Ly+sfXiILXIoyDMo48N1nGL00QjpY712N35H3czuLP1upFRYorbFoh87mPrUkchUunF+PEBdfORFul87T4s2hkFE5Fl1M1wxQAAUDsoOdZiXF4N0VIlZn8XpWkwGhUJTSzC4T5bTxJpGdI0AVbbLy9QZu0eXIaXEtwYSVDV1oFLVBE/DEmKpridtTn9/6ZOtOpBhjgylpbP+J+f2SCp37feezNW+mRc7kxKeaJfjjdbn7pTI1TeynheyWLQ=="}^_^9ms,225ms,8ms^_^trace_id:060d6922178507116315336693502569
26-07-26.21:06:03.251 [scheduling-1    ] INFO  NoPayNotifyOrderJob    - 检测未接收到或未正确处理的支付回调通知，订单未支付成功 orderId:59214591885269 code:40004 tradeStatus:null
26-07-26.21:06:03.475 [scheduling-1    ] ERROR err                    - ErrorScene^_^40004^_^ACQ.TRADE_NOT_EXIST^_^192.168.73.1^_^Windows 11^_^2026-07-26 21:06:03^_^ProtocalMustParams:charset=utf-8&method=alipay.trade.query&sign=DzX+R43z0FsC07k1up4odyMak6egjYm0EeVixf80bwu1P1To0PUqOB51TStVlVEa0HlmM0TWVO43ACivLAb3tZgyx+b/2xyXm0xMaGYvWs1PwSZgKM0MSbAqgQdPegb9xEAx2j3wbx4lMZZsrrGOiT0/HMrihJiZKlYeNdz7h3B9KL91zqYpjlPkVCgjUKn0pxGHGByk9PqOtK8LO7RTey06XHN5JV5OJE78ZNWXLZVgIjYiXelRzH8HqEDOoq82+s4xSaABaqvYktKYyJDcB87SC9U5x4GTZJXg9E72ynpd/nUTPordwemyFvKXNU5OaRtBnNtW3ZFxy/27uNpG6Q==&version=1.0&app_id=9021000165677275&sign_type=RSA2&timestamp=2026-07-26 21:06:03^_^ProtocalOptParams:alipay_sdk=alipay-sdk-java-4.38.157.ALL&format=json^_^ApplicationParams:traceId=060001f3178507116339214512231288&biz_content={"out_trade_no":"63015243383423"}^_^Body:{"alipay_trade_query_response":{"msg":"Business Failed","code":"40004","out_trade_no":"63015243383423","sub_msg":"交易不存在","sub_code":"ACQ.TRADE_NOT_EXIST","receipt_amount":"0.00","point_amount":"0.00","buyer_pay_amount":"0.00","invoice_amount":"0.00"},"sign":"j/BKxEaDkp40hVZnDvR3FjkafML/EKkrgK5tm3o7RpXke6JHNNHQj7dtxjFXrid2kn398BXbOviGV9OREaHEsGkNi7IoyBK1JYReqxxHw+KZz8rrBoqtEmOs09WNzTcKyl/5ieUTw21MI9LZ5QoNI9FiQB3n5vdZv5nJ4536haXV/1ocYO4eOii1Wdd47onG0oGH6w7WLvZT+jP9UP1EcysxWQjk4vfPC2p1W/SB9gAsXt/vZ3hDDoI08AIACsojEfWvD71/4rGQQEyT4naQANCIzeGTzHZEfSOYngieu+N8sDW52hL5yDXMIaHr563fJPxX8LcKEtAYz+SGdbzTrw=="}^_^8ms,207ms,9ms^_^trace_id:060001f3178507116339214512231288
26-07-26.21:06:03.475 [scheduling-1    ] INFO  NoPayNotifyOrderJob    - 检测未接收到或未正确处理的支付回调通知，订单未支付成功 orderId:63015243383423 code:40004 tradeStatus:null
26-07-26.21:06:05.305 [scheduling-1    ] ERROR err                    - ErrorScene^_^40004^_^ACQ.TRADE_NOT_EXIST^_^192.168.73.1^_^Windows 11^_^2026-07-26 21:06:05^_^ProtocalMustParams:charset=utf-8&method=alipay.trade.query&sign=iRuV4NozsT2Ee7VnLh/SGpe/DONKRbz09JADGHNyS0TaEibi1RKi/v8Dj55m7C4DCrfK2Qua2+8CDkoZJ6rS49+qYWim0y/6gVBp6lEXnac1Np4Ao7xRKZ5i6TossWuWCEVbhhoPtEhMEmH6GUEfcmPevBcR+gT8sLJtnxsONXyX8xlZCX2QrWye3veCM07zUCFNL5hIp/Rkc9OMy6Br/1fCY/5lMZx1on9G6mmXgRf+GikxJ4E9Vw2GnunRgRoABhjzJOvvLF+zhVwL5a2TAQSxnQeODyd6aGG7KJXv0lv9r4zEogiy77XB12/eMwCrgRXTwZQO8OMfYcVtSiAQKA==&version=1.0&app_id=9021000165677275&sign_type=RSA2&timestamp=2026-07-26 21:06:03^_^ProtocalOptParams:alipay_sdk=alipay-sdk-java-4.38.157.ALL&format=json^_^ApplicationParams:traceId=060d663d178507116522777178178&biz_content={"out_trade_no":"05687486819141"}^_^Body:{"alipay_trade_query_response":{"msg":"Business Failed","code":"40004","out_trade_no":"05687486819141","sub_msg":"交易不存在","sub_code":"ACQ.TRADE_NOT_EXIST","receipt_amount":"0.00","point_amount":"0.00","buyer_pay_amount":"0.00","invoice_amount":"0.00"},"sign":"X8+5Q6lbdoyyrQqpUwxTqfCXdBXg7ThJc2U+u8qezqbw+E5fcgtCqABatoc1r72W+dsojv3i6bkcvvMz3DRr5ahBjxU4gwSWCgz4TBIO+/iTBt57VZmROgv9LqvWSmIQTYHEWA0iBdvVQ8wabF8mzeGODzJcDm0eGuZrLQUuAfb7EsMddzf5Fpsu5TpWoCkIHAS+8CRG2vFJn8fHca0ezh5NORm72mkk1XJRvcuT3PelFHmTo+8KP5OR7ez/2fuIcdGiAD+b2i3e+sfFqMTeUrSfNpunUyXCuTC+ottvD15QxCFhRNfVkTvbOhatQUPyKDv4sjFTxoXvcC8oVH1r9Q=="}^_^8ms,1813ms,9ms^_^trace_id:060d663d178507116522777178178
26-07-26.21:06:05.305 [scheduling-1    ] INFO  NoPayNotifyOrderJob    - 检测未接收到或未正确处理的支付回调通知，订单未支付成功 orderId:05687486819141 code:40004 tradeStatus:null
26-07-26.21:06:06.241 [scheduling-1    ] ERROR err                    - ErrorScene^_^40004^_^ACQ.TRADE_NOT_EXIST^_^192.168.73.1^_^Windows 11^_^2026-07-26 21:06:06^_^ProtocalMustParams:charset=utf-8&method=alipay.trade.query&sign=Oqz1hJ7XMQfXZ//cIbDES7KxxUqIY+ZfvbFyzK3jXmlBdyMU0tujfuvDWKimKQ31ai9M19CXaDCKkgJ2OP8NzS3kvfMJoa1LHQFlJBbMTJ7ylkEI3uue35jupQXiOexl18KigFTv6VJ95kGjydJsakzEoXtaXhWRBgFtQLhjpfTIDpei0snFVQZVPWv89gHFCILudDsP4c5JjFRPH+mhhNyV5Vspxd5LyDLKBoKACNSmsiu/bNQBrq3P3GaQ3XclB4H0hTavshsKy/Ea8xr9J8TfCM97jGiTXni6fkxEAGkVC5i6ncvHPbyx7vzbs57HKBxoYggHIjvMYNkZOCwvWQ==&version=1.0&app_id=9021000165677275&sign_type=RSA2&timestamp=2026-07-26 21:06:06^_^ProtocalOptParams:alipay_sdk=alipay-sdk-java-4.38.157.ALL&format=json^_^ApplicationParams:traceId=06020e08178507116614153322433085&biz_content={"out_trade_no":"59214591885269"}^_^Body:{"alipay_trade_query_response":{"msg":"Business Failed","code":"40004","out_trade_no":"59214591885269","sub_msg":"交易不存在","sub_code":"ACQ.TRADE_NOT_EXIST","receipt_amount":"0.00","point_amount":"0.00","buyer_pay_amount":"0.00","invoice_amount":"0.00"},"sign":"IlGZ9x5UhNF2eAqdNMzeNXtVmLVeP4WAHqOs3UIoTeNqOZPSKddjkKWyTMN0yOnmdmvXLs65xA8iLe3vMAOcTv3IRc5Ly+sfXiILXIoyDMo48N1nGL00QjpY712N35H3czuLP1upFRYorbFoh87mPrUkchUunF+PEBdfORFul87T4s2hkFE5Fl1M1wxQAAUDsoOdZiXF4N0VIlZn8XpWkwGhUJTSzC4T5bTxJpGdI0AVbbLy9QZu0eXIaXEtwYSVDV1oFLVBE/DEmKpridtTn9/6ZOtOpBhjgylpbP+J+f2SCp37feezNW+mRc7kxKeaJfjjdbn7pTI1TeynheyWLQ=="}^_^8ms,221ms,8ms^_^trace_id:06020e08178507116614153322433085
26-07-26.21:06:06.241 [scheduling-1    ] INFO  NoPayNotifyOrderJob    - 检测未接收到或未正确处理的支付回调通知，订单未支付成功 orderId:59214591885269 code:40004 tradeStatus:null
26-07-26.21:06:11.431 [scheduling-1    ] ERROR err                    - 2026-07-26 21:06:11^_^alipay.trade.query^_^null^_^192.168.73.1^_^Windows 11^_^alipay-sdk-java-4.38.157.ALL^_^https://openapi-sandbox.dl.alipaydev.com/gateway.do?charset=utf-8&method=alipay.trade.query&sign=fh5J1MJp5RL2IkKDrlScmQGHiBT2uGYDILRnZzTBxscBNV49YcLu1Dc8i0QhN8D7gbwj3P6Q4TybQqWjBD%2BGusgQD6BVPSQKQImYQUpzvgF7A8f0njVvvjQNV9vJqVQ%2BiXjLuVe3bOHBiBnrRF8S7rsCAaKK0xpBInJPaZfeECFcpb4M8pmzxbMJP4w9u2dOW9efnn6MoKowmscENBGOIWeBrqX5yQHbSLbhMS81nfFcHjpb2I9dxCeilhuNDC%2BYzUPb5yL7JIGbm0kqspiB4lZ7cOeTN%2FoIiL3oez9edSyHq4XIK9mRgskXlL20xcteuIxH%2FLYOi7Pqw%2BuqF4HBXQ%3D%3D&version=1.0&app_id=9021000165677275&sign_type=RSA2&timestamp=2026-07-26+21%3A06%3A06&alipay_sdk=alipay-sdk-java-4.38.157.ALL&format=json^_^^_^<!DOCTYPE HTML PUBLIC "-//IETF//DTD HTML 2.0//EN"> <html> <head><title>504 Gateway Time-out</title></head> <body bgcolor="white"> <h1>504 Gateway Time-out</h1> <p>The gateway did not receive a timely response from the upstream server or application. Sorry for the inconvenience.<br/> Please report this message and include the following information to us.<br/> Thank you very much!</p> <table> <tr> <td>URL:</td> <td>http://openapi-sandbox.dl.alipaydev.com/gateway.do?charset=utf-8&amp;method=alipay.trade.query&amp;sign=fh5J1MJp5RL2IkKDrlScmQGHiBT2uGYDILRnZzTBxscBNV49YcLu1Dc8i0QhN8D7gbwj3P6Q4TybQqWjBD%2BGusgQD6BVPSQKQImYQUpzvgF7A8f0njVvvjQNV9vJqVQ%2BiXjLuVe3bOHBiBnrRF8S7rsCAaKK0xpBInJPaZfeECFcpb4M8pmzxbMJP4w9u2dOW9efnn6MoKowmscENBGOIWeBrqX5yQHbSLbhMS81nfFcHjpb2I9dxCeilhuNDC%2BYzUPb5yL7JIGbm0kqspiB4lZ7cOeTN%2FoIiL3oez9edSyHq4XIK9mRgskXlL20xcteuIxH%2FLYOi7Pqw%2BuqF4HBXQ%3D%3D&amp;version=1.0&amp;app_id=9021000165677275&amp;sign_type=RSA2&amp;timestamp=2026-07-26+21%3A06%3A06&amp;alipay_sdk=alipay-sdk-java-4.38.157.ALL&amp;format=json</td> </tr> <tr> <td>Server:</td> <td>openapi-55.rz21a.sandbox.alipay.net</td> </tr> <tr> <td>Date:</td> <td>2026/07/26 21:06:11</td> </tr> </table> <hr/>Powered by Tengine </body> </html> 
26-07-26.21:06:11.441 [scheduling-1    ] ERROR NoPayNotifyOrderJob    - 检测未接收到或未正确处理的支付回调通知失败
com.alipay.api.AlipayApiException: java.io.IOException: <!DOCTYPE HTML PUBLIC "-//IETF//DTD HTML 2.0//EN">
<html>
<head><title>504 Gateway Time-out</title></head>
<body bgcolor="white">
<h1>504 Gateway Time-out</h1>
<p>The gateway did not receive a timely response from the upstream server or application. Sorry for the inconvenience.<br/>
Please report this message and include the following information to us.<br/>
Thank you very much!</p>
<table>
<tr>
<td>URL:</td>
<td>http://openapi-sandbox.dl.alipaydev.com/gateway.do?charset=utf-8&amp;method=alipay.trade.query&amp;sign=fh5J1MJp5RL2IkKDrlScmQGHiBT2uGYDILRnZzTBxscBNV49YcLu1Dc8i0QhN8D7gbwj3P6Q4TybQqWjBD%2BGusgQD6BVPSQKQImYQUpzvgF7A8f0njVvvjQNV9vJqVQ%2BiXjLuVe3bOHBiBnrRF8S7rsCAaKK0xpBInJPaZfeECFcpb4M8pmzxbMJP4w9u2dOW9efnn6MoKowmscENBGOIWeBrqX5yQHbSLbhMS81nfFcHjpb2I9dxCeilhuNDC%2BYzUPb5yL7JIGbm0kqspiB4lZ7cOeTN%2FoIiL3oez9edSyHq4XIK9mRgskXlL20xcteuIxH%2FLYOi7Pqw%2BuqF4HBXQ%3D%3D&amp;version=1.0&amp;app_id=9021000165677275&amp;sign_type=RSA2&amp;timestamp=2026-07-26+21%3A06%3A06&amp;alipay_sdk=alipay-sdk-java-4.38.157.ALL&amp;format=json</td>
</tr>
<tr>
<td>Server:</td>
<td>openapi-55.rz21a.sandbox.alipay.net</td>
</tr>
<tr>
<td>Date:</td>
<td>2026/07/26 21:06:11</td>
</tr>
</table>
<hr/>Powered by Tengine
</body>
</html>

	at com.alipay.api.AbstractAlipayClient.doPost(AbstractAlipayClient.java:1015)
	at com.alipay.api.AbstractAlipayClient._execute(AbstractAlipayClient.java:921)
	at com.alipay.api.AbstractAlipayClient.execute(AbstractAlipayClient.java:395)
	at com.alipay.api.AbstractAlipayClient.execute(AbstractAlipayClient.java:377)
	at com.alipay.api.AbstractAlipayClient.execute(AbstractAlipayClient.java:372)
	at com.alipay.api.AbstractAlipayClient.execute(AbstractAlipayClient.java:366)
	at cn.bugstack.trigger.job.NoPayNotifyOrderJob.exec(NoPayNotifyOrderJob.java:42)
	at jdk.internal.reflect.GeneratedMethodAccessor23.invoke(Unknown Source)
	at java.base/jdk.internal.reflect.DelegatingMethodAccessorImpl.invoke(DelegatingMethodAccessorImpl.java:43)
	at java.base/java.lang.reflect.Method.invoke(Method.java:566)
	at org.springframework.scheduling.support.ScheduledMethodRunnable.run(ScheduledMethodRunnable.java:84)
	at org.springframework.scheduling.support.DelegatingErrorHandlingRunnable.run(DelegatingErrorHandlingRunnable.java:54)
	at org.springframework.scheduling.concurrent.ReschedulingRunnable.run(ReschedulingRunnable.java:95)
	at java.base/java.util.concurrent.Executors$RunnableAdapter.call(Executors.java:515)
	at java.base/java.util.concurrent.FutureTask.run(FutureTask.java:264)
	at java.base/java.util.concurrent.ScheduledThreadPoolExecutor$ScheduledFutureTask.run(ScheduledThreadPoolExecutor.java:304)
	at java.base/java.util.concurrent.ThreadPoolExecutor.runWorker(ThreadPoolExecutor.java:1128)
	at java.base/java.util.concurrent.ThreadPoolExecutor$Worker.run(ThreadPoolExecutor.java:628)
	at java.base/java.lang.Thread.run(Thread.java:829)
Caused by: java.io.IOException: <!DOCTYPE HTML PUBLIC "-//IETF//DTD HTML 2.0//EN">
<html>
<head><title>504 Gateway Time-out</title></head>
<body bgcolor="white">
<h1>504 Gateway Time-out</h1>
<p>The gateway did not receive a timely response from the upstream server or application. Sorry for the inconvenience.<br/>
Please report this message and include the following information to us.<br/>
Thank you very much!</p>
<table>
<tr>
<td>URL:</td>
<td>http://openapi-sandbox.dl.alipaydev.com/gateway.do?charset=utf-8&amp;method=alipay.trade.query&amp;sign=fh5J1MJp5RL2IkKDrlScmQGHiBT2uGYDILRnZzTBxscBNV49YcLu1Dc8i0QhN8D7gbwj3P6Q4TybQqWjBD%2BGusgQD6BVPSQKQImYQUpzvgF7A8f0njVvvjQNV9vJqVQ%2BiXjLuVe3bOHBiBnrRF8S7rsCAaKK0xpBInJPaZfeECFcpb4M8pmzxbMJP4w9u2dOW9efnn6MoKowmscENBGOIWeBrqX5yQHbSLbhMS81nfFcHjpb2I9dxCeilhuNDC%2BYzUPb5yL7JIGbm0kqspiB4lZ7cOeTN%2FoIiL3oez9edSyHq4XIK9mRgskXlL20xcteuIxH%2FLYOi7Pqw%2BuqF4HBXQ%3D%3D&amp;version=1.0&amp;app_id=9021000165677275&amp;sign_type=RSA2&amp;timestamp=2026-07-26+21%3A06%3A06&amp;alipay_sdk=alipay-sdk-java-4.38.157.ALL&amp;format=json</td>
</tr>
<tr>
<td>Server:</td>
<td>openapi-55.rz21a.sandbox.alipay.net</td>
</tr>
<tr>
<td>Date:</td>
<td>2026/07/26 21:06:11</td>
</tr>
</table>
<hr/>Powered by Tengine
</body>
</html>

	at com.alipay.api.internal.util.WebUtils.getResponseAsString(WebUtils.java:520)
	at com.alipay.api.internal.util.WebUtils.doPost(WebUtils.java:181)
	at com.alipay.api.internal.util.WebUtils.doPost(WebUtils.java:142)
	at com.alipay.api.AbstractAlipayClient.doPost(AbstractAlipayClient.java:1003)
	... 18 common frames omitted
26-07-26.21:06:12.329 [scheduling-1    ] ERROR err                    - ErrorScene^_^40004^_^ACQ.TRADE_NOT_EXIST^_^192.168.73.1^_^Windows 11^_^2026-07-26 21:06:12^_^ProtocalMustParams:charset=utf-8&method=alipay.trade.query&sign=HSS/tYS1gmjEHH6cEoQVjU2vrvEmG1wW/YDEcLjEMfNEUWWUAI068nrWbg6yj38rCapoGsEsnCPrFnZPRiAnmdCubGnEYoPlDfJMbodBk3kIotBLOYFli4lYZbAK80Upcskk9Kb2HpqHlGhLwScSjTV8R45CtxUjJuIunEyM81gnb3JRIJzPEFmPY2Z2BdGOTM5iF+gr1gx8SnxjcDDfFcL2U41SKvHY0On8PyGo2qiyuF4fxZLrw8FFLFq8VAuKyldAxPqLJBnrxbQR4O4SmfDJB5dxSLZVOMDWU8f1NOr0zjGjF7JBxaJgSO/KSPInZRDQYzkUG21XonmYLophmg==&version=1.0&app_id=9021000165677275&sign_type=RSA2&timestamp=2026-07-26 21:06:12^_^ProtocalOptParams:alipay_sdk=alipay-sdk-java-4.38.157.ALL&format=json^_^ApplicationParams:traceId=060d663d178507117214977448178&biz_content={"out_trade_no":"59214591885269"}^_^Body:{"alipay_trade_query_response":{"msg":"Business Failed","code":"40004","out_trade_no":"59214591885269","sub_msg":"交易不存在","sub_code":"ACQ.TRADE_NOT_EXIST","receipt_amount":"0.00","point_amount":"0.00","buyer_pay_amount":"0.00","invoice_amount":"0.00"},"sign":"IlGZ9x5UhNF2eAqdNMzeNXtVmLVeP4WAHqOs3UIoTeNqOZPSKddjkKWyTMN0yOnmdmvXLs65xA8iLe3vMAOcTv3IRc5Ly+sfXiILXIoyDMo48N1nGL00QjpY712N35H3czuLP1upFRYorbFoh87mPrUkchUunF+PEBdfORFul87T4s2hkFE5Fl1M1wxQAAUDsoOdZiXF4N0VIlZn8XpWkwGhUJTSzC4T5bTxJpGdI0AVbbLy9QZu0eXIaXEtwYSVDV1oFLVBE/DEmKpridtTn9/6ZOtOpBhjgylpbP+J+f2SCp37feezNW+mRc7kxKeaJfjjdbn7pTI1TeynheyWLQ=="}^_^8ms,297ms,8ms^_^trace_id:060d663d178507117214977448178
26-07-26.21:06:12.329 [scheduling-1    ] INFO  NoPayNotifyOrderJob    - 检测未接收到或未正确处理的支付回调通知，订单未支付成功 orderId:59214591885269 code:40004 tradeStatus:null
26-07-26.21:06:12.590 [scheduling-1    ] ERROR err                    - ErrorScene^_^40004^_^ACQ.TRADE_NOT_EXIST^_^192.168.73.1^_^Windows 11^_^2026-07-26 21:06:12^_^ProtocalMustParams:charset=utf-8&method=alipay.trade.query&sign=kBkvNX99DPsM3uCQKRlkz9yVLxhojJ9uWfYPkeIuosvc4Ze+jFid+Pr+9wLaL3lQQowx1DQQRKTVT8GYO+juN/6ds5Vi7ogAjGzhwT5KZHGVMqAJtJS1SBDDKYKFqyFM66E2iUffka181ux5E/K6uFs3jjxIXNWDdaODzujVHSRnuw38ZN/ksy3aqK7ERnPINt+Bexm6EuxFtd4bgCGu6xozJJq6FXACYvrmZFbJeepW67SKkSTC/siuC7ittzfTXICnA8lv5gvpWmEKiqHT2Coy1i+r/biz/1/JCsl8Vi94/BgP1XIpxvwWeWib0+4uawOA3nbmcOCsUfCijIiBhA==&version=1.0&app_id=9021000165677275&sign_type=RSA2&timestamp=2026-07-26 21:06:12^_^ProtocalOptParams:alipay_sdk=alipay-sdk-java-4.38.157.ALL&format=json^_^ApplicationParams:traceId=060d663d178507117246677478178&biz_content={"out_trade_no":"63015243383423"}^_^Body:{"alipay_trade_query_response":{"msg":"Business Failed","code":"40004","out_trade_no":"63015243383423","sub_msg":"交易不存在","sub_code":"ACQ.TRADE_NOT_EXIST","receipt_amount":"0.00","point_amount":"0.00","buyer_pay_amount":"0.00","invoice_amount":"0.00"},"sign":"j/BKxEaDkp40hVZnDvR3FjkafML/EKkrgK5tm3o7RpXke6JHNNHQj7dtxjFXrid2kn398BXbOviGV9OREaHEsGkNi7IoyBK1JYReqxxHw+KZz8rrBoqtEmOs09WNzTcKyl/5ieUTw21MI9LZ5QoNI9FiQB3n5vdZv5nJ4536haXV/1ocYO4eOii1Wdd47onG0oGH6w7WLvZT+jP9UP1EcysxWQjk4vfPC2p1W/SB9gAsXt/vZ3hDDoI08AIACsojEfWvD71/4rGQQEyT4naQANCIzeGTzHZEfSOYngieu+N8sDW52hL5yDXMIaHr563fJPxX8LcKEtAYz+SGdbzTrw=="}^_^8ms,245ms,8ms^_^trace_id:060d663d178507117246677478178
26-07-26.21:06:12.590 [scheduling-1    ] INFO  NoPayNotifyOrderJob    - 检测未接收到或未正确处理的支付回调通知，订单未支付成功 orderId:63015243383423 code:40004 tradeStatus:null
26-07-26.21:06:17.737 [scheduling-1    ] ERROR err                    - 2026-07-26 21:06:17^_^alipay.trade.query^_^null^_^192.168.73.1^_^Windows 11^_^alipay-sdk-java-4.38.157.ALL^_^https://openapi-sandbox.dl.alipaydev.com/gateway.do?charset=utf-8&method=alipay.trade.query&sign=m9a2hAERRzwEu7B1iIZbCI4IbdP8Plqk4SYds78%2B35g3f1IVYwXDfV%2BEcx%2Fg9SWqS8viYLZg1%2Fz2F61LWvvlNjbBUjve8g5CAF5lTZQFhH3XSyryA3mk4KLB8UenRA7wX46iTyNv8Il%2BnRTQJSsnNrJJSpi%2FOAKSNPtYm3EjHYzglhDAl8cAB3%2Fw%2Bo%2FOQEsIfGapdKoNm11oA2%2BrVXfTBsIsYFgsiXsi8GFP3hSQgsQA2Obm9wAZpmIN%2FkuU4FYt3H8AjZHbsC3c8%2Bfe2ICmu1gGQkzW7mpEfO3oxt3oRZzguH20EhffTikhFnJWQO%2FkMwbX5RoknWzMzVlHvHSTSg%3D%3D&version=1.0&app_id=9021000165677275&sign_type=RSA2&timestamp=2026-07-26+21%3A06%3A12&alipay_sdk=alipay-sdk-java-4.38.157.ALL&format=json^_^^_^<!DOCTYPE HTML PUBLIC "-//IETF//DTD HTML 2.0//EN"> <html> <head><title>504 Gateway Time-out</title></head> <body bgcolor="white"> <h1>504 Gateway Time-out</h1> <p>The gateway did not receive a timely response from the upstream server or application. Sorry for the inconvenience.<br/> Please report this message and include the following information to us.<br/> Thank you very much!</p> <table> <tr> <td>URL:</td> <td>http://openapi-sandbox.dl.alipaydev.com/gateway.do?charset=utf-8&amp;method=alipay.trade.query&amp;sign=m9a2hAERRzwEu7B1iIZbCI4IbdP8Plqk4SYds78%2B35g3f1IVYwXDfV%2BEcx%2Fg9SWqS8viYLZg1%2Fz2F61LWvvlNjbBUjve8g5CAF5lTZQFhH3XSyryA3mk4KLB8UenRA7wX46iTyNv8Il%2BnRTQJSsnNrJJSpi%2FOAKSNPtYm3EjHYzglhDAl8cAB3%2Fw%2Bo%2FOQEsIfGapdKoNm11oA2%2BrVXfTBsIsYFgsiXsi8GFP3hSQgsQA2Obm9wAZpmIN%2FkuU4FYt3H8AjZHbsC3c8%2Bfe2ICmu1gGQkzW7mpEfO3oxt3oRZzguH20EhffTikhFnJWQO%2FkMwbX5RoknWzMzVlHvHSTSg%3D%3D&amp;version=1.0&amp;app_id=9021000165677275&amp;sign_type=RSA2&amp;timestamp=2026-07-26+21%3A06%3A12&amp;alipay_sdk=alipay-sdk-java-4.38.157.ALL&amp;format=json</td> </tr> <tr> <td>Server:</td> <td>openapi-57.rz21a.sandbox.alipay.net</td> </tr> <tr> <td>Date:</td> <td>2026/07/26 21:06:17</td> </tr> </table> <hr/>Powered by Tengine </body> </html> 
26-07-26.21:06:17.737 [scheduling-1    ] ERROR NoPayNotifyOrderJob    - 检测未接收到或未正确处理的支付回调通知失败
com.alipay.api.AlipayApiException: java.io.IOException: <!DOCTYPE HTML PUBLIC "-//IETF//DTD HTML 2.0//EN">
<html>
<head><title>504 Gateway Time-out</title></head>
<body bgcolor="white">
<h1>504 Gateway Time-out</h1>
<p>The gateway did not receive a timely response from the upstream server or application. Sorry for the inconvenience.<br/>
Please report this message and include the following information to us.<br/>
Thank you very much!</p>
<table>
<tr>
<td>URL:</td>
<td>http://openapi-sandbox.dl.alipaydev.com/gateway.do?charset=utf-8&amp;method=alipay.trade.query&amp;sign=m9a2hAERRzwEu7B1iIZbCI4IbdP8Plqk4SYds78%2B35g3f1IVYwXDfV%2BEcx%2Fg9SWqS8viYLZg1%2Fz2F61LWvvlNjbBUjve8g5CAF5lTZQFhH3XSyryA3mk4KLB8UenRA7wX46iTyNv8Il%2BnRTQJSsnNrJJSpi%2FOAKSNPtYm3EjHYzglhDAl8cAB3%2Fw%2Bo%2FOQEsIfGapdKoNm11oA2%2BrVXfTBsIsYFgsiXsi8GFP3hSQgsQA2Obm9wAZpmIN%2FkuU4FYt3H8AjZHbsC3c8%2Bfe2ICmu1gGQkzW7mpEfO3oxt3oRZzguH20EhffTikhFnJWQO%2FkMwbX5RoknWzMzVlHvHSTSg%3D%3D&amp;version=1.0&amp;app_id=9021000165677275&amp;sign_type=RSA2&amp;timestamp=2026-07-26+21%3A06%3A12&amp;alipay_sdk=alipay-sdk-java-4.38.157.ALL&amp;format=json</td>
</tr>
<tr>
<td>Server:</td>
<td>openapi-57.rz21a.sandbox.alipay.net</td>
</tr>
<tr>
<td>Date:</td>
<td>2026/07/26 21:06:17</td>
</tr>
</table>
<hr/>Powered by Tengine
</body>
</html>

	at com.alipay.api.AbstractAlipayClient.doPost(AbstractAlipayClient.java:1015)
	at com.alipay.api.AbstractAlipayClient._execute(AbstractAlipayClient.java:921)
	at com.alipay.api.AbstractAlipayClient.execute(AbstractAlipayClient.java:395)
	at com.alipay.api.AbstractAlipayClient.execute(AbstractAlipayClient.java:377)
	at com.alipay.api.AbstractAlipayClient.execute(AbstractAlipayClient.java:372)
	at com.alipay.api.AbstractAlipayClient.execute(AbstractAlipayClient.java:366)
	at cn.bugstack.trigger.job.NoPayNotifyOrderJob.exec(NoPayNotifyOrderJob.java:42)
	at jdk.internal.reflect.GeneratedMethodAccessor23.invoke(Unknown Source)
	at java.base/jdk.internal.reflect.DelegatingMethodAccessorImpl.invoke(DelegatingMethodAccessorImpl.java:43)
	at java.base/java.lang.reflect.Method.invoke(Method.java:566)
	at org.springframework.scheduling.support.ScheduledMethodRunnable.run(ScheduledMethodRunnable.java:84)
	at org.springframework.scheduling.support.DelegatingErrorHandlingRunnable.run(DelegatingErrorHandlingRunnable.java:54)
	at org.springframework.scheduling.concurrent.ReschedulingRunnable.run(ReschedulingRunnable.java:95)
	at java.base/java.util.concurrent.Executors$RunnableAdapter.call(Executors.java:515)
	at java.base/java.util.concurrent.FutureTask.run(FutureTask.java:264)
	at java.base/java.util.concurrent.ScheduledThreadPoolExecutor$ScheduledFutureTask.run(ScheduledThreadPoolExecutor.java:304)
	at java.base/java.util.concurrent.ThreadPoolExecutor.runWorker(ThreadPoolExecutor.java:1128)
	at java.base/java.util.concurrent.ThreadPoolExecutor$Worker.run(ThreadPoolExecutor.java:628)
	at java.base/java.lang.Thread.run(Thread.java:829)
Caused by: java.io.IOException: <!DOCTYPE HTML PUBLIC "-//IETF//DTD HTML 2.0//EN">
<html>
<head><title>504 Gateway Time-out</title></head>
<body bgcolor="white">
<h1>504 Gateway Time-out</h1>
<p>The gateway did not receive a timely response from the upstream server or application. Sorry for the inconvenience.<br/>
Please report this message and include the following information to us.<br/>
Thank you very much!</p>
<table>
<tr>
<td>URL:</td>
<td>http://openapi-sandbox.dl.alipaydev.com/gateway.do?charset=utf-8&amp;method=alipay.trade.query&amp;sign=m9a2hAERRzwEu7B1iIZbCI4IbdP8Plqk4SYds78%2B35g3f1IVYwXDfV%2BEcx%2Fg9SWqS8viYLZg1%2Fz2F61LWvvlNjbBUjve8g5CAF5lTZQFhH3XSyryA3mk4KLB8UenRA7wX46iTyNv8Il%2BnRTQJSsnNrJJSpi%2FOAKSNPtYm3EjHYzglhDAl8cAB3%2Fw%2Bo%2FOQEsIfGapdKoNm11oA2%2BrVXfTBsIsYFgsiXsi8GFP3hSQgsQA2Obm9wAZpmIN%2FkuU4FYt3H8AjZHbsC3c8%2Bfe2ICmu1gGQkzW7mpEfO3oxt3oRZzguH20EhffTikhFnJWQO%2FkMwbX5RoknWzMzVlHvHSTSg%3D%3D&amp;version=1.0&amp;app_id=9021000165677275&amp;sign_type=RSA2&amp;timestamp=2026-07-26+21%3A06%3A12&amp;alipay_sdk=alipay-sdk-java-4.38.157.ALL&amp;format=json</td>
</tr>
<tr>
<td>Server:</td>
<td>openapi-57.rz21a.sandbox.alipay.net</td>
</tr>
<tr>
<td>Date:</td>
<td>2026/07/26 21:06:17</td>
</tr>
</table>
<hr/>Powered by Tengine
</body>
</html>

	at com.alipay.api.internal.util.WebUtils.getResponseAsString(WebUtils.java:520)
	at com.alipay.api.internal.util.WebUtils.doPost(WebUtils.java:181)
	at com.alipay.api.internal.util.WebUtils.doPost(WebUtils.java:142)
	at com.alipay.api.AbstractAlipayClient.doPost(AbstractAlipayClient.java:1003)
	... 18 common frames omitted
26-07-26.21:06:19.709 [scheduling-1    ] ERROR err                    - ErrorScene^_^40004^_^ACQ.TRADE_NOT_EXIST^_^192.168.73.1^_^Windows 11^_^2026-07-26 21:06:19^_^ProtocalMustParams:charset=utf-8&method=alipay.trade.query&sign=nKNPY9zMQ2EXUVAm6hHVKPU8igzQFZewxr2Zqi0jBKG6QAFXmzcePPb5Zz3DZibU1OqwDz9CWqW5WZeOXxkI3NAqZU4PExu7rXxtLVaOwWYHoDn49N6+AUQjkBWejIRcdOKH97sqW8d4j8p+ZzhZDsrs+w4S/fS3AbBt8gE6MC/4HuQve2BGjgRyz0NHHnnHi5yjS/JVfXJrvzGioAvpsbqRXL8rMCrpnKk3fCpNMQkIua8f5kqqESOh8Z2NDug+LWtHXpNBMX8KLRpdDcdnISX1QyOwBOQp9EhP6j1UumZGhCa7p4PS7fqgdbYfy//N7eB75hyh1eBEJQyRUm6b7g==&version=1.0&app_id=9021000165677275&sign_type=RSA2&timestamp=2026-07-26 21:06:18^_^ProtocalOptParams:alipay_sdk=alipay-sdk-java-4.38.157.ALL&format=json^_^ApplicationParams:traceId=060d663d178507117815577818178&biz_content={"out_trade_no":"59214591885269"}^_^Body:{"alipay_trade_query_response":{"msg":"Business Failed","code":"40004","out_trade_no":"59214591885269","sub_msg":"交易不存在","sub_code":"ACQ.TRADE_NOT_EXIST","receipt_amount":"0.00","point_amount":"0.00","buyer_pay_amount":"0.00","invoice_amount":"0.00"},"sign":"IlGZ9x5UhNF2eAqdNMzeNXtVmLVeP4WAHqOs3UIoTeNqOZPSKddjkKWyTMN0yOnmdmvXLs65xA8iLe3vMAOcTv3IRc5Ly+sfXiILXIoyDMo48N1nGL00QjpY712N35H3czuLP1upFRYorbFoh87mPrUkchUunF+PEBdfORFul87T4s2hkFE5Fl1M1wxQAAUDsoOdZiXF4N0VIlZn8XpWkwGhUJTSzC4T5bTxJpGdI0AVbbLy9QZu0eXIaXEtwYSVDV1oFLVBE/DEmKpridtTn9/6ZOtOpBhjgylpbP+J+f2SCp37feezNW+mRc7kxKeaJfjjdbn7pTI1TeynheyWLQ=="}^_^8ms,1690ms,8ms^_^trace_id:060d663d178507117815577818178
26-07-26.21:06:19.709 [scheduling-1    ] INFO  NoPayNotifyOrderJob    - 检测未接收到或未正确处理的支付回调通知，订单未支付成功 orderId:59214591885269 code:40004 tradeStatus:null
26-07-26.21:06:19.938 [scheduling-1    ] ERROR err                    - ErrorScene^_^40004^_^ACQ.TRADE_NOT_EXIST^_^192.168.73.1^_^Windows 11^_^2026-07-26 21:06:19^_^ProtocalMustParams:charset=utf-8&method=alipay.trade.query&sign=e23/exuLtHB9sl+/gQCdwPRFs7Qa7Q0Y7UgAmDgqq4LVmpdCOEsSPtK3eNsk/9Lg65cwiZ5NggfEA0zLTDP37b0R9jdNGOx3aQmllS4ISeo5/coluuawQLSLGNWU1qQBntl2IAHE7QCBcKSzs1sjp8X/BGdK4stEQ5Z8MnOWMX/eeUHGlQOAGvvwdj9eFr4fRpvdz/nXbALlrdrFMniY7F2ScAqcWKnttbXu4EJYO9DTz8pKT8oxyui8ykqE7t5fqcItcbYMGo1YoBR/sJKXuYuba/XKeLmvlIKRUcKfxuuY2h165wBmuCENKhZ1kx3CsRSoO14LEiLjfZ6T5tAROQ==&version=1.0&app_id=9021000165677275&sign_type=RSA2&timestamp=2026-07-26 21:06:19^_^ProtocalOptParams:alipay_sdk=alipay-sdk-java-4.38.157.ALL&format=json^_^ApplicationParams:traceId=060d663d178507117984077838178&biz_content={"out_trade_no":"63015243383423"}^_^Body:{"alipay_trade_query_response":{"msg":"Business Failed","code":"40004","out_trade_no":"63015243383423","sub_msg":"交易不存在","sub_code":"ACQ.TRADE_NOT_EXIST","receipt_amount":"0.00","point_amount":"0.00","buyer_pay_amount":"0.00","invoice_amount":"0.00"},"sign":"j/BKxEaDkp40hVZnDvR3FjkafML/EKkrgK5tm3o7RpXke6JHNNHQj7dtxjFXrid2kn398BXbOviGV9OREaHEsGkNi7IoyBK1JYReqxxHw+KZz8rrBoqtEmOs09WNzTcKyl/5ieUTw21MI9LZ5QoNI9FiQB3n5vdZv5nJ4536haXV/1ocYO4eOii1Wdd47onG0oGH6w7WLvZT+jP9UP1EcysxWQjk4vfPC2p1W/SB9gAsXt/vZ3hDDoI08AIACsojEfWvD71/4rGQQEyT4naQANCIzeGTzHZEfSOYngieu+N8sDW52hL5yDXMIaHr563fJPxX8LcKEtAYz+SGdbzTrw=="}^_^8ms,213ms,8ms^_^trace_id:060d663d178507117984077838178
26-07-26.21:06:19.938 [scheduling-1    ] INFO  NoPayNotifyOrderJob    - 检测未接收到或未正确处理的支付回调通知，订单未支付成功 orderId:63015243383423 code:40004 tradeStatus:null
26-07-26.21:06:20.174 [scheduling-1    ] ERROR err                    - ErrorScene^_^40004^_^ACQ.TRADE_NOT_EXIST^_^192.168.73.1^_^Windows 11^_^2026-07-26 21:06:20^_^ProtocalMustParams:charset=utf-8&method=alipay.trade.query&sign=Tazp0B910Dkig3HBwvBwNdOgS5VuaolTKW0JXvvh/TVISfEAYPt7w+uK2u8DytFke7V6Zvgl1QE8pxN1bBW16L6OQfBrzOPmvGrwWUddThoWe9/SD0log7E4FysJuu8mnckyW0sgiJvj4s/0CJzIMRWx5pAMhb2YcLGn8UM/fhxgLp3kKagJu/RE0W9Ftr365PqedvISs2mT/apsso5/ZcwG/ZNUls8Tpogb4f8CVElLPE1Ic71KzbOY0DRKA7niEopkailp4BNpLhH/4Taf+5wvSicDWDsHqU4SDj08R03pivowsS3+mDAokZp5uGg5a+kJSLWA43a8hFfdeq79xA==&version=1.0&app_id=9021000165677275&sign_type=RSA2&timestamp=2026-07-26 21:06:19^_^ProtocalOptParams:alipay_sdk=alipay-sdk-java-4.38.157.ALL&format=json^_^ApplicationParams:traceId=060001f3178507118007815192231288&biz_content={"out_trade_no":"05687486819141"}^_^Body:{"alipay_trade_query_response":{"msg":"Business Failed","code":"40004","out_trade_no":"05687486819141","sub_msg":"交易不存在","sub_code":"ACQ.TRADE_NOT_EXIST","receipt_amount":"0.00","point_amount":"0.00","buyer_pay_amount":"0.00","invoice_amount":"0.00"},"sign":"X8+5Q6lbdoyyrQqpUwxTqfCXdBXg7ThJc2U+u8qezqbw+E5fcgtCqABatoc1r72W+dsojv3i6bkcvvMz3DRr5ahBjxU4gwSWCgz4TBIO+/iTBt57VZmROgv9LqvWSmIQTYHEWA0iBdvVQ8wabF8mzeGODzJcDm0eGuZrLQUuAfb7EsMddzf5Fpsu5TpWoCkIHAS+8CRG2vFJn8fHca0ezh5NORm72mkk1XJRvcuT3PelFHmTo+8KP5OR7ez/2fuIcdGiAD+b2i3e+sfFqMTeUrSfNpunUyXCuTC+ottvD15QxCFhRNfVkTvbOhatQUPyKDv4sjFTxoXvcC8oVH1r9Q=="}^_^8ms,219ms,9ms^_^trace_id:060001f3178507118007815192231288
26-07-26.21:06:20.174 [scheduling-1    ] INFO  NoPayNotifyOrderJob    - 检测未接收到或未正确处理的支付回调通知，订单未支付成功 orderId:05687486819141 code:40004 tradeStatus:null
26-07-26.21:06:21.240 [scheduling-1    ] ERROR err                    - ErrorScene^_^40004^_^ACQ.TRADE_NOT_EXIST^_^192.168.73.1^_^Windows 11^_^2026-07-26 21:06:21^_^ProtocalMustParams:charset=utf-8&method=alipay.trade.query&sign=HkpZEk0/c9bIcUEo/a+Z/Q/IxabpjALl+QXSWmtL3MheqG45bz/Gwhmu2g6FFAW+Dx/6sQxoBsNc9kGnUgy7+Y27F1Ptrnbb5/9tcqKC/FsIIWtFZyo56Q57OnJpky4SsmArRAAjquUF869Sy944k1IF9O9sv/A4x8aUUaPeV4+EXJupFyrhkoLxStQ1Kf44y/DUDI1evGHXGcJyo5Jup3t6yxBZvTrUtc/uyvrZgMLMrIg1IV7dqMdPEf+ztSa02gPtS1gxLNCKKcMoQZi9bhkBrG5/RwlOkrvaPQI0P8eCCqj9NhRxBbJovQZ/sSYcUV+4fMiSwIUaXPmV/wy8Tw==&version=1.0&app_id=9021000165677275&sign_type=RSA2&timestamp=2026-07-26 21:06:21^_^ProtocalOptParams:alipay_sdk=alipay-sdk-java-4.38.157.ALL&format=json^_^ApplicationParams:traceId=06020e08178507118114153902433085&biz_content={"out_trade_no":"59214591885269"}^_^Body:{"alipay_trade_query_response":{"msg":"Business Failed","code":"40004","out_trade_no":"59214591885269","sub_msg":"交易不存在","sub_code":"ACQ.TRADE_NOT_EXIST","receipt_amount":"0.00","point_amount":"0.00","buyer_pay_amount":"0.00","invoice_amount":"0.00"},"sign":"IlGZ9x5UhNF2eAqdNMzeNXtVmLVeP4WAHqOs3UIoTeNqOZPSKddjkKWyTMN0yOnmdmvXLs65xA8iLe3vMAOcTv3IRc5Ly+sfXiILXIoyDMo48N1nGL00QjpY712N35H3czuLP1upFRYorbFoh87mPrUkchUunF+PEBdfORFul87T4s2hkFE5Fl1M1wxQAAUDsoOdZiXF4N0VIlZn8XpWkwGhUJTSzC4T5bTxJpGdI0AVbbLy9QZu0eXIaXEtwYSVDV1oFLVBE/DEmKpridtTn9/6ZOtOpBhjgylpbP+J+f2SCp37feezNW+mRc7kxKeaJfjjdbn7pTI1TeynheyWLQ=="}^_^9ms,216ms,9ms^_^trace_id:06020e08178507118114153902433085
26-07-26.21:06:21.240 [scheduling-1    ] INFO  NoPayNotifyOrderJob    - 检测未接收到或未正确处理的支付回调通知，订单未支付成功 orderId:59214591885269 code:40004 tradeStatus:null
26-07-26.21:06:26.383 [scheduling-1    ] ERROR err                    - 2026-07-26 21:06:26^_^alipay.trade.query^_^null^_^192.168.73.1^_^Windows 11^_^alipay-sdk-java-4.38.157.ALL^_^https://openapi-sandbox.dl.alipaydev.com/gateway.do?charset=utf-8&method=alipay.trade.query&sign=WQBu6we8H4Ad8JLUQK47jUoy0GtX1k34Bin%2FVeofxp7z5PC2397D4YsCC%2FzZxnwJullFAGwVUMFnoDz%2B7%2F3RuPDKIEO2P5aeitC81Ym3kPwpziTT8%2F7yEtjd%2FvWC1bPRKIoWgJYuKK8%2BCZUpn294RZH2Yz7BfK50ugDp1FanfRVNEvrOHZJjwfhWkTKKVRa946%2Boy95qtcxjIMtJ0idw2Orv1evSwJOM5LI%2F%2F5msgEFxSDpQvvZhZkT2OurMpWpepveSMePzLeC6WqeclWRiaYNeHS328sDmkr1bv9vyd%2BsnUgzJu2Dk25AoJK0ZzzYtkT7BeuKL0CHa35Wnt80DOQ%3D%3D&version=1.0&app_id=9021000165677275&sign_type=RSA2&timestamp=2026-07-26+21%3A06%3A21&alipay_sdk=alipay-sdk-java-4.38.157.ALL&format=json^_^^_^<!DOCTYPE HTML PUBLIC "-//IETF//DTD HTML 2.0//EN"> <html> <head><title>504 Gateway Time-out</title></head> <body bgcolor="white"> <h1>504 Gateway Time-out</h1> <p>The gateway did not receive a timely response from the upstream server or application. Sorry for the inconvenience.<br/> Please report this message and include the following information to us.<br/> Thank you very much!</p> <table> <tr> <td>URL:</td> <td>http://openapi-sandbox.dl.alipaydev.com/gateway.do?charset=utf-8&amp;method=alipay.trade.query&amp;sign=WQBu6we8H4Ad8JLUQK47jUoy0GtX1k34Bin%2FVeofxp7z5PC2397D4YsCC%2FzZxnwJullFAGwVUMFnoDz%2B7%2F3RuPDKIEO2P5aeitC81Ym3kPwpziTT8%2F7yEtjd%2FvWC1bPRKIoWgJYuKK8%2BCZUpn294RZH2Yz7BfK50ugDp1FanfRVNEvrOHZJjwfhWkTKKVRa946%2Boy95qtcxjIMtJ0idw2Orv1evSwJOM5LI%2F%2F5msgEFxSDpQvvZhZkT2OurMpWpepveSMePzLeC6WqeclWRiaYNeHS328sDmkr1bv9vyd%2BsnUgzJu2Dk25AoJK0ZzzYtkT7BeuKL0CHa35Wnt80DOQ%3D%3D&amp;version=1.0&amp;app_id=9021000165677275&amp;sign_type=RSA2&amp;timestamp=2026-07-26+21%3A06%3A21&amp;alipay_sdk=alipay-sdk-java-4.38.157.ALL&amp;format=json</td> </tr> <tr> <td>Server:</td> <td>openapi-55.rz21a.sandbox.alipay.net</td> </tr> <tr> <td>Date:</td> <td>2026/07/26 21:06:26</td> </tr> </table> <hr/>Powered by Tengine </body> </html> 
26-07-26.21:06:26.383 [scheduling-1    ] ERROR NoPayNotifyOrderJob    - 检测未接收到或未正确处理的支付回调通知失败
com.alipay.api.AlipayApiException: java.io.IOException: <!DOCTYPE HTML PUBLIC "-//IETF//DTD HTML 2.0//EN">
<html>
<head><title>504 Gateway Time-out</title></head>
<body bgcolor="white">
<h1>504 Gateway Time-out</h1>
<p>The gateway did not receive a timely response from the upstream server or application. Sorry for the inconvenience.<br/>
Please report this message and include the following information to us.<br/>
Thank you very much!</p>
<table>
<tr>
<td>URL:</td>
<td>http://openapi-sandbox.dl.alipaydev.com/gateway.do?charset=utf-8&amp;method=alipay.trade.query&amp;sign=WQBu6we8H4Ad8JLUQK47jUoy0GtX1k34Bin%2FVeofxp7z5PC2397D4YsCC%2FzZxnwJullFAGwVUMFnoDz%2B7%2F3RuPDKIEO2P5aeitC81Ym3kPwpziTT8%2F7yEtjd%2FvWC1bPRKIoWgJYuKK8%2BCZUpn294RZH2Yz7BfK50ugDp1FanfRVNEvrOHZJjwfhWkTKKVRa946%2Boy95qtcxjIMtJ0idw2Orv1evSwJOM5LI%2F%2F5msgEFxSDpQvvZhZkT2OurMpWpepveSMePzLeC6WqeclWRiaYNeHS328sDmkr1bv9vyd%2BsnUgzJu2Dk25AoJK0ZzzYtkT7BeuKL0CHa35Wnt80DOQ%3D%3D&amp;version=1.0&amp;app_id=9021000165677275&amp;sign_type=RSA2&amp;timestamp=2026-07-26+21%3A06%3A21&amp;alipay_sdk=alipay-sdk-java-4.38.157.ALL&amp;format=json</td>
</tr>
<tr>
<td>Server:</td>
<td>openapi-55.rz21a.sandbox.alipay.net</td>
</tr>
<tr>
<td>Date:</td>
<td>2026/07/26 21:06:26</td>
</tr>
</table>
<hr/>Powered by Tengine
</body>
</html>

	at com.alipay.api.AbstractAlipayClient.doPost(AbstractAlipayClient.java:1015)
	at com.alipay.api.AbstractAlipayClient._execute(AbstractAlipayClient.java:921)
	at com.alipay.api.AbstractAlipayClient.execute(AbstractAlipayClient.java:395)
	at com.alipay.api.AbstractAlipayClient.execute(AbstractAlipayClient.java:377)
	at com.alipay.api.AbstractAlipayClient.execute(AbstractAlipayClient.java:372)
	at com.alipay.api.AbstractAlipayClient.execute(AbstractAlipayClient.java:366)
	at cn.bugstack.trigger.job.NoPayNotifyOrderJob.exec(NoPayNotifyOrderJob.java:42)
	at jdk.internal.reflect.GeneratedMethodAccessor23.invoke(Unknown Source)
	at java.base/jdk.internal.reflect.DelegatingMethodAccessorImpl.invoke(DelegatingMethodAccessorImpl.java:43)
	at java.base/java.lang.reflect.Method.invoke(Method.java:566)
	at org.springframework.scheduling.support.ScheduledMethodRunnable.run(ScheduledMethodRunnable.java:84)
	at org.springframework.scheduling.support.DelegatingErrorHandlingRunnable.run(DelegatingErrorHandlingRunnable.java:54)
	at org.springframework.scheduling.concurrent.ReschedulingRunnable.run(ReschedulingRunnable.java:95)
	at java.base/java.util.concurrent.Executors$RunnableAdapter.call(Executors.java:515)
	at java.base/java.util.concurrent.FutureTask.run(FutureTask.java:264)
	at java.base/java.util.concurrent.ScheduledThreadPoolExecutor$ScheduledFutureTask.run(ScheduledThreadPoolExecutor.java:304)
	at java.base/java.util.concurrent.ThreadPoolExecutor.runWorker(ThreadPoolExecutor.java:1128)
	at java.base/java.util.concurrent.ThreadPoolExecutor$Worker.run(ThreadPoolExecutor.java:628)
	at java.base/java.lang.Thread.run(Thread.java:829)
Caused by: java.io.IOException: <!DOCTYPE HTML PUBLIC "-//IETF//DTD HTML 2.0//EN">
<html>
<head><title>504 Gateway Time-out</title></head>
<body bgcolor="white">
<h1>504 Gateway Time-out</h1>
<p>The gateway did not receive a timely response from the upstream server or application. Sorry for the inconvenience.<br/>
Please report this message and include the following information to us.<br/>
Thank you very much!</p>
<table>
<tr>
<td>URL:</td>
<td>http://openapi-sandbox.dl.alipaydev.com/gateway.do?charset=utf-8&amp;method=alipay.trade.query&amp;sign=WQBu6we8H4Ad8JLUQK47jUoy0GtX1k34Bin%2FVeofxp7z5PC2397D4YsCC%2FzZxnwJullFAGwVUMFnoDz%2B7%2F3RuPDKIEO2P5aeitC81Ym3kPwpziTT8%2F7yEtjd%2FvWC1bPRKIoWgJYuKK8%2BCZUpn294RZH2Yz7BfK50ugDp1FanfRVNEvrOHZJjwfhWkTKKVRa946%2Boy95qtcxjIMtJ0idw2Orv1evSwJOM5LI%2F%2F5msgEFxSDpQvvZhZkT2OurMpWpepveSMePzLeC6WqeclWRiaYNeHS328sDmkr1bv9vyd%2BsnUgzJu2Dk25AoJK0ZzzYtkT7BeuKL0CHa35Wnt80DOQ%3D%3D&amp;version=1.0&amp;app_id=9021000165677275&amp;sign_type=RSA2&amp;timestamp=2026-07-26+21%3A06%3A21&amp;alipay_sdk=alipay-sdk-java-4.38.157.ALL&amp;format=json</td>
</tr>
<tr>
<td>Server:</td>
<td>openapi-55.rz21a.sandbox.alipay.net</td>
</tr>
<tr>
<td>Date:</td>
<td>2026/07/26 21:06:26</td>
</tr>
</table>
<hr/>Powered by Tengine
</body>
</html>

	at com.alipay.api.internal.util.WebUtils.getResponseAsString(WebUtils.java:520)
	at com.alipay.api.internal.util.WebUtils.doPost(WebUtils.java:181)
	at com.alipay.api.internal.util.WebUtils.doPost(WebUtils.java:142)
	at com.alipay.api.AbstractAlipayClient.doPost(AbstractAlipayClient.java:1003)
	... 18 common frames omitted
26-07-26.21:06:27.220 [scheduling-1    ] ERROR err                    - ErrorScene^_^40004^_^ACQ.TRADE_NOT_EXIST^_^192.168.73.1^_^Windows 11^_^2026-07-26 21:06:27^_^ProtocalMustParams:charset=utf-8&method=alipay.trade.query&sign=gJLjT4GSIOivBDryJf5Gox5NvOkCsWPOcAdN9gnsK6B3TurKo/kzccH7JHUhCsPw2T8Nm6xEXUpDrcs3pn6GlQ+ZTYbN4E/iaiICBJ5QYDHqVJituCUqOae4P2rEN+cuv01j5tcYklCiWhZLI+UyOGeCxVZDW+gwHppeT4G6D1OezJH5czk+BMnkCW3P31V1WHITwo1itvcpTqjj7tYzkXwK2KxhOBhd8A81zxPY+N2y8BJygQ/UHA8fqModMENbzSwnPV7CxqR3pzqT/sjPGlyV9tnp0WiuSUQZA412fwzYvQCd3/e7jixnwRU25Q6I9TwAaxqFUpnjszMArxs4Xw==&version=1.0&app_id=9021000165677275&sign_type=RSA2&timestamp=2026-07-26 21:06:27^_^ProtocalOptParams:alipay_sdk=alipay-sdk-java-4.38.157.ALL&format=json^_^ApplicationParams:traceId=06020e08178507118713354152433085&biz_content={"out_trade_no":"59214591885269"}^_^Body:{"alipay_trade_query_response":{"msg":"Business Failed","code":"40004","out_trade_no":"59214591885269","sub_msg":"交易不存在","sub_code":"ACQ.TRADE_NOT_EXIST","receipt_amount":"0.00","point_amount":"0.00","buyer_pay_amount":"0.00","invoice_amount":"0.00"},"sign":"IlGZ9x5UhNF2eAqdNMzeNXtVmLVeP4WAHqOs3UIoTeNqOZPSKddjkKWyTMN0yOnmdmvXLs65xA8iLe3vMAOcTv3IRc5Ly+sfXiILXIoyDMo48N1nGL00QjpY712N35H3czuLP1upFRYorbFoh87mPrUkchUunF+PEBdfORFul87T4s2hkFE5Fl1M1wxQAAUDsoOdZiXF4N0VIlZn8XpWkwGhUJTSzC4T5bTxJpGdI0AVbbLy9QZu0eXIaXEtwYSVDV1oFLVBE/DEmKpridtTn9/6ZOtOpBhjgylpbP+J+f2SCp37feezNW+mRc7kxKeaJfjjdbn7pTI1TeynheyWLQ=="}^_^9ms,187ms,10ms^_^trace_id:06020e08178507118713354152433085
26-07-26.21:06:27.220 [scheduling-1    ] INFO  NoPayNotifyOrderJob    - 检测未接收到或未正确处理的支付回调通知，订单未支付成功 orderId:59214591885269 code:40004 tradeStatus:null
26-07-26.21:06:27.446 [scheduling-1    ] ERROR err                    - ErrorScene^_^40004^_^ACQ.TRADE_NOT_EXIST^_^192.168.73.1^_^Windows 11^_^2026-07-26 21:06:27^_^ProtocalMustParams:charset=utf-8&method=alipay.trade.query&sign=OOVm/Yawnl1L74JcDxqP3ln7j5b5lpYQXwfY19RB83guqITkS/P6fg6h4dahww9UV/fWWN/8Oczac5q2VSKXYbLZnB9redFlBgh78aEpfdZPnFa+jHk69eVzT9GCPXfBSTueoslazD56yZah9yj2OsZfd9j7OHSBJvTPfuck1m5sHJpaJJnscOsUgXILbMOJstxNhsHDKp+6Ox3QrNUGR3ArhB3XWVv4vlDV30RCUfhIOzWi0qQkwifJaFYUYfDE2FBRGioCcXqS3TvqWnw7NXHoMl3pDYQPGwfsGJZ9BnZsZqD9zSnzSiUqplKStk2mY0BmSODPO0eeP0AEPKSiLQ==&version=1.0&app_id=9021000165677275&sign_type=RSA2&timestamp=2026-07-26 21:06:27^_^ProtocalOptParams:alipay_sdk=alipay-sdk-java-4.38.157.ALL&format=json^_^ApplicationParams:traceId=060d663d178507118734778138178&biz_content={"out_trade_no":"63015243383423"}^_^Body:{"alipay_trade_query_response":{"msg":"Business Failed","code":"40004","out_trade_no":"63015243383423","sub_msg":"交易不存在","sub_code":"ACQ.TRADE_NOT_EXIST","receipt_amount":"0.00","point_amount":"0.00","buyer_pay_amount":"0.00","invoice_amount":"0.00"},"sign":"j/BKxEaDkp40hVZnDvR3FjkafML/EKkrgK5tm3o7RpXke6JHNNHQj7dtxjFXrid2kn398BXbOviGV9OREaHEsGkNi7IoyBK1JYReqxxHw+KZz8rrBoqtEmOs09WNzTcKyl/5ieUTw21MI9LZ5QoNI9FiQB3n5vdZv5nJ4536haXV/1ocYO4eOii1Wdd47onG0oGH6w7WLvZT+jP9UP1EcysxWQjk4vfPC2p1W/SB9gAsXt/vZ3hDDoI08AIACsojEfWvD71/4rGQQEyT4naQANCIzeGTzHZEfSOYngieu+N8sDW52hL5yDXMIaHr563fJPxX8LcKEtAYz+SGdbzTrw=="}^_^10ms,205ms,10ms^_^trace_id:060d663d178507118734778138178
26-07-26.21:06:27.446 [scheduling-1    ] INFO  NoPayNotifyOrderJob    - 检测未接收到或未正确处理的支付回调通知，订单未支付成功 orderId:63015243383423 code:40004 tradeStatus:null
26-07-26.21:06:28.177 [scheduling-1    ] ERROR err                    - ErrorScene^_^40004^_^ACQ.TRADE_NOT_EXIST^_^192.168.73.1^_^Windows 11^_^2026-07-26 21:06:28^_^ProtocalMustParams:charset=utf-8&method=alipay.trade.query&sign=nZIhKHkO0bCdiaT3mpXlKA/YPebCgTtHjRIhHP2+TgSa/Z21CFrMoVh/urGJlWySkPwRJnydIBdGR94E8TFajeSXg41yHJtQ19UnY7kcn1BuOf4lQN06uqYE0aBQG/k/Rwl7sXHYs7+UYj9+xLmKuUPrwI8yajXPuDeZz+AiAz+C5lTyXeh/CqNXjvvHSUk4G/mDx3shhsZVDoLiSItEQNDPjBu8jLfbcKlZATlUlpwXtOnCStN5yBkYHEfk7c+n5As2crEZ0bRgw/RPe/IzIkI/13eU4+drN5x476zpbdvRc+kdJyQIpkJLXl1LLtY8fnnEU1nhm6bEkeCmiCLQhg==&version=1.0&app_id=9021000165677275&sign_type=RSA2&timestamp=2026-07-26 21:06:27^_^ProtocalOptParams:alipay_sdk=alipay-sdk-java-4.38.157.ALL&format=json^_^ApplicationParams:traceId=060d663d178507118757478158178&biz_content={"out_trade_no":"05687486819141"}^_^Body:{"alipay_trade_query_response":{"msg":"Business Failed","code":"40004","out_trade_no":"05687486819141","sub_msg":"交易不存在","sub_code":"ACQ.TRADE_NOT_EXIST","receipt_amount":"0.00","point_amount":"0.00","buyer_pay_amount":"0.00","invoice_amount":"0.00"},"sign":"X8+5Q6lbdoyyrQqpUwxTqfCXdBXg7ThJc2U+u8qezqbw+E5fcgtCqABatoc1r72W+dsojv3i6bkcvvMz3DRr5ahBjxU4gwSWCgz4TBIO+/iTBt57VZmROgv9LqvWSmIQTYHEWA0iBdvVQ8wabF8mzeGODzJcDm0eGuZrLQUuAfb7EsMddzf5Fpsu5TpWoCkIHAS+8CRG2vFJn8fHca0ezh5NORm72mkk1XJRvcuT3PelFHmTo+8KP5OR7ez/2fuIcdGiAD+b2i3e+sfFqMTeUrSfNpunUyXCuTC+ottvD15QxCFhRNfVkTvbOhatQUPyKDv4sjFTxoXvcC8oVH1r9Q=="}^_^8ms,714ms,9ms^_^trace_id:060d663d178507118757478158178
26-07-26.21:06:28.177 [scheduling-1    ] INFO  NoPayNotifyOrderJob    - 检测未接收到或未正确处理的支付回调通知，订单未支付成功 orderId:05687486819141 code:40004 tradeStatus:null
26-07-26.21:06:35.169 [scheduling-1    ] ERROR err                    - 2026-07-26 21:06:35^_^alipay.trade.query^_^null^_^192.168.73.1^_^Windows 11^_^alipay-sdk-java-4.38.157.ALL^_^https://openapi-sandbox.dl.alipaydev.com/gateway.do?charset=utf-8&method=alipay.trade.query&sign=QpR7edGbusqU85d%2BcR9cbr1fFXq%2Be8rgKWUe2ubxpz4daqspCmBDDu20SGFp%2FVmrZgZrn%2FlmbP%2Bg0BrT6pnIjTsEjtybTkyNg0zP5GHF1zoFxZdNWBLh1W3CbM49L72fJ4HQpCIgYbwMWAqCNfhnGD5R4R2FyqbzEnsAF35Fto9RRtDPJCQlcKR74lHsV7oPKAUOnsLWBBuAxqxHZLbd9dB2W45bWAdikLiaMvPRW8EP9fgz4BryZZYkZpdrixFNyPVQjCT%2F3mi7PFU1%2FBMkXePCJ%2FPHWBkFRh6L1qcKEN21DIPVdIsaPqEujgm8HFlHY1pNZDqlsDKhbhLOUEl3Yw%3D%3D&version=1.0&app_id=9021000165677275&sign_type=RSA2&timestamp=2026-07-26+21%3A06%3A30&alipay_sdk=alipay-sdk-java-4.38.157.ALL&format=json^_^^_^<!DOCTYPE HTML PUBLIC "-//IETF//DTD HTML 2.0//EN"> <html> <head><title>504 Gateway Time-out</title></head> <body bgcolor="white"> <h1>504 Gateway Time-out</h1> <p>The gateway did not receive a timely response from the upstream server or application. Sorry for the inconvenience.<br/> Please report this message and include the following information to us.<br/> Thank you very much!</p> <table> <tr> <td>URL:</td> <td>http://openapi-sandbox.dl.alipaydev.com/gateway.do?charset=utf-8&amp;method=alipay.trade.query&amp;sign=QpR7edGbusqU85d%2BcR9cbr1fFXq%2Be8rgKWUe2ubxpz4daqspCmBDDu20SGFp%2FVmrZgZrn%2FlmbP%2Bg0BrT6pnIjTsEjtybTkyNg0zP5GHF1zoFxZdNWBLh1W3CbM49L72fJ4HQpCIgYbwMWAqCNfhnGD5R4R2FyqbzEnsAF35Fto9RRtDPJCQlcKR74lHsV7oPKAUOnsLWBBuAxqxHZLbd9dB2W45bWAdikLiaMvPRW8EP9fgz4BryZZYkZpdrixFNyPVQjCT%2F3mi7PFU1%2FBMkXePCJ%2FPHWBkFRh6L1qcKEN21DIPVdIsaPqEujgm8HFlHY1pNZDqlsDKhbhLOUEl3Yw%3D%3D&amp;version=1.0&amp;app_id=9021000165677275&amp;sign_type=RSA2&amp;timestamp=2026-07-26+21%3A06%3A30&amp;alipay_sdk=alipay-sdk-java-4.38.157.ALL&amp;format=json</td> </tr> <tr> <td>Server:</td> <td>openapi-57.rz21a.sandbox.alipay.net</td> </tr> <tr> <td>Date:</td> <td>2026/07/26 21:06:35</td> </tr> </table> <hr/>Powered by Tengine </body> </html> 
26-07-26.21:06:35.169 [scheduling-1    ] ERROR NoPayNotifyOrderJob    - 检测未接收到或未正确处理的支付回调通知失败
com.alipay.api.AlipayApiException: java.io.IOException: <!DOCTYPE HTML PUBLIC "-//IETF//DTD HTML 2.0//EN">
<html>
<head><title>504 Gateway Time-out</title></head>
<body bgcolor="white">
<h1>504 Gateway Time-out</h1>
<p>The gateway did not receive a timely response from the upstream server or application. Sorry for the inconvenience.<br/>
Please report this message and include the following information to us.<br/>
Thank you very much!</p>
<table>
<tr>
<td>URL:</td>
<td>http://openapi-sandbox.dl.alipaydev.com/gateway.do?charset=utf-8&amp;method=alipay.trade.query&amp;sign=QpR7edGbusqU85d%2BcR9cbr1fFXq%2Be8rgKWUe2ubxpz4daqspCmBDDu20SGFp%2FVmrZgZrn%2FlmbP%2Bg0BrT6pnIjTsEjtybTkyNg0zP5GHF1zoFxZdNWBLh1W3CbM49L72fJ4HQpCIgYbwMWAqCNfhnGD5R4R2FyqbzEnsAF35Fto9RRtDPJCQlcKR74lHsV7oPKAUOnsLWBBuAxqxHZLbd9dB2W45bWAdikLiaMvPRW8EP9fgz4BryZZYkZpdrixFNyPVQjCT%2F3mi7PFU1%2FBMkXePCJ%2FPHWBkFRh6L1qcKEN21DIPVdIsaPqEujgm8HFlHY1pNZDqlsDKhbhLOUEl3Yw%3D%3D&amp;version=1.0&amp;app_id=9021000165677275&amp;sign_type=RSA2&amp;timestamp=2026-07-26+21%3A06%3A30&amp;alipay_sdk=alipay-sdk-java-4.38.157.ALL&amp;format=json</td>
</tr>
<tr>
<td>Server:</td>
<td>openapi-57.rz21a.sandbox.alipay.net</td>
</tr>
<tr>
<td>Date:</td>
<td>2026/07/26 21:06:35</td>
</tr>
</table>
<hr/>Powered by Tengine
</body>
</html>

	at com.alipay.api.AbstractAlipayClient.doPost(AbstractAlipayClient.java:1015)
	at com.alipay.api.AbstractAlipayClient._execute(AbstractAlipayClient.java:921)
	at com.alipay.api.AbstractAlipayClient.execute(AbstractAlipayClient.java:395)
	at com.alipay.api.AbstractAlipayClient.execute(AbstractAlipayClient.java:377)
	at com.alipay.api.AbstractAlipayClient.execute(AbstractAlipayClient.java:372)
	at com.alipay.api.AbstractAlipayClient.execute(AbstractAlipayClient.java:366)
	at cn.bugstack.trigger.job.NoPayNotifyOrderJob.exec(NoPayNotifyOrderJob.java:42)
	at jdk.internal.reflect.GeneratedMethodAccessor23.invoke(Unknown Source)
	at java.base/jdk.internal.reflect.DelegatingMethodAccessorImpl.invoke(DelegatingMethodAccessorImpl.java:43)
	at java.base/java.lang.reflect.Method.invoke(Method.java:566)
	at org.springframework.scheduling.support.ScheduledMethodRunnable.run(ScheduledMethodRunnable.java:84)
	at org.springframework.scheduling.support.DelegatingErrorHandlingRunnable.run(DelegatingErrorHandlingRunnable.java:54)
	at org.springframework.scheduling.concurrent.ReschedulingRunnable.run(ReschedulingRunnable.java:95)
	at java.base/java.util.concurrent.Executors$RunnableAdapter.call(Executors.java:515)
	at java.base/java.util.concurrent.FutureTask.run(FutureTask.java:264)
	at java.base/java.util.concurrent.ScheduledThreadPoolExecutor$ScheduledFutureTask.run(ScheduledThreadPoolExecutor.java:304)
	at java.base/java.util.concurrent.ThreadPoolExecutor.runWorker(ThreadPoolExecutor.java:1128)
	at java.base/java.util.concurrent.ThreadPoolExecutor$Worker.run(ThreadPoolExecutor.java:628)
	at java.base/java.lang.Thread.run(Thread.java:829)
Caused by: java.io.IOException: <!DOCTYPE HTML PUBLIC "-//IETF//DTD HTML 2.0//EN">
<html>
<head><title>504 Gateway Time-out</title></head>
<body bgcolor="white">
<h1>504 Gateway Time-out</h1>
<p>The gateway did not receive a timely response from the upstream server or application. Sorry for the inconvenience.<br/>
Please report this message and include the following information to us.<br/>
Thank you very much!</p>
<table>
<tr>
<td>URL:</td>
<td>http://openapi-sandbox.dl.alipaydev.com/gateway.do?charset=utf-8&amp;method=alipay.trade.query&amp;sign=QpR7edGbusqU85d%2BcR9cbr1fFXq%2Be8rgKWUe2ubxpz4daqspCmBDDu20SGFp%2FVmrZgZrn%2FlmbP%2Bg0BrT6pnIjTsEjtybTkyNg0zP5GHF1zoFxZdNWBLh1W3CbM49L72fJ4HQpCIgYbwMWAqCNfhnGD5R4R2FyqbzEnsAF35Fto9RRtDPJCQlcKR74lHsV7oPKAUOnsLWBBuAxqxHZLbd9dB2W45bWAdikLiaMvPRW8EP9fgz4BryZZYkZpdrixFNyPVQjCT%2F3mi7PFU1%2FBMkXePCJ%2FPHWBkFRh6L1qcKEN21DIPVdIsaPqEujgm8HFlHY1pNZDqlsDKhbhLOUEl3Yw%3D%3D&amp;version=1.0&amp;app_id=9021000165677275&amp;sign_type=RSA2&amp;timestamp=2026-07-26+21%3A06%3A30&amp;alipay_sdk=alipay-sdk-java-4.38.157.ALL&amp;format=json</td>
</tr>
<tr>
<td>Server:</td>
<td>openapi-57.rz21a.sandbox.alipay.net</td>
</tr>
<tr>
<td>Date:</td>
<td>2026/07/26 21:06:35</td>
</tr>
</table>
<hr/>Powered by Tengine
</body>
</html>

	at com.alipay.api.internal.util.WebUtils.getResponseAsString(WebUtils.java:520)
	at com.alipay.api.internal.util.WebUtils.doPost(WebUtils.java:181)
	at com.alipay.api.internal.util.WebUtils.doPost(WebUtils.java:142)
	at com.alipay.api.AbstractAlipayClient.doPost(AbstractAlipayClient.java:1003)
	... 18 common frames omitted
26-07-26.21:06:43.682 [scheduling-1    ] ERROR err                    - ErrorScene^_^40004^_^ACQ.TRADE_NOT_EXIST^_^192.168.73.1^_^Windows 11^_^2026-07-26 21:06:43^_^ProtocalMustParams:charset=utf-8&method=alipay.trade.query&sign=HXUWjxWueN6zWvwLWKFTNTJLQAeBoEWosHDQKG0v31OCcs4tV2MMjo7XgKYjcJaH4wWw9lPqJj2JkpVqJYtXwNMrFKnFDbIYQN7/A/gel4o9N01Hs6i+TnBsBxiDFqP97ElkWavpojbKTg7T5oWqzBmyFV4z4fbvqdGmhAsKudtyToTdNxxuXGPKkwF/a6Mvt5eDdlAu8w0MBSHFpTHlB7x555GXhPBDDTDLDuWme9Cwc0+kJ4rB0WGQqh3/fq2pucvH5eAShpTMohj7YWRuf6lfK4V1FxOFqwWBQGObyAb9XV1gcKh0uItYwfDAZYmHmpgCWscV5effqSjbe+t7sA==&version=1.0&app_id=9021000165677275&sign_type=RSA2&timestamp=2026-07-26 21:06:36^_^ProtocalOptParams:alipay_sdk=alipay-sdk-java-4.38.157.ALL&format=json^_^ApplicationParams:traceId=060d663d178507120340178528178&biz_content={"out_trade_no":"59214591885269"}^_^Body:{"alipay_trade_query_response":{"msg":"Business Failed","code":"40004","out_trade_no":"59214591885269","sub_msg":"交易不存在","sub_code":"ACQ.TRADE_NOT_EXIST","receipt_amount":"0.00","point_amount":"0.00","buyer_pay_amount":"0.00","invoice_amount":"0.00"},"sign":"IlGZ9x5UhNF2eAqdNMzeNXtVmLVeP4WAHqOs3UIoTeNqOZPSKddjkKWyTMN0yOnmdmvXLs65xA8iLe3vMAOcTv3IRc5Ly+sfXiILXIoyDMo48N1nGL00QjpY712N35H3czuLP1upFRYorbFoh87mPrUkchUunF+PEBdfORFul87T4s2hkFE5Fl1M1wxQAAUDsoOdZiXF4N0VIlZn8XpWkwGhUJTSzC4T5bTxJpGdI0AVbbLy9QZu0eXIaXEtwYSVDV1oFLVBE/DEmKpridtTn9/6ZOtOpBhjgylpbP+J+f2SCp37feezNW+mRc7kxKeaJfjjdbn7pTI1TeynheyWLQ=="}^_^9ms,7659ms,10ms^_^trace_id:060d663d178507120340178528178
26-07-26.21:06:43.682 [scheduling-1    ] INFO  NoPayNotifyOrderJob    - 检测未接收到或未正确处理的支付回调通知，订单未支付成功 orderId:59214591885269 code:40004 tradeStatus:null
26-07-26.21:06:43.896 [scheduling-1    ] ERROR err                    - ErrorScene^_^40004^_^ACQ.TRADE_NOT_EXIST^_^192.168.73.1^_^Windows 11^_^2026-07-26 21:06:43^_^ProtocalMustParams:charset=utf-8&method=alipay.trade.query&sign=no21+Cw3UugG/aYCeDMEiahn27CUYweLASoS4CgyBiR1NxSXRsnW4Ln1DusdSapnXDIERVArT1uTtowKHsWE1dO2QRCKJNjy1/y3zq5S+to1XRxFraC0tG4mU1bMr1htBxptq+wHv58J5WDgCEDFQ5UZ02lGiJkTXue++MQWdnMvP9fCEkOvt+0YBEFNheXNXeyRhfElY/4wqNAhpIU5YrfrI3kggua34dIIjRQs6a9MfbiZHCRjkBa2fxd5Vw2OMLzzZ8tuSQqfg5kWKBF4OTpSg6glyF4n8kb5azr53vuN3bE0OgkVDHDl0rORWIwtyNVx6A4XveI7lPwPsW82rg==&version=1.0&app_id=9021000165677275&sign_type=RSA2&timestamp=2026-07-26 21:06:43^_^ProtocalOptParams:alipay_sdk=alipay-sdk-java-4.38.157.ALL&format=json^_^ApplicationParams:traceId=06020e08178507120380954872433085&biz_content={"out_trade_no":"63015243383423"}^_^Body:{"alipay_trade_query_response":{"msg":"Business Failed","code":"40004","out_trade_no":"63015243383423","sub_msg":"交易不存在","sub_code":"ACQ.TRADE_NOT_EXIST","receipt_amount":"0.00","point_amount":"0.00","buyer_pay_amount":"0.00","invoice_amount":"0.00"},"sign":"j/BKxEaDkp40hVZnDvR3FjkafML/EKkrgK5tm3o7RpXke6JHNNHQj7dtxjFXrid2kn398BXbOviGV9OREaHEsGkNi7IoyBK1JYReqxxHw+KZz8rrBoqtEmOs09WNzTcKyl/5ieUTw21MI9LZ5QoNI9FiQB3n5vdZv5nJ4536haXV/1ocYO4eOii1Wdd47onG0oGH6w7WLvZT+jP9UP1EcysxWQjk4vfPC2p1W/SB9gAsXt/vZ3hDDoI08AIACsojEfWvD71/4rGQQEyT4naQANCIzeGTzHZEfSOYngieu+N8sDW52hL5yDXMIaHr563fJPxX8LcKEtAYz+SGdbzTrw=="}^_^11ms,190ms,12ms^_^trace_id:06020e08178507120380954872433085
26-07-26.21:06:43.896 [scheduling-1    ] INFO  NoPayNotifyOrderJob    - 检测未接收到或未正确处理的支付回调通知，订单未支付成功 orderId:63015243383423 code:40004 tradeStatus:null
26-07-26.21:06:49.038 [scheduling-1    ] ERROR err                    - 2026-07-26 21:06:49^_^alipay.trade.query^_^null^_^192.168.73.1^_^Windows 11^_^alipay-sdk-java-4.38.157.ALL^_^https://openapi-sandbox.dl.alipaydev.com/gateway.do?charset=utf-8&method=alipay.trade.query&sign=LEJai9V1Zmu0JEpwgMrb%2B7HPUNfeGYJarq13ksiRaVu%2F1JadR0LxzqILguBhTU%2F4KqudoDfRbLQXp3KlCAZOiH3eNAWHMlftCWsxwwxLvWCI6ccaPU%2FieegBgSAXAOduCQrWwbbYMeeSYl6CCrc1maB6mbcsdNvL%2BM%2BMJ3OVWfHRb4B9SqLNv9KmWPjRupb0iBT0DJvZVqqKArm7F3SrmnW0Kb462Y7980fu%2F5llE9cbs1DKtAab1iOVlBE1KAq94S92VUzcEpJO3PfmGOpqz%2FIHrkFBGvaFuDhmxea7%2BgeUkyu4lyvH6BxjJO8mYQNsnOLtPXGI61Lc6oOF00PBCw%3D%3D&version=1.0&app_id=9021000165677275&sign_type=RSA2&timestamp=2026-07-26+21%3A06%3A43&alipay_sdk=alipay-sdk-java-4.38.157.ALL&format=json^_^^_^<!DOCTYPE HTML PUBLIC "-//IETF//DTD HTML 2.0//EN"> <html> <head><title>504 Gateway Time-out</title></head> <body bgcolor="white"> <h1>504 Gateway Time-out</h1> <p>The gateway did not receive a timely response from the upstream server or application. Sorry for the inconvenience.<br/> Please report this message and include the following information to us.<br/> Thank you very much!</p> <table> <tr> <td>URL:</td> <td>http://openapi-sandbox.dl.alipaydev.com/gateway.do?charset=utf-8&amp;method=alipay.trade.query&amp;sign=LEJai9V1Zmu0JEpwgMrb%2B7HPUNfeGYJarq13ksiRaVu%2F1JadR0LxzqILguBhTU%2F4KqudoDfRbLQXp3KlCAZOiH3eNAWHMlftCWsxwwxLvWCI6ccaPU%2FieegBgSAXAOduCQrWwbbYMeeSYl6CCrc1maB6mbcsdNvL%2BM%2BMJ3OVWfHRb4B9SqLNv9KmWPjRupb0iBT0DJvZVqqKArm7F3SrmnW0Kb462Y7980fu%2F5llE9cbs1DKtAab1iOVlBE1KAq94S92VUzcEpJO3PfmGOpqz%2FIHrkFBGvaFuDhmxea7%2BgeUkyu4lyvH6BxjJO8mYQNsnOLtPXGI61Lc6oOF00PBCw%3D%3D&amp;version=1.0&amp;app_id=9021000165677275&amp;sign_type=RSA2&amp;timestamp=2026-07-26+21%3A06%3A43&amp;alipay_sdk=alipay-sdk-java-4.38.157.ALL&amp;format=json</td> </tr> <tr> <td>Server:</td> <td>openapi-57.rz21a.sandbox.alipay.net</td> </tr> <tr> <td>Date:</td> <td>2026/07/26 21:06:49</td> </tr> </table> <hr/>Powered by Tengine </body> </html> 
26-07-26.21:06:49.039 [scheduling-1    ] ERROR NoPayNotifyOrderJob    - 检测未接收到或未正确处理的支付回调通知失败
com.alipay.api.AlipayApiException: java.io.IOException: <!DOCTYPE HTML PUBLIC "-//IETF//DTD HTML 2.0//EN">
<html>
<head><title>504 Gateway Time-out</title></head>
<body bgcolor="white">
<h1>504 Gateway Time-out</h1>
<p>The gateway did not receive a timely response from the upstream server or application. Sorry for the inconvenience.<br/>
Please report this message and include the following information to us.<br/>
Thank you very much!</p>
<table>
<tr>
<td>URL:</td>
<td>http://openapi-sandbox.dl.alipaydev.com/gateway.do?charset=utf-8&amp;method=alipay.trade.query&amp;sign=LEJai9V1Zmu0JEpwgMrb%2B7HPUNfeGYJarq13ksiRaVu%2F1JadR0LxzqILguBhTU%2F4KqudoDfRbLQXp3KlCAZOiH3eNAWHMlftCWsxwwxLvWCI6ccaPU%2FieegBgSAXAOduCQrWwbbYMeeSYl6CCrc1maB6mbcsdNvL%2BM%2BMJ3OVWfHRb4B9SqLNv9KmWPjRupb0iBT0DJvZVqqKArm7F3SrmnW0Kb462Y7980fu%2F5llE9cbs1DKtAab1iOVlBE1KAq94S92VUzcEpJO3PfmGOpqz%2FIHrkFBGvaFuDhmxea7%2BgeUkyu4lyvH6BxjJO8mYQNsnOLtPXGI61Lc6oOF00PBCw%3D%3D&amp;version=1.0&amp;app_id=9021000165677275&amp;sign_type=RSA2&amp;timestamp=2026-07-26+21%3A06%3A43&amp;alipay_sdk=alipay-sdk-java-4.38.157.ALL&amp;format=json</td>
</tr>
<tr>
<td>Server:</td>
<td>openapi-57.rz21a.sandbox.alipay.net</td>
</tr>
<tr>
<td>Date:</td>
<td>2026/07/26 21:06:49</td>
</tr>
</table>
<hr/>Powered by Tengine
</body>
</html>

	at com.alipay.api.AbstractAlipayClient.doPost(AbstractAlipayClient.java:1015)
	at com.alipay.api.AbstractAlipayClient._execute(AbstractAlipayClient.java:921)
	at com.alipay.api.AbstractAlipayClient.execute(AbstractAlipayClient.java:395)
	at com.alipay.api.AbstractAlipayClient.execute(AbstractAlipayClient.java:377)
	at com.alipay.api.AbstractAlipayClient.execute(AbstractAlipayClient.java:372)
	at com.alipay.api.AbstractAlipayClient.execute(AbstractAlipayClient.java:366)
	at cn.bugstack.trigger.job.NoPayNotifyOrderJob.exec(NoPayNotifyOrderJob.java:42)
	at jdk.internal.reflect.GeneratedMethodAccessor23.invoke(Unknown Source)
	at java.base/jdk.internal.reflect.DelegatingMethodAccessorImpl.invoke(DelegatingMethodAccessorImpl.java:43)
	at java.base/java.lang.reflect.Method.invoke(Method.java:566)
	at org.springframework.scheduling.support.ScheduledMethodRunnable.run(ScheduledMethodRunnable.java:84)
	at org.springframework.scheduling.support.DelegatingErrorHandlingRunnable.run(DelegatingErrorHandlingRunnable.java:54)
	at org.springframework.scheduling.concurrent.ReschedulingRunnable.run(ReschedulingRunnable.java:95)
	at java.base/java.util.concurrent.Executors$RunnableAdapter.call(Executors.java:515)
	at java.base/java.util.concurrent.FutureTask.run(FutureTask.java:264)
	at java.base/java.util.concurrent.ScheduledThreadPoolExecutor$ScheduledFutureTask.run(ScheduledThreadPoolExecutor.java:304)
	at java.base/java.util.concurrent.ThreadPoolExecutor.runWorker(ThreadPoolExecutor.java:1128)
	at java.base/java.util.concurrent.ThreadPoolExecutor$Worker.run(ThreadPoolExecutor.java:628)
	at java.base/java.lang.Thread.run(Thread.java:829)
Caused by: java.io.IOException: <!DOCTYPE HTML PUBLIC "-//IETF//DTD HTML 2.0//EN">
<html>
<head><title>504 Gateway Time-out</title></head>
<body bgcolor="white">
<h1>504 Gateway Time-out</h1>
<p>The gateway did not receive a timely response from the upstream server or application. Sorry for the inconvenience.<br/>
Please report this message and include the following information to us.<br/>
Thank you very much!</p>
<table>
<tr>
<td>URL:</td>
<td>http://openapi-sandbox.dl.alipaydev.com/gateway.do?charset=utf-8&amp;method=alipay.trade.query&amp;sign=LEJai9V1Zmu0JEpwgMrb%2B7HPUNfeGYJarq13ksiRaVu%2F1JadR0LxzqILguBhTU%2F4KqudoDfRbLQXp3KlCAZOiH3eNAWHMlftCWsxwwxLvWCI6ccaPU%2FieegBgSAXAOduCQrWwbbYMeeSYl6CCrc1maB6mbcsdNvL%2BM%2BMJ3OVWfHRb4B9SqLNv9KmWPjRupb0iBT0DJvZVqqKArm7F3SrmnW0Kb462Y7980fu%2F5llE9cbs1DKtAab1iOVlBE1KAq94S92VUzcEpJO3PfmGOpqz%2FIHrkFBGvaFuDhmxea7%2BgeUkyu4lyvH6BxjJO8mYQNsnOLtPXGI61Lc6oOF00PBCw%3D%3D&amp;version=1.0&amp;app_id=9021000165677275&amp;sign_type=RSA2&amp;timestamp=2026-07-26+21%3A06%3A43&amp;alipay_sdk=alipay-sdk-java-4.38.157.ALL&amp;format=json</td>
</tr>
<tr>
<td>Server:</td>
<td>openapi-57.rz21a.sandbox.alipay.net</td>
</tr>
<tr>
<td>Date:</td>
<td>2026/07/26 21:06:49</td>
</tr>
</table>
<hr/>Powered by Tengine
</body>
</html>

	at com.alipay.api.internal.util.WebUtils.getResponseAsString(WebUtils.java:520)
	at com.alipay.api.internal.util.WebUtils.doPost(WebUtils.java:181)
	at com.alipay.api.internal.util.WebUtils.doPost(WebUtils.java:142)
	at com.alipay.api.AbstractAlipayClient.doPost(AbstractAlipayClient.java:1003)
	... 18 common frames omitted
26-07-26.21:06:51.291 [scheduling-1    ] ERROR err                    - ErrorScene^_^40004^_^ACQ.TRADE_NOT_EXIST^_^192.168.73.1^_^Windows 11^_^2026-07-26 21:06:51^_^ProtocalMustParams:charset=utf-8&method=alipay.trade.query&sign=XiocvwcYeNz90MkOaduVx2GboKBwQTXQfx1e6x2I/nmuLRqaxhv6LfSDB9DBOBfmE6AkKDilHv/mYHn9Hq+KCN4plrgLXkY91jhLowuB2gCUtYmzbCCRMIUvupopdG7ZMuAczS1gRMliOXTUyABW4FUsM84hfxEgiywOOwTtsHv/l6uzmjT1boOawOMI8wtqI6Odl+CRTrkPZ2WZ9nAG3LAcnLNf2R39ncYLpDIk3diutXUgqNIbgkqSWXC+83dudY+IZxaV+YqXr/aqdOdDAAcnSzkfTvdlv6dKNUDyOsvgXLGyM4eg6cPqP+T+IpOZuvQ/k4OXFRN4m3JtLWP3AA==&version=1.0&app_id=9021000165677275&sign_type=RSA2&timestamp=2026-07-26 21:06:51^_^ProtocalOptParams:alipay_sdk=alipay-sdk-java-4.38.157.ALL&format=json^_^ApplicationParams:traceId=06020e08178507121115455262433085&biz_content={"out_trade_no":"59214591885269"}^_^Body:{"alipay_trade_query_response":{"msg":"Business Failed","code":"40004","out_trade_no":"59214591885269","sub_msg":"交易不存在","sub_code":"ACQ.TRADE_NOT_EXIST","receipt_amount":"0.00","point_amount":"0.00","buyer_pay_amount":"0.00","invoice_amount":"0.00"},"sign":"IlGZ9x5UhNF2eAqdNMzeNXtVmLVeP4WAHqOs3UIoTeNqOZPSKddjkKWyTMN0yOnmdmvXLs65xA8iLe3vMAOcTv3IRc5Ly+sfXiILXIoyDMo48N1nGL00QjpY712N35H3czuLP1upFRYorbFoh87mPrUkchUunF+PEBdfORFul87T4s2hkFE5Fl1M1wxQAAUDsoOdZiXF4N0VIlZn8XpWkwGhUJTSzC4T5bTxJpGdI0AVbbLy9QZu0eXIaXEtwYSVDV1oFLVBE/DEmKpridtTn9/6ZOtOpBhjgylpbP+J+f2SCp37feezNW+mRc7kxKeaJfjjdbn7pTI1TeynheyWLQ=="}^_^12ms,242ms,20ms^_^trace_id:06020e08178507121115455262433085
26-07-26.21:06:51.291 [scheduling-1    ] INFO  NoPayNotifyOrderJob    - 检测未接收到或未正确处理的支付回调通知，订单未支付成功 orderId:59214591885269 code:40004 tradeStatus:null
26-07-26.21:06:51.561 [scheduling-1    ] ERROR err                    - ErrorScene^_^40004^_^ACQ.TRADE_NOT_EXIST^_^192.168.73.1^_^Windows 11^_^2026-07-26 21:06:51^_^ProtocalMustParams:charset=utf-8&method=alipay.trade.query&sign=Ym7/fxZbxfIcHhONBSzx9cGINdivci04tLnLRu/8qinWNa2XMncUjZAahaAFcheoeFpQoEAJ8ZkBmqy8fu1gJHogTZJsn3zm20woIRV9+0Ji8hAmyR8I1Yjeo84QGgd5QpvVO10xopJKbLpht+ibLGMgvvfxD5a4WVaD/jQe0dOCXvze3yY2HXM9hy9pM77FLmB3Itqx5E/6cmfywqMsNE2rk+rVw/uehfSDWcgLu7K5CAtoy7OuhecOC6Xb5kPIj+zYzjeRelONgKAA80WtqkX5lff2ZdcBY3IMbZD3GT15a9PjnsrlNAeJoPeatkjXJnpX9HvP9ZGdEtTJQrapbw==&version=1.0&app_id=9021000165677275&sign_type=RSA2&timestamp=2026-07-26 21:06:51^_^ProtocalOptParams:alipay_sdk=alipay-sdk-java-4.38.157.ALL&format=json^_^ApplicationParams:traceId=060d6922178507121146838663502569&biz_content={"out_trade_no":"63015243383423"}^_^Body:{"alipay_trade_query_response":{"msg":"Business Failed","code":"40004","out_trade_no":"63015243383423","sub_msg":"交易不存在","sub_code":"ACQ.TRADE_NOT_EXIST","receipt_amount":"0.00","point_amount":"0.00","buyer_pay_amount":"0.00","invoice_amount":"0.00"},"sign":"j/BKxEaDkp40hVZnDvR3FjkafML/EKkrgK5tm3o7RpXke6JHNNHQj7dtxjFXrid2kn398BXbOviGV9OREaHEsGkNi7IoyBK1JYReqxxHw+KZz8rrBoqtEmOs09WNzTcKyl/5ieUTw21MI9LZ5QoNI9FiQB3n5vdZv5nJ4536haXV/1ocYO4eOii1Wdd47onG0oGH6w7WLvZT+jP9UP1EcysxWQjk4vfPC2p1W/SB9gAsXt/vZ3hDDoI08AIACsojEfWvD71/4rGQQEyT4naQANCIzeGTzHZEfSOYngieu+N8sDW52hL5yDXMIaHr563fJPxX8LcKEtAYz+SGdbzTrw=="}^_^19ms,239ms,12ms^_^trace_id:060d6922178507121146838663502569
26-07-26.21:06:51.561 [scheduling-1    ] INFO  NoPayNotifyOrderJob    - 检测未接收到或未正确处理的支付回调通知，订单未支付成功 orderId:63015243383423 code:40004 tradeStatus:null
26-07-26.21:06:51.809 [scheduling-1    ] ERROR err                    - ErrorScene^_^40004^_^ACQ.TRADE_NOT_EXIST^_^192.168.73.1^_^Windows 11^_^2026-07-26 21:06:51^_^ProtocalMustParams:charset=utf-8&method=alipay.trade.query&sign=OJfVh0zlzP1SxFx0Rt0qV8Hvs50QSbg+qT4dkKb47J8pfX+4Cc/xrJ9bOg2QRZ6nUparqYCkLKKeW9F61QBv50D9p0ksfisKTmK5pgkc/ZGujg4vH6AFibI3kxvExTqI0BqmfnPayPtAub/wFs5GU4HpFu3JgV6VosiR3aG5nVjgKoQI2pWntUFSst6CdN44S+1yx3zaL2KDyUY7mRVhJyZVNxjPS9PIUPTtYl61012S2IFSDX9Z6CCejyOCzkXllgl4wrY9MST/H0ayeTlStWG1GZoXA4yaEHbiKbZpuujprdX3H4E9RP4hbO2sfrU744Xf5fpcP2eYkJTNC2l4yw==&version=1.0&app_id=9021000165677275&sign_type=RSA2&timestamp=2026-07-26 21:06:51^_^ProtocalOptParams:alipay_sdk=alipay-sdk-java-4.38.157.ALL&format=json^_^ApplicationParams:traceId=060001f3178507121172216412231288&biz_content={"out_trade_no":"05687486819141"}^_^Body:{"alipay_trade_query_response":{"msg":"Business Failed","code":"40004","out_trade_no":"05687486819141","sub_msg":"交易不存在","sub_code":"ACQ.TRADE_NOT_EXIST","receipt_amount":"0.00","point_amount":"0.00","buyer_pay_amount":"0.00","invoice_amount":"0.00"},"sign":"X8+5Q6lbdoyyrQqpUwxTqfCXdBXg7ThJc2U+u8qezqbw+E5fcgtCqABatoc1r72W+dsojv3i6bkcvvMz3DRr5ahBjxU4gwSWCgz4TBIO+/iTBt57VZmROgv9LqvWSmIQTYHEWA0iBdvVQ8wabF8mzeGODzJcDm0eGuZrLQUuAfb7EsMddzf5Fpsu5TpWoCkIHAS+8CRG2vFJn8fHca0ezh5NORm72mkk1XJRvcuT3PelFHmTo+8KP5OR7ez/2fuIcdGiAD+b2i3e+sfFqMTeUrSfNpunUyXCuTC+ottvD15QxCFhRNfVkTvbOhatQUPyKDv4sjFTxoXvcC8oVH1r9Q=="}^_^12ms,220ms,16ms^_^trace_id:060001f3178507121172216412231288
26-07-26.21:06:51.809 [scheduling-1    ] INFO  NoPayNotifyOrderJob    - 检测未接收到或未正确处理的支付回调通知，订单未支付成功 orderId:05687486819141 code:40004 tradeStatus:null
26-07-26.21:06:54.269 [scheduling-1    ] ERROR err                    - ErrorScene^_^40004^_^ACQ.TRADE_NOT_EXIST^_^192.168.73.1^_^Windows 11^_^2026-07-26 21:06:54^_^ProtocalMustParams:charset=utf-8&method=alipay.trade.query&sign=COJJxiU1mDl0sFmS0k6bc0vXQ0zUiDtXp7QktXixMhPgskbHqvVn7952O3l1JYtn9+pHkwr8dPKTVup5/C2yXkLzxguoOW45tZ2rQ93H4+zE1E38BP4CjR8Ra7YpKPrRzFHUntIKZ39bYsiUh9IRE6yaBlYhxw2w6T1WIFePSXVVqAAeWwkQQgfAYWNiv8ITCFJTHxc5CFkCGtK4wmwwNHOGMHwZj736zROocvvM+jByktFVSbLoXcB7fEIJ1wmEPaGnor8URmJ9+vjDGUfmPBThdceFhkyPx9NOLbkewZHdOWndToUPDOX2T90g8NPZhjkXQ8/UmGrzwrltj2U3rw==&version=1.0&app_id=9021000165677275&sign_type=RSA2&timestamp=2026-07-26 21:06:54^_^ProtocalOptParams:alipay_sdk=alipay-sdk-java-4.38.157.ALL&format=json^_^ApplicationParams:traceId=06020e08178507121416655392433085&biz_content={"out_trade_no":"59214591885269"}^_^Body:{"alipay_trade_query_response":{"msg":"Business Failed","code":"40004","out_trade_no":"59214591885269","sub_msg":"交易不存在","sub_code":"ACQ.TRADE_NOT_EXIST","receipt_amount":"0.00","point_amount":"0.00","buyer_pay_amount":"0.00","invoice_amount":"0.00"},"sign":"IlGZ9x5UhNF2eAqdNMzeNXtVmLVeP4WAHqOs3UIoTeNqOZPSKddjkKWyTMN0yOnmdmvXLs65xA8iLe3vMAOcTv3IRc5Ly+sfXiILXIoyDMo48N1nGL00QjpY712N35H3czuLP1upFRYorbFoh87mPrUkchUunF+PEBdfORFul87T4s2hkFE5Fl1M1wxQAAUDsoOdZiXF4N0VIlZn8XpWkwGhUJTSzC4T5bTxJpGdI0AVbbLy9QZu0eXIaXEtwYSVDV1oFLVBE/DEmKpridtTn9/6ZOtOpBhjgylpbP+J+f2SCp37feezNW+mRc7kxKeaJfjjdbn7pTI1TeynheyWLQ=="}^_^9ms,230ms,18ms^_^trace_id:06020e08178507121416655392433085
26-07-26.21:06:54.269 [scheduling-1    ] INFO  NoPayNotifyOrderJob    - 检测未接收到或未正确处理的支付回调通知，订单未支付成功 orderId:59214591885269 code:40004 tradeStatus:null
26-07-26.21:06:59.414 [scheduling-1    ] ERROR err                    - 2026-07-26 21:06:59^_^alipay.trade.query^_^null^_^192.168.73.1^_^Windows 11^_^alipay-sdk-java-4.38.157.ALL^_^https://openapi-sandbox.dl.alipaydev.com/gateway.do?charset=utf-8&method=alipay.trade.query&sign=LCdYAqJSiNG%2Bcfg8sWRVpIHhxlhYiJ%2FB3MLiZ74XKp4eM38BO3ksjgEgHMHPSYwuf9NcsGyxQemXjn%2FtEpqWzvAkFSkuLtu6%2FkKi6S1qGYjnD9ZFAsBgDFMd06ocKk8G38TtLCM74%2B3mv6qTHW4erQOLU43ClKm8lgicmtZgeJaoFp9Pb2kdAyRujJxi8XP6OkfzVgUSt%2F5dtR0g8fux4kZ%2BfMUffg65ebZIwvlpdzAzb6uy61bPtZbNJlvdS2I16OtqEoMF9%2FM%2BCm712E6xHc5SA%2F%2BxcgQT8HAQiSs2nwIKM5gt8hwJziktosVa%2BG271m8qJ2uQEL4lgwSdaClR%2FA%3D%3D&version=1.0&app_id=9021000165677275&sign_type=RSA2&timestamp=2026-07-26+21%3A06%3A54&alipay_sdk=alipay-sdk-java-4.38.157.ALL&format=json^_^^_^<!DOCTYPE HTML PUBLIC "-//IETF//DTD HTML 2.0//EN"> <html> <head><title>504 Gateway Time-out</title></head> <body bgcolor="white"> <h1>504 Gateway Time-out</h1> <p>The gateway did not receive a timely response from the upstream server or application. Sorry for the inconvenience.<br/> Please report this message and include the following information to us.<br/> Thank you very much!</p> <table> <tr> <td>URL:</td> <td>http://openapi-sandbox.dl.alipaydev.com/gateway.do?charset=utf-8&amp;method=alipay.trade.query&amp;sign=LCdYAqJSiNG%2Bcfg8sWRVpIHhxlhYiJ%2FB3MLiZ74XKp4eM38BO3ksjgEgHMHPSYwuf9NcsGyxQemXjn%2FtEpqWzvAkFSkuLtu6%2FkKi6S1qGYjnD9ZFAsBgDFMd06ocKk8G38TtLCM74%2B3mv6qTHW4erQOLU43ClKm8lgicmtZgeJaoFp9Pb2kdAyRujJxi8XP6OkfzVgUSt%2F5dtR0g8fux4kZ%2BfMUffg65ebZIwvlpdzAzb6uy61bPtZbNJlvdS2I16OtqEoMF9%2FM%2BCm712E6xHc5SA%2F%2BxcgQT8HAQiSs2nwIKM5gt8hwJziktosVa%2BG271m8qJ2uQEL4lgwSdaClR%2FA%3D%3D&amp;version=1.0&amp;app_id=9021000165677275&amp;sign_type=RSA2&amp;timestamp=2026-07-26+21%3A06%3A54&amp;alipay_sdk=alipay-sdk-java-4.38.157.ALL&amp;format=json</td> </tr> <tr> <td>Server:</td> <td>openapi-57.rz21a.sandbox.alipay.net</td> </tr> <tr> <td>Date:</td> <td>2026/07/26 21:06:59</td> </tr> </table> <hr/>Powered by Tengine </body> </html> 
26-07-26.21:06:59.414 [scheduling-1    ] ERROR NoPayNotifyOrderJob    - 检测未接收到或未正确处理的支付回调通知失败
com.alipay.api.AlipayApiException: java.io.IOException: <!DOCTYPE HTML PUBLIC "-//IETF//DTD HTML 2.0//EN">
<html>
<head><title>504 Gateway Time-out</title></head>
<body bgcolor="white">
<h1>504 Gateway Time-out</h1>
<p>The gateway did not receive a timely response from the upstream server or application. Sorry for the inconvenience.<br/>
Please report this message and include the following information to us.<br/>
Thank you very much!</p>
<table>
<tr>
<td>URL:</td>
<td>http://openapi-sandbox.dl.alipaydev.com/gateway.do?charset=utf-8&amp;method=alipay.trade.query&amp;sign=LCdYAqJSiNG%2Bcfg8sWRVpIHhxlhYiJ%2FB3MLiZ74XKp4eM38BO3ksjgEgHMHPSYwuf9NcsGyxQemXjn%2FtEpqWzvAkFSkuLtu6%2FkKi6S1qGYjnD9ZFAsBgDFMd06ocKk8G38TtLCM74%2B3mv6qTHW4erQOLU43ClKm8lgicmtZgeJaoFp9Pb2kdAyRujJxi8XP6OkfzVgUSt%2F5dtR0g8fux4kZ%2BfMUffg65ebZIwvlpdzAzb6uy61bPtZbNJlvdS2I16OtqEoMF9%2FM%2BCm712E6xHc5SA%2F%2BxcgQT8HAQiSs2nwIKM5gt8hwJziktosVa%2BG271m8qJ2uQEL4lgwSdaClR%2FA%3D%3D&amp;version=1.0&amp;app_id=9021000165677275&amp;sign_type=RSA2&amp;timestamp=2026-07-26+21%3A06%3A54&amp;alipay_sdk=alipay-sdk-java-4.38.157.ALL&amp;format=json</td>
</tr>
<tr>
<td>Server:</td>
<td>openapi-57.rz21a.sandbox.alipay.net</td>
</tr>
<tr>
<td>Date:</td>
<td>2026/07/26 21:06:59</td>
</tr>
</table>
<hr/>Powered by Tengine
</body>
</html>

	at com.alipay.api.AbstractAlipayClient.doPost(AbstractAlipayClient.java:1015)
	at com.alipay.api.AbstractAlipayClient._execute(AbstractAlipayClient.java:921)
	at com.alipay.api.AbstractAlipayClient.execute(AbstractAlipayClient.java:395)
	at com.alipay.api.AbstractAlipayClient.execute(AbstractAlipayClient.java:377)
	at com.alipay.api.AbstractAlipayClient.execute(AbstractAlipayClient.java:372)
	at com.alipay.api.AbstractAlipayClient.execute(AbstractAlipayClient.java:366)
	at cn.bugstack.trigger.job.NoPayNotifyOrderJob.exec(NoPayNotifyOrderJob.java:42)
	at jdk.internal.reflect.GeneratedMethodAccessor23.invoke(Unknown Source)
	at java.base/jdk.internal.reflect.DelegatingMethodAccessorImpl.invoke(DelegatingMethodAccessorImpl.java:43)
	at java.base/java.lang.reflect.Method.invoke(Method.java:566)
	at org.springframework.scheduling.support.ScheduledMethodRunnable.run(ScheduledMethodRunnable.java:84)
	at org.springframework.scheduling.support.DelegatingErrorHandlingRunnable.run(DelegatingErrorHandlingRunnable.java:54)
	at org.springframework.scheduling.concurrent.ReschedulingRunnable.run(ReschedulingRunnable.java:95)
	at java.base/java.util.concurrent.Executors$RunnableAdapter.call(Executors.java:515)
	at java.base/java.util.concurrent.FutureTask.run(FutureTask.java:264)
	at java.base/java.util.concurrent.ScheduledThreadPoolExecutor$ScheduledFutureTask.run(ScheduledThreadPoolExecutor.java:304)
	at java.base/java.util.concurrent.ThreadPoolExecutor.runWorker(ThreadPoolExecutor.java:1128)
	at java.base/java.util.concurrent.ThreadPoolExecutor$Worker.run(ThreadPoolExecutor.java:628)
	at java.base/java.lang.Thread.run(Thread.java:829)
Caused by: java.io.IOException: <!DOCTYPE HTML PUBLIC "-//IETF//DTD HTML 2.0//EN">
<html>
<head><title>504 Gateway Time-out</title></head>
<body bgcolor="white">
<h1>504 Gateway Time-out</h1>
<p>The gateway did not receive a timely response from the upstream server or application. Sorry for the inconvenience.<br/>
Please report this message and include the following information to us.<br/>
Thank you very much!</p>
<table>
<tr>
<td>URL:</td>
<td>http://openapi-sandbox.dl.alipaydev.com/gateway.do?charset=utf-8&amp;method=alipay.trade.query&amp;sign=LCdYAqJSiNG%2Bcfg8sWRVpIHhxlhYiJ%2FB3MLiZ74XKp4eM38BO3ksjgEgHMHPSYwuf9NcsGyxQemXjn%2FtEpqWzvAkFSkuLtu6%2FkKi6S1qGYjnD9ZFAsBgDFMd06ocKk8G38TtLCM74%2B3mv6qTHW4erQOLU43ClKm8lgicmtZgeJaoFp9Pb2kdAyRujJxi8XP6OkfzVgUSt%2F5dtR0g8fux4kZ%2BfMUffg65ebZIwvlpdzAzb6uy61bPtZbNJlvdS2I16OtqEoMF9%2FM%2BCm712E6xHc5SA%2F%2BxcgQT8HAQiSs2nwIKM5gt8hwJziktosVa%2BG271m8qJ2uQEL4lgwSdaClR%2FA%3D%3D&amp;version=1.0&amp;app_id=9021000165677275&amp;sign_type=RSA2&amp;timestamp=2026-07-26+21%3A06%3A54&amp;alipay_sdk=alipay-sdk-java-4.38.157.ALL&amp;format=json</td>
</tr>
<tr>
<td>Server:</td>
<td>openapi-57.rz21a.sandbox.alipay.net</td>
</tr>
<tr>
<td>Date:</td>
<td>2026/07/26 21:06:59</td>
</tr>
</table>
<hr/>Powered by Tengine
</body>
</html>

	at com.alipay.api.internal.util.WebUtils.getResponseAsString(WebUtils.java:520)
	at com.alipay.api.internal.util.WebUtils.doPost(WebUtils.java:181)
	at com.alipay.api.internal.util.WebUtils.doPost(WebUtils.java:142)
	at com.alipay.api.AbstractAlipayClient.doPost(AbstractAlipayClient.java:1003)
	... 18 common frames omitted
26-07-26.21:07:05.154 [scheduling-1    ] ERROR err                    - 2026-07-26 21:07:05^_^alipay.trade.query^_^null^_^192.168.73.1^_^Windows 11^_^alipay-sdk-java-4.38.157.ALL^_^https://openapi-sandbox.dl.alipaydev.com/gateway.do?charset=utf-8&method=alipay.trade.query&sign=FJXln4fWCuk96YUwvoeAb2CHZXsM%2BhSgCw7wJDsvZaJ4sbo4mz4KwXDpABiIx0j0e47PTaeB8MXtLS%2BTY1TqYfw89o%2FCX%2BdAXmIlCh7iDDqekMJG3GNBIuIv9ex6vJ7FLj8upd0p863GpXAwqY5V27fBDuyAxs5TttVyoY5NO%2BJrd7peCw6mPAuUomf5swt74hgyGqw0LQvLCw0mWIJoxuvcr5ewdc0a%2FimB9kWRVWWsN5%2Br6Fmp39KrWI7ATMUz4C5zL31EuFR3K06ZN6fBYJ6xJPUliINFACUZ%2BZOPREZmT0NlC9g1nvFfUrld3pDASVKxPKwrNTksWc%2FQ%2B75i5g%3D%3D&version=1.0&app_id=9021000165677275&sign_type=RSA2&timestamp=2026-07-26+21%3A07%3A00&alipay_sdk=alipay-sdk-java-4.38.157.ALL&format=json^_^^_^<!DOCTYPE HTML PUBLIC "-//IETF//DTD HTML 2.0//EN"> <html> <head><title>504 Gateway Time-out</title></head> <body bgcolor="white"> <h1>504 Gateway Time-out</h1> <p>The gateway did not receive a timely response from the upstream server or application. Sorry for the inconvenience.<br/> Please report this message and include the following information to us.<br/> Thank you very much!</p> <table> <tr> <td>URL:</td> <td>http://openapi-sandbox.dl.alipaydev.com/gateway.do?charset=utf-8&amp;method=alipay.trade.query&amp;sign=FJXln4fWCuk96YUwvoeAb2CHZXsM%2BhSgCw7wJDsvZaJ4sbo4mz4KwXDpABiIx0j0e47PTaeB8MXtLS%2BTY1TqYfw89o%2FCX%2BdAXmIlCh7iDDqekMJG3GNBIuIv9ex6vJ7FLj8upd0p863GpXAwqY5V27fBDuyAxs5TttVyoY5NO%2BJrd7peCw6mPAuUomf5swt74hgyGqw0LQvLCw0mWIJoxuvcr5ewdc0a%2FimB9kWRVWWsN5%2Br6Fmp39KrWI7ATMUz4C5zL31EuFR3K06ZN6fBYJ6xJPUliINFACUZ%2BZOPREZmT0NlC9g1nvFfUrld3pDASVKxPKwrNTksWc%2FQ%2B75i5g%3D%3D&amp;version=1.0&amp;app_id=9021000165677275&amp;sign_type=RSA2&amp;timestamp=2026-07-26+21%3A07%3A00&amp;alipay_sdk=alipay-sdk-java-4.38.157.ALL&amp;format=json</td> </tr> <tr> <td>Server:</td> <td>openapi-55.rz21a.sandbox.alipay.net</td> </tr> <tr> <td>Date:</td> <td>2026/07/26 21:07:05</td> </tr> </table> <hr/>Powered by Tengine </body> </html> 
26-07-26.21:07:05.156 [scheduling-1    ] ERROR NoPayNotifyOrderJob    - 检测未接收到或未正确处理的支付回调通知失败
com.alipay.api.AlipayApiException: java.io.IOException: <!DOCTYPE HTML PUBLIC "-//IETF//DTD HTML 2.0//EN">
<html>
<head><title>504 Gateway Time-out</title></head>
<body bgcolor="white">
<h1>504 Gateway Time-out</h1>
<p>The gateway did not receive a timely response from the upstream server or application. Sorry for the inconvenience.<br/>
Please report this message and include the following information to us.<br/>
Thank you very much!</p>
<table>
<tr>
<td>URL:</td>
<td>http://openapi-sandbox.dl.alipaydev.com/gateway.do?charset=utf-8&amp;method=alipay.trade.query&amp;sign=FJXln4fWCuk96YUwvoeAb2CHZXsM%2BhSgCw7wJDsvZaJ4sbo4mz4KwXDpABiIx0j0e47PTaeB8MXtLS%2BTY1TqYfw89o%2FCX%2BdAXmIlCh7iDDqekMJG3GNBIuIv9ex6vJ7FLj8upd0p863GpXAwqY5V27fBDuyAxs5TttVyoY5NO%2BJrd7peCw6mPAuUomf5swt74hgyGqw0LQvLCw0mWIJoxuvcr5ewdc0a%2FimB9kWRVWWsN5%2Br6Fmp39KrWI7ATMUz4C5zL31EuFR3K06ZN6fBYJ6xJPUliINFACUZ%2BZOPREZmT0NlC9g1nvFfUrld3pDASVKxPKwrNTksWc%2FQ%2B75i5g%3D%3D&amp;version=1.0&amp;app_id=9021000165677275&amp;sign_type=RSA2&amp;timestamp=2026-07-26+21%3A07%3A00&amp;alipay_sdk=alipay-sdk-java-4.38.157.ALL&amp;format=json</td>
</tr>
<tr>
<td>Server:</td>
<td>openapi-55.rz21a.sandbox.alipay.net</td>
</tr>
<tr>
<td>Date:</td>
<td>2026/07/26 21:07:05</td>
</tr>
</table>
<hr/>Powered by Tengine
</body>
</html>

	at com.alipay.api.AbstractAlipayClient.doPost(AbstractAlipayClient.java:1015)
	at com.alipay.api.AbstractAlipayClient._execute(AbstractAlipayClient.java:921)
	at com.alipay.api.AbstractAlipayClient.execute(AbstractAlipayClient.java:395)
	at com.alipay.api.AbstractAlipayClient.execute(AbstractAlipayClient.java:377)
	at com.alipay.api.AbstractAlipayClient.execute(AbstractAlipayClient.java:372)
	at com.alipay.api.AbstractAlipayClient.execute(AbstractAlipayClient.java:366)
	at cn.bugstack.trigger.job.NoPayNotifyOrderJob.exec(NoPayNotifyOrderJob.java:42)
	at jdk.internal.reflect.GeneratedMethodAccessor23.invoke(Unknown Source)
	at java.base/jdk.internal.reflect.DelegatingMethodAccessorImpl.invoke(DelegatingMethodAccessorImpl.java:43)
	at java.base/java.lang.reflect.Method.invoke(Method.java:566)
	at org.springframework.scheduling.support.ScheduledMethodRunnable.run(ScheduledMethodRunnable.java:84)
	at org.springframework.scheduling.support.DelegatingErrorHandlingRunnable.run(DelegatingErrorHandlingRunnable.java:54)
	at org.springframework.scheduling.concurrent.ReschedulingRunnable.run(ReschedulingRunnable.java:95)
	at java.base/java.util.concurrent.Executors$RunnableAdapter.call(Executors.java:515)
	at java.base/java.util.concurrent.FutureTask.run(FutureTask.java:264)
	at java.base/java.util.concurrent.ScheduledThreadPoolExecutor$ScheduledFutureTask.run(ScheduledThreadPoolExecutor.java:304)
	at java.base/java.util.concurrent.ThreadPoolExecutor.runWorker(ThreadPoolExecutor.java:1128)
	at java.base/java.util.concurrent.ThreadPoolExecutor$Worker.run(ThreadPoolExecutor.java:628)
	at java.base/java.lang.Thread.run(Thread.java:829)
Caused by: java.io.IOException: <!DOCTYPE HTML PUBLIC "-//IETF//DTD HTML 2.0//EN">
<html>
<head><title>504 Gateway Time-out</title></head>
<body bgcolor="white">
<h1>504 Gateway Time-out</h1>
<p>The gateway did not receive a timely response from the upstream server or application. Sorry for the inconvenience.<br/>
Please report this message and include the following information to us.<br/>
Thank you very much!</p>
<table>
<tr>
<td>URL:</td>
<td>http://openapi-sandbox.dl.alipaydev.com/gateway.do?charset=utf-8&amp;method=alipay.trade.query&amp;sign=FJXln4fWCuk96YUwvoeAb2CHZXsM%2BhSgCw7wJDsvZaJ4sbo4mz4KwXDpABiIx0j0e47PTaeB8MXtLS%2BTY1TqYfw89o%2FCX%2BdAXmIlCh7iDDqekMJG3GNBIuIv9ex6vJ7FLj8upd0p863GpXAwqY5V27fBDuyAxs5TttVyoY5NO%2BJrd7peCw6mPAuUomf5swt74hgyGqw0LQvLCw0mWIJoxuvcr5ewdc0a%2FimB9kWRVWWsN5%2Br6Fmp39KrWI7ATMUz4C5zL31EuFR3K06ZN6fBYJ6xJPUliINFACUZ%2BZOPREZmT0NlC9g1nvFfUrld3pDASVKxPKwrNTksWc%2FQ%2B75i5g%3D%3D&amp;version=1.0&amp;app_id=9021000165677275&amp;sign_type=RSA2&amp;timestamp=2026-07-26+21%3A07%3A00&amp;alipay_sdk=alipay-sdk-java-4.38.157.ALL&amp;format=json</td>
</tr>
<tr>
<td>Server:</td>
<td>openapi-55.rz21a.sandbox.alipay.net</td>
</tr>
<tr>
<td>Date:</td>
<td>2026/07/26 21:07:05</td>
</tr>
</table>
<hr/>Powered by Tengine
</body>
</html>

	at com.alipay.api.internal.util.WebUtils.getResponseAsString(WebUtils.java:520)
	at com.alipay.api.internal.util.WebUtils.doPost(WebUtils.java:181)
	at com.alipay.api.internal.util.WebUtils.doPost(WebUtils.java:142)
	at com.alipay.api.AbstractAlipayClient.doPost(AbstractAlipayClient.java:1003)
	... 18 common frames omitted
26-07-26.21:07:11.153 [scheduling-1    ] ERROR err                    - 2026-07-26 21:07:11^_^alipay.trade.query^_^null^_^192.168.73.1^_^Windows 11^_^alipay-sdk-java-4.38.157.ALL^_^https://openapi-sandbox.dl.alipaydev.com/gateway.do?charset=utf-8&method=alipay.trade.query&sign=WPm8KS86%2FuE%2BmXN10%2FHl9JfjFMGud9K2U%2FZtSPlORPxfW%2BG3W3%2Bu0VTKve%2BsjINHN2YZ13K9ZxdkLA6WKuG%2B00WBUquMOIA7ivQMalA%2FxkSU9venWzTUfTThsgbFnD2hcJacuusidDa5CjnwCecEbJAWU10OYwQSnyB28kYhJS%2FvcYvl24adXsoUbfZvCD%2B4fjpnXOVxs%2Flhbu6pNolJ6afCAHoWJjSQaa3tW9d3zzHaWpOYdsMxeu%2FiprBV3NPqDwdq3XeYMCQpljxKLEk3lgoJWtJb2B74cOjljujuM81fe%2BijAU6KTZEKIas91GKCvSZ8OqAFc0qoy5wwzNGxDA%3D%3D&version=1.0&app_id=9021000165677275&sign_type=RSA2&timestamp=2026-07-26+21%3A07%3A06&alipay_sdk=alipay-sdk-java-4.38.157.ALL&format=json^_^^_^<!DOCTYPE HTML PUBLIC "-//IETF//DTD HTML 2.0//EN"> <html> <head><title>504 Gateway Time-out</title></head> <body bgcolor="white"> <h1>504 Gateway Time-out</h1> <p>The gateway did not receive a timely response from the upstream server or application. Sorry for the inconvenience.<br/> Please report this message and include the following information to us.<br/> Thank you very much!</p> <table> <tr> <td>URL:</td> <td>http://openapi-sandbox.dl.alipaydev.com/gateway.do?charset=utf-8&amp;method=alipay.trade.query&amp;sign=WPm8KS86%2FuE%2BmXN10%2FHl9JfjFMGud9K2U%2FZtSPlORPxfW%2BG3W3%2Bu0VTKve%2BsjINHN2YZ13K9ZxdkLA6WKuG%2B00WBUquMOIA7ivQMalA%2FxkSU9venWzTUfTThsgbFnD2hcJacuusidDa5CjnwCecEbJAWU10OYwQSnyB28kYhJS%2FvcYvl24adXsoUbfZvCD%2B4fjpnXOVxs%2Flhbu6pNolJ6afCAHoWJjSQaa3tW9d3zzHaWpOYdsMxeu%2FiprBV3NPqDwdq3XeYMCQpljxKLEk3lgoJWtJb2B74cOjljujuM81fe%2BijAU6KTZEKIas91GKCvSZ8OqAFc0qoy5wwzNGxDA%3D%3D&amp;version=1.0&amp;app_id=9021000165677275&amp;sign_type=RSA2&amp;timestamp=2026-07-26+21%3A07%3A06&amp;alipay_sdk=alipay-sdk-java-4.38.157.ALL&amp;format=json</td> </tr> <tr> <td>Server:</td> <td>openapi-55.rz21a.sandbox.alipay.net</td> </tr> <tr> <td>Date:</td> <td>2026/07/26 21:07:11</td> </tr> </table> <hr/>Powered by Tengine </body> </html> 
26-07-26.21:07:11.153 [scheduling-1    ] ERROR NoPayNotifyOrderJob    - 检测未接收到或未正确处理的支付回调通知失败
com.alipay.api.AlipayApiException: java.io.IOException: <!DOCTYPE HTML PUBLIC "-//IETF//DTD HTML 2.0//EN">
<html>
<head><title>504 Gateway Time-out</title></head>
<body bgcolor="white">
<h1>504 Gateway Time-out</h1>
<p>The gateway did not receive a timely response from the upstream server or application. Sorry for the inconvenience.<br/>
Please report this message and include the following information to us.<br/>
Thank you very much!</p>
<table>
<tr>
<td>URL:</td>
<td>http://openapi-sandbox.dl.alipaydev.com/gateway.do?charset=utf-8&amp;method=alipay.trade.query&amp;sign=WPm8KS86%2FuE%2BmXN10%2FHl9JfjFMGud9K2U%2FZtSPlORPxfW%2BG3W3%2Bu0VTKve%2BsjINHN2YZ13K9ZxdkLA6WKuG%2B00WBUquMOIA7ivQMalA%2FxkSU9venWzTUfTThsgbFnD2hcJacuusidDa5CjnwCecEbJAWU10OYwQSnyB28kYhJS%2FvcYvl24adXsoUbfZvCD%2B4fjpnXOVxs%2Flhbu6pNolJ6afCAHoWJjSQaa3tW9d3zzHaWpOYdsMxeu%2FiprBV3NPqDwdq3XeYMCQpljxKLEk3lgoJWtJb2B74cOjljujuM81fe%2BijAU6KTZEKIas91GKCvSZ8OqAFc0qoy5wwzNGxDA%3D%3D&amp;version=1.0&amp;app_id=9021000165677275&amp;sign_type=RSA2&amp;timestamp=2026-07-26+21%3A07%3A06&amp;alipay_sdk=alipay-sdk-java-4.38.157.ALL&amp;format=json</td>
</tr>
<tr>
<td>Server:</td>
<td>openapi-55.rz21a.sandbox.alipay.net</td>
</tr>
<tr>
<td>Date:</td>
<td>2026/07/26 21:07:11</td>
</tr>
</table>
<hr/>Powered by Tengine
</body>
</html>

	at com.alipay.api.AbstractAlipayClient.doPost(AbstractAlipayClient.java:1015)
	at com.alipay.api.AbstractAlipayClient._execute(AbstractAlipayClient.java:921)
	at com.alipay.api.AbstractAlipayClient.execute(AbstractAlipayClient.java:395)
	at com.alipay.api.AbstractAlipayClient.execute(AbstractAlipayClient.java:377)
	at com.alipay.api.AbstractAlipayClient.execute(AbstractAlipayClient.java:372)
	at com.alipay.api.AbstractAlipayClient.execute(AbstractAlipayClient.java:366)
	at cn.bugstack.trigger.job.NoPayNotifyOrderJob.exec(NoPayNotifyOrderJob.java:42)
	at jdk.internal.reflect.GeneratedMethodAccessor23.invoke(Unknown Source)
	at java.base/jdk.internal.reflect.DelegatingMethodAccessorImpl.invoke(DelegatingMethodAccessorImpl.java:43)
	at java.base/java.lang.reflect.Method.invoke(Method.java:566)
	at org.springframework.scheduling.support.ScheduledMethodRunnable.run(ScheduledMethodRunnable.java:84)
	at org.springframework.scheduling.support.DelegatingErrorHandlingRunnable.run(DelegatingErrorHandlingRunnable.java:54)
	at org.springframework.scheduling.concurrent.ReschedulingRunnable.run(ReschedulingRunnable.java:95)
	at java.base/java.util.concurrent.Executors$RunnableAdapter.call(Executors.java:515)
	at java.base/java.util.concurrent.FutureTask.run(FutureTask.java:264)
	at java.base/java.util.concurrent.ScheduledThreadPoolExecutor$ScheduledFutureTask.run(ScheduledThreadPoolExecutor.java:304)
	at java.base/java.util.concurrent.ThreadPoolExecutor.runWorker(ThreadPoolExecutor.java:1128)
	at java.base/java.util.concurrent.ThreadPoolExecutor$Worker.run(ThreadPoolExecutor.java:628)
	at java.base/java.lang.Thread.run(Thread.java:829)
Caused by: java.io.IOException: <!DOCTYPE HTML PUBLIC "-//IETF//DTD HTML 2.0//EN">
<html>
<head><title>504 Gateway Time-out</title></head>
<body bgcolor="white">
<h1>504 Gateway Time-out</h1>
<p>The gateway did not receive a timely response from the upstream server or application. Sorry for the inconvenience.<br/>
Please report this message and include the following information to us.<br/>
Thank you very much!</p>
<table>
<tr>
<td>URL:</td>
<td>http://openapi-sandbox.dl.alipaydev.com/gateway.do?charset=utf-8&amp;method=alipay.trade.query&amp;sign=WPm8KS86%2FuE%2BmXN10%2FHl9JfjFMGud9K2U%2FZtSPlORPxfW%2BG3W3%2Bu0VTKve%2BsjINHN2YZ13K9ZxdkLA6WKuG%2B00WBUquMOIA7ivQMalA%2FxkSU9venWzTUfTThsgbFnD2hcJacuusidDa5CjnwCecEbJAWU10OYwQSnyB28kYhJS%2FvcYvl24adXsoUbfZvCD%2B4fjpnXOVxs%2Flhbu6pNolJ6afCAHoWJjSQaa3tW9d3zzHaWpOYdsMxeu%2FiprBV3NPqDwdq3XeYMCQpljxKLEk3lgoJWtJb2B74cOjljujuM81fe%2BijAU6KTZEKIas91GKCvSZ8OqAFc0qoy5wwzNGxDA%3D%3D&amp;version=1.0&amp;app_id=9021000165677275&amp;sign_type=RSA2&amp;timestamp=2026-07-26+21%3A07%3A06&amp;alipay_sdk=alipay-sdk-java-4.38.157.ALL&amp;format=json</td>
</tr>
<tr>
<td>Server:</td>
<td>openapi-55.rz21a.sandbox.alipay.net</td>
</tr>
<tr>
<td>Date:</td>
<td>2026/07/26 21:07:11</td>
</tr>
</table>
<hr/>Powered by Tengine
</body>
</html>

	at com.alipay.api.internal.util.WebUtils.getResponseAsString(WebUtils.java:520)
	at com.alipay.api.internal.util.WebUtils.doPost(WebUtils.java:181)
	at com.alipay.api.internal.util.WebUtils.doPost(WebUtils.java:142)
	at com.alipay.api.AbstractAlipayClient.doPost(AbstractAlipayClient.java:1003)
	... 18 common frames omitted
26-07-26.21:07:17.149 [scheduling-1    ] ERROR err                    - 2026-07-26 21:07:17^_^alipay.trade.query^_^null^_^192.168.73.1^_^Windows 11^_^alipay-sdk-java-4.38.157.ALL^_^https://openapi-sandbox.dl.alipaydev.com/gateway.do?charset=utf-8&method=alipay.trade.query&sign=iulcmHZkZvROTSf0%2B94KerKi7t5CXWdaolDCDREO7fJp9bZ4XqlCburzSy08%2FHUamrG1wbPif45GZd9avn%2B1pCe9lFZzIrtWfZUamFuhuOuBFpLIMIFLYDVYEDISR2wgaoHrjv356gXy%2FWSx01b6yAU1Jj58gq1AIZFtutdZuSdPIFPUtD8Uun95NJymSS0UjIy%2FoENAsk%2FDP95AAsxowe7HIGnstoUpvY0z%2FxYZ0qEpOmKp7aYoeJ%2FLJ4ElamiYd4AhcRppkjPbNOlHKKjGs%2FOOuIDDuaryEeuve%2BNho6iHlJq5kQGby1jFL6eJvDMEQYDiN3aHoleJH5JxUbf2Rw%3D%3D&version=1.0&app_id=9021000165677275&sign_type=RSA2&timestamp=2026-07-26+21%3A07%3A12&alipay_sdk=alipay-sdk-java-4.38.157.ALL&format=json^_^^_^<!DOCTYPE HTML PUBLIC "-//IETF//DTD HTML 2.0//EN"> <html> <head><title>504 Gateway Time-out</title></head> <body bgcolor="white"> <h1>504 Gateway Time-out</h1> <p>The gateway did not receive a timely response from the upstream server or application. Sorry for the inconvenience.<br/> Please report this message and include the following information to us.<br/> Thank you very much!</p> <table> <tr> <td>URL:</td> <td>http://openapi-sandbox.dl.alipaydev.com/gateway.do?charset=utf-8&amp;method=alipay.trade.query&amp;sign=iulcmHZkZvROTSf0%2B94KerKi7t5CXWdaolDCDREO7fJp9bZ4XqlCburzSy08%2FHUamrG1wbPif45GZd9avn%2B1pCe9lFZzIrtWfZUamFuhuOuBFpLIMIFLYDVYEDISR2wgaoHrjv356gXy%2FWSx01b6yAU1Jj58gq1AIZFtutdZuSdPIFPUtD8Uun95NJymSS0UjIy%2FoENAsk%2FDP95AAsxowe7HIGnstoUpvY0z%2FxYZ0qEpOmKp7aYoeJ%2FLJ4ElamiYd4AhcRppkjPbNOlHKKjGs%2FOOuIDDuaryEeuve%2BNho6iHlJq5kQGby1jFL6eJvDMEQYDiN3aHoleJH5JxUbf2Rw%3D%3D&amp;version=1.0&amp;app_id=9021000165677275&amp;sign_type=RSA2&amp;timestamp=2026-07-26+21%3A07%3A12&amp;alipay_sdk=alipay-sdk-java-4.38.157.ALL&amp;format=json</td> </tr> <tr> <td>Server:</td> <td>openapi-57.rz21a.sandbox.alipay.net</td> </tr> <tr> <td>Date:</td> <td>2026/07/26 21:07:17</td> </tr> </table> <hr/>Powered by Tengine </body> </html> 
26-07-26.21:07:17.149 [scheduling-1    ] ERROR NoPayNotifyOrderJob    - 检测未接收到或未正确处理的支付回调通知失败
com.alipay.api.AlipayApiException: java.io.IOException: <!DOCTYPE HTML PUBLIC "-//IETF//DTD HTML 2.0//EN">
<html>
<head><title>504 Gateway Time-out</title></head>
<body bgcolor="white">
<h1>504 Gateway Time-out</h1>
<p>The gateway did not receive a timely response from the upstream server or application. Sorry for the inconvenience.<br/>
Please report this message and include the following information to us.<br/>
Thank you very much!</p>
<table>
<tr>
<td>URL:</td>
<td>http://openapi-sandbox.dl.alipaydev.com/gateway.do?charset=utf-8&amp;method=alipay.trade.query&amp;sign=iulcmHZkZvROTSf0%2B94KerKi7t5CXWdaolDCDREO7fJp9bZ4XqlCburzSy08%2FHUamrG1wbPif45GZd9avn%2B1pCe9lFZzIrtWfZUamFuhuOuBFpLIMIFLYDVYEDISR2wgaoHrjv356gXy%2FWSx01b6yAU1Jj58gq1AIZFtutdZuSdPIFPUtD8Uun95NJymSS0UjIy%2FoENAsk%2FDP95AAsxowe7HIGnstoUpvY0z%2FxYZ0qEpOmKp7aYoeJ%2FLJ4ElamiYd4AhcRppkjPbNOlHKKjGs%2FOOuIDDuaryEeuve%2BNho6iHlJq5kQGby1jFL6eJvDMEQYDiN3aHoleJH5JxUbf2Rw%3D%3D&amp;version=1.0&amp;app_id=9021000165677275&amp;sign_type=RSA2&amp;timestamp=2026-07-26+21%3A07%3A12&amp;alipay_sdk=alipay-sdk-java-4.38.157.ALL&amp;format=json</td>
</tr>
<tr>
<td>Server:</td>
<td>openapi-57.rz21a.sandbox.alipay.net</td>
</tr>
<tr>
<td>Date:</td>
<td>2026/07/26 21:07:17</td>
</tr>
</table>
<hr/>Powered by Tengine
</body>
</html>

	at com.alipay.api.AbstractAlipayClient.doPost(AbstractAlipayClient.java:1015)
	at com.alipay.api.AbstractAlipayClient._execute(AbstractAlipayClient.java:921)
	at com.alipay.api.AbstractAlipayClient.execute(AbstractAlipayClient.java:395)
	at com.alipay.api.AbstractAlipayClient.execute(AbstractAlipayClient.java:377)
	at com.alipay.api.AbstractAlipayClient.execute(AbstractAlipayClient.java:372)
	at com.alipay.api.AbstractAlipayClient.execute(AbstractAlipayClient.java:366)
	at cn.bugstack.trigger.job.NoPayNotifyOrderJob.exec(NoPayNotifyOrderJob.java:42)
	at jdk.internal.reflect.GeneratedMethodAccessor23.invoke(Unknown Source)
	at java.base/jdk.internal.reflect.DelegatingMethodAccessorImpl.invoke(DelegatingMethodAccessorImpl.java:43)
	at java.base/java.lang.reflect.Method.invoke(Method.java:566)
	at org.springframework.scheduling.support.ScheduledMethodRunnable.run(ScheduledMethodRunnable.java:84)
	at org.springframework.scheduling.support.DelegatingErrorHandlingRunnable.run(DelegatingErrorHandlingRunnable.java:54)
	at org.springframework.scheduling.concurrent.ReschedulingRunnable.run(ReschedulingRunnable.java:95)
	at java.base/java.util.concurrent.Executors$RunnableAdapter.call(Executors.java:515)
	at java.base/java.util.concurrent.FutureTask.run(FutureTask.java:264)
	at java.base/java.util.concurrent.ScheduledThreadPoolExecutor$ScheduledFutureTask.run(ScheduledThreadPoolExecutor.java:304)
	at java.base/java.util.concurrent.ThreadPoolExecutor.runWorker(ThreadPoolExecutor.java:1128)
	at java.base/java.util.concurrent.ThreadPoolExecutor$Worker.run(ThreadPoolExecutor.java:628)
	at java.base/java.lang.Thread.run(Thread.java:829)
Caused by: java.io.IOException: <!DOCTYPE HTML PUBLIC "-//IETF//DTD HTML 2.0//EN">
<html>
<head><title>504 Gateway Time-out</title></head>
<body bgcolor="white">
<h1>504 Gateway Time-out</h1>
<p>The gateway did not receive a timely response from the upstream server or application. Sorry for the inconvenience.<br/>
Please report this message and include the following information to us.<br/>
Thank you very much!</p>
<table>
<tr>
<td>URL:</td>
<td>http://openapi-sandbox.dl.alipaydev.com/gateway.do?charset=utf-8&amp;method=alipay.trade.query&amp;sign=iulcmHZkZvROTSf0%2B94KerKi7t5CXWdaolDCDREO7fJp9bZ4XqlCburzSy08%2FHUamrG1wbPif45GZd9avn%2B1pCe9lFZzIrtWfZUamFuhuOuBFpLIMIFLYDVYEDISR2wgaoHrjv356gXy%2FWSx01b6yAU1Jj58gq1AIZFtutdZuSdPIFPUtD8Uun95NJymSS0UjIy%2FoENAsk%2FDP95AAsxowe7HIGnstoUpvY0z%2FxYZ0qEpOmKp7aYoeJ%2FLJ4ElamiYd4AhcRppkjPbNOlHKKjGs%2FOOuIDDuaryEeuve%2BNho6iHlJq5kQGby1jFL6eJvDMEQYDiN3aHoleJH5JxUbf2Rw%3D%3D&amp;version=1.0&amp;app_id=9021000165677275&amp;sign_type=RSA2&amp;timestamp=2026-07-26+21%3A07%3A12&amp;alipay_sdk=alipay-sdk-java-4.38.157.ALL&amp;format=json</td>
</tr>
<tr>
<td>Server:</td>
<td>openapi-57.rz21a.sandbox.alipay.net</td>
</tr>
<tr>
<td>Date:</td>
<td>2026/07/26 21:07:17</td>
</tr>
</table>
<hr/>Powered by Tengine
</body>
</html>

	at com.alipay.api.internal.util.WebUtils.getResponseAsString(WebUtils.java:520)
	at com.alipay.api.internal.util.WebUtils.doPost(WebUtils.java:181)
	at com.alipay.api.internal.util.WebUtils.doPost(WebUtils.java:142)
	at com.alipay.api.AbstractAlipayClient.doPost(AbstractAlipayClient.java:1003)
	... 18 common frames omitted
26-07-26.21:07:18.213 [scheduling-1    ] ERROR err                    - ErrorScene^_^40004^_^ACQ.TRADE_NOT_EXIST^_^192.168.73.1^_^Windows 11^_^2026-07-26 21:07:18^_^ProtocalMustParams:charset=utf-8&method=alipay.trade.query&sign=gyUQZF/YzHf29jWQMJMPtAxz6jkcRFlRAMg+KuQnKg6GR/7Nzk/iMrhxmvGPe7SYunURa8lxwAbQQBheo3JjpdcoaUpWh0xYnZP7L7s6JspL+MupObVhB0B+YvgmKW+OnflzSmE68zoLU+Pwghf21iu72ioJLjfiJmJ3bBq+pzLKtq0IxFxlnOkb7+7VTNUmkvGMRCbxJIKOUQDks3Pr4XVTTTf4/9ud9vx5TLnU4m0Wya6u9TCQkBOjMMl4pdeBk5UfU3y5gmB2jTqm146nxYui4kMftg0/AL5S5W2on92yydxUAY2dZ2bld8oKmgZDKTA14QkjaeLpB7LIZasQEA==&version=1.0&app_id=9021000165677275&sign_type=RSA2&timestamp=2026-07-26 21:07:18^_^ProtocalOptParams:alipay_sdk=alipay-sdk-java-4.38.157.ALL&format=json^_^ApplicationParams:traceId=06020e08178507123813256402433085&biz_content={"out_trade_no":"59214591885269"}^_^Body:{"alipay_trade_query_response":{"msg":"Business Failed","code":"40004","out_trade_no":"59214591885269","sub_msg":"交易不存在","sub_code":"ACQ.TRADE_NOT_EXIST","receipt_amount":"0.00","point_amount":"0.00","buyer_pay_amount":"0.00","invoice_amount":"0.00"},"sign":"IlGZ9x5UhNF2eAqdNMzeNXtVmLVeP4WAHqOs3UIoTeNqOZPSKddjkKWyTMN0yOnmdmvXLs65xA8iLe3vMAOcTv3IRc5Ly+sfXiILXIoyDMo48N1nGL00QjpY712N35H3czuLP1upFRYorbFoh87mPrUkchUunF+PEBdfORFul87T4s2hkFE5Fl1M1wxQAAUDsoOdZiXF4N0VIlZn8XpWkwGhUJTSzC4T5bTxJpGdI0AVbbLy9QZu0eXIaXEtwYSVDV1oFLVBE/DEmKpridtTn9/6ZOtOpBhjgylpbP+J+f2SCp37feezNW+mRc7kxKeaJfjjdbn7pTI1TeynheyWLQ=="}^_^6ms,197ms,7ms^_^trace_id:06020e08178507123813256402433085
26-07-26.21:07:18.213 [scheduling-1    ] INFO  NoPayNotifyOrderJob    - 检测未接收到或未正确处理的支付回调通知，订单未支付成功 orderId:59214591885269 code:40004 tradeStatus:null
26-07-26.21:07:18.428 [scheduling-1    ] ERROR err                    - ErrorScene^_^40004^_^ACQ.TRADE_NOT_EXIST^_^192.168.73.1^_^Windows 11^_^2026-07-26 21:07:18^_^ProtocalMustParams:charset=utf-8&method=alipay.trade.query&sign=ma+MWkqq1o309AXU/ouBj3PRdnaxySAZpZRy1De7h3fiEgZZXEuo5DGNNP2VKZUerrP0U+otcDPhaaDk7iQozMb1vKCHbVF0DDTanapkWD4HqJMklMT5WSJZCspma+zxnft65GGrzqml1i8SK1l5nmMAmhVrdd3+sFDtGadAVr/RRK7IpX8cpSmK5Uky1hUtW0+DhuHp3GqVllHzkiYk4mqE7s594zN2Yrq+Huk5dpm8sDNlvfS3GqF6P9fDrvs1IbUN16vJMe4qVEFilwBIcC42kxYvuDB50K+R/GNyBL33Pz7oBFGQg0y2XVnYo99sF7Q959rOHbgSd7gJMqMpFw==&version=1.0&app_id=9021000165677275&sign_type=RSA2&timestamp=2026-07-26 21:07:18^_^ProtocalOptParams:alipay_sdk=alipay-sdk-java-4.38.157.ALL&format=json^_^ApplicationParams:traceId=06002c4e178507123834471101578980&biz_content={"out_trade_no":"63015243383423"}^_^Body:{"alipay_trade_query_response":{"msg":"Business Failed","code":"40004","out_trade_no":"63015243383423","sub_msg":"交易不存在","sub_code":"ACQ.TRADE_NOT_EXIST","receipt_amount":"0.00","point_amount":"0.00","buyer_pay_amount":"0.00","invoice_amount":"0.00"},"sign":"j/BKxEaDkp40hVZnDvR3FjkafML/EKkrgK5tm3o7RpXke6JHNNHQj7dtxjFXrid2kn398BXbOviGV9OREaHEsGkNi7IoyBK1JYReqxxHw+KZz8rrBoqtEmOs09WNzTcKyl/5ieUTw21MI9LZ5QoNI9FiQB3n5vdZv5nJ4536haXV/1ocYO4eOii1Wdd47onG0oGH6w7WLvZT+jP9UP1EcysxWQjk4vfPC2p1W/SB9gAsXt/vZ3hDDoI08AIACsojEfWvD71/4rGQQEyT4naQANCIzeGTzHZEfSOYngieu+N8sDW52hL5yDXMIaHr563fJPxX8LcKEtAYz+SGdbzTrw=="}^_^9ms,197ms,9ms^_^trace_id:06002c4e178507123834471101578980
26-07-26.21:07:18.428 [scheduling-1    ] INFO  NoPayNotifyOrderJob    - 检测未接收到或未正确处理的支付回调通知，订单未支付成功 orderId:63015243383423 code:40004 tradeStatus:null
26-07-26.21:07:18.659 [scheduling-1    ] ERROR err                    - ErrorScene^_^40004^_^ACQ.TRADE_NOT_EXIST^_^192.168.73.1^_^Windows 11^_^2026-07-26 21:07:18^_^ProtocalMustParams:charset=utf-8&method=alipay.trade.query&sign=AF4SjNGAeQwTHoHuyurGcx/9OjoqeZM9TTig355+LyPsfWYytOcXP75mnWexE0mXSiLm7jknm93MUrh4xXa/+4cHj1o9Y4nbznHG0ltYyEP/dXWGA6SpATz8niB42HdbpPezBdPCphHSDlZo6wrnyb5iu9MQQdszDldXeNrkftjBM7besbzMYJhI3mi+WEonkhZrdDDQfbWUPLJvdlni3voSGibjgkubTWB1eJ1Qk3JCdp1T1dyfTyS9xkrKRvqO9IwCEIHh2AWtbgODrG6vPHijBXAXGNLPC+WcE+mOTA+4kmzUBPjgRJvE3BscI8ekxxdeT3U9JxlHp5iXNnrgww==&version=1.0&app_id=9021000165677275&sign_type=RSA2&timestamp=2026-07-26 21:07:18^_^ProtocalOptParams:alipay_sdk=alipay-sdk-java-4.38.157.ALL&format=json^_^ApplicationParams:traceId=060d663d178507123856380328178&biz_content={"out_trade_no":"05687486819141"}^_^Body:{"alipay_trade_query_response":{"msg":"Business Failed","code":"40004","out_trade_no":"05687486819141","sub_msg":"交易不存在","sub_code":"ACQ.TRADE_NOT_EXIST","receipt_amount":"0.00","point_amount":"0.00","buyer_pay_amount":"0.00","invoice_amount":"0.00"},"sign":"X8+5Q6lbdoyyrQqpUwxTqfCXdBXg7ThJc2U+u8qezqbw+E5fcgtCqABatoc1r72W+dsojv3i6bkcvvMz3DRr5ahBjxU4gwSWCgz4TBIO+/iTBt57VZmROgv9LqvWSmIQTYHEWA0iBdvVQ8wabF8mzeGODzJcDm0eGuZrLQUuAfb7EsMddzf5Fpsu5TpWoCkIHAS+8CRG2vFJn8fHca0ezh5NORm72mkk1XJRvcuT3PelFHmTo+8KP5OR7ez/2fuIcdGiAD+b2i3e+sfFqMTeUrSfNpunUyXCuTC+ottvD15QxCFhRNfVkTvbOhatQUPyKDv4sjFTxoXvcC8oVH1r9Q=="}^_^2ms,220ms,9ms^_^trace_id:060d663d178507123856380328178
26-07-26.21:07:18.659 [scheduling-1    ] INFO  NoPayNotifyOrderJob    - 检测未接收到或未正确处理的支付回调通知，订单未支付成功 orderId:05687486819141 code:40004 tradeStatus:null
26-07-26.21:07:26.227 [scheduling-1    ] ERROR err                    - 2026-07-26 21:07:26^_^alipay.trade.query^_^null^_^192.168.73.1^_^Windows 11^_^alipay-sdk-java-4.38.157.ALL^_^https://openapi-sandbox.dl.alipaydev.com/gateway.do?charset=utf-8&method=alipay.trade.query&sign=MQoGXsQ8B7scS2Z1lIDYx7MihQ%2FtZan4aSA%2F9YuC%2FWHVc%2FIsnhZ3d8ge0yquxPQ7DOk3vQ8711eBzfiaCfyhhurmb%2BHtxE1A2DQFzpPtLIcB0VinxDE87neDLo1miHQxaqzowCevzH6FBj5Vt5JRn%2BT2my9d33RQfW5jDnr8fOmqmjRg1i9T5MpLnsP%2Fmjj%2FdePS2Y%2BXjxNFlh30Bw5raH1JbO2TRfqQRU7YXHaLXWdbQ4qngT05p2xFLk6TgVrPLYUu32qYzfXSgj79HZRwtezEiQGvnGe5%2FMys5y3Z8LhzM8QN0HOIEZ2j4SDS66r7%2B2yCep8zM2ihVCT%2FAJpWtQ%3D%3D&version=1.0&app_id=9021000165677275&sign_type=RSA2&timestamp=2026-07-26+21%3A07%3A21&alipay_sdk=alipay-sdk-java-4.38.157.ALL&format=json^_^^_^<!DOCTYPE HTML PUBLIC "-//IETF//DTD HTML 2.0//EN"> <html> <head><title>504 Gateway Time-out</title></head> <body bgcolor="white"> <h1>504 Gateway Time-out</h1> <p>The gateway did not receive a timely response from the upstream server or application. Sorry for the inconvenience.<br/> Please report this message and include the following information to us.<br/> Thank you very much!</p> <table> <tr> <td>URL:</td> <td>http://openapi-sandbox.dl.alipaydev.com/gateway.do?charset=utf-8&amp;method=alipay.trade.query&amp;sign=MQoGXsQ8B7scS2Z1lIDYx7MihQ%2FtZan4aSA%2F9YuC%2FWHVc%2FIsnhZ3d8ge0yquxPQ7DOk3vQ8711eBzfiaCfyhhurmb%2BHtxE1A2DQFzpPtLIcB0VinxDE87neDLo1miHQxaqzowCevzH6FBj5Vt5JRn%2BT2my9d33RQfW5jDnr8fOmqmjRg1i9T5MpLnsP%2Fmjj%2FdePS2Y%2BXjxNFlh30Bw5raH1JbO2TRfqQRU7YXHaLXWdbQ4qngT05p2xFLk6TgVrPLYUu32qYzfXSgj79HZRwtezEiQGvnGe5%2FMys5y3Z8LhzM8QN0HOIEZ2j4SDS66r7%2B2yCep8zM2ihVCT%2FAJpWtQ%3D%3D&amp;version=1.0&amp;app_id=9021000165677275&amp;sign_type=RSA2&amp;timestamp=2026-07-26+21%3A07%3A21&amp;alipay_sdk=alipay-sdk-java-4.38.157.ALL&amp;format=json</td> </tr> <tr> <td>Server:</td> <td>openapi-55.rz21a.sandbox.alipay.net</td> </tr> <tr> <td>Date:</td> <td>2026/07/26 21:07:26</td> </tr> </table> <hr/>Powered by Tengine </body> </html> 
26-07-26.21:07:26.227 [scheduling-1    ] ERROR NoPayNotifyOrderJob    - 检测未接收到或未正确处理的支付回调通知失败
com.alipay.api.AlipayApiException: java.io.IOException: <!DOCTYPE HTML PUBLIC "-//IETF//DTD HTML 2.0//EN">
<html>
<head><title>504 Gateway Time-out</title></head>
<body bgcolor="white">
<h1>504 Gateway Time-out</h1>
<p>The gateway did not receive a timely response from the upstream server or application. Sorry for the inconvenience.<br/>
Please report this message and include the following information to us.<br/>
Thank you very much!</p>
<table>
<tr>
<td>URL:</td>
<td>http://openapi-sandbox.dl.alipaydev.com/gateway.do?charset=utf-8&amp;method=alipay.trade.query&amp;sign=MQoGXsQ8B7scS2Z1lIDYx7MihQ%2FtZan4aSA%2F9YuC%2FWHVc%2FIsnhZ3d8ge0yquxPQ7DOk3vQ8711eBzfiaCfyhhurmb%2BHtxE1A2DQFzpPtLIcB0VinxDE87neDLo1miHQxaqzowCevzH6FBj5Vt5JRn%2BT2my9d33RQfW5jDnr8fOmqmjRg1i9T5MpLnsP%2Fmjj%2FdePS2Y%2BXjxNFlh30Bw5raH1JbO2TRfqQRU7YXHaLXWdbQ4qngT05p2xFLk6TgVrPLYUu32qYzfXSgj79HZRwtezEiQGvnGe5%2FMys5y3Z8LhzM8QN0HOIEZ2j4SDS66r7%2B2yCep8zM2ihVCT%2FAJpWtQ%3D%3D&amp;version=1.0&amp;app_id=9021000165677275&amp;sign_type=RSA2&amp;timestamp=2026-07-26+21%3A07%3A21&amp;alipay_sdk=alipay-sdk-java-4.38.157.ALL&amp;format=json</td>
</tr>
<tr>
<td>Server:</td>
<td>openapi-55.rz21a.sandbox.alipay.net</td>
</tr>
<tr>
<td>Date:</td>
<td>2026/07/26 21:07:26</td>
</tr>
</table>
<hr/>Powered by Tengine
</body>
</html>

	at com.alipay.api.AbstractAlipayClient.doPost(AbstractAlipayClient.java:1015)
	at com.alipay.api.AbstractAlipayClient._execute(AbstractAlipayClient.java:921)
	at com.alipay.api.AbstractAlipayClient.execute(AbstractAlipayClient.java:395)
	at com.alipay.api.AbstractAlipayClient.execute(AbstractAlipayClient.java:377)
	at com.alipay.api.AbstractAlipayClient.execute(AbstractAlipayClient.java:372)
	at com.alipay.api.AbstractAlipayClient.execute(AbstractAlipayClient.java:366)
	at cn.bugstack.trigger.job.NoPayNotifyOrderJob.exec(NoPayNotifyOrderJob.java:42)
	at jdk.internal.reflect.GeneratedMethodAccessor23.invoke(Unknown Source)
	at java.base/jdk.internal.reflect.DelegatingMethodAccessorImpl.invoke(DelegatingMethodAccessorImpl.java:43)
	at java.base/java.lang.reflect.Method.invoke(Method.java:566)
	at org.springframework.scheduling.support.ScheduledMethodRunnable.run(ScheduledMethodRunnable.java:84)
	at org.springframework.scheduling.support.DelegatingErrorHandlingRunnable.run(DelegatingErrorHandlingRunnable.java:54)
	at org.springframework.scheduling.concurrent.ReschedulingRunnable.run(ReschedulingRunnable.java:95)
	at java.base/java.util.concurrent.Executors$RunnableAdapter.call(Executors.java:515)
	at java.base/java.util.concurrent.FutureTask.run(FutureTask.java:264)
	at java.base/java.util.concurrent.ScheduledThreadPoolExecutor$ScheduledFutureTask.run(ScheduledThreadPoolExecutor.java:304)
	at java.base/java.util.concurrent.ThreadPoolExecutor.runWorker(ThreadPoolExecutor.java:1128)
	at java.base/java.util.concurrent.ThreadPoolExecutor$Worker.run(ThreadPoolExecutor.java:628)
	at java.base/java.lang.Thread.run(Thread.java:829)
Caused by: java.io.IOException: <!DOCTYPE HTML PUBLIC "-//IETF//DTD HTML 2.0//EN">
<html>
<head><title>504 Gateway Time-out</title></head>
<body bgcolor="white">
<h1>504 Gateway Time-out</h1>
<p>The gateway did not receive a timely response from the upstream server or application. Sorry for the inconvenience.<br/>
Please report this message and include the following information to us.<br/>
Thank you very much!</p>
<table>
<tr>
<td>URL:</td>
<td>http://openapi-sandbox.dl.alipaydev.com/gateway.do?charset=utf-8&amp;method=alipay.trade.query&amp;sign=MQoGXsQ8B7scS2Z1lIDYx7MihQ%2FtZan4aSA%2F9YuC%2FWHVc%2FIsnhZ3d8ge0yquxPQ7DOk3vQ8711eBzfiaCfyhhurmb%2BHtxE1A2DQFzpPtLIcB0VinxDE87neDLo1miHQxaqzowCevzH6FBj5Vt5JRn%2BT2my9d33RQfW5jDnr8fOmqmjRg1i9T5MpLnsP%2Fmjj%2FdePS2Y%2BXjxNFlh30Bw5raH1JbO2TRfqQRU7YXHaLXWdbQ4qngT05p2xFLk6TgVrPLYUu32qYzfXSgj79HZRwtezEiQGvnGe5%2FMys5y3Z8LhzM8QN0HOIEZ2j4SDS66r7%2B2yCep8zM2ihVCT%2FAJpWtQ%3D%3D&amp;version=1.0&amp;app_id=9021000165677275&amp;sign_type=RSA2&amp;timestamp=2026-07-26+21%3A07%3A21&amp;alipay_sdk=alipay-sdk-java-4.38.157.ALL&amp;format=json</td>
</tr>
<tr>
<td>Server:</td>
<td>openapi-55.rz21a.sandbox.alipay.net</td>
</tr>
<tr>
<td>Date:</td>
<td>2026/07/26 21:07:26</td>
</tr>
</table>
<hr/>Powered by Tengine
</body>
</html>

	at com.alipay.api.internal.util.WebUtils.getResponseAsString(WebUtils.java:520)
	at com.alipay.api.internal.util.WebUtils.doPost(WebUtils.java:181)
	at com.alipay.api.internal.util.WebUtils.doPost(WebUtils.java:142)
	at com.alipay.api.AbstractAlipayClient.doPost(AbstractAlipayClient.java:1003)
	... 18 common frames omitted
26-07-26.21:07:32.172 [scheduling-1    ] ERROR err                    - 2026-07-26 21:07:32^_^alipay.trade.query^_^null^_^192.168.73.1^_^Windows 11^_^alipay-sdk-java-4.38.157.ALL^_^https://openapi-sandbox.dl.alipaydev.com/gateway.do?charset=utf-8&method=alipay.trade.query&sign=IpJdWNJIeX8T8AAPMQgMI7K5wxXRKbCuWavTfhBH0xFdItmB5fjVuKuqINLKBod7jKFE7HUTqCfBtWXwM0rKjUVTWdT%2FxCDlR6XKbvgqUPZsdV3DmuI1xt%2BbIvX%2F3TMKzR34QvoH4RUiRbQIzofEkjBbHzPmXI35izLHUZtDtz28cZa11a2MvQMwSzSUrBpup8SFDddo8i09jhXqv1DsxORVh6JRs9ErndGwLrX4OsHq5q%2FcfzMK%2BIxirmHsba64Y%2FvMAeGl9kUod0t%2F8%2FYHxo6SONKPLh1e42KUbUSEiJqS33RQ8aeEXvNTkmGKS8ol1GdoZUyJ%2BwM4luVbw%2FyYVA%3D%3D&version=1.0&app_id=9021000165677275&sign_type=RSA2&timestamp=2026-07-26+21%3A07%3A27&alipay_sdk=alipay-sdk-java-4.38.157.ALL&format=json^_^^_^<!DOCTYPE HTML PUBLIC "-//IETF//DTD HTML 2.0//EN"> <html> <head><title>504 Gateway Time-out</title></head> <body bgcolor="white"> <h1>504 Gateway Time-out</h1> <p>The gateway did not receive a timely response from the upstream server or application. Sorry for the inconvenience.<br/> Please report this message and include the following information to us.<br/> Thank you very much!</p> <table> <tr> <td>URL:</td> <td>http://openapi-sandbox.dl.alipaydev.com/gateway.do?charset=utf-8&amp;method=alipay.trade.query&amp;sign=IpJdWNJIeX8T8AAPMQgMI7K5wxXRKbCuWavTfhBH0xFdItmB5fjVuKuqINLKBod7jKFE7HUTqCfBtWXwM0rKjUVTWdT%2FxCDlR6XKbvgqUPZsdV3DmuI1xt%2BbIvX%2F3TMKzR34QvoH4RUiRbQIzofEkjBbHzPmXI35izLHUZtDtz28cZa11a2MvQMwSzSUrBpup8SFDddo8i09jhXqv1DsxORVh6JRs9ErndGwLrX4OsHq5q%2FcfzMK%2BIxirmHsba64Y%2FvMAeGl9kUod0t%2F8%2FYHxo6SONKPLh1e42KUbUSEiJqS33RQ8aeEXvNTkmGKS8ol1GdoZUyJ%2BwM4luVbw%2FyYVA%3D%3D&amp;version=1.0&amp;app_id=9021000165677275&amp;sign_type=RSA2&amp;timestamp=2026-07-26+21%3A07%3A27&amp;alipay_sdk=alipay-sdk-java-4.38.157.ALL&amp;format=json</td> </tr> <tr> <td>Server:</td> <td>openapi-55.rz21a.sandbox.alipay.net</td> </tr> <tr> <td>Date:</td> <td>2026/07/26 21:07:32</td> </tr> </table> <hr/>Powered by Tengine </body> </html> 
26-07-26.21:07:32.172 [scheduling-1    ] ERROR NoPayNotifyOrderJob    - 检测未接收到或未正确处理的支付回调通知失败
com.alipay.api.AlipayApiException: java.io.IOException: <!DOCTYPE HTML PUBLIC "-//IETF//DTD HTML 2.0//EN">
<html>
<head><title>504 Gateway Time-out</title></head>
<body bgcolor="white">
<h1>504 Gateway Time-out</h1>
<p>The gateway did not receive a timely response from the upstream server or application. Sorry for the inconvenience.<br/>
Please report this message and include the following information to us.<br/>
Thank you very much!</p>
<table>
<tr>
<td>URL:</td>
<td>http://openapi-sandbox.dl.alipaydev.com/gateway.do?charset=utf-8&amp;method=alipay.trade.query&amp;sign=IpJdWNJIeX8T8AAPMQgMI7K5wxXRKbCuWavTfhBH0xFdItmB5fjVuKuqINLKBod7jKFE7HUTqCfBtWXwM0rKjUVTWdT%2FxCDlR6XKbvgqUPZsdV3DmuI1xt%2BbIvX%2F3TMKzR34QvoH4RUiRbQIzofEkjBbHzPmXI35izLHUZtDtz28cZa11a2MvQMwSzSUrBpup8SFDddo8i09jhXqv1DsxORVh6JRs9ErndGwLrX4OsHq5q%2FcfzMK%2BIxirmHsba64Y%2FvMAeGl9kUod0t%2F8%2FYHxo6SONKPLh1e42KUbUSEiJqS33RQ8aeEXvNTkmGKS8ol1GdoZUyJ%2BwM4luVbw%2FyYVA%3D%3D&amp;version=1.0&amp;app_id=9021000165677275&amp;sign_type=RSA2&amp;timestamp=2026-07-26+21%3A07%3A27&amp;alipay_sdk=alipay-sdk-java-4.38.157.ALL&amp;format=json</td>
</tr>
<tr>
<td>Server:</td>
<td>openapi-55.rz21a.sandbox.alipay.net</td>
</tr>
<tr>
<td>Date:</td>
<td>2026/07/26 21:07:32</td>
</tr>
</table>
<hr/>Powered by Tengine
</body>
</html>

	at com.alipay.api.AbstractAlipayClient.doPost(AbstractAlipayClient.java:1015)
	at com.alipay.api.AbstractAlipayClient._execute(AbstractAlipayClient.java:921)
	at com.alipay.api.AbstractAlipayClient.execute(AbstractAlipayClient.java:395)
	at com.alipay.api.AbstractAlipayClient.execute(AbstractAlipayClient.java:377)
	at com.alipay.api.AbstractAlipayClient.execute(AbstractAlipayClient.java:372)
	at com.alipay.api.AbstractAlipayClient.execute(AbstractAlipayClient.java:366)
	at cn.bugstack.trigger.job.NoPayNotifyOrderJob.exec(NoPayNotifyOrderJob.java:42)
	at jdk.internal.reflect.GeneratedMethodAccessor23.invoke(Unknown Source)
	at java.base/jdk.internal.reflect.DelegatingMethodAccessorImpl.invoke(DelegatingMethodAccessorImpl.java:43)
	at java.base/java.lang.reflect.Method.invoke(Method.java:566)
	at org.springframework.scheduling.support.ScheduledMethodRunnable.run(ScheduledMethodRunnable.java:84)
	at org.springframework.scheduling.support.DelegatingErrorHandlingRunnable.run(DelegatingErrorHandlingRunnable.java:54)
	at org.springframework.scheduling.concurrent.ReschedulingRunnable.run(ReschedulingRunnable.java:95)
	at java.base/java.util.concurrent.Executors$RunnableAdapter.call(Executors.java:515)
	at java.base/java.util.concurrent.FutureTask.run(FutureTask.java:264)
	at java.base/java.util.concurrent.ScheduledThreadPoolExecutor$ScheduledFutureTask.run(ScheduledThreadPoolExecutor.java:304)
	at java.base/java.util.concurrent.ThreadPoolExecutor.runWorker(ThreadPoolExecutor.java:1128)
	at java.base/java.util.concurrent.ThreadPoolExecutor$Worker.run(ThreadPoolExecutor.java:628)
	at java.base/java.lang.Thread.run(Thread.java:829)
Caused by: java.io.IOException: <!DOCTYPE HTML PUBLIC "-//IETF//DTD HTML 2.0//EN">
<html>
<head><title>504 Gateway Time-out</title></head>
<body bgcolor="white">
<h1>504 Gateway Time-out</h1>
<p>The gateway did not receive a timely response from the upstream server or application. Sorry for the inconvenience.<br/>
Please report this message and include the following information to us.<br/>
Thank you very much!</p>
<table>
<tr>
<td>URL:</td>
<td>http://openapi-sandbox.dl.alipaydev.com/gateway.do?charset=utf-8&amp;method=alipay.trade.query&amp;sign=IpJdWNJIeX8T8AAPMQgMI7K5wxXRKbCuWavTfhBH0xFdItmB5fjVuKuqINLKBod7jKFE7HUTqCfBtWXwM0rKjUVTWdT%2FxCDlR6XKbvgqUPZsdV3DmuI1xt%2BbIvX%2F3TMKzR34QvoH4RUiRbQIzofEkjBbHzPmXI35izLHUZtDtz28cZa11a2MvQMwSzSUrBpup8SFDddo8i09jhXqv1DsxORVh6JRs9ErndGwLrX4OsHq5q%2FcfzMK%2BIxirmHsba64Y%2FvMAeGl9kUod0t%2F8%2FYHxo6SONKPLh1e42KUbUSEiJqS33RQ8aeEXvNTkmGKS8ol1GdoZUyJ%2BwM4luVbw%2FyYVA%3D%3D&amp;version=1.0&amp;app_id=9021000165677275&amp;sign_type=RSA2&amp;timestamp=2026-07-26+21%3A07%3A27&amp;alipay_sdk=alipay-sdk-java-4.38.157.ALL&amp;format=json</td>
</tr>
<tr>
<td>Server:</td>
<td>openapi-55.rz21a.sandbox.alipay.net</td>
</tr>
<tr>
<td>Date:</td>
<td>2026/07/26 21:07:32</td>
</tr>
</table>
<hr/>Powered by Tengine
</body>
</html>

	at com.alipay.api.internal.util.WebUtils.getResponseAsString(WebUtils.java:520)
	at com.alipay.api.internal.util.WebUtils.doPost(WebUtils.java:181)
	at com.alipay.api.internal.util.WebUtils.doPost(WebUtils.java:142)
	at com.alipay.api.AbstractAlipayClient.doPost(AbstractAlipayClient.java:1003)
	... 18 common frames omitted
26-07-26.21:07:34.021 [scheduling-1    ] ERROR err                    - ErrorScene^_^40004^_^ACQ.TRADE_NOT_EXIST^_^192.168.73.1^_^Windows 11^_^2026-07-26 21:07:34^_^ProtocalMustParams:charset=utf-8&method=alipay.trade.query&sign=AHmDA7eG7Oe+xhFvn+UaFaucIx/YWUMECrKLTxNbot3v9MEvn1JHDNgXTXsiaqNkX1hWXO2OqOAva746ssrK8Wp4Sw9/8cnIekKGSdJYljj3kIb90BdUlvCTECGg+nED/KMAhcWGITnShIpMNCMVdIUyyv5OH2XxykwXgXlFUHy7aNs/iva7bwuNkNh9LlgjQaMdfRnaHHIK43FuNlN3+eNB4kbWbwQ2EpnJ7pWzvw3ObttYOYLGEPs0NGIY3sAWf+Q4QO/E5hHBC/GNBo/Z0qkb0PLznhDF2ILQEpMlgux01iqlH9UN+Nz6yyXxJNz7brYES2t7T3IgY8Bc2gmiuQ==&version=1.0&app_id=9021000165677275&sign_type=RSA2&timestamp=2026-07-26 21:07:33^_^ProtocalOptParams:alipay_sdk=alipay-sdk-java-4.38.157.ALL&format=json^_^ApplicationParams:traceId=060d663d178507125372280958178&biz_content={"out_trade_no":"59214591885269"}^_^Body:{"alipay_trade_query_response":{"msg":"Business Failed","code":"40004","out_trade_no":"59214591885269","sub_msg":"交易不存在","sub_code":"ACQ.TRADE_NOT_EXIST","receipt_amount":"0.00","point_amount":"0.00","buyer_pay_amount":"0.00","invoice_amount":"0.00"},"sign":"IlGZ9x5UhNF2eAqdNMzeNXtVmLVeP4WAHqOs3UIoTeNqOZPSKddjkKWyTMN0yOnmdmvXLs65xA8iLe3vMAOcTv3IRc5Ly+sfXiILXIoyDMo48N1nGL00QjpY712N35H3czuLP1upFRYorbFoh87mPrUkchUunF+PEBdfORFul87T4s2hkFE5Fl1M1wxQAAUDsoOdZiXF4N0VIlZn8XpWkwGhUJTSzC4T5bTxJpGdI0AVbbLy9QZu0eXIaXEtwYSVDV1oFLVBE/DEmKpridtTn9/6ZOtOpBhjgylpbP+J+f2SCp37feezNW+mRc7kxKeaJfjjdbn7pTI1TeynheyWLQ=="}^_^7ms,1000ms,9ms^_^trace_id:060d663d178507125372280958178
26-07-26.21:07:34.021 [scheduling-1    ] INFO  NoPayNotifyOrderJob    - 检测未接收到或未正确处理的支付回调通知，订单未支付成功 orderId:59214591885269 code:40004 tradeStatus:null
26-07-26.21:07:34.396 [scheduling-1    ] ERROR err                    - ErrorScene^_^40004^_^ACQ.TRADE_NOT_EXIST^_^192.168.73.1^_^Windows 11^_^2026-07-26 21:07:34^_^ProtocalMustParams:charset=utf-8&method=alipay.trade.query&sign=ixAm+viJJU18TQrZaoAyu84L9tsQQN8LyKtwqIpa1O7t/Dt6pUYYanfsQl1J7uat04FiNkV8I6Bn2tabKUdWIrfvPRs+ZqEj1mCoAaaBcZIFAIaA2yrWfHo6FL4rS6GsrUEDG9kE9WEhkO11PCsm5GuQZPEtRetsaJ2rTFdVPgOijG1wKVr7+fGfcyrMP8vbOPchnyh3D8mznpE/tmVt86InTweLbWi7Wc1J+LGFnEz1K7mj8X+jc1Lc+D59Y4Ik9GWp5cl8Qjb+OYgwW4pFDU++vkMkXAr6uB+wn56ax7vxHCA/8KPE7lA+Kg5XAOYqrmjM3bq0QVzOzbEcnghOQg==&version=1.0&app_id=9021000165677275&sign_type=RSA2&timestamp=2026-07-26 21:07:34^_^ProtocalOptParams:alipay_sdk=alipay-sdk-java-4.38.157.ALL&format=json^_^ApplicationParams:traceId=06020e08178507125414557182433085&biz_content={"out_trade_no":"63015243383423"}^_^Body:{"alipay_trade_query_response":{"msg":"Business Failed","code":"40004","out_trade_no":"63015243383423","sub_msg":"交易不存在","sub_code":"ACQ.TRADE_NOT_EXIST","receipt_amount":"0.00","point_amount":"0.00","buyer_pay_amount":"0.00","invoice_amount":"0.00"},"sign":"j/BKxEaDkp40hVZnDvR3FjkafML/EKkrgK5tm3o7RpXke6JHNNHQj7dtxjFXrid2kn398BXbOviGV9OREaHEsGkNi7IoyBK1JYReqxxHw+KZz8rrBoqtEmOs09WNzTcKyl/5ieUTw21MI9LZ5QoNI9FiQB3n5vdZv5nJ4536haXV/1ocYO4eOii1Wdd47onG0oGH6w7WLvZT+jP9UP1EcysxWQjk4vfPC2p1W/SB9gAsXt/vZ3hDDoI08AIACsojEfWvD71/4rGQQEyT4naQANCIzeGTzHZEfSOYngieu+N8sDW52hL5yDXMIaHr563fJPxX8LcKEtAYz+SGdbzTrw=="}^_^8ms,359ms,8ms^_^trace_id:06020e08178507125414557182433085
26-07-26.21:07:34.396 [scheduling-1    ] INFO  NoPayNotifyOrderJob    - 检测未接收到或未正确处理的支付回调通知，订单未支付成功 orderId:63015243383423 code:40004 tradeStatus:null
26-07-26.21:07:34.636 [scheduling-1    ] ERROR err                    - ErrorScene^_^40004^_^ACQ.TRADE_NOT_EXIST^_^192.168.73.1^_^Windows 11^_^2026-07-26 21:07:34^_^ProtocalMustParams:charset=utf-8&method=alipay.trade.query&sign=NBLu0H4NTSjD6iVIFt/IP+zl2LsrTofSedSUmQVUTcJbQ40T13TpCxTE/7rMM6chJrtH++z1YXKJKp5TVVDM98I7gX3/+ZHs5sKZXeW+0R+H2ZirjvSKhCVMRwKjTU5Grj2SKCN5i/HNs53CfB8HyQ6nFvHTeXvFm23S44Ew7QxfF0cGpdp+te/1DQPn2yICCqeOPC7gdeAhjXJeokTCAKUELaXhut8DIzZwKwPfdJ25SLlwb+IDYB+FVfLpbbS+MfbNctSGJuCY6VImFBTGu29PK940kxK206LRwfjWCeOOLhMLie9ZX/eb4W4h/+N8nGubOq7zSxEQJALi624HZQ==&version=1.0&app_id=9021000165677275&sign_type=RSA2&timestamp=2026-07-26 21:07:34^_^ProtocalOptParams:alipay_sdk=alipay-sdk-java-4.38.157.ALL&format=json^_^ApplicationParams:traceId=06020e08178507125453557212433085&biz_content={"out_trade_no":"05687486819141"}^_^Body:{"alipay_trade_query_response":{"msg":"Business Failed","code":"40004","out_trade_no":"05687486819141","sub_msg":"交易不存在","sub_code":"ACQ.TRADE_NOT_EXIST","receipt_amount":"0.00","point_amount":"0.00","buyer_pay_amount":"0.00","invoice_amount":"0.00"},"sign":"X8+5Q6lbdoyyrQqpUwxTqfCXdBXg7ThJc2U+u8qezqbw+E5fcgtCqABatoc1r72W+dsojv3i6bkcvvMz3DRr5ahBjxU4gwSWCgz4TBIO+/iTBt57VZmROgv9LqvWSmIQTYHEWA0iBdvVQ8wabF8mzeGODzJcDm0eGuZrLQUuAfb7EsMddzf5Fpsu5TpWoCkIHAS+8CRG2vFJn8fHca0ezh5NORm72mkk1XJRvcuT3PelFHmTo+8KP5OR7ez/2fuIcdGiAD+b2i3e+sfFqMTeUrSfNpunUyXCuTC+ottvD15QxCFhRNfVkTvbOhatQUPyKDv4sjFTxoXvcC8oVH1r9Q=="}^_^8ms,223ms,9ms^_^trace_id:06020e08178507125453557212433085
26-07-26.21:07:34.636 [scheduling-1    ] INFO  NoPayNotifyOrderJob    - 检测未接收到或未正确处理的支付回调通知，订单未支付成功 orderId:05687486819141 code:40004 tradeStatus:null
26-07-26.21:07:36.275 [scheduling-1    ] ERROR err                    - ErrorScene^_^40004^_^ACQ.TRADE_NOT_EXIST^_^192.168.73.1^_^Windows 11^_^2026-07-26 21:07:36^_^ProtocalMustParams:charset=utf-8&method=alipay.trade.query&sign=Kb9YTW8QL5/5ROH6cXGlRI+ueV1/WUl+HoWUtV/9VsHboa4TnVbusTrJxkIWBpAKsFRvVF23fpuzqjQwOrQycOYFdzP3k4JNL8Bq79SYvSwdipQcBM/+0ygVfmb2bPyk9QASx53qeTmhU6mAPDJz6mqXkgDdDIfRnfhu57OVsticX6DntDA/ELC9A6rNao/Li/bAaLq3kOcWBMID2xikVedgzKEiOMJqUwFmKDeFEq7llj/5ueCajYl4zK7b4kBZ9Le1mWSyILzteTTxvWl7/7GTKfXHZHi+hWIvXvY1eE5pazHzGN5woZPyT7w/U5rVXk85T8wEl42zng4igR3P+g==&version=1.0&app_id=9021000165677275&sign_type=RSA2&timestamp=2026-07-26 21:07:36^_^ProtocalOptParams:alipay_sdk=alipay-sdk-java-4.38.157.ALL&format=json^_^ApplicationParams:traceId=060001f3178507125613918402231288&biz_content={"out_trade_no":"59214591885269"}^_^Body:{"alipay_trade_query_response":{"msg":"Business Failed","code":"40004","out_trade_no":"59214591885269","sub_msg":"交易不存在","sub_code":"ACQ.TRADE_NOT_EXIST","receipt_amount":"0.00","point_amount":"0.00","buyer_pay_amount":"0.00","invoice_amount":"0.00"},"sign":"IlGZ9x5UhNF2eAqdNMzeNXtVmLVeP4WAHqOs3UIoTeNqOZPSKddjkKWyTMN0yOnmdmvXLs65xA8iLe3vMAOcTv3IRc5Ly+sfXiILXIoyDMo48N1nGL00QjpY712N35H3czuLP1upFRYorbFoh87mPrUkchUunF+PEBdfORFul87T4s2hkFE5Fl1M1wxQAAUDsoOdZiXF4N0VIlZn8XpWkwGhUJTSzC4T5bTxJpGdI0AVbbLy9QZu0eXIaXEtwYSVDV1oFLVBE/DEmKpridtTn9/6ZOtOpBhjgylpbP+J+f2SCp37feezNW+mRc7kxKeaJfjjdbn7pTI1TeynheyWLQ=="}^_^8ms,258ms,7ms^_^trace_id:060001f3178507125613918402231288
26-07-26.21:07:36.276 [scheduling-1    ] INFO  NoPayNotifyOrderJob    - 检测未接收到或未正确处理的支付回调通知，订单未支付成功 orderId:59214591885269 code:40004 tradeStatus:null
26-07-26.21:07:36.581 [scheduling-1    ] ERROR err                    - ErrorScene^_^40004^_^ACQ.TRADE_NOT_EXIST^_^192.168.73.1^_^Windows 11^_^2026-07-26 21:07:36^_^ProtocalMustParams:charset=utf-8&method=alipay.trade.query&sign=KFGHD+im9Idd+xGYdfzYUghi8MWxtIP3XiixUn1I9EEIF1tG3OAFYuPa16lPbQYUtX+Ha59MwBJ/6PH4cdLAfWiT6ofOfS3/CJuJvWDMT7vQ5hGbBZ5uXwos7t40sdSdawyY2fQizueQPCYnsOq5N2MREGgCDcT1S7RyXHpygutgUOYfcuqj1N9co9ihLW7RM0v2EOOtoTuLdqWFu4ggIgD17KtDfK+Z/tt0VfHHoO2l12FhAn2vWXWuY2Cbx9aKQNvW8VvWyXHMQvedSQNrPQ4zfqfuHmXxYQ7gy257nZwtDiM/LWaklhLESB+p0Hkt865W+Q5S/B58w0QvhuyrkQ==&version=1.0&app_id=9021000165677275&sign_type=RSA2&timestamp=2026-07-26 21:07:36^_^ProtocalOptParams:alipay_sdk=alipay-sdk-java-4.38.157.ALL&format=json^_^ApplicationParams:traceId=06002c4e178507125641171831578980&biz_content={"out_trade_no":"63015243383423"}^_^Body:{"alipay_trade_query_response":{"msg":"Business Failed","code":"40004","out_trade_no":"63015243383423","sub_msg":"交易不存在","sub_code":"ACQ.TRADE_NOT_EXIST","receipt_amount":"0.00","point_amount":"0.00","buyer_pay_amount":"0.00","invoice_amount":"0.00"},"sign":"j/BKxEaDkp40hVZnDvR3FjkafML/EKkrgK5tm3o7RpXke6JHNNHQj7dtxjFXrid2kn398BXbOviGV9OREaHEsGkNi7IoyBK1JYReqxxHw+KZz8rrBoqtEmOs09WNzTcKyl/5ieUTw21MI9LZ5QoNI9FiQB3n5vdZv5nJ4536haXV/1ocYO4eOii1Wdd47onG0oGH6w7WLvZT+jP9UP1EcysxWQjk4vfPC2p1W/SB9gAsXt/vZ3hDDoI08AIACsojEfWvD71/4rGQQEyT4naQANCIzeGTzHZEfSOYngieu+N8sDW52hL5yDXMIaHr563fJPxX8LcKEtAYz+SGdbzTrw=="}^_^8ms,288ms,9ms^_^trace_id:06002c4e178507125641171831578980
26-07-26.21:07:36.581 [scheduling-1    ] INFO  NoPayNotifyOrderJob    - 检测未接收到或未正确处理的支付回调通知，订单未支付成功 orderId:63015243383423 code:40004 tradeStatus:null
26-07-26.21:07:41.748 [scheduling-1    ] ERROR err                    - 2026-07-26 21:07:41^_^alipay.trade.query^_^null^_^192.168.73.1^_^Windows 11^_^alipay-sdk-java-4.38.157.ALL^_^https://openapi-sandbox.dl.alipaydev.com/gateway.do?charset=utf-8&method=alipay.trade.query&sign=Ri9jJ0YAzrbL0BFxqJV%2FCvg7cwZLUTL4jk3vR0wrVlAPDl8Q3UwiqjG4R3cUG%2F35RsKCvVxsxRlwejQ7sLEdwJ6YBQaQIPDaDWgSbM7iqLpP0It8HTF6BVD5hhJ%2B3N4IcW9ix50%2B70DTKlxl1ZsRDgJD0PYEiSxhYCR6G7j4xUpF%2F6mzbHbhNsGTUFpwVl%2BRe1xTy3fHSQNiD8grOnsUiehzgSHfDIOrZEPDJUBhywiWbP9FOhQ5sNTDChZGXjrdfD7Fpll3z2vxnxwcOdhcfudLu%2BghfwagMi6v%2BB0pOU4s9AFBrtA1j3TURiwUaaK%2FU3Luet8hT0Fub9ANvCKFFw%3D%3D&version=1.0&app_id=9021000165677275&sign_type=RSA2&timestamp=2026-07-26+21%3A07%3A36&alipay_sdk=alipay-sdk-java-4.38.157.ALL&format=json^_^^_^<!DOCTYPE HTML PUBLIC "-//IETF//DTD HTML 2.0//EN"> <html> <head><title>504 Gateway Time-out</title></head> <body bgcolor="white"> <h1>504 Gateway Time-out</h1> <p>The gateway did not receive a timely response from the upstream server or application. Sorry for the inconvenience.<br/> Please report this message and include the following information to us.<br/> Thank you very much!</p> <table> <tr> <td>URL:</td> <td>http://openapi-sandbox.dl.alipaydev.com/gateway.do?charset=utf-8&amp;method=alipay.trade.query&amp;sign=Ri9jJ0YAzrbL0BFxqJV%2FCvg7cwZLUTL4jk3vR0wrVlAPDl8Q3UwiqjG4R3cUG%2F35RsKCvVxsxRlwejQ7sLEdwJ6YBQaQIPDaDWgSbM7iqLpP0It8HTF6BVD5hhJ%2B3N4IcW9ix50%2B70DTKlxl1ZsRDgJD0PYEiSxhYCR6G7j4xUpF%2F6mzbHbhNsGTUFpwVl%2BRe1xTy3fHSQNiD8grOnsUiehzgSHfDIOrZEPDJUBhywiWbP9FOhQ5sNTDChZGXjrdfD7Fpll3z2vxnxwcOdhcfudLu%2BghfwagMi6v%2BB0pOU4s9AFBrtA1j3TURiwUaaK%2FU3Luet8hT0Fub9ANvCKFFw%3D%3D&amp;version=1.0&amp;app_id=9021000165677275&amp;sign_type=RSA2&amp;timestamp=2026-07-26+21%3A07%3A36&amp;alipay_sdk=alipay-sdk-java-4.38.157.ALL&amp;format=json</td> </tr> <tr> <td>Server:</td> <td>openapi-55.rz21a.sandbox.alipay.net</td> </tr> <tr> <td>Date:</td> <td>2026/07/26 21:07:41</td> </tr> </table> <hr/>Powered by Tengine </body> </html> 
26-07-26.21:07:41.748 [scheduling-1    ] ERROR NoPayNotifyOrderJob    - 检测未接收到或未正确处理的支付回调通知失败
com.alipay.api.AlipayApiException: java.io.IOException: <!DOCTYPE HTML PUBLIC "-//IETF//DTD HTML 2.0//EN">
<html>
<head><title>504 Gateway Time-out</title></head>
<body bgcolor="white">
<h1>504 Gateway Time-out</h1>
<p>The gateway did not receive a timely response from the upstream server or application. Sorry for the inconvenience.<br/>
Please report this message and include the following information to us.<br/>
Thank you very much!</p>
<table>
<tr>
<td>URL:</td>
<td>http://openapi-sandbox.dl.alipaydev.com/gateway.do?charset=utf-8&amp;method=alipay.trade.query&amp;sign=Ri9jJ0YAzrbL0BFxqJV%2FCvg7cwZLUTL4jk3vR0wrVlAPDl8Q3UwiqjG4R3cUG%2F35RsKCvVxsxRlwejQ7sLEdwJ6YBQaQIPDaDWgSbM7iqLpP0It8HTF6BVD5hhJ%2B3N4IcW9ix50%2B70DTKlxl1ZsRDgJD0PYEiSxhYCR6G7j4xUpF%2F6mzbHbhNsGTUFpwVl%2BRe1xTy3fHSQNiD8grOnsUiehzgSHfDIOrZEPDJUBhywiWbP9FOhQ5sNTDChZGXjrdfD7Fpll3z2vxnxwcOdhcfudLu%2BghfwagMi6v%2BB0pOU4s9AFBrtA1j3TURiwUaaK%2FU3Luet8hT0Fub9ANvCKFFw%3D%3D&amp;version=1.0&amp;app_id=9021000165677275&amp;sign_type=RSA2&amp;timestamp=2026-07-26+21%3A07%3A36&amp;alipay_sdk=alipay-sdk-java-4.38.157.ALL&amp;format=json</td>
</tr>
<tr>
<td>Server:</td>
<td>openapi-55.rz21a.sandbox.alipay.net</td>
</tr>
<tr>
<td>Date:</td>
<td>2026/07/26 21:07:41</td>
</tr>
</table>
<hr/>Powered by Tengine
</body>
</html>

	at com.alipay.api.AbstractAlipayClient.doPost(AbstractAlipayClient.java:1015)
	at com.alipay.api.AbstractAlipayClient._execute(AbstractAlipayClient.java:921)
	at com.alipay.api.AbstractAlipayClient.execute(AbstractAlipayClient.java:395)
	at com.alipay.api.AbstractAlipayClient.execute(AbstractAlipayClient.java:377)
	at com.alipay.api.AbstractAlipayClient.execute(AbstractAlipayClient.java:372)
	at com.alipay.api.AbstractAlipayClient.execute(AbstractAlipayClient.java:366)
	at cn.bugstack.trigger.job.NoPayNotifyOrderJob.exec(NoPayNotifyOrderJob.java:42)
	at jdk.internal.reflect.GeneratedMethodAccessor23.invoke(Unknown Source)
	at java.base/jdk.internal.reflect.DelegatingMethodAccessorImpl.invoke(DelegatingMethodAccessorImpl.java:43)
	at java.base/java.lang.reflect.Method.invoke(Method.java:566)
	at org.springframework.scheduling.support.ScheduledMethodRunnable.run(ScheduledMethodRunnable.java:84)
	at org.springframework.scheduling.support.DelegatingErrorHandlingRunnable.run(DelegatingErrorHandlingRunnable.java:54)
	at org.springframework.scheduling.concurrent.ReschedulingRunnable.run(ReschedulingRunnable.java:95)
	at java.base/java.util.concurrent.Executors$RunnableAdapter.call(Executors.java:515)
	at java.base/java.util.concurrent.FutureTask.run(FutureTask.java:264)
	at java.base/java.util.concurrent.ScheduledThreadPoolExecutor$ScheduledFutureTask.run(ScheduledThreadPoolExecutor.java:304)
	at java.base/java.util.concurrent.ThreadPoolExecutor.runWorker(ThreadPoolExecutor.java:1128)
	at java.base/java.util.concurrent.ThreadPoolExecutor$Worker.run(ThreadPoolExecutor.java:628)
	at java.base/java.lang.Thread.run(Thread.java:829)
Caused by: java.io.IOException: <!DOCTYPE HTML PUBLIC "-//IETF//DTD HTML 2.0//EN">
<html>
<head><title>504 Gateway Time-out</title></head>
<body bgcolor="white">
<h1>504 Gateway Time-out</h1>
<p>The gateway did not receive a timely response from the upstream server or application. Sorry for the inconvenience.<br/>
Please report this message and include the following information to us.<br/>
Thank you very much!</p>
<table>
<tr>
<td>URL:</td>
<td>http://openapi-sandbox.dl.alipaydev.com/gateway.do?charset=utf-8&amp;method=alipay.trade.query&amp;sign=Ri9jJ0YAzrbL0BFxqJV%2FCvg7cwZLUTL4jk3vR0wrVlAPDl8Q3UwiqjG4R3cUG%2F35RsKCvVxsxRlwejQ7sLEdwJ6YBQaQIPDaDWgSbM7iqLpP0It8HTF6BVD5hhJ%2B3N4IcW9ix50%2B70DTKlxl1ZsRDgJD0PYEiSxhYCR6G7j4xUpF%2F6mzbHbhNsGTUFpwVl%2BRe1xTy3fHSQNiD8grOnsUiehzgSHfDIOrZEPDJUBhywiWbP9FOhQ5sNTDChZGXjrdfD7Fpll3z2vxnxwcOdhcfudLu%2BghfwagMi6v%2BB0pOU4s9AFBrtA1j3TURiwUaaK%2FU3Luet8hT0Fub9ANvCKFFw%3D%3D&amp;version=1.0&amp;app_id=9021000165677275&amp;sign_type=RSA2&amp;timestamp=2026-07-26+21%3A07%3A36&amp;alipay_sdk=alipay-sdk-java-4.38.157.ALL&amp;format=json</td>
</tr>
<tr>
<td>Server:</td>
<td>openapi-55.rz21a.sandbox.alipay.net</td>
</tr>
<tr>
<td>Date:</td>
<td>2026/07/26 21:07:41</td>
</tr>
</table>
<hr/>Powered by Tengine
</body>
</html>

	at com.alipay.api.internal.util.WebUtils.getResponseAsString(WebUtils.java:520)
	at com.alipay.api.internal.util.WebUtils.doPost(WebUtils.java:181)
	at com.alipay.api.internal.util.WebUtils.doPost(WebUtils.java:142)
	at com.alipay.api.AbstractAlipayClient.doPost(AbstractAlipayClient.java:1003)
	... 18 common frames omitted
26-07-26.21:07:42.239 [scheduling-1    ] ERROR err                    - ErrorScene^_^40004^_^ACQ.TRADE_NOT_EXIST^_^192.168.73.1^_^Windows 11^_^2026-07-26 21:07:42^_^ProtocalMustParams:charset=utf-8&method=alipay.trade.query&sign=ocj1DlDgIwkudn6xMAG38Wyn24+8AwumeO5UTuSArGVR6laXruKlucNXjJssi/sRnm1k11eapvpEv85xsSzizBNPcLECSfLEzTot3ASNXsJnVl9knBSjCYv+EXQtxXzYCI62qD6oBYJBTHCGlGm7gWEtvWqYCBi1b4vUfUP8AJozxIMOFzz6SyIGQNLIzz/0KCrdlQM++CwEN7EyTfESy8uKfysRrJWH3AaU4S8aFb/ufmUtvMEd9bcZFCa4MclLhf4AvURsclK4l5OM7U7LwaO3Jvd+JnET0YIrTzOeTAb0YjgOk2ce98jBKBEPQ2ivoks6llZM4NHWQTYRVKdivQ==&version=1.0&app_id=9021000165677275&sign_type=RSA2&timestamp=2026-07-26 21:07:42^_^ProtocalOptParams:alipay_sdk=alipay-sdk-java-4.38.157.ALL&format=json^_^ApplicationParams:traceId=060d6922178507126214740643502569&biz_content={"out_trade_no":"59214591885269"}^_^Body:{"alipay_trade_query_response":{"msg":"Business Failed","code":"40004","out_trade_no":"59214591885269","sub_msg":"交易不存在","sub_code":"ACQ.TRADE_NOT_EXIST","receipt_amount":"0.00","point_amount":"0.00","buyer_pay_amount":"0.00","invoice_amount":"0.00"},"sign":"IlGZ9x5UhNF2eAqdNMzeNXtVmLVeP4WAHqOs3UIoTeNqOZPSKddjkKWyTMN0yOnmdmvXLs65xA8iLe3vMAOcTv3IRc5Ly+sfXiILXIoyDMo48N1nGL00QjpY712N35H3czuLP1upFRYorbFoh87mPrUkchUunF+PEBdfORFul87T4s2hkFE5Fl1M1wxQAAUDsoOdZiXF4N0VIlZn8XpWkwGhUJTSzC4T5bTxJpGdI0AVbbLy9QZu0eXIaXEtwYSVDV1oFLVBE/DEmKpridtTn9/6ZOtOpBhjgylpbP+J+f2SCp37feezNW+mRc7kxKeaJfjjdbn7pTI1TeynheyWLQ=="}^_^7ms,214ms,9ms^_^trace_id:060d6922178507126214740643502569
26-07-26.21:07:42.239 [scheduling-1    ] INFO  NoPayNotifyOrderJob    - 检测未接收到或未正确处理的支付回调通知，订单未支付成功 orderId:59214591885269 code:40004 tradeStatus:null
26-07-26.21:07:47.527 [scheduling-1    ] ERROR err                    - 2026-07-26 21:07:47^_^alipay.trade.query^_^null^_^192.168.73.1^_^Windows 11^_^alipay-sdk-java-4.38.157.ALL^_^https://openapi-sandbox.dl.alipaydev.com/gateway.do?charset=utf-8&method=alipay.trade.query&sign=lCpEwroBipD9pfyu9DNLQW43qLDCpvd4KhvdYbVs5GTc45tsKIIbF2WCjyO%2FQzh6GAYnOVJ5YvEo%2FyZFaUQN1zIvul4QNvCiGzudixUvmJuiun%2B2gQegkGm1J3UPHUuTSY0%2B748ZfPOTKD3kMFgSKKb0uUJ68RPP67lPVlNXU6YTguCCns3P3A6iZYPcTnyzj%2BP9LyaZnIucx8xCH8bOfJjkNnpOaXcldWPT0qD9MM%2BfOxvLUDJIJIsM0NQvSd1FxyPa%2FMUGpuPAM2dB0%2BQYp%2FxuHb7rbH%2BYoKi%2BPWDg2%2BrX%2BaZISFfwOCVwPrWzzSq6%2BaDhXFyKLlglgXy8%2BuBOhA%3D%3D&version=1.0&app_id=9021000165677275&sign_type=RSA2&timestamp=2026-07-26+21%3A07%3A42&alipay_sdk=alipay-sdk-java-4.38.157.ALL&format=json^_^^_^<!DOCTYPE HTML PUBLIC "-//IETF//DTD HTML 2.0//EN"> <html> <head><title>504 Gateway Time-out</title></head> <body bgcolor="white"> <h1>504 Gateway Time-out</h1> <p>The gateway did not receive a timely response from the upstream server or application. Sorry for the inconvenience.<br/> Please report this message and include the following information to us.<br/> Thank you very much!</p> <table> <tr> <td>URL:</td> <td>http://openapi-sandbox.dl.alipaydev.com/gateway.do?charset=utf-8&amp;method=alipay.trade.query&amp;sign=lCpEwroBipD9pfyu9DNLQW43qLDCpvd4KhvdYbVs5GTc45tsKIIbF2WCjyO%2FQzh6GAYnOVJ5YvEo%2FyZFaUQN1zIvul4QNvCiGzudixUvmJuiun%2B2gQegkGm1J3UPHUuTSY0%2B748ZfPOTKD3kMFgSKKb0uUJ68RPP67lPVlNXU6YTguCCns3P3A6iZYPcTnyzj%2BP9LyaZnIucx8xCH8bOfJjkNnpOaXcldWPT0qD9MM%2BfOxvLUDJIJIsM0NQvSd1FxyPa%2FMUGpuPAM2dB0%2BQYp%2FxuHb7rbH%2BYoKi%2BPWDg2%2BrX%2BaZISFfwOCVwPrWzzSq6%2BaDhXFyKLlglgXy8%2BuBOhA%3D%3D&amp;version=1.0&amp;app_id=9021000165677275&amp;sign_type=RSA2&amp;timestamp=2026-07-26+21%3A07%3A42&amp;alipay_sdk=alipay-sdk-java-4.38.157.ALL&amp;format=json</td> </tr> <tr> <td>Server:</td> <td>openapi-57.rz21a.sandbox.alipay.net</td> </tr> <tr> <td>Date:</td> <td>2026/07/26 21:07:47</td> </tr> </table> <hr/>Powered by Tengine </body> </html> 
26-07-26.21:07:47.527 [scheduling-1    ] ERROR NoPayNotifyOrderJob    - 检测未接收到或未正确处理的支付回调通知失败
com.alipay.api.AlipayApiException: java.io.IOException: <!DOCTYPE HTML PUBLIC "-//IETF//DTD HTML 2.0//EN">
<html>
<head><title>504 Gateway Time-out</title></head>
<body bgcolor="white">
<h1>504 Gateway Time-out</h1>
<p>The gateway did not receive a timely response from the upstream server or application. Sorry for the inconvenience.<br/>
Please report this message and include the following information to us.<br/>
Thank you very much!</p>
<table>
<tr>
<td>URL:</td>
<td>http://openapi-sandbox.dl.alipaydev.com/gateway.do?charset=utf-8&amp;method=alipay.trade.query&amp;sign=lCpEwroBipD9pfyu9DNLQW43qLDCpvd4KhvdYbVs5GTc45tsKIIbF2WCjyO%2FQzh6GAYnOVJ5YvEo%2FyZFaUQN1zIvul4QNvCiGzudixUvmJuiun%2B2gQegkGm1J3UPHUuTSY0%2B748ZfPOTKD3kMFgSKKb0uUJ68RPP67lPVlNXU6YTguCCns3P3A6iZYPcTnyzj%2BP9LyaZnIucx8xCH8bOfJjkNnpOaXcldWPT0qD9MM%2BfOxvLUDJIJIsM0NQvSd1FxyPa%2FMUGpuPAM2dB0%2BQYp%2FxuHb7rbH%2BYoKi%2BPWDg2%2BrX%2BaZISFfwOCVwPrWzzSq6%2BaDhXFyKLlglgXy8%2BuBOhA%3D%3D&amp;version=1.0&amp;app_id=9021000165677275&amp;sign_type=RSA2&amp;timestamp=2026-07-26+21%3A07%3A42&amp;alipay_sdk=alipay-sdk-java-4.38.157.ALL&amp;format=json</td>
</tr>
<tr>
<td>Server:</td>
<td>openapi-57.rz21a.sandbox.alipay.net</td>
</tr>
<tr>
<td>Date:</td>
<td>2026/07/26 21:07:47</td>
</tr>
</table>
<hr/>Powered by Tengine
</body>
</html>

	at com.alipay.api.AbstractAlipayClient.doPost(AbstractAlipayClient.java:1015)
	at com.alipay.api.AbstractAlipayClient._execute(AbstractAlipayClient.java:921)
	at com.alipay.api.AbstractAlipayClient.execute(AbstractAlipayClient.java:395)
	at com.alipay.api.AbstractAlipayClient.execute(AbstractAlipayClient.java:377)
	at com.alipay.api.AbstractAlipayClient.execute(AbstractAlipayClient.java:372)
	at com.alipay.api.AbstractAlipayClient.execute(AbstractAlipayClient.java:366)
	at cn.bugstack.trigger.job.NoPayNotifyOrderJob.exec(NoPayNotifyOrderJob.java:42)
	at jdk.internal.reflect.GeneratedMethodAccessor23.invoke(Unknown Source)
	at java.base/jdk.internal.reflect.DelegatingMethodAccessorImpl.invoke(DelegatingMethodAccessorImpl.java:43)
	at java.base/java.lang.reflect.Method.invoke(Method.java:566)
	at org.springframework.scheduling.support.ScheduledMethodRunnable.run(ScheduledMethodRunnable.java:84)
	at org.springframework.scheduling.support.DelegatingErrorHandlingRunnable.run(DelegatingErrorHandlingRunnable.java:54)
	at org.springframework.scheduling.concurrent.ReschedulingRunnable.run(ReschedulingRunnable.java:95)
	at java.base/java.util.concurrent.Executors$RunnableAdapter.call(Executors.java:515)
	at java.base/java.util.concurrent.FutureTask.run(FutureTask.java:264)
	at java.base/java.util.concurrent.ScheduledThreadPoolExecutor$ScheduledFutureTask.run(ScheduledThreadPoolExecutor.java:304)
	at java.base/java.util.concurrent.ThreadPoolExecutor.runWorker(ThreadPoolExecutor.java:1128)
	at java.base/java.util.concurrent.ThreadPoolExecutor$Worker.run(ThreadPoolExecutor.java:628)
	at java.base/java.lang.Thread.run(Thread.java:829)
Caused by: java.io.IOException: <!DOCTYPE HTML PUBLIC "-//IETF//DTD HTML 2.0//EN">
<html>
<head><title>504 Gateway Time-out</title></head>
<body bgcolor="white">
<h1>504 Gateway Time-out</h1>
<p>The gateway did not receive a timely response from the upstream server or application. Sorry for the inconvenience.<br/>
Please report this message and include the following information to us.<br/>
Thank you very much!</p>
<table>
<tr>
<td>URL:</td>
<td>http://openapi-sandbox.dl.alipaydev.com/gateway.do?charset=utf-8&amp;method=alipay.trade.query&amp;sign=lCpEwroBipD9pfyu9DNLQW43qLDCpvd4KhvdYbVs5GTc45tsKIIbF2WCjyO%2FQzh6GAYnOVJ5YvEo%2FyZFaUQN1zIvul4QNvCiGzudixUvmJuiun%2B2gQegkGm1J3UPHUuTSY0%2B748ZfPOTKD3kMFgSKKb0uUJ68RPP67lPVlNXU6YTguCCns3P3A6iZYPcTnyzj%2BP9LyaZnIucx8xCH8bOfJjkNnpOaXcldWPT0qD9MM%2BfOxvLUDJIJIsM0NQvSd1FxyPa%2FMUGpuPAM2dB0%2BQYp%2FxuHb7rbH%2BYoKi%2BPWDg2%2BrX%2BaZISFfwOCVwPrWzzSq6%2BaDhXFyKLlglgXy8%2BuBOhA%3D%3D&amp;version=1.0&amp;app_id=9021000165677275&amp;sign_type=RSA2&amp;timestamp=2026-07-26+21%3A07%3A42&amp;alipay_sdk=alipay-sdk-java-4.38.157.ALL&amp;format=json</td>
</tr>
<tr>
<td>Server:</td>
<td>openapi-57.rz21a.sandbox.alipay.net</td>
</tr>
<tr>
<td>Date:</td>
<td>2026/07/26 21:07:47</td>
</tr>
</table>
<hr/>Powered by Tengine
</body>
</html>

	at com.alipay.api.internal.util.WebUtils.getResponseAsString(WebUtils.java:520)
	at com.alipay.api.internal.util.WebUtils.doPost(WebUtils.java:181)
	at com.alipay.api.internal.util.WebUtils.doPost(WebUtils.java:142)
	at com.alipay.api.AbstractAlipayClient.doPost(AbstractAlipayClient.java:1003)
	... 18 common frames omitted
26-07-26.21:07:48.211 [scheduling-1    ] ERROR err                    - ErrorScene^_^40004^_^ACQ.TRADE_NOT_EXIST^_^192.168.73.1^_^Windows 11^_^2026-07-26 21:07:48^_^ProtocalMustParams:charset=utf-8&method=alipay.trade.query&sign=ZK5CZlp7QsJDTF+lrpTsDDjIfJCbhj7EAo4COkxFrwAE5xaNT0BH5QjzGe1o3Whfq/CFNKug9bdoKfHQQO1Bigaf4mi6FG5BeLqVRHlzr+mCfrgPILykw1Uqah35J4/gKkrqjLAICi+OiMAYZX9JeJC7I6ccE59ekUg/MREf8cQ2wkmfn8Jemh8DkSKvC/a4L6MKxBO1KYtHc3vsjcVgN/qviH0IxoW3cQqkvkAMiWQEveBe/1jVbcylymGfD7ccidipTXeNYOjyGKl3TVyAUi+QXGMg6FbWGDqc/PjSPCYuDAhka566OUQBgGk2/AI4YRyJF2i3jWGC4e2LaoC5gg==&version=1.0&app_id=9021000165677275&sign_type=RSA2&timestamp=2026-07-26 21:07:48^_^ProtocalOptParams:alipay_sdk=alipay-sdk-java-4.38.157.ALL&format=json^_^ApplicationParams:traceId=06020e08178507126813457752433085&biz_content={"out_trade_no":"59214591885269"}^_^Body:{"alipay_trade_query_response":{"msg":"Business Failed","code":"40004","out_trade_no":"59214591885269","sub_msg":"交易不存在","sub_code":"ACQ.TRADE_NOT_EXIST","receipt_amount":"0.00","point_amount":"0.00","buyer_pay_amount":"0.00","invoice_amount":"0.00"},"sign":"IlGZ9x5UhNF2eAqdNMzeNXtVmLVeP4WAHqOs3UIoTeNqOZPSKddjkKWyTMN0yOnmdmvXLs65xA8iLe3vMAOcTv3IRc5Ly+sfXiILXIoyDMo48N1nGL00QjpY712N35H3czuLP1upFRYorbFoh87mPrUkchUunF+PEBdfORFul87T4s2hkFE5Fl1M1wxQAAUDsoOdZiXF4N0VIlZn8XpWkwGhUJTSzC4T5bTxJpGdI0AVbbLy9QZu0eXIaXEtwYSVDV1oFLVBE/DEmKpridtTn9/6ZOtOpBhjgylpbP+J+f2SCp37feezNW+mRc7kxKeaJfjjdbn7pTI1TeynheyWLQ=="}^_^8ms,187ms,12ms^_^trace_id:06020e08178507126813457752433085
26-07-26.21:07:48.211 [scheduling-1    ] INFO  NoPayNotifyOrderJob    - 检测未接收到或未正确处理的支付回调通知，订单未支付成功 orderId:59214591885269 code:40004 tradeStatus:null
26-07-26.21:07:48.424 [scheduling-1    ] ERROR err                    - ErrorScene^_^40004^_^ACQ.TRADE_NOT_EXIST^_^192.168.73.1^_^Windows 11^_^2026-07-26 21:07:48^_^ProtocalMustParams:charset=utf-8&method=alipay.trade.query&sign=L8OIJVA5+8jmBRgB0ahnPpA459Df53QGWPV4ztBJmhg0+iFYC9oc+ImmgsbRwXfa7CpqtKi7dQn58JOX1hoQSOuAXCc5HUN9YCupXEADymt9Q+Xqj5QAu5k9TnHP1XjqbDsnB4RrQiL01b3Kw8rZOD7T1NOfYHp713LVQec2vTdMbfFn+elQYa7wc45KKx1ccaa284ZL7wiVjO/4zE5m3j+fV90e+BsAxI8gKQFWfh9qoaBNwYSrFwrzvpUnB89K6GMegv+3Ijt3U2639i3vD7HIkzFstpT9hW18Rs/yLOw1SqM/07273TCkEr8IRRs1k6VyTCiw49+EEfmpfodXOg==&version=1.0&app_id=9021000165677275&sign_type=RSA2&timestamp=2026-07-26 21:07:48^_^ProtocalOptParams:alipay_sdk=alipay-sdk-java-4.38.157.ALL&format=json^_^ApplicationParams:traceId=06020e08178507126833957772433085&biz_content={"out_trade_no":"63015243383423"}^_^Body:{"alipay_trade_query_response":{"msg":"Business Failed","code":"40004","out_trade_no":"63015243383423","sub_msg":"交易不存在","sub_code":"ACQ.TRADE_NOT_EXIST","receipt_amount":"0.00","point_amount":"0.00","buyer_pay_amount":"0.00","invoice_amount":"0.00"},"sign":"j/BKxEaDkp40hVZnDvR3FjkafML/EKkrgK5tm3o7RpXke6JHNNHQj7dtxjFXrid2kn398BXbOviGV9OREaHEsGkNi7IoyBK1JYReqxxHw+KZz8rrBoqtEmOs09WNzTcKyl/5ieUTw21MI9LZ5QoNI9FiQB3n5vdZv5nJ4536haXV/1ocYO4eOii1Wdd47onG0oGH6w7WLvZT+jP9UP1EcysxWQjk4vfPC2p1W/SB9gAsXt/vZ3hDDoI08AIACsojEfWvD71/4rGQQEyT4naQANCIzeGTzHZEfSOYngieu+N8sDW52hL5yDXMIaHr563fJPxX8LcKEtAYz+SGdbzTrw=="}^_^7ms,198ms,8ms^_^trace_id:06020e08178507126833957772433085
26-07-26.21:07:48.424 [scheduling-1    ] INFO  NoPayNotifyOrderJob    - 检测未接收到或未正确处理的支付回调通知，订单未支付成功 orderId:63015243383423 code:40004 tradeStatus:null
26-07-26.21:07:56.614 [scheduling-1    ] ERROR err                    - ErrorScene^_^40004^_^ACQ.TRADE_NOT_EXIST^_^192.168.73.1^_^Windows 11^_^2026-07-26 21:07:56^_^ProtocalMustParams:charset=utf-8&method=alipay.trade.query&sign=lAoxInleN68868UDDLeaRxSugvuY2wDD+29ZtXEA1sKUl8zPRsHuCyWA+hkIB+vpT9M+8/2J3dvtvKK1nWfv6BKcge06RMVpbpwpJHgJWo0r8KpOOCkDuUfGyAStyuaNcKKAAYD4WCqnQTM7lwpjaXfIfTLgOsihPPyMqWa15wAI3KVW5hfxn2NVDfpRlH6Vo/h3704DXzj2LPvs4wKD1ptDzIiKUEN0h+/GFfMoUCQUGj6aZbvdedzSdvdBoyxYrZ/OUaG9dw6IBRvKTb0hsezqjINdWNbYB1JcUosc1qGpoDC6bGE0KyLTU+9CeiAMGtN4IqIaQMTNQUTE6IU0BA==&version=1.0&app_id=9021000165677275&sign_type=RSA2&timestamp=2026-07-26 21:07:48^_^ProtocalOptParams:alipay_sdk=alipay-sdk-java-4.38.157.ALL&format=json^_^ApplicationParams:traceId=060d663d178507127653881628178&biz_content={"out_trade_no":"05687486819141"}^_^Body:{"alipay_trade_query_response":{"msg":"Business Failed","code":"40004","out_trade_no":"05687486819141","sub_msg":"交易不存在","sub_code":"ACQ.TRADE_NOT_EXIST","receipt_amount":"0.00","point_amount":"0.00","buyer_pay_amount":"0.00","invoice_amount":"0.00"},"sign":"X8+5Q6lbdoyyrQqpUwxTqfCXdBXg7ThJc2U+u8qezqbw+E5fcgtCqABatoc1r72W+dsojv3i6bkcvvMz3DRr5ahBjxU4gwSWCgz4TBIO+/iTBt57VZmROgv9LqvWSmIQTYHEWA0iBdvVQ8wabF8mzeGODzJcDm0eGuZrLQUuAfb7EsMddzf5Fpsu5TpWoCkIHAS+8CRG2vFJn8fHca0ezh5NORm72mkk1XJRvcuT3PelFHmTo+8KP5OR7ez/2fuIcdGiAD+b2i3e+sfFqMTeUrSfNpunUyXCuTC+ottvD15QxCFhRNfVkTvbOhatQUPyKDv4sjFTxoXvcC8oVH1r9Q=="}^_^9ms,8174ms,7ms^_^trace_id:060d663d178507127653881628178
26-07-26.21:07:56.614 [scheduling-1    ] INFO  NoPayNotifyOrderJob    - 检测未接收到或未正确处理的支付回调通知，订单未支付成功 orderId:05687486819141 code:40004 tradeStatus:null
26-07-26.21:08:02.172 [scheduling-1    ] ERROR err                    - 2026-07-26 21:08:02^_^alipay.trade.query^_^null^_^192.168.73.1^_^Windows 11^_^alipay-sdk-java-4.38.157.ALL^_^https://openapi-sandbox.dl.alipaydev.com/gateway.do?charset=utf-8&method=alipay.trade.query&sign=iKxb4EYfvTDaf7u4d%2F58EEf%2F1sszs75A70XDaQwU15r5B1pH%2F%2B1S6Z5pHq9ZIMqbFsdJ5lEmyZ3szXBh%2BvY2DEOaCZfM%2FXd%2FSBwoYYAcZuayZPUWJWx%2Fp6tVtRbk%2Btl8cm1W1aux6mQrQn52L%2BILQ13nJ06%2FxeJXS%2FEn%2F5jIc3eUAXyhNj6JU8YVSdAKZa%2BcY2G0abBX%2FfzR8GmaQwpPdtYh3njaroP0%2BUW0eySjyqb4PNmoFQabxKKAi1DcR%2FAfiOrgLZgbeyXesMCaGLu4H9u7NM0J24dMHoMH50rDS3hrweIx%2BCUzgxZg0gYxgOyZQO2CjjsMfD%2BuUh3qNfigcw%3D%3D&version=1.0&app_id=9021000165677275&sign_type=RSA2&timestamp=2026-07-26+21%3A07%3A57&alipay_sdk=alipay-sdk-java-4.38.157.ALL&format=json^_^^_^<!DOCTYPE HTML PUBLIC "-//IETF//DTD HTML 2.0//EN"> <html> <head><title>504 Gateway Time-out</title></head> <body bgcolor="white"> <h1>504 Gateway Time-out</h1> <p>The gateway did not receive a timely response from the upstream server or application. Sorry for the inconvenience.<br/> Please report this message and include the following information to us.<br/> Thank you very much!</p> <table> <tr> <td>URL:</td> <td>http://openapi-sandbox.dl.alipaydev.com/gateway.do?charset=utf-8&amp;method=alipay.trade.query&amp;sign=iKxb4EYfvTDaf7u4d%2F58EEf%2F1sszs75A70XDaQwU15r5B1pH%2F%2B1S6Z5pHq9ZIMqbFsdJ5lEmyZ3szXBh%2BvY2DEOaCZfM%2FXd%2FSBwoYYAcZuayZPUWJWx%2Fp6tVtRbk%2Btl8cm1W1aux6mQrQn52L%2BILQ13nJ06%2FxeJXS%2FEn%2F5jIc3eUAXyhNj6JU8YVSdAKZa%2BcY2G0abBX%2FfzR8GmaQwpPdtYh3njaroP0%2BUW0eySjyqb4PNmoFQabxKKAi1DcR%2FAfiOrgLZgbeyXesMCaGLu4H9u7NM0J24dMHoMH50rDS3hrweIx%2BCUzgxZg0gYxgOyZQO2CjjsMfD%2BuUh3qNfigcw%3D%3D&amp;version=1.0&amp;app_id=9021000165677275&amp;sign_type=RSA2&amp;timestamp=2026-07-26+21%3A07%3A57&amp;alipay_sdk=alipay-sdk-java-4.38.157.ALL&amp;format=json</td> </tr> <tr> <td>Server:</td> <td>openapi-55.rz21a.sandbox.alipay.net</td> </tr> <tr> <td>Date:</td> <td>2026/07/26 21:08:02</td> </tr> </table> <hr/>Powered by Tengine </body> </html> 
26-07-26.21:08:02.174 [scheduling-1    ] ERROR NoPayNotifyOrderJob    - 检测未接收到或未正确处理的支付回调通知失败
com.alipay.api.AlipayApiException: java.io.IOException: <!DOCTYPE HTML PUBLIC "-//IETF//DTD HTML 2.0//EN">
<html>
<head><title>504 Gateway Time-out</title></head>
<body bgcolor="white">
<h1>504 Gateway Time-out</h1>
<p>The gateway did not receive a timely response from the upstream server or application. Sorry for the inconvenience.<br/>
Please report this message and include the following information to us.<br/>
Thank you very much!</p>
<table>
<tr>
<td>URL:</td>
<td>http://openapi-sandbox.dl.alipaydev.com/gateway.do?charset=utf-8&amp;method=alipay.trade.query&amp;sign=iKxb4EYfvTDaf7u4d%2F58EEf%2F1sszs75A70XDaQwU15r5B1pH%2F%2B1S6Z5pHq9ZIMqbFsdJ5lEmyZ3szXBh%2BvY2DEOaCZfM%2FXd%2FSBwoYYAcZuayZPUWJWx%2Fp6tVtRbk%2Btl8cm1W1aux6mQrQn52L%2BILQ13nJ06%2FxeJXS%2FEn%2F5jIc3eUAXyhNj6JU8YVSdAKZa%2BcY2G0abBX%2FfzR8GmaQwpPdtYh3njaroP0%2BUW0eySjyqb4PNmoFQabxKKAi1DcR%2FAfiOrgLZgbeyXesMCaGLu4H9u7NM0J24dMHoMH50rDS3hrweIx%2BCUzgxZg0gYxgOyZQO2CjjsMfD%2BuUh3qNfigcw%3D%3D&amp;version=1.0&amp;app_id=9021000165677275&amp;sign_type=RSA2&amp;timestamp=2026-07-26+21%3A07%3A57&amp;alipay_sdk=alipay-sdk-java-4.38.157.ALL&amp;format=json</td>
</tr>
<tr>
<td>Server:</td>
<td>openapi-55.rz21a.sandbox.alipay.net</td>
</tr>
<tr>
<td>Date:</td>
<td>2026/07/26 21:08:02</td>
</tr>
</table>
<hr/>Powered by Tengine
</body>
</html>

	at com.alipay.api.AbstractAlipayClient.doPost(AbstractAlipayClient.java:1015)
	at com.alipay.api.AbstractAlipayClient._execute(AbstractAlipayClient.java:921)
	at com.alipay.api.AbstractAlipayClient.execute(AbstractAlipayClient.java:395)
	at com.alipay.api.AbstractAlipayClient.execute(AbstractAlipayClient.java:377)
	at com.alipay.api.AbstractAlipayClient.execute(AbstractAlipayClient.java:372)
	at com.alipay.api.AbstractAlipayClient.execute(AbstractAlipayClient.java:366)
	at cn.bugstack.trigger.job.NoPayNotifyOrderJob.exec(NoPayNotifyOrderJob.java:42)
	at jdk.internal.reflect.GeneratedMethodAccessor23.invoke(Unknown Source)
	at java.base/jdk.internal.reflect.DelegatingMethodAccessorImpl.invoke(DelegatingMethodAccessorImpl.java:43)
	at java.base/java.lang.reflect.Method.invoke(Method.java:566)
	at org.springframework.scheduling.support.ScheduledMethodRunnable.run(ScheduledMethodRunnable.java:84)
	at org.springframework.scheduling.support.DelegatingErrorHandlingRunnable.run(DelegatingErrorHandlingRunnable.java:54)
	at org.springframework.scheduling.concurrent.ReschedulingRunnable.run(ReschedulingRunnable.java:95)
	at java.base/java.util.concurrent.Executors$RunnableAdapter.call(Executors.java:515)
	at java.base/java.util.concurrent.FutureTask.run(FutureTask.java:264)
	at java.base/java.util.concurrent.ScheduledThreadPoolExecutor$ScheduledFutureTask.run(ScheduledThreadPoolExecutor.java:304)
	at java.base/java.util.concurrent.ThreadPoolExecutor.runWorker(ThreadPoolExecutor.java:1128)
	at java.base/java.util.concurrent.ThreadPoolExecutor$Worker.run(ThreadPoolExecutor.java:628)
	at java.base/java.lang.Thread.run(Thread.java:829)
Caused by: java.io.IOException: <!DOCTYPE HTML PUBLIC "-//IETF//DTD HTML 2.0//EN">
<html>
<head><title>504 Gateway Time-out</title></head>
<body bgcolor="white">
<h1>504 Gateway Time-out</h1>
<p>The gateway did not receive a timely response from the upstream server or application. Sorry for the inconvenience.<br/>
Please report this message and include the following information to us.<br/>
Thank you very much!</p>
<table>
<tr>
<td>URL:</td>
<td>http://openapi-sandbox.dl.alipaydev.com/gateway.do?charset=utf-8&amp;method=alipay.trade.query&amp;sign=iKxb4EYfvTDaf7u4d%2F58EEf%2F1sszs75A70XDaQwU15r5B1pH%2F%2B1S6Z5pHq9ZIMqbFsdJ5lEmyZ3szXBh%2BvY2DEOaCZfM%2FXd%2FSBwoYYAcZuayZPUWJWx%2Fp6tVtRbk%2Btl8cm1W1aux6mQrQn52L%2BILQ13nJ06%2FxeJXS%2FEn%2F5jIc3eUAXyhNj6JU8YVSdAKZa%2BcY2G0abBX%2FfzR8GmaQwpPdtYh3njaroP0%2BUW0eySjyqb4PNmoFQabxKKAi1DcR%2FAfiOrgLZgbeyXesMCaGLu4H9u7NM0J24dMHoMH50rDS3hrweIx%2BCUzgxZg0gYxgOyZQO2CjjsMfD%2BuUh3qNfigcw%3D%3D&amp;version=1.0&amp;app_id=9021000165677275&amp;sign_type=RSA2&amp;timestamp=2026-07-26+21%3A07%3A57&amp;alipay_sdk=alipay-sdk-java-4.38.157.ALL&amp;format=json</td>
</tr>
<tr>
<td>Server:</td>
<td>openapi-55.rz21a.sandbox.alipay.net</td>
</tr>
<tr>
<td>Date:</td>
<td>2026/07/26 21:08:02</td>
</tr>
</table>
<hr/>Powered by Tengine
</body>
</html>

	at com.alipay.api.internal.util.WebUtils.getResponseAsString(WebUtils.java:520)
	at com.alipay.api.internal.util.WebUtils.doPost(WebUtils.java:181)
	at com.alipay.api.internal.util.WebUtils.doPost(WebUtils.java:142)
	at com.alipay.api.AbstractAlipayClient.doPost(AbstractAlipayClient.java:1003)
	... 18 common frames omitted
26-07-26.21:08:03.215 [scheduling-1    ] ERROR err                    - ErrorScene^_^40004^_^ACQ.TRADE_NOT_EXIST^_^192.168.73.1^_^Windows 11^_^2026-07-26 21:08:03^_^ProtocalMustParams:charset=utf-8&method=alipay.trade.query&sign=Nd21RgT+22GrHFNdO6NwBtEw4Q+sFRbGt1hvLhA3hEVWMJUmsYaxnxt0xfUgxYTMRReYsDYJqvTxRNgahYDfZr7y7fhqf9/a8d73dFlFOfDNtDBp3zTIfm3X2cmvWWWhBV3D8uFqX/Sgd7LNViR5NC6gY29o0fNcKjcRvu1fMVHnP4VOgJkg0uVPgnxo5ed4BLKddogH6zsL3MxEtOzh7WHK5tdqduZIXN+rGoGviFIInhgEKEt6nMwcxGiN4hOkTnc3t2VmJymKauXZ4zUfRW+78i4jsCwiAvyk0uJxo6akf8g6ByM0/hvW92iQ90hPo1w7ucf+ViNKDbcBh8PlNA==&version=1.0&app_id=9021000165677275&sign_type=RSA2&timestamp=2026-07-26 21:08:03^_^ProtocalOptParams:alipay_sdk=alipay-sdk-java-4.38.157.ALL&format=json^_^ApplicationParams:traceId=060001f3178507128313419372231288&biz_content={"out_trade_no":"59214591885269"}^_^Body:{"alipay_trade_query_response":{"msg":"Business Failed","code":"40004","out_trade_no":"59214591885269","sub_msg":"交易不存在","sub_code":"ACQ.TRADE_NOT_EXIST","receipt_amount":"0.00","point_amount":"0.00","buyer_pay_amount":"0.00","invoice_amount":"0.00"},"sign":"IlGZ9x5UhNF2eAqdNMzeNXtVmLVeP4WAHqOs3UIoTeNqOZPSKddjkKWyTMN0yOnmdmvXLs65xA8iLe3vMAOcTv3IRc5Ly+sfXiILXIoyDMo48N1nGL00QjpY712N35H3czuLP1upFRYorbFoh87mPrUkchUunF+PEBdfORFul87T4s2hkFE5Fl1M1wxQAAUDsoOdZiXF4N0VIlZn8XpWkwGhUJTSzC4T5bTxJpGdI0AVbbLy9QZu0eXIaXEtwYSVDV1oFLVBE/DEmKpridtTn9/6ZOtOpBhjgylpbP+J+f2SCp37feezNW+mRc7kxKeaJfjjdbn7pTI1TeynheyWLQ=="}^_^8ms,190ms,8ms^_^trace_id:060001f3178507128313419372231288
26-07-26.21:08:03.215 [scheduling-1    ] INFO  NoPayNotifyOrderJob    - 检测未接收到或未正确处理的支付回调通知，订单未支付成功 orderId:59214591885269 code:40004 tradeStatus:null
26-07-26.21:08:03.419 [scheduling-1    ] ERROR err                    - ErrorScene^_^40004^_^ACQ.TRADE_NOT_EXIST^_^192.168.73.1^_^Windows 11^_^2026-07-26 21:08:03^_^ProtocalMustParams:charset=utf-8&method=alipay.trade.query&sign=geiRoTKYp4QMZbg5eds3Ynu9W8WW9SGhrTXrmsDyX2ofFjfauwYCGCCvU81C/b+NImvnw3k/Ew5BVIKXGY9U6xuVu9SOzdH+dVbsPMcrEMoKrbQxGmQ5H0Ti+SGIvLeBoVMQ6/1ZHvilHCioNMq2F4KuwtkbgGYSDt25F+CJLffZtxNt1losBQv2rHH2Ixa8dHq+X7dYw9EyKqQzOvKlOhqfuXit69rDnVuwsQoSVcKHLjLjMdA/B3rGUFrxzRMv00X5238AMTJu1yuafF2CC7Xuyh9eOO4uJARHjn3J9JUYFgYY1TaSwI7VAm17OMJNjZLWlpz4PWxYLN3FK/9FkA==&version=1.0&app_id=9021000165677275&sign_type=RSA2&timestamp=2026-07-26 21:08:03^_^ProtocalOptParams:alipay_sdk=alipay-sdk-java-4.38.157.ALL&format=json^_^ApplicationParams:traceId=060d663d178507128333682178178&biz_content={"out_trade_no":"63015243383423"}^_^Body:{"alipay_trade_query_response":{"msg":"Business Failed","code":"40004","out_trade_no":"63015243383423","sub_msg":"交易不存在","sub_code":"ACQ.TRADE_NOT_EXIST","receipt_amount":"0.00","point_amount":"0.00","buyer_pay_amount":"0.00","invoice_amount":"0.00"},"sign":"j/BKxEaDkp40hVZnDvR3FjkafML/EKkrgK5tm3o7RpXke6JHNNHQj7dtxjFXrid2kn398BXbOviGV9OREaHEsGkNi7IoyBK1JYReqxxHw+KZz8rrBoqtEmOs09WNzTcKyl/5ieUTw21MI9LZ5QoNI9FiQB3n5vdZv5nJ4536haXV/1ocYO4eOii1Wdd47onG0oGH6w7WLvZT+jP9UP1EcysxWQjk4vfPC2p1W/SB9gAsXt/vZ3hDDoI08AIACsojEfWvD71/4rGQQEyT4naQANCIzeGTzHZEfSOYngieu+N8sDW52hL5yDXMIaHr563fJPxX8LcKEtAYz+SGdbzTrw=="}^_^10ms,184ms,10ms^_^trace_id:060d663d178507128333682178178
26-07-26.21:08:03.419 [scheduling-1    ] INFO  NoPayNotifyOrderJob    - 检测未接收到或未正确处理的支付回调通知，订单未支付成功 orderId:63015243383423 code:40004 tradeStatus:null
26-07-26.21:08:03.619 [scheduling-1    ] ERROR err                    - ErrorScene^_^40004^_^ACQ.TRADE_NOT_EXIST^_^192.168.73.1^_^Windows 11^_^2026-07-26 21:08:03^_^ProtocalMustParams:charset=utf-8&method=alipay.trade.query&sign=MzDpLPFfdSOmYW4S17H2cqNeZoK4ze6Nid5pLkdMVsaFTURpCtCqdzOhD5JmRqBAtbIRtB3yeSxrMukidXdCLQjhzE97sUD01gM5bR9H24IwRsZgD/c2ir4uYFQ60dEID71UagLRlfoAs5qNLhyIsy06yNCLdDVT4SDA8g7rLLZN8ZiNVU5CWKkW7UVjOTTracSWVCO7ueH84jU4CnirIIPXwZsqodmdARI7cbN1SEpjkzOZQuxv0P/mpcdkcrG3kug2UwEIQUs4OYzN/cnBuLUVvc66KpacAfIxEWF7/ZZNQSV1OkqMYzakXY7oIWKG2hioZQsYkwG25d7rUNF2Vw==&version=1.0&app_id=9021000165677275&sign_type=RSA2&timestamp=2026-07-26 21:08:03^_^ProtocalOptParams:alipay_sdk=alipay-sdk-java-4.38.157.ALL&format=json^_^ApplicationParams:traceId=060001f3178507128353619392231288&biz_content={"out_trade_no":"05687486819141"}^_^Body:{"alipay_trade_query_response":{"msg":"Business Failed","code":"40004","out_trade_no":"05687486819141","sub_msg":"交易不存在","sub_code":"ACQ.TRADE_NOT_EXIST","receipt_amount":"0.00","point_amount":"0.00","buyer_pay_amount":"0.00","invoice_amount":"0.00"},"sign":"X8+5Q6lbdoyyrQqpUwxTqfCXdBXg7ThJc2U+u8qezqbw+E5fcgtCqABatoc1r72W+dsojv3i6bkcvvMz3DRr5ahBjxU4gwSWCgz4TBIO+/iTBt57VZmROgv9LqvWSmIQTYHEWA0iBdvVQ8wabF8mzeGODzJcDm0eGuZrLQUuAfb7EsMddzf5Fpsu5TpWoCkIHAS+8CRG2vFJn8fHca0ezh5NORm72mkk1XJRvcuT3PelFHmTo+8KP5OR7ez/2fuIcdGiAD+b2i3e+sfFqMTeUrSfNpunUyXCuTC+ottvD15QxCFhRNfVkTvbOhatQUPyKDv4sjFTxoXvcC8oVH1r9Q=="}^_^7ms,185ms,8ms^_^trace_id:060001f3178507128353619392231288
26-07-26.21:08:03.619 [scheduling-1    ] INFO  NoPayNotifyOrderJob    - 检测未接收到或未正确处理的支付回调通知，订单未支付成功 orderId:05687486819141 code:40004 tradeStatus:null
26-07-26.21:08:31.488 [scheduling-1    ] ERROR err                    - 2026-07-26 21:08:31^_^alipay.trade.query^_^null^_^192.168.73.1^_^Windows 11^_^alipay-sdk-java-4.38.157.ALL^_^https://openapi-sandbox.dl.alipaydev.com/gateway.do?charset=utf-8&method=alipay.trade.query&sign=NysLPDCdx8QyKdGq%2FonIX%2Fk8Zaq7wfgmRz0uux8sqjXgSS78q8KGh0HEyYIyOJiZ8TKsjOhdIlJM2y8jxH%2F2wzh0dHrGZcVuDriIRz%2BxKwVmHyc1wRnnTXKg01K3yZUlIAxjuDavWBsSqBBnFXIGfG341%2FNTez%2BgvnwUqf3sVXkD%2B4%2BsS6qUri3Yb34etXQxnMG1ODx%2FQ1ErLxDfZY5xhQzBLWi0%2BieNE6Hmto7SPemllLpHewkNGK6BEF7OwVphB58FyUkxB5B%2BMyT9pm%2B%2BdUWL4heSaIQiddUtXfyC7MSZI1W98nDdL%2FeSbjnfYUaL5MKRUVMI6x3FqNZwKTv9Vg%3D%3D&version=1.0&app_id=9021000165677275&sign_type=RSA2&timestamp=2026-07-26+21%3A08%3A06&alipay_sdk=alipay-sdk-java-4.38.157.ALL&format=json^_^^_^<!DOCTYPE HTML PUBLIC "-//IETF//DTD HTML 2.0//EN"> <html> <head><title>504 Gateway Time-out</title></head> <body bgcolor="white"> <h1>504 Gateway Time-out</h1> <p>The gateway did not receive a timely response from the upstream server or application. Sorry for the inconvenience.<br/> Please report this message and include the following information to us.<br/> Thank you very much!</p> <table> <tr> <td>URL:</td> <td>http://openapi-sandbox.dl.alipaydev.com/gateway.do?charset=utf-8&amp;method=alipay.trade.query&amp;sign=NysLPDCdx8QyKdGq%2FonIX%2Fk8Zaq7wfgmRz0uux8sqjXgSS78q8KGh0HEyYIyOJiZ8TKsjOhdIlJM2y8jxH%2F2wzh0dHrGZcVuDriIRz%2BxKwVmHyc1wRnnTXKg01K3yZUlIAxjuDavWBsSqBBnFXIGfG341%2FNTez%2BgvnwUqf3sVXkD%2B4%2BsS6qUri3Yb34etXQxnMG1ODx%2FQ1ErLxDfZY5xhQzBLWi0%2BieNE6Hmto7SPemllLpHewkNGK6BEF7OwVphB58FyUkxB5B%2BMyT9pm%2B%2BdUWL4heSaIQiddUtXfyC7MSZI1W98nDdL%2FeSbjnfYUaL5MKRUVMI6x3FqNZwKTv9Vg%3D%3D&amp;version=1.0&amp;app_id=9021000165677275&amp;sign_type=RSA2&amp;timestamp=2026-07-26+21%3A08%3A06&amp;alipay_sdk=alipay-sdk-java-4.38.157.ALL&amp;format=json</td> </tr> <tr> <td>Server:</td> <td>openapi-57.rz21a.sandbox.alipay.net</td> </tr> <tr> <td>Date:</td> <td>2026/07/26 21:08:31</td> </tr> </table> <hr/>Powered by Tengine </body> </html> 
26-07-26.21:08:31.489 [scheduling-1    ] ERROR NoPayNotifyOrderJob    - 检测未接收到或未正确处理的支付回调通知失败
com.alipay.api.AlipayApiException: java.io.IOException: <!DOCTYPE HTML PUBLIC "-//IETF//DTD HTML 2.0//EN">
<html>
<head><title>504 Gateway Time-out</title></head>
<body bgcolor="white">
<h1>504 Gateway Time-out</h1>
<p>The gateway did not receive a timely response from the upstream server or application. Sorry for the inconvenience.<br/>
Please report this message and include the following information to us.<br/>
Thank you very much!</p>
<table>
<tr>
<td>URL:</td>
<td>http://openapi-sandbox.dl.alipaydev.com/gateway.do?charset=utf-8&amp;method=alipay.trade.query&amp;sign=NysLPDCdx8QyKdGq%2FonIX%2Fk8Zaq7wfgmRz0uux8sqjXgSS78q8KGh0HEyYIyOJiZ8TKsjOhdIlJM2y8jxH%2F2wzh0dHrGZcVuDriIRz%2BxKwVmHyc1wRnnTXKg01K3yZUlIAxjuDavWBsSqBBnFXIGfG341%2FNTez%2BgvnwUqf3sVXkD%2B4%2BsS6qUri3Yb34etXQxnMG1ODx%2FQ1ErLxDfZY5xhQzBLWi0%2BieNE6Hmto7SPemllLpHewkNGK6BEF7OwVphB58FyUkxB5B%2BMyT9pm%2B%2BdUWL4heSaIQiddUtXfyC7MSZI1W98nDdL%2FeSbjnfYUaL5MKRUVMI6x3FqNZwKTv9Vg%3D%3D&amp;version=1.0&amp;app_id=9021000165677275&amp;sign_type=RSA2&amp;timestamp=2026-07-26+21%3A08%3A06&amp;alipay_sdk=alipay-sdk-java-4.38.157.ALL&amp;format=json</td>
</tr>
<tr>
<td>Server:</td>
<td>openapi-57.rz21a.sandbox.alipay.net</td>
</tr>
<tr>
<td>Date:</td>
<td>2026/07/26 21:08:31</td>
</tr>
</table>
<hr/>Powered by Tengine
</body>
</html>

	at com.alipay.api.AbstractAlipayClient.doPost(AbstractAlipayClient.java:1015)
	at com.alipay.api.AbstractAlipayClient._execute(AbstractAlipayClient.java:921)
	at com.alipay.api.AbstractAlipayClient.execute(AbstractAlipayClient.java:395)
	at com.alipay.api.AbstractAlipayClient.execute(AbstractAlipayClient.java:377)
	at com.alipay.api.AbstractAlipayClient.execute(AbstractAlipayClient.java:372)
	at com.alipay.api.AbstractAlipayClient.execute(AbstractAlipayClient.java:366)
	at cn.bugstack.trigger.job.NoPayNotifyOrderJob.exec(NoPayNotifyOrderJob.java:42)
	at jdk.internal.reflect.GeneratedMethodAccessor23.invoke(Unknown Source)
	at java.base/jdk.internal.reflect.DelegatingMethodAccessorImpl.invoke(DelegatingMethodAccessorImpl.java:43)
	at java.base/java.lang.reflect.Method.invoke(Method.java:566)
	at org.springframework.scheduling.support.ScheduledMethodRunnable.run(ScheduledMethodRunnable.java:84)
	at org.springframework.scheduling.support.DelegatingErrorHandlingRunnable.run(DelegatingErrorHandlingRunnable.java:54)
	at org.springframework.scheduling.concurrent.ReschedulingRunnable.run(ReschedulingRunnable.java:95)
	at java.base/java.util.concurrent.Executors$RunnableAdapter.call(Executors.java:515)
	at java.base/java.util.concurrent.FutureTask.run(FutureTask.java:264)
	at java.base/java.util.concurrent.ScheduledThreadPoolExecutor$ScheduledFutureTask.run(ScheduledThreadPoolExecutor.java:304)
	at java.base/java.util.concurrent.ThreadPoolExecutor.runWorker(ThreadPoolExecutor.java:1128)
	at java.base/java.util.concurrent.ThreadPoolExecutor$Worker.run(ThreadPoolExecutor.java:628)
	at java.base/java.lang.Thread.run(Thread.java:829)
Caused by: java.io.IOException: <!DOCTYPE HTML PUBLIC "-//IETF//DTD HTML 2.0//EN">
<html>
<head><title>504 Gateway Time-out</title></head>
<body bgcolor="white">
<h1>504 Gateway Time-out</h1>
<p>The gateway did not receive a timely response from the upstream server or application. Sorry for the inconvenience.<br/>
Please report this message and include the following information to us.<br/>
Thank you very much!</p>
<table>
<tr>
<td>URL:</td>
<td>http://openapi-sandbox.dl.alipaydev.com/gateway.do?charset=utf-8&amp;method=alipay.trade.query&amp;sign=NysLPDCdx8QyKdGq%2FonIX%2Fk8Zaq7wfgmRz0uux8sqjXgSS78q8KGh0HEyYIyOJiZ8TKsjOhdIlJM2y8jxH%2F2wzh0dHrGZcVuDriIRz%2BxKwVmHyc1wRnnTXKg01K3yZUlIAxjuDavWBsSqBBnFXIGfG341%2FNTez%2BgvnwUqf3sVXkD%2B4%2BsS6qUri3Yb34etXQxnMG1ODx%2FQ1ErLxDfZY5xhQzBLWi0%2BieNE6Hmto7SPemllLpHewkNGK6BEF7OwVphB58FyUkxB5B%2BMyT9pm%2B%2BdUWL4heSaIQiddUtXfyC7MSZI1W98nDdL%2FeSbjnfYUaL5MKRUVMI6x3FqNZwKTv9Vg%3D%3D&amp;version=1.0&amp;app_id=9021000165677275&amp;sign_type=RSA2&amp;timestamp=2026-07-26+21%3A08%3A06&amp;alipay_sdk=alipay-sdk-java-4.38.157.ALL&amp;format=json</td>
</tr>
<tr>
<td>Server:</td>
<td>openapi-57.rz21a.sandbox.alipay.net</td>
</tr>
<tr>
<td>Date:</td>
<td>2026/07/26 21:08:31</td>
</tr>
</table>
<hr/>Powered by Tengine
</body>
</html>

	at com.alipay.api.internal.util.WebUtils.getResponseAsString(WebUtils.java:520)
	at com.alipay.api.internal.util.WebUtils.doPost(WebUtils.java:181)
	at com.alipay.api.internal.util.WebUtils.doPost(WebUtils.java:142)
	at com.alipay.api.AbstractAlipayClient.doPost(AbstractAlipayClient.java:1003)
	... 18 common frames omitted
26-07-26.21:08:33.241 [scheduling-1    ] ERROR err                    - ErrorScene^_^40004^_^ACQ.TRADE_NOT_EXIST^_^192.168.73.1^_^Windows 11^_^2026-07-26 21:08:33^_^ProtocalMustParams:charset=utf-8&method=alipay.trade.query&sign=LbhFQvd4RO94IwLzsJeTkUL7qIyWGnwPCv/4QKu8TU+kpdKNKyrs+rkqLFEQs4NBhXHzuJQf2qXBBOMLmqVuuNM65sCbM0PFSnwxXpQLq8QxAUCi2k9dvC2uWStTPkevq24U7a6GTetI2RudY87eX0F5o5fVNuh2VhZ5KEOVUwyCMWbjJ/IIEmAyy1y8dRvaITFI+14Gy2b7iA2l4Ew5dw2sVduel+o808fdC9aVAcfeQdb8JkjGVhDML6eEvwzn8OuB9TP5sFu6EJ4XrcgYkDtQyGDqE7Tb/X+GWTtnAhrBRmvTBgoPcWFu2y+NGCZOwJMWz3GZZgwDN4ayuln1mA==&version=1.0&app_id=9021000165677275&sign_type=RSA2&timestamp=2026-07-26 21:08:33^_^ProtocalOptParams:alipay_sdk=alipay-sdk-java-4.38.157.ALL&format=json^_^ApplicationParams:traceId=060d6922178507131316342733502569&biz_content={"out_trade_no":"59214591885269"}^_^Body:{"alipay_trade_query_response":{"msg":"Business Failed","code":"40004","out_trade_no":"59214591885269","sub_msg":"交易不存在","sub_code":"ACQ.TRADE_NOT_EXIST","receipt_amount":"0.00","point_amount":"0.00","buyer_pay_amount":"0.00","invoice_amount":"0.00"},"sign":"IlGZ9x5UhNF2eAqdNMzeNXtVmLVeP4WAHqOs3UIoTeNqOZPSKddjkKWyTMN0yOnmdmvXLs65xA8iLe3vMAOcTv3IRc5Ly+sfXiILXIoyDMo48N1nGL00QjpY712N35H3czuLP1upFRYorbFoh87mPrUkchUunF+PEBdfORFul87T4s2hkFE5Fl1M1wxQAAUDsoOdZiXF4N0VIlZn8XpWkwGhUJTSzC4T5bTxJpGdI0AVbbLy9QZu0eXIaXEtwYSVDV1oFLVBE/DEmKpridtTn9/6ZOtOpBhjgylpbP+J+f2SCp37feezNW+mRc7kxKeaJfjjdbn7pTI1TeynheyWLQ=="}^_^8ms,208ms,10ms^_^trace_id:060d6922178507131316342733502569
26-07-26.21:08:33.241 [scheduling-1    ] INFO  NoPayNotifyOrderJob    - 检测未接收到或未正确处理的支付回调通知，订单未支付成功 orderId:59214591885269 code:40004 tradeStatus:null
26-07-26.21:08:33.925 [scheduling-1    ] ERROR err                    - ErrorScene^_^40004^_^ACQ.TRADE_NOT_EXIST^_^192.168.73.1^_^Windows 11^_^2026-07-26 21:08:33^_^ProtocalMustParams:charset=utf-8&method=alipay.trade.query&sign=ko2Sa4Q+SmfnxFb8tZCNTcHmSJkFujtU4hhE/JRb0cz+TWEQBOkjBuReddUPwIWAlX0XRbcbq2nt5t5tU1R40dSJLGL7Qt7dPaklRkOSOh1zySCObwpwgTnvYLacvhNm8zve8uO7ruglHyt0pOMukG7aoeL+cM7Yq2js2jcJvPJWqwT+cufWRsLgNP0YPbmCx6PBfsdnOWz4jy+WMgk18ZNcnmk9byMdejFXp9djckVfdorCifgoeNKtRVSQcKLEyFWVOG/6b3TL16gV+KfXp3xOMVZ4zoVDxPG02eqMynfT08Sk00/321K6+ycAzsYGc9H3HtuASvU0L/IXQfZgcQ==&version=1.0&app_id=9021000165677275&sign_type=RSA2&timestamp=2026-07-26 21:08:33^_^ProtocalOptParams:alipay_sdk=alipay-sdk-java-4.38.157.ALL&format=json^_^ApplicationParams:traceId=060d663d178507131381283518178&biz_content={"out_trade_no":"63015243383423"}^_^Body:{"alipay_trade_query_response":{"msg":"Business Failed","code":"40004","out_trade_no":"63015243383423","sub_msg":"交易不存在","sub_code":"ACQ.TRADE_NOT_EXIST","receipt_amount":"0.00","point_amount":"0.00","buyer_pay_amount":"0.00","invoice_amount":"0.00"},"sign":"j/BKxEaDkp40hVZnDvR3FjkafML/EKkrgK5tm3o7RpXke6JHNNHQj7dtxjFXrid2kn398BXbOviGV9OREaHEsGkNi7IoyBK1JYReqxxHw+KZz8rrBoqtEmOs09WNzTcKyl/5ieUTw21MI9LZ5QoNI9FiQB3n5vdZv5nJ4536haXV/1ocYO4eOii1Wdd47onG0oGH6w7WLvZT+jP9UP1EcysxWQjk4vfPC2p1W/SB9gAsXt/vZ3hDDoI08AIACsojEfWvD71/4rGQQEyT4naQANCIzeGTzHZEfSOYngieu+N8sDW52hL5yDXMIaHr563fJPxX8LcKEtAYz+SGdbzTrw=="}^_^9ms,666ms,8ms^_^trace_id:060d663d178507131381283518178
26-07-26.21:08:33.925 [scheduling-1    ] INFO  NoPayNotifyOrderJob    - 检测未接收到或未正确处理的支付回调通知，订单未支付成功 orderId:63015243383423 code:40004 tradeStatus:null
26-07-26.21:08:34.138 [scheduling-1    ] ERROR err                    - ErrorScene^_^40004^_^ACQ.TRADE_NOT_EXIST^_^192.168.73.1^_^Windows 11^_^2026-07-26 21:08:34^_^ProtocalMustParams:charset=utf-8&method=alipay.trade.query&sign=QEEV3zk5kQzFH2n2ak9hSl3990HKxqRiYRtrq5TZPxbm2s6hEhP8Y44QNpF0d0WMoTNv0GiwYKAg/7vkpbAA4qh8v2s5tmFyB3MKcFiTkT1yGjys0MHxGfqcBkZZ5dHgNiqIW5b85xNgJ8oaZcKl4Idz8Q/lzanu896bTINtiQg+eVR7CkjXVz+SYP741ZP/hOrRKWdE5VljO6WpWkeO1ZXyrwhoaRj3mrHGegCLqj9fR0myZKny/RuhjKN3I0uRbCnSQFf3vr9CEYFnBEJFwpGpvDyJkyR7+t/XGR5Fs93KpNx9tuEiQ1Lz//qKEmprvUAOtRboQ3VMG4zDB15IXQ==&version=1.0&app_id=9021000165677275&sign_type=RSA2&timestamp=2026-07-26 21:08:33^_^ProtocalOptParams:alipay_sdk=alipay-sdk-java-4.38.157.ALL&format=json^_^ApplicationParams:traceId=060001f3178507131405220692231288&biz_content={"out_trade_no":"05687486819141"}^_^Body:{"alipay_trade_query_response":{"msg":"Business Failed","code":"40004","out_trade_no":"05687486819141","sub_msg":"交易不存在","sub_code":"ACQ.TRADE_NOT_EXIST","receipt_amount":"0.00","point_amount":"0.00","buyer_pay_amount":"0.00","invoice_amount":"0.00"},"sign":"X8+5Q6lbdoyyrQqpUwxTqfCXdBXg7ThJc2U+u8qezqbw+E5fcgtCqABatoc1r72W+dsojv3i6bkcvvMz3DRr5ahBjxU4gwSWCgz4TBIO+/iTBt57VZmROgv9LqvWSmIQTYHEWA0iBdvVQ8wabF8mzeGODzJcDm0eGuZrLQUuAfb7EsMddzf5Fpsu5TpWoCkIHAS+8CRG2vFJn8fHca0ezh5NORm72mkk1XJRvcuT3PelFHmTo+8KP5OR7ez/2fuIcdGiAD+b2i3e+sfFqMTeUrSfNpunUyXCuTC+ottvD15QxCFhRNfVkTvbOhatQUPyKDv4sjFTxoXvcC8oVH1r9Q=="}^_^7ms,197ms,9ms^_^trace_id:060001f3178507131405220692231288
26-07-26.21:08:34.138 [scheduling-1    ] INFO  NoPayNotifyOrderJob    - 检测未接收到或未正确处理的支付回调通知，订单未支付成功 orderId:05687486819141 code:40004 tradeStatus:null
26-07-26.21:08:36.708 [scheduling-1    ] ERROR err                    - ErrorScene^_^20000^_^aop.ACQ.SYSTEM_ERROR^_^192.168.73.1^_^Windows 11^_^2026-07-26 21:08:36^_^ProtocalMustParams:charset=utf-8&method=alipay.trade.query&sign=MYPOqCFmgd6hRu6VYRyTzObLM/F4wDcGC5wEFB7hXiqgwPra7niFzkTYKc7ArK7N21m7h4zgSvpBw4wEQwgzRRQZiEN4Cx8Okz0MCsqhjXbfY5HoP1g/0Zq7wqIPCoseGxFOaDSdNOMmODtCtZzdC/B9OTgT/kj/YQBK2dRmSZvEtR1i3x2ftaeDU6PSxL8KdYnw+P9oPFgpKBos3h4l9Eq09gE36iQSjLM+kGl6cq/JQnZNZyAupS1126J28Jg3HBq5bq5hk4Cwa/KuZQn5h+1Ql9JqhjiZLo5Rkl48BlUUTfawaU569mb/5snAea7MW5UBdGOngZDQl0YzLNjjqQ==&version=1.0&app_id=9021000165677275&sign_type=RSA2&timestamp=2026-07-26 21:08:36^_^ProtocalOptParams:alipay_sdk=alipay-sdk-java-4.38.157.ALL&format=json^_^ApplicationParams:traceId=06020e08178507131615859862433085&biz_content={"out_trade_no":"59214591885269"}^_^Body:{"alipay_trade_query_response":{"msg":"Service Currently Unavailable","code":"20000","sub_msg":"系统异常","sub_code":"aop.ACQ.SYSTEM_ERROR","receipt_amount":"0.00","point_amount":"0.00","buyer_pay_amount":"0.00","invoice_amount":"0.00"},"sign":"AGmwg3Iy/ZuQL4OY9ZE4eNzhF5cS3ExeHEikbnWtv8JEs/a3oyxiYn0s4qjKZaOB7e5B/nPU1Z4O9QKSA2ySexeCC+UYSFpO8dbOhTv9eule4qb3f6m2wGlk5fMdJf8rlJkS1TlNYoUgpzsIY4mZYF/89pcai+b0C+YXcLH90G9bSMn83zaQlCpCLy+7kZ0s3Qp+xRhzE6XUFzo4S9zHJrVUkAuBtIJoOsyCOWah3v01xEWJEhVETw1/zwk8nG0oVHNo5x+vsDIWccOIkHUir0Q2gb885WsP75eZvNQTvbza+DBUfrxmwLfYMmC0eD+9ICYcB3djAvvjLYJmXfEfNA=="}^_^7ms,687ms,9ms^_^trace_id:06020e08178507131615859862433085
26-07-26.21:08:36.708 [scheduling-1    ] INFO  NoPayNotifyOrderJob    - 检测未接收到或未正确处理的支付回调通知，订单未支付成功 orderId:59214591885269 code:20000 tradeStatus:null
26-07-26.21:08:41.861 [scheduling-1    ] ERROR err                    - 2026-07-26 21:08:41^_^alipay.trade.query^_^null^_^192.168.73.1^_^Windows 11^_^alipay-sdk-java-4.38.157.ALL^_^https://openapi-sandbox.dl.alipaydev.com/gateway.do?charset=utf-8&method=alipay.trade.query&sign=e3UgUk5QHYR5wJWnfzWBrWSXhYBI91r9z231Vvp400UzTclNwFkGHOWw%2BQ1PXo2ruDnuuohSGYP2lHJ0Gn2VVBtdTQOQmLfvRIBTCTmVQZVaHkf%2B84q8Ixqtz7WyHw2mPV7S1nA6bd8u0KIlGRAlcV%2BbcZNMQ82bUdYphj0Kvmen1lt3Ncz%2BdNnu0m5ahSn4Ven0%2FsT5yzDnlXtW%2FUHLdZLFtyPlNrduFKjjLbQb9CA0uTLeaoCU9iJlY9VpSrtsothLlgcbKbJZgRXpqBLYuetzmcSd9zjiyIfdyHl2WFK3D7UE0F6pHMlsuww5vC2KDoWfSqJWijNNmxWknFpYEg%3D%3D&version=1.0&app_id=9021000165677275&sign_type=RSA2&timestamp=2026-07-26+21%3A08%3A36&alipay_sdk=alipay-sdk-java-4.38.157.ALL&format=json^_^^_^<!DOCTYPE HTML PUBLIC "-//IETF//DTD HTML 2.0//EN"> <html> <head><title>504 Gateway Time-out</title></head> <body bgcolor="white"> <h1>504 Gateway Time-out</h1> <p>The gateway did not receive a timely response from the upstream server or application. Sorry for the inconvenience.<br/> Please report this message and include the following information to us.<br/> Thank you very much!</p> <table> <tr> <td>URL:</td> <td>http://openapi-sandbox.dl.alipaydev.com/gateway.do?charset=utf-8&amp;method=alipay.trade.query&amp;sign=e3UgUk5QHYR5wJWnfzWBrWSXhYBI91r9z231Vvp400UzTclNwFkGHOWw%2BQ1PXo2ruDnuuohSGYP2lHJ0Gn2VVBtdTQOQmLfvRIBTCTmVQZVaHkf%2B84q8Ixqtz7WyHw2mPV7S1nA6bd8u0KIlGRAlcV%2BbcZNMQ82bUdYphj0Kvmen1lt3Ncz%2BdNnu0m5ahSn4Ven0%2FsT5yzDnlXtW%2FUHLdZLFtyPlNrduFKjjLbQb9CA0uTLeaoCU9iJlY9VpSrtsothLlgcbKbJZgRXpqBLYuetzmcSd9zjiyIfdyHl2WFK3D7UE0F6pHMlsuww5vC2KDoWfSqJWijNNmxWknFpYEg%3D%3D&amp;version=1.0&amp;app_id=9021000165677275&amp;sign_type=RSA2&amp;timestamp=2026-07-26+21%3A08%3A36&amp;alipay_sdk=alipay-sdk-java-4.38.157.ALL&amp;format=json</td> </tr> <tr> <td>Server:</td> <td>openapi-57.rz21a.sandbox.alipay.net</td> </tr> <tr> <td>Date:</td> <td>2026/07/26 21:08:41</td> </tr> </table> <hr/>Powered by Tengine </body> </html> 
26-07-26.21:08:41.861 [scheduling-1    ] ERROR NoPayNotifyOrderJob    - 检测未接收到或未正确处理的支付回调通知失败
com.alipay.api.AlipayApiException: java.io.IOException: <!DOCTYPE HTML PUBLIC "-//IETF//DTD HTML 2.0//EN">
<html>
<head><title>504 Gateway Time-out</title></head>
<body bgcolor="white">
<h1>504 Gateway Time-out</h1>
<p>The gateway did not receive a timely response from the upstream server or application. Sorry for the inconvenience.<br/>
Please report this message and include the following information to us.<br/>
Thank you very much!</p>
<table>
<tr>
<td>URL:</td>
<td>http://openapi-sandbox.dl.alipaydev.com/gateway.do?charset=utf-8&amp;method=alipay.trade.query&amp;sign=e3UgUk5QHYR5wJWnfzWBrWSXhYBI91r9z231Vvp400UzTclNwFkGHOWw%2BQ1PXo2ruDnuuohSGYP2lHJ0Gn2VVBtdTQOQmLfvRIBTCTmVQZVaHkf%2B84q8Ixqtz7WyHw2mPV7S1nA6bd8u0KIlGRAlcV%2BbcZNMQ82bUdYphj0Kvmen1lt3Ncz%2BdNnu0m5ahSn4Ven0%2FsT5yzDnlXtW%2FUHLdZLFtyPlNrduFKjjLbQb9CA0uTLeaoCU9iJlY9VpSrtsothLlgcbKbJZgRXpqBLYuetzmcSd9zjiyIfdyHl2WFK3D7UE0F6pHMlsuww5vC2KDoWfSqJWijNNmxWknFpYEg%3D%3D&amp;version=1.0&amp;app_id=9021000165677275&amp;sign_type=RSA2&amp;timestamp=2026-07-26+21%3A08%3A36&amp;alipay_sdk=alipay-sdk-java-4.38.157.ALL&amp;format=json</td>
</tr>
<tr>
<td>Server:</td>
<td>openapi-57.rz21a.sandbox.alipay.net</td>
</tr>
<tr>
<td>Date:</td>
<td>2026/07/26 21:08:41</td>
</tr>
</table>
<hr/>Powered by Tengine
</body>
</html>

	at com.alipay.api.AbstractAlipayClient.doPost(AbstractAlipayClient.java:1015)
	at com.alipay.api.AbstractAlipayClient._execute(AbstractAlipayClient.java:921)
	at com.alipay.api.AbstractAlipayClient.execute(AbstractAlipayClient.java:395)
	at com.alipay.api.AbstractAlipayClient.execute(AbstractAlipayClient.java:377)
	at com.alipay.api.AbstractAlipayClient.execute(AbstractAlipayClient.java:372)
	at com.alipay.api.AbstractAlipayClient.execute(AbstractAlipayClient.java:366)
	at cn.bugstack.trigger.job.NoPayNotifyOrderJob.exec(NoPayNotifyOrderJob.java:42)
	at jdk.internal.reflect.GeneratedMethodAccessor23.invoke(Unknown Source)
	at java.base/jdk.internal.reflect.DelegatingMethodAccessorImpl.invoke(DelegatingMethodAccessorImpl.java:43)
	at java.base/java.lang.reflect.Method.invoke(Method.java:566)
	at org.springframework.scheduling.support.ScheduledMethodRunnable.run(ScheduledMethodRunnable.java:84)
	at org.springframework.scheduling.support.DelegatingErrorHandlingRunnable.run(DelegatingErrorHandlingRunnable.java:54)
	at org.springframework.scheduling.concurrent.ReschedulingRunnable.run(ReschedulingRunnable.java:95)
	at java.base/java.util.concurrent.Executors$RunnableAdapter.call(Executors.java:515)
	at java.base/java.util.concurrent.FutureTask.run(FutureTask.java:264)
	at java.base/java.util.concurrent.ScheduledThreadPoolExecutor$ScheduledFutureTask.run(ScheduledThreadPoolExecutor.java:304)
	at java.base/java.util.concurrent.ThreadPoolExecutor.runWorker(ThreadPoolExecutor.java:1128)
	at java.base/java.util.concurrent.ThreadPoolExecutor$Worker.run(ThreadPoolExecutor.java:628)
	at java.base/java.lang.Thread.run(Thread.java:829)
Caused by: java.io.IOException: <!DOCTYPE HTML PUBLIC "-//IETF//DTD HTML 2.0//EN">
<html>
<head><title>504 Gateway Time-out</title></head>
<body bgcolor="white">
<h1>504 Gateway Time-out</h1>
<p>The gateway did not receive a timely response from the upstream server or application. Sorry for the inconvenience.<br/>
Please report this message and include the following information to us.<br/>
Thank you very much!</p>
<table>
<tr>
<td>URL:</td>
<td>http://openapi-sandbox.dl.alipaydev.com/gateway.do?charset=utf-8&amp;method=alipay.trade.query&amp;sign=e3UgUk5QHYR5wJWnfzWBrWSXhYBI91r9z231Vvp400UzTclNwFkGHOWw%2BQ1PXo2ruDnuuohSGYP2lHJ0Gn2VVBtdTQOQmLfvRIBTCTmVQZVaHkf%2B84q8Ixqtz7WyHw2mPV7S1nA6bd8u0KIlGRAlcV%2BbcZNMQ82bUdYphj0Kvmen1lt3Ncz%2BdNnu0m5ahSn4Ven0%2FsT5yzDnlXtW%2FUHLdZLFtyPlNrduFKjjLbQb9CA0uTLeaoCU9iJlY9VpSrtsothLlgcbKbJZgRXpqBLYuetzmcSd9zjiyIfdyHl2WFK3D7UE0F6pHMlsuww5vC2KDoWfSqJWijNNmxWknFpYEg%3D%3D&amp;version=1.0&amp;app_id=9021000165677275&amp;sign_type=RSA2&amp;timestamp=2026-07-26+21%3A08%3A36&amp;alipay_sdk=alipay-sdk-java-4.38.157.ALL&amp;format=json</td>
</tr>
<tr>
<td>Server:</td>
<td>openapi-57.rz21a.sandbox.alipay.net</td>
</tr>
<tr>
<td>Date:</td>
<td>2026/07/26 21:08:41</td>
</tr>
</table>
<hr/>Powered by Tengine
</body>
</html>

	at com.alipay.api.internal.util.WebUtils.getResponseAsString(WebUtils.java:520)
	at com.alipay.api.internal.util.WebUtils.doPost(WebUtils.java:181)
	at com.alipay.api.internal.util.WebUtils.doPost(WebUtils.java:142)
	at com.alipay.api.AbstractAlipayClient.doPost(AbstractAlipayClient.java:1003)
	... 18 common frames omitted
26-07-26.21:08:51.735 [scheduling-1    ] ERROR err                    - ErrorScene^_^40004^_^ACQ.TRADE_NOT_EXIST^_^192.168.73.1^_^Windows 11^_^2026-07-26 21:08:51^_^ProtocalMustParams:charset=utf-8&method=alipay.trade.query&sign=IFRlm9sZmO/r9wQuLcPRuUkKUu4LfZDe3eHp0trKzQ5gRr2fpQYCY0ERWcTJmlnS2TVqJUxv7yRr3kOeFacFUwY6gZVOz5c5Psz8ZX8uD9d0XQnFSm07hNMEge6w5DPB9VXI7+0bM/ZiBFTx2lwn5A5sTfdEKde4RvW9E4mcLoTxABosiF9tgS+HtMFa8AvPXRyNo60uAGW6OZoqlJPWhh6ocndJRhYaxRbBGkLtFsWazUQJRQ5B2snaEO5AjPj7hBJoBEe2EmFk+7gWs2F6eKe/LNjNxynBheMajufpmVau+Fa0g3P0ukn4++ssLTTPHK8L3WzDYZKXeYsfePzYxQ==&version=1.0&app_id=9021000165677275&sign_type=RSA2&timestamp=2026-07-26 21:08:42^_^ProtocalOptParams:alipay_sdk=alipay-sdk-java-4.38.157.ALL&format=json^_^ApplicationParams:traceId=060d663d178507133164084288178&biz_content={"out_trade_no":"59214591885269"}^_^Body:{"alipay_trade_query_response":{"msg":"Business Failed","code":"40004","out_trade_no":"59214591885269","sub_msg":"交易不存在","sub_code":"ACQ.TRADE_NOT_EXIST","receipt_amount":"0.00","point_amount":"0.00","buyer_pay_amount":"0.00","invoice_amount":"0.00"},"sign":"IlGZ9x5UhNF2eAqdNMzeNXtVmLVeP4WAHqOs3UIoTeNqOZPSKddjkKWyTMN0yOnmdmvXLs65xA8iLe3vMAOcTv3IRc5Ly+sfXiILXIoyDMo48N1nGL00QjpY712N35H3czuLP1upFRYorbFoh87mPrUkchUunF+PEBdfORFul87T4s2hkFE5Fl1M1wxQAAUDsoOdZiXF4N0VIlZn8XpWkwGhUJTSzC4T5bTxJpGdI0AVbbLy9QZu0eXIaXEtwYSVDV1oFLVBE/DEmKpridtTn9/6ZOtOpBhjgylpbP+J+f2SCp37feezNW+mRc7kxKeaJfjjdbn7pTI1TeynheyWLQ=="}^_^8ms,9701ms,17ms^_^trace_id:060d663d178507133164084288178
26-07-26.21:08:51.735 [scheduling-1    ] INFO  NoPayNotifyOrderJob    - 检测未接收到或未正确处理的支付回调通知，订单未支付成功 orderId:59214591885269 code:40004 tradeStatus:null
26-07-26.21:08:56.925 [scheduling-1    ] ERROR err                    - 2026-07-26 21:08:56^_^alipay.trade.query^_^null^_^192.168.73.1^_^Windows 11^_^alipay-sdk-java-4.38.157.ALL^_^https://openapi-sandbox.dl.alipaydev.com/gateway.do?charset=utf-8&method=alipay.trade.query&sign=BR3MynzviEO5lSHUkTLZgIS7OFX672kHaWbIFpNvTcVXXYR6SVlmR4BTsM8lKIbe7iAHAX8GoZK5n0SVn0sNLXV6BPVGDZbg7NR4J3cmZTeV9PwJ0YUiyAVQw%2BGXSThLi7%2F2vEufmH1q%2FgW6KzCoeD%2BIFyQdl%2BfILmplWozMIqHIg0q3jgUE86J2hcFskT1FkCQ6CoQUim0RTr0663jV192Y9gCljB%2FyQ9grCank1tKIaq2BctM4njTaedW3yfwun1Dm6JsFDjg07%2B7lIkDsmfUKEuy8MRrBwmizzWrkThl8XF5yhlBlFhmWqRED%2FQhuv7SsOl9vO4WArM0nDWIeSA%3D%3D&version=1.0&app_id=9021000165677275&sign_type=RSA2&timestamp=2026-07-26+21%3A08%3A51&alipay_sdk=alipay-sdk-java-4.38.157.ALL&format=json^_^^_^<!DOCTYPE HTML PUBLIC "-//IETF//DTD HTML 2.0//EN"> <html> <head><title>504 Gateway Time-out</title></head> <body bgcolor="white"> <h1>504 Gateway Time-out</h1> <p>The gateway did not receive a timely response from the upstream server or application. Sorry for the inconvenience.<br/> Please report this message and include the following information to us.<br/> Thank you very much!</p> <table> <tr> <td>URL:</td> <td>http://openapi-sandbox.dl.alipaydev.com/gateway.do?charset=utf-8&amp;method=alipay.trade.query&amp;sign=BR3MynzviEO5lSHUkTLZgIS7OFX672kHaWbIFpNvTcVXXYR6SVlmR4BTsM8lKIbe7iAHAX8GoZK5n0SVn0sNLXV6BPVGDZbg7NR4J3cmZTeV9PwJ0YUiyAVQw%2BGXSThLi7%2F2vEufmH1q%2FgW6KzCoeD%2BIFyQdl%2BfILmplWozMIqHIg0q3jgUE86J2hcFskT1FkCQ6CoQUim0RTr0663jV192Y9gCljB%2FyQ9grCank1tKIaq2BctM4njTaedW3yfwun1Dm6JsFDjg07%2B7lIkDsmfUKEuy8MRrBwmizzWrkThl8XF5yhlBlFhmWqRED%2FQhuv7SsOl9vO4WArM0nDWIeSA%3D%3D&amp;version=1.0&amp;app_id=9021000165677275&amp;sign_type=RSA2&amp;timestamp=2026-07-26+21%3A08%3A51&amp;alipay_sdk=alipay-sdk-java-4.38.157.ALL&amp;format=json</td> </tr> <tr> <td>Server:</td> <td>openapi-55.rz21a.sandbox.alipay.net</td> </tr> <tr> <td>Date:</td> <td>2026/07/26 21:08:56</td> </tr> </table> <hr/>Powered by Tengine </body> </html> 
26-07-26.21:08:56.926 [scheduling-1    ] ERROR NoPayNotifyOrderJob    - 检测未接收到或未正确处理的支付回调通知失败
com.alipay.api.AlipayApiException: java.io.IOException: <!DOCTYPE HTML PUBLIC "-//IETF//DTD HTML 2.0//EN">
<html>
<head><title>504 Gateway Time-out</title></head>
<body bgcolor="white">
<h1>504 Gateway Time-out</h1>
<p>The gateway did not receive a timely response from the upstream server or application. Sorry for the inconvenience.<br/>
Please report this message and include the following information to us.<br/>
Thank you very much!</p>
<table>
<tr>
<td>URL:</td>
<td>http://openapi-sandbox.dl.alipaydev.com/gateway.do?charset=utf-8&amp;method=alipay.trade.query&amp;sign=BR3MynzviEO5lSHUkTLZgIS7OFX672kHaWbIFpNvTcVXXYR6SVlmR4BTsM8lKIbe7iAHAX8GoZK5n0SVn0sNLXV6BPVGDZbg7NR4J3cmZTeV9PwJ0YUiyAVQw%2BGXSThLi7%2F2vEufmH1q%2FgW6KzCoeD%2BIFyQdl%2BfILmplWozMIqHIg0q3jgUE86J2hcFskT1FkCQ6CoQUim0RTr0663jV192Y9gCljB%2FyQ9grCank1tKIaq2BctM4njTaedW3yfwun1Dm6JsFDjg07%2B7lIkDsmfUKEuy8MRrBwmizzWrkThl8XF5yhlBlFhmWqRED%2FQhuv7SsOl9vO4WArM0nDWIeSA%3D%3D&amp;version=1.0&amp;app_id=9021000165677275&amp;sign_type=RSA2&amp;timestamp=2026-07-26+21%3A08%3A51&amp;alipay_sdk=alipay-sdk-java-4.38.157.ALL&amp;format=json</td>
</tr>
<tr>
<td>Server:</td>
<td>openapi-55.rz21a.sandbox.alipay.net</td>
</tr>
<tr>
<td>Date:</td>
<td>2026/07/26 21:08:56</td>
</tr>
</table>
<hr/>Powered by Tengine
</body>
</html>

	at com.alipay.api.AbstractAlipayClient.doPost(AbstractAlipayClient.java:1015)
	at com.alipay.api.AbstractAlipayClient._execute(AbstractAlipayClient.java:921)
	at com.alipay.api.AbstractAlipayClient.execute(AbstractAlipayClient.java:395)
	at com.alipay.api.AbstractAlipayClient.execute(AbstractAlipayClient.java:377)
	at com.alipay.api.AbstractAlipayClient.execute(AbstractAlipayClient.java:372)
	at com.alipay.api.AbstractAlipayClient.execute(AbstractAlipayClient.java:366)
	at cn.bugstack.trigger.job.NoPayNotifyOrderJob.exec(NoPayNotifyOrderJob.java:42)
	at jdk.internal.reflect.GeneratedMethodAccessor23.invoke(Unknown Source)
	at java.base/jdk.internal.reflect.DelegatingMethodAccessorImpl.invoke(DelegatingMethodAccessorImpl.java:43)
	at java.base/java.lang.reflect.Method.invoke(Method.java:566)
	at org.springframework.scheduling.support.ScheduledMethodRunnable.run(ScheduledMethodRunnable.java:84)
	at org.springframework.scheduling.support.DelegatingErrorHandlingRunnable.run(DelegatingErrorHandlingRunnable.java:54)
	at org.springframework.scheduling.concurrent.ReschedulingRunnable.run(ReschedulingRunnable.java:95)
	at java.base/java.util.concurrent.Executors$RunnableAdapter.call(Executors.java:515)
	at java.base/java.util.concurrent.FutureTask.run(FutureTask.java:264)
	at java.base/java.util.concurrent.ScheduledThreadPoolExecutor$ScheduledFutureTask.run(ScheduledThreadPoolExecutor.java:304)
	at java.base/java.util.concurrent.ThreadPoolExecutor.runWorker(ThreadPoolExecutor.java:1128)
	at java.base/java.util.concurrent.ThreadPoolExecutor$Worker.run(ThreadPoolExecutor.java:628)
	at java.base/java.lang.Thread.run(Thread.java:829)
Caused by: java.io.IOException: <!DOCTYPE HTML PUBLIC "-//IETF//DTD HTML 2.0//EN">
<html>
<head><title>504 Gateway Time-out</title></head>
<body bgcolor="white">
<h1>504 Gateway Time-out</h1>
<p>The gateway did not receive a timely response from the upstream server or application. Sorry for the inconvenience.<br/>
Please report this message and include the following information to us.<br/>
Thank you very much!</p>
<table>
<tr>
<td>URL:</td>
<td>http://openapi-sandbox.dl.alipaydev.com/gateway.do?charset=utf-8&amp;method=alipay.trade.query&amp;sign=BR3MynzviEO5lSHUkTLZgIS7OFX672kHaWbIFpNvTcVXXYR6SVlmR4BTsM8lKIbe7iAHAX8GoZK5n0SVn0sNLXV6BPVGDZbg7NR4J3cmZTeV9PwJ0YUiyAVQw%2BGXSThLi7%2F2vEufmH1q%2FgW6KzCoeD%2BIFyQdl%2BfILmplWozMIqHIg0q3jgUE86J2hcFskT1FkCQ6CoQUim0RTr0663jV192Y9gCljB%2FyQ9grCank1tKIaq2BctM4njTaedW3yfwun1Dm6JsFDjg07%2B7lIkDsmfUKEuy8MRrBwmizzWrkThl8XF5yhlBlFhmWqRED%2FQhuv7SsOl9vO4WArM0nDWIeSA%3D%3D&amp;version=1.0&amp;app_id=9021000165677275&amp;sign_type=RSA2&amp;timestamp=2026-07-26+21%3A08%3A51&amp;alipay_sdk=alipay-sdk-java-4.38.157.ALL&amp;format=json</td>
</tr>
<tr>
<td>Server:</td>
<td>openapi-55.rz21a.sandbox.alipay.net</td>
</tr>
<tr>
<td>Date:</td>
<td>2026/07/26 21:08:56</td>
</tr>
</table>
<hr/>Powered by Tengine
</body>
</html>

	at com.alipay.api.internal.util.WebUtils.getResponseAsString(WebUtils.java:520)
	at com.alipay.api.internal.util.WebUtils.doPost(WebUtils.java:181)
	at com.alipay.api.internal.util.WebUtils.doPost(WebUtils.java:142)
	at com.alipay.api.AbstractAlipayClient.doPost(AbstractAlipayClient.java:1003)
	... 18 common frames omitted
26-07-26.21:09:02.192 [scheduling-1    ] ERROR err                    - 2026-07-26 21:09:02^_^alipay.trade.query^_^null^_^192.168.73.1^_^Windows 11^_^alipay-sdk-java-4.38.157.ALL^_^https://openapi-sandbox.dl.alipaydev.com/gateway.do?charset=utf-8&method=alipay.trade.query&sign=gDcItwC2F7STX6vj%2FRZ0LzK5GCYLCsxeypnez4UzuMzwxa93LePG8KQUz3KrOZfennUFhvIaSWLVlcEUYc9ZPpIpnuL0qjT1lK03ibODpP6EGVmYHMa4CSI%2FucyWN8rp8ntZz3yC%2Fanc065h8zf3OMj5YPc%2FMHSG27raeVfjuHsxN1MWqJD%2BDsfNkh9cYNt4B3vMB2kpkCloumXnkIrrfSILBxysFzE0qIyf%2F7piR9%2BY269Ea5xUn5nLhFJiV1p0%2FBU857C%2Bb61o5omXlYSYYZ4hasvRSxVcjX%2B6JVGVhbY%2FpkktUKsXNKuSP0kDv7adVtpfsnm3%2BT3ZTRHNoophew%3D%3D&version=1.0&app_id=9021000165677275&sign_type=RSA2&timestamp=2026-07-26+21%3A08%3A57&alipay_sdk=alipay-sdk-java-4.38.157.ALL&format=json^_^^_^<!DOCTYPE HTML PUBLIC "-//IETF//DTD HTML 2.0//EN"> <html> <head><title>504 Gateway Time-out</title></head> <body bgcolor="white"> <h1>504 Gateway Time-out</h1> <p>The gateway did not receive a timely response from the upstream server or application. Sorry for the inconvenience.<br/> Please report this message and include the following information to us.<br/> Thank you very much!</p> <table> <tr> <td>URL:</td> <td>http://openapi-sandbox.dl.alipaydev.com/gateway.do?charset=utf-8&amp;method=alipay.trade.query&amp;sign=gDcItwC2F7STX6vj%2FRZ0LzK5GCYLCsxeypnez4UzuMzwxa93LePG8KQUz3KrOZfennUFhvIaSWLVlcEUYc9ZPpIpnuL0qjT1lK03ibODpP6EGVmYHMa4CSI%2FucyWN8rp8ntZz3yC%2Fanc065h8zf3OMj5YPc%2FMHSG27raeVfjuHsxN1MWqJD%2BDsfNkh9cYNt4B3vMB2kpkCloumXnkIrrfSILBxysFzE0qIyf%2F7piR9%2BY269Ea5xUn5nLhFJiV1p0%2FBU857C%2Bb61o5omXlYSYYZ4hasvRSxVcjX%2B6JVGVhbY%2FpkktUKsXNKuSP0kDv7adVtpfsnm3%2BT3ZTRHNoophew%3D%3D&amp;version=1.0&amp;app_id=9021000165677275&amp;sign_type=RSA2&amp;timestamp=2026-07-26+21%3A08%3A57&amp;alipay_sdk=alipay-sdk-java-4.38.157.ALL&amp;format=json</td> </tr> <tr> <td>Server:</td> <td>openapi-57.rz21a.sandbox.alipay.net</td> </tr> <tr> <td>Date:</td> <td>2026/07/26 21:09:02</td> </tr> </table> <hr/>Powered by Tengine </body> </html> 
26-07-26.21:09:02.192 [scheduling-1    ] ERROR NoPayNotifyOrderJob    - 检测未接收到或未正确处理的支付回调通知失败
com.alipay.api.AlipayApiException: java.io.IOException: <!DOCTYPE HTML PUBLIC "-//IETF//DTD HTML 2.0//EN">
<html>
<head><title>504 Gateway Time-out</title></head>
<body bgcolor="white">
<h1>504 Gateway Time-out</h1>
<p>The gateway did not receive a timely response from the upstream server or application. Sorry for the inconvenience.<br/>
Please report this message and include the following information to us.<br/>
Thank you very much!</p>
<table>
<tr>
<td>URL:</td>
<td>http://openapi-sandbox.dl.alipaydev.com/gateway.do?charset=utf-8&amp;method=alipay.trade.query&amp;sign=gDcItwC2F7STX6vj%2FRZ0LzK5GCYLCsxeypnez4UzuMzwxa93LePG8KQUz3KrOZfennUFhvIaSWLVlcEUYc9ZPpIpnuL0qjT1lK03ibODpP6EGVmYHMa4CSI%2FucyWN8rp8ntZz3yC%2Fanc065h8zf3OMj5YPc%2FMHSG27raeVfjuHsxN1MWqJD%2BDsfNkh9cYNt4B3vMB2kpkCloumXnkIrrfSILBxysFzE0qIyf%2F7piR9%2BY269Ea5xUn5nLhFJiV1p0%2FBU857C%2Bb61o5omXlYSYYZ4hasvRSxVcjX%2B6JVGVhbY%2FpkktUKsXNKuSP0kDv7adVtpfsnm3%2BT3ZTRHNoophew%3D%3D&amp;version=1.0&amp;app_id=9021000165677275&amp;sign_type=RSA2&amp;timestamp=2026-07-26+21%3A08%3A57&amp;alipay_sdk=alipay-sdk-java-4.38.157.ALL&amp;format=json</td>
</tr>
<tr>
<td>Server:</td>
<td>openapi-57.rz21a.sandbox.alipay.net</td>
</tr>
<tr>
<td>Date:</td>
<td>2026/07/26 21:09:02</td>
</tr>
</table>
<hr/>Powered by Tengine
</body>
</html>

	at com.alipay.api.AbstractAlipayClient.doPost(AbstractAlipayClient.java:1015)
	at com.alipay.api.AbstractAlipayClient._execute(AbstractAlipayClient.java:921)
	at com.alipay.api.AbstractAlipayClient.execute(AbstractAlipayClient.java:395)
	at com.alipay.api.AbstractAlipayClient.execute(AbstractAlipayClient.java:377)
	at com.alipay.api.AbstractAlipayClient.execute(AbstractAlipayClient.java:372)
	at com.alipay.api.AbstractAlipayClient.execute(AbstractAlipayClient.java:366)
	at cn.bugstack.trigger.job.NoPayNotifyOrderJob.exec(NoPayNotifyOrderJob.java:42)
	at jdk.internal.reflect.GeneratedMethodAccessor23.invoke(Unknown Source)
	at java.base/jdk.internal.reflect.DelegatingMethodAccessorImpl.invoke(DelegatingMethodAccessorImpl.java:43)
	at java.base/java.lang.reflect.Method.invoke(Method.java:566)
	at org.springframework.scheduling.support.ScheduledMethodRunnable.run(ScheduledMethodRunnable.java:84)
	at org.springframework.scheduling.support.DelegatingErrorHandlingRunnable.run(DelegatingErrorHandlingRunnable.java:54)
	at org.springframework.scheduling.concurrent.ReschedulingRunnable.run(ReschedulingRunnable.java:95)
	at java.base/java.util.concurrent.Executors$RunnableAdapter.call(Executors.java:515)
	at java.base/java.util.concurrent.FutureTask.run(FutureTask.java:264)
	at java.base/java.util.concurrent.ScheduledThreadPoolExecutor$ScheduledFutureTask.run(ScheduledThreadPoolExecutor.java:304)
	at java.base/java.util.concurrent.ThreadPoolExecutor.runWorker(ThreadPoolExecutor.java:1128)
	at java.base/java.util.concurrent.ThreadPoolExecutor$Worker.run(ThreadPoolExecutor.java:628)
	at java.base/java.lang.Thread.run(Thread.java:829)
Caused by: java.io.IOException: <!DOCTYPE HTML PUBLIC "-//IETF//DTD HTML 2.0//EN">
<html>
<head><title>504 Gateway Time-out</title></head>
<body bgcolor="white">
<h1>504 Gateway Time-out</h1>
<p>The gateway did not receive a timely response from the upstream server or application. Sorry for the inconvenience.<br/>
Please report this message and include the following information to us.<br/>
Thank you very much!</p>
<table>
<tr>
<td>URL:</td>
<td>http://openapi-sandbox.dl.alipaydev.com/gateway.do?charset=utf-8&amp;method=alipay.trade.query&amp;sign=gDcItwC2F7STX6vj%2FRZ0LzK5GCYLCsxeypnez4UzuMzwxa93LePG8KQUz3KrOZfennUFhvIaSWLVlcEUYc9ZPpIpnuL0qjT1lK03ibODpP6EGVmYHMa4CSI%2FucyWN8rp8ntZz3yC%2Fanc065h8zf3OMj5YPc%2FMHSG27raeVfjuHsxN1MWqJD%2BDsfNkh9cYNt4B3vMB2kpkCloumXnkIrrfSILBxysFzE0qIyf%2F7piR9%2BY269Ea5xUn5nLhFJiV1p0%2FBU857C%2Bb61o5omXlYSYYZ4hasvRSxVcjX%2B6JVGVhbY%2FpkktUKsXNKuSP0kDv7adVtpfsnm3%2BT3ZTRHNoophew%3D%3D&amp;version=1.0&amp;app_id=9021000165677275&amp;sign_type=RSA2&amp;timestamp=2026-07-26+21%3A08%3A57&amp;alipay_sdk=alipay-sdk-java-4.38.157.ALL&amp;format=json</td>
</tr>
<tr>
<td>Server:</td>
<td>openapi-57.rz21a.sandbox.alipay.net</td>
</tr>
<tr>
<td>Date:</td>
<td>2026/07/26 21:09:02</td>
</tr>
</table>
<hr/>Powered by Tengine
</body>
</html>

	at com.alipay.api.internal.util.WebUtils.getResponseAsString(WebUtils.java:520)
	at com.alipay.api.internal.util.WebUtils.doPost(WebUtils.java:181)
	at com.alipay.api.internal.util.WebUtils.doPost(WebUtils.java:142)
	at com.alipay.api.AbstractAlipayClient.doPost(AbstractAlipayClient.java:1003)
	... 18 common frames omitted
26-07-26.21:09:03.221 [scheduling-1    ] ERROR err                    - ErrorScene^_^40004^_^ACQ.TRADE_NOT_EXIST^_^192.168.73.1^_^Windows 11^_^2026-07-26 21:09:03^_^ProtocalMustParams:charset=utf-8&method=alipay.trade.query&sign=RPSfC2PS+gkCcsWd3uZivklKXdmBCe3flxcg7uV2jTGdjJ3c/R39GmJ0HlexLOm7UWxlMivg2CGDOQ5tCGlStIZtmrIBziGcNeL9+beHlFBAdLNLiCQtvc4LDSV1tA2EYlstN2Ppn5onaZ0qso/ylkIm1W3zYqRggmhlO6LxeLKk80AUDKpJFbA0Mfvv0BKKelYcaMcgK2zNNL8RnBQmXsb6A44/SZNw8e43KBKSGE2hxN5JHGsAcR+bWjgYmohnSHVHC2LHQivEyiDEjQ7jI2BGyCgvbvhNK/Avp8vnBWrSaAow90LwV0txMrxQj0yswZI4dah5KFvZASwGXjCXmw==&version=1.0&app_id=9021000165677275&sign_type=RSA2&timestamp=2026-07-26 21:09:03^_^ProtocalOptParams:alipay_sdk=alipay-sdk-java-4.38.157.ALL&format=json^_^ApplicationParams:traceId=06020e08178507134314060992433085&biz_content={"out_trade_no":"59214591885269"}^_^Body:{"alipay_trade_query_response":{"msg":"Business Failed","code":"40004","out_trade_no":"59214591885269","sub_msg":"交易不存在","sub_code":"ACQ.TRADE_NOT_EXIST","receipt_amount":"0.00","point_amount":"0.00","buyer_pay_amount":"0.00","invoice_amount":"0.00"},"sign":"IlGZ9x5UhNF2eAqdNMzeNXtVmLVeP4WAHqOs3UIoTeNqOZPSKddjkKWyTMN0yOnmdmvXLs65xA8iLe3vMAOcTv3IRc5Ly+sfXiILXIoyDMo48N1nGL00QjpY712N35H3czuLP1upFRYorbFoh87mPrUkchUunF+PEBdfORFul87T4s2hkFE5Fl1M1wxQAAUDsoOdZiXF4N0VIlZn8XpWkwGhUJTSzC4T5bTxJpGdI0AVbbLy9QZu0eXIaXEtwYSVDV1oFLVBE/DEmKpridtTn9/6ZOtOpBhjgylpbP+J+f2SCp37feezNW+mRc7kxKeaJfjjdbn7pTI1TeynheyWLQ=="}^_^7ms,193ms,10ms^_^trace_id:06020e08178507134314060992433085
26-07-26.21:09:03.221 [scheduling-1    ] INFO  NoPayNotifyOrderJob    - 检测未接收到或未正确处理的支付回调通知，订单未支付成功 orderId:59214591885269 code:40004 tradeStatus:null
26-07-26.21:09:08.425 [scheduling-1    ] ERROR err                    - 2026-07-26 21:09:08^_^alipay.trade.query^_^null^_^192.168.73.1^_^Windows 11^_^alipay-sdk-java-4.38.157.ALL^_^https://openapi-sandbox.dl.alipaydev.com/gateway.do?charset=utf-8&method=alipay.trade.query&sign=QzGRM11NmzJPfIagBK7Z2MvZ0goHBZqbmztgdyZDWgUJqPqIe657d%2Fi%2BHT9%2BkhaInxrLyT8FBJNZQiVob2j5dJZV1KjYOH43nkpyEWzgqebVdJ8WeY2reGQFmDYfEF1Tpf7WB5NBK3AUSbx9tUA0qyxyIT44QVzi13iOg1kkr60%2F3NevIJ2UpQmaw6XWzeEL8h2SLr1jWouxwztcVexl2j02156TBteJbImbTvk6a%2BWAHcDhtPl5QqJSD8Gxq5adooAahlbvXj2XZmt5GykRRtZJ4qd0M2gtqOWeFdmBKgIbinWHNWuwSlIu6o6CoFvXX6YHCQVin1M5BL%2FZLS5tEA%3D%3D&version=1.0&app_id=9021000165677275&sign_type=RSA2&timestamp=2026-07-26+21%3A09%3A03&alipay_sdk=alipay-sdk-java-4.38.157.ALL&format=json^_^^_^<!DOCTYPE HTML PUBLIC "-//IETF//DTD HTML 2.0//EN"> <html> <head><title>504 Gateway Time-out</title></head> <body bgcolor="white"> <h1>504 Gateway Time-out</h1> <p>The gateway did not receive a timely response from the upstream server or application. Sorry for the inconvenience.<br/> Please report this message and include the following information to us.<br/> Thank you very much!</p> <table> <tr> <td>URL:</td> <td>http://openapi-sandbox.dl.alipaydev.com/gateway.do?charset=utf-8&amp;method=alipay.trade.query&amp;sign=QzGRM11NmzJPfIagBK7Z2MvZ0goHBZqbmztgdyZDWgUJqPqIe657d%2Fi%2BHT9%2BkhaInxrLyT8FBJNZQiVob2j5dJZV1KjYOH43nkpyEWzgqebVdJ8WeY2reGQFmDYfEF1Tpf7WB5NBK3AUSbx9tUA0qyxyIT44QVzi13iOg1kkr60%2F3NevIJ2UpQmaw6XWzeEL8h2SLr1jWouxwztcVexl2j02156TBteJbImbTvk6a%2BWAHcDhtPl5QqJSD8Gxq5adooAahlbvXj2XZmt5GykRRtZJ4qd0M2gtqOWeFdmBKgIbinWHNWuwSlIu6o6CoFvXX6YHCQVin1M5BL%2FZLS5tEA%3D%3D&amp;version=1.0&amp;app_id=9021000165677275&amp;sign_type=RSA2&amp;timestamp=2026-07-26+21%3A09%3A03&amp;alipay_sdk=alipay-sdk-java-4.38.157.ALL&amp;format=json</td> </tr> <tr> <td>Server:</td> <td>openapi-57.rz21a.sandbox.alipay.net</td> </tr> <tr> <td>Date:</td> <td>2026/07/26 21:09:08</td> </tr> </table> <hr/>Powered by Tengine </body> </html> 
26-07-26.21:09:08.425 [scheduling-1    ] ERROR NoPayNotifyOrderJob    - 检测未接收到或未正确处理的支付回调通知失败
com.alipay.api.AlipayApiException: java.io.IOException: <!DOCTYPE HTML PUBLIC "-//IETF//DTD HTML 2.0//EN">
<html>
<head><title>504 Gateway Time-out</title></head>
<body bgcolor="white">
<h1>504 Gateway Time-out</h1>
<p>The gateway did not receive a timely response from the upstream server or application. Sorry for the inconvenience.<br/>
Please report this message and include the following information to us.<br/>
Thank you very much!</p>
<table>
<tr>
<td>URL:</td>
<td>http://openapi-sandbox.dl.alipaydev.com/gateway.do?charset=utf-8&amp;method=alipay.trade.query&amp;sign=QzGRM11NmzJPfIagBK7Z2MvZ0goHBZqbmztgdyZDWgUJqPqIe657d%2Fi%2BHT9%2BkhaInxrLyT8FBJNZQiVob2j5dJZV1KjYOH43nkpyEWzgqebVdJ8WeY2reGQFmDYfEF1Tpf7WB5NBK3AUSbx9tUA0qyxyIT44QVzi13iOg1kkr60%2F3NevIJ2UpQmaw6XWzeEL8h2SLr1jWouxwztcVexl2j02156TBteJbImbTvk6a%2BWAHcDhtPl5QqJSD8Gxq5adooAahlbvXj2XZmt5GykRRtZJ4qd0M2gtqOWeFdmBKgIbinWHNWuwSlIu6o6CoFvXX6YHCQVin1M5BL%2FZLS5tEA%3D%3D&amp;version=1.0&amp;app_id=9021000165677275&amp;sign_type=RSA2&amp;timestamp=2026-07-26+21%3A09%3A03&amp;alipay_sdk=alipay-sdk-java-4.38.157.ALL&amp;format=json</td>
</tr>
<tr>
<td>Server:</td>
<td>openapi-57.rz21a.sandbox.alipay.net</td>
</tr>
<tr>
<td>Date:</td>
<td>2026/07/26 21:09:08</td>
</tr>
</table>
<hr/>Powered by Tengine
</body>
</html>

	at com.alipay.api.AbstractAlipayClient.doPost(AbstractAlipayClient.java:1015)
	at com.alipay.api.AbstractAlipayClient._execute(AbstractAlipayClient.java:921)
	at com.alipay.api.AbstractAlipayClient.execute(AbstractAlipayClient.java:395)
	at com.alipay.api.AbstractAlipayClient.execute(AbstractAlipayClient.java:377)
	at com.alipay.api.AbstractAlipayClient.execute(AbstractAlipayClient.java:372)
	at com.alipay.api.AbstractAlipayClient.execute(AbstractAlipayClient.java:366)
	at cn.bugstack.trigger.job.NoPayNotifyOrderJob.exec(NoPayNotifyOrderJob.java:42)
	at jdk.internal.reflect.GeneratedMethodAccessor23.invoke(Unknown Source)
	at java.base/jdk.internal.reflect.DelegatingMethodAccessorImpl.invoke(DelegatingMethodAccessorImpl.java:43)
	at java.base/java.lang.reflect.Method.invoke(Method.java:566)
	at org.springframework.scheduling.support.ScheduledMethodRunnable.run(ScheduledMethodRunnable.java:84)
	at org.springframework.scheduling.support.DelegatingErrorHandlingRunnable.run(DelegatingErrorHandlingRunnable.java:54)
	at org.springframework.scheduling.concurrent.ReschedulingRunnable.run(ReschedulingRunnable.java:95)
	at java.base/java.util.concurrent.Executors$RunnableAdapter.call(Executors.java:515)
	at java.base/java.util.concurrent.FutureTask.run(FutureTask.java:264)
	at java.base/java.util.concurrent.ScheduledThreadPoolExecutor$ScheduledFutureTask.run(ScheduledThreadPoolExecutor.java:304)
	at java.base/java.util.concurrent.ThreadPoolExecutor.runWorker(ThreadPoolExecutor.java:1128)
	at java.base/java.util.concurrent.ThreadPoolExecutor$Worker.run(ThreadPoolExecutor.java:628)
	at java.base/java.lang.Thread.run(Thread.java:829)
Caused by: java.io.IOException: <!DOCTYPE HTML PUBLIC "-//IETF//DTD HTML 2.0//EN">
<html>
<head><title>504 Gateway Time-out</title></head>
<body bgcolor="white">
<h1>504 Gateway Time-out</h1>
<p>The gateway did not receive a timely response from the upstream server or application. Sorry for the inconvenience.<br/>
Please report this message and include the following information to us.<br/>
Thank you very much!</p>
<table>
<tr>
<td>URL:</td>
<td>http://openapi-sandbox.dl.alipaydev.com/gateway.do?charset=utf-8&amp;method=alipay.trade.query&amp;sign=QzGRM11NmzJPfIagBK7Z2MvZ0goHBZqbmztgdyZDWgUJqPqIe657d%2Fi%2BHT9%2BkhaInxrLyT8FBJNZQiVob2j5dJZV1KjYOH43nkpyEWzgqebVdJ8WeY2reGQFmDYfEF1Tpf7WB5NBK3AUSbx9tUA0qyxyIT44QVzi13iOg1kkr60%2F3NevIJ2UpQmaw6XWzeEL8h2SLr1jWouxwztcVexl2j02156TBteJbImbTvk6a%2BWAHcDhtPl5QqJSD8Gxq5adooAahlbvXj2XZmt5GykRRtZJ4qd0M2gtqOWeFdmBKgIbinWHNWuwSlIu6o6CoFvXX6YHCQVin1M5BL%2FZLS5tEA%3D%3D&amp;version=1.0&amp;app_id=9021000165677275&amp;sign_type=RSA2&amp;timestamp=2026-07-26+21%3A09%3A03&amp;alipay_sdk=alipay-sdk-java-4.38.157.ALL&amp;format=json</td>
</tr>
<tr>
<td>Server:</td>
<td>openapi-57.rz21a.sandbox.alipay.net</td>
</tr>
<tr>
<td>Date:</td>
<td>2026/07/26 21:09:08</td>
</tr>
</table>
<hr/>Powered by Tengine
</body>
</html>

	at com.alipay.api.internal.util.WebUtils.getResponseAsString(WebUtils.java:520)
	at com.alipay.api.internal.util.WebUtils.doPost(WebUtils.java:181)
	at com.alipay.api.internal.util.WebUtils.doPost(WebUtils.java:142)
	at com.alipay.api.AbstractAlipayClient.doPost(AbstractAlipayClient.java:1003)
	... 18 common frames omitted
26-07-26.21:09:15.731 [scheduling-1    ] ERROR err                    - ErrorScene^_^40004^_^ACQ.TRADE_NOT_EXIST^_^192.168.73.1^_^Windows 11^_^2026-07-26 21:09:15^_^ProtocalMustParams:charset=utf-8&method=alipay.trade.query&sign=aPQHGFbafSafadHhAAKM6/pLKAX73bm7nJwvtMVNEqsQz8y6deXJhjLoGVmfj8Fk8HGoJSIlTgQIOqTmdx6MjVx1JxVsqIbHJyI6Bobd9olRJt3EPObYwsfF+LsYtbuuqXWSwx5OPeYvEalWiDE3Pyn5CT8BrV/COylhV6HKTHApQjsqVv8XKRolzKTWrpdIjhSLmmceXKhDnGHiX0h8CDC56TvPZfGB/Bcu8S9rV1I1p/X9X2DiWeR6HIJWYoeAs5NCmgfQ0XzXhBpw1tB7sG9lQ/kdFodC4G70SHHY9mUFHH6RrYJ2N85C4C0tCGexqUm/T2TnGR1GyqnHZmA02A==&version=1.0&app_id=9021000165677275&sign_type=RSA2&timestamp=2026-07-26 21:09:09^_^ProtocalOptParams:alipay_sdk=alipay-sdk-java-4.38.157.ALL&format=json^_^ApplicationParams:traceId=06002c4e178507135565375751578980&biz_content={"out_trade_no":"59214591885269"}^_^Body:{"alipay_trade_query_response":{"msg":"Business Failed","code":"40004","out_trade_no":"59214591885269","sub_msg":"交易不存在","sub_code":"ACQ.TRADE_NOT_EXIST","receipt_amount":"0.00","point_amount":"0.00","buyer_pay_amount":"0.00","invoice_amount":"0.00"},"sign":"IlGZ9x5UhNF2eAqdNMzeNXtVmLVeP4WAHqOs3UIoTeNqOZPSKddjkKWyTMN0yOnmdmvXLs65xA8iLe3vMAOcTv3IRc5Ly+sfXiILXIoyDMo48N1nGL00QjpY712N35H3czuLP1upFRYorbFoh87mPrUkchUunF+PEBdfORFul87T4s2hkFE5Fl1M1wxQAAUDsoOdZiXF4N0VIlZn8XpWkwGhUJTSzC4T5bTxJpGdI0AVbbLy9QZu0eXIaXEtwYSVDV1oFLVBE/DEmKpridtTn9/6ZOtOpBhjgylpbP+J+f2SCp37feezNW+mRc7kxKeaJfjjdbn7pTI1TeynheyWLQ=="}^_^9ms,6713ms,7ms^_^trace_id:06002c4e178507135565375751578980
26-07-26.21:09:15.731 [scheduling-1    ] INFO  NoPayNotifyOrderJob    - 检测未接收到或未正确处理的支付回调通知，订单未支付成功 orderId:59214591885269 code:40004 tradeStatus:null
26-07-26.21:09:15.970 [scheduling-1    ] ERROR err                    - ErrorScene^_^40004^_^ACQ.TRADE_NOT_EXIST^_^192.168.73.1^_^Windows 11^_^2026-07-26 21:09:15^_^ProtocalMustParams:charset=utf-8&method=alipay.trade.query&sign=OotWw+7pHFiITN4MpTpqSPk/Lm2dxlaZQl4Wt5fDUgAW/DbQXPrgzZzpFmR6RuhUdvZTFVm43S2t8BdGLQls2tGJWddZyunVW/LaWSiHRzi6+wN7JdnaToYdHJx2d5gv5Yb+aj+zGJzj9irzVJ9GWOilVbcdk1+KkJrAQyEmUIBv3huqvsvZ9wYIoaA2ak5dF/qoRRe4Tp4jttFEbMfHx6pp1khImUqnhcZDSukpbFVov35/VyNnuXEiFSvRzT6zK6Ozx47+KSUxMzUqigzmyiz/TWv34BJOM6qvlwE2HW7VDFwmYbgPTTk7onhRXzI1FbUPWzf2ItDhyyxnGMW8VA==&version=1.0&app_id=9021000165677275&sign_type=RSA2&timestamp=2026-07-26 21:09:15^_^ProtocalOptParams:alipay_sdk=alipay-sdk-java-4.38.157.ALL&format=json^_^ApplicationParams:traceId=06002c4e178507135588775991578980&biz_content={"out_trade_no":"63015243383423"}^_^Body:{"alipay_trade_query_response":{"msg":"Business Failed","code":"40004","out_trade_no":"63015243383423","sub_msg":"交易不存在","sub_code":"ACQ.TRADE_NOT_EXIST","receipt_amount":"0.00","point_amount":"0.00","buyer_pay_amount":"0.00","invoice_amount":"0.00"},"sign":"j/BKxEaDkp40hVZnDvR3FjkafML/EKkrgK5tm3o7RpXke6JHNNHQj7dtxjFXrid2kn398BXbOviGV9OREaHEsGkNi7IoyBK1JYReqxxHw+KZz8rrBoqtEmOs09WNzTcKyl/5ieUTw21MI9LZ5QoNI9FiQB3n5vdZv5nJ4536haXV/1ocYO4eOii1Wdd47onG0oGH6w7WLvZT+jP9UP1EcysxWQjk4vfPC2p1W/SB9gAsXt/vZ3hDDoI08AIACsojEfWvD71/4rGQQEyT4naQANCIzeGTzHZEfSOYngieu+N8sDW52hL5yDXMIaHr563fJPxX8LcKEtAYz+SGdbzTrw=="}^_^9ms,222ms,8ms^_^trace_id:06002c4e178507135588775991578980
26-07-26.21:09:15.970 [scheduling-1    ] INFO  NoPayNotifyOrderJob    - 检测未接收到或未正确处理的支付回调通知，订单未支付成功 orderId:63015243383423 code:40004 tradeStatus:null
26-07-26.21:09:21.130 [scheduling-1    ] ERROR err                    - 2026-07-26 21:09:21^_^alipay.trade.query^_^null^_^192.168.73.1^_^Windows 11^_^alipay-sdk-java-4.38.157.ALL^_^https://openapi-sandbox.dl.alipaydev.com/gateway.do?charset=utf-8&method=alipay.trade.query&sign=bt6GCocXoMU9uzipqw20QiKlPnbMbDR8fDvf9xX%2FEac1%2FUXuUSgt2EHipt8fLfDsd8B0QdnxIJsHaNjiz9DAdOLkMSRT7W9G8MPytlyEe59ZvI9fMCw%2FqB329ORh6vmrl3AjK7OpnCAjmCQgccKvBlLinElpIzdRSFJA%2BHRCBmyzFghb24TCTyYlBgPPrvpttltUHrI6mPOR5XBkhqTUqhsZtNd%2B%2F2pO9AmEgmU9SILorEewysVuLiJlpAYkjcj78t9T9cedpM3cfu0JXsFpg9F%2Bt8%2FkKDedcFqw7iQWnbZ70Rl8YYrb4O1xUPYMDMmA8oakOVd9L%2FAj5BKAytucLw%3D%3D&version=1.0&app_id=9021000165677275&sign_type=RSA2&timestamp=2026-07-26+21%3A09%3A15&alipay_sdk=alipay-sdk-java-4.38.157.ALL&format=json^_^^_^<!DOCTYPE HTML PUBLIC "-//IETF//DTD HTML 2.0//EN"> <html> <head><title>504 Gateway Time-out</title></head> <body bgcolor="white"> <h1>504 Gateway Time-out</h1> <p>The gateway did not receive a timely response from the upstream server or application. Sorry for the inconvenience.<br/> Please report this message and include the following information to us.<br/> Thank you very much!</p> <table> <tr> <td>URL:</td> <td>http://openapi-sandbox.dl.alipaydev.com/gateway.do?charset=utf-8&amp;method=alipay.trade.query&amp;sign=bt6GCocXoMU9uzipqw20QiKlPnbMbDR8fDvf9xX%2FEac1%2FUXuUSgt2EHipt8fLfDsd8B0QdnxIJsHaNjiz9DAdOLkMSRT7W9G8MPytlyEe59ZvI9fMCw%2FqB329ORh6vmrl3AjK7OpnCAjmCQgccKvBlLinElpIzdRSFJA%2BHRCBmyzFghb24TCTyYlBgPPrvpttltUHrI6mPOR5XBkhqTUqhsZtNd%2B%2F2pO9AmEgmU9SILorEewysVuLiJlpAYkjcj78t9T9cedpM3cfu0JXsFpg9F%2Bt8%2FkKDedcFqw7iQWnbZ70Rl8YYrb4O1xUPYMDMmA8oakOVd9L%2FAj5BKAytucLw%3D%3D&amp;version=1.0&amp;app_id=9021000165677275&amp;sign_type=RSA2&amp;timestamp=2026-07-26+21%3A09%3A15&amp;alipay_sdk=alipay-sdk-java-4.38.157.ALL&amp;format=json</td> </tr> <tr> <td>Server:</td> <td>openapi-55.rz21a.sandbox.alipay.net</td> </tr> <tr> <td>Date:</td> <td>2026/07/26 21:09:21</td> </tr> </table> <hr/>Powered by Tengine </body> </html> 
26-07-26.21:09:21.130 [scheduling-1    ] ERROR NoPayNotifyOrderJob    - 检测未接收到或未正确处理的支付回调通知失败
com.alipay.api.AlipayApiException: java.io.IOException: <!DOCTYPE HTML PUBLIC "-//IETF//DTD HTML 2.0//EN">
<html>
<head><title>504 Gateway Time-out</title></head>
<body bgcolor="white">
<h1>504 Gateway Time-out</h1>
<p>The gateway did not receive a timely response from the upstream server or application. Sorry for the inconvenience.<br/>
Please report this message and include the following information to us.<br/>
Thank you very much!</p>
<table>
<tr>
<td>URL:</td>
<td>http://openapi-sandbox.dl.alipaydev.com/gateway.do?charset=utf-8&amp;method=alipay.trade.query&amp;sign=bt6GCocXoMU9uzipqw20QiKlPnbMbDR8fDvf9xX%2FEac1%2FUXuUSgt2EHipt8fLfDsd8B0QdnxIJsHaNjiz9DAdOLkMSRT7W9G8MPytlyEe59ZvI9fMCw%2FqB329ORh6vmrl3AjK7OpnCAjmCQgccKvBlLinElpIzdRSFJA%2BHRCBmyzFghb24TCTyYlBgPPrvpttltUHrI6mPOR5XBkhqTUqhsZtNd%2B%2F2pO9AmEgmU9SILorEewysVuLiJlpAYkjcj78t9T9cedpM3cfu0JXsFpg9F%2Bt8%2FkKDedcFqw7iQWnbZ70Rl8YYrb4O1xUPYMDMmA8oakOVd9L%2FAj5BKAytucLw%3D%3D&amp;version=1.0&amp;app_id=9021000165677275&amp;sign_type=RSA2&amp;timestamp=2026-07-26+21%3A09%3A15&amp;alipay_sdk=alipay-sdk-java-4.38.157.ALL&amp;format=json</td>
</tr>
<tr>
<td>Server:</td>
<td>openapi-55.rz21a.sandbox.alipay.net</td>
</tr>
<tr>
<td>Date:</td>
<td>2026/07/26 21:09:21</td>
</tr>
</table>
<hr/>Powered by Tengine
</body>
</html>

	at com.alipay.api.AbstractAlipayClient.doPost(AbstractAlipayClient.java:1015)
	at com.alipay.api.AbstractAlipayClient._execute(AbstractAlipayClient.java:921)
	at com.alipay.api.AbstractAlipayClient.execute(AbstractAlipayClient.java:395)
	at com.alipay.api.AbstractAlipayClient.execute(AbstractAlipayClient.java:377)
	at com.alipay.api.AbstractAlipayClient.execute(AbstractAlipayClient.java:372)
	at com.alipay.api.AbstractAlipayClient.execute(AbstractAlipayClient.java:366)
	at cn.bugstack.trigger.job.NoPayNotifyOrderJob.exec(NoPayNotifyOrderJob.java:42)
	at jdk.internal.reflect.GeneratedMethodAccessor23.invoke(Unknown Source)
	at java.base/jdk.internal.reflect.DelegatingMethodAccessorImpl.invoke(DelegatingMethodAccessorImpl.java:43)
	at java.base/java.lang.reflect.Method.invoke(Method.java:566)
	at org.springframework.scheduling.support.ScheduledMethodRunnable.run(ScheduledMethodRunnable.java:84)
	at org.springframework.scheduling.support.DelegatingErrorHandlingRunnable.run(DelegatingErrorHandlingRunnable.java:54)
	at org.springframework.scheduling.concurrent.ReschedulingRunnable.run(ReschedulingRunnable.java:95)
	at java.base/java.util.concurrent.Executors$RunnableAdapter.call(Executors.java:515)
	at java.base/java.util.concurrent.FutureTask.run(FutureTask.java:264)
	at java.base/java.util.concurrent.ScheduledThreadPoolExecutor$ScheduledFutureTask.run(ScheduledThreadPoolExecutor.java:304)
	at java.base/java.util.concurrent.ThreadPoolExecutor.runWorker(ThreadPoolExecutor.java:1128)
	at java.base/java.util.concurrent.ThreadPoolExecutor$Worker.run(ThreadPoolExecutor.java:628)
	at java.base/java.lang.Thread.run(Thread.java:829)
Caused by: java.io.IOException: <!DOCTYPE HTML PUBLIC "-//IETF//DTD HTML 2.0//EN">
<html>
<head><title>504 Gateway Time-out</title></head>
<body bgcolor="white">
<h1>504 Gateway Time-out</h1>
<p>The gateway did not receive a timely response from the upstream server or application. Sorry for the inconvenience.<br/>
Please report this message and include the following information to us.<br/>
Thank you very much!</p>
<table>
<tr>
<td>URL:</td>
<td>http://openapi-sandbox.dl.alipaydev.com/gateway.do?charset=utf-8&amp;method=alipay.trade.query&amp;sign=bt6GCocXoMU9uzipqw20QiKlPnbMbDR8fDvf9xX%2FEac1%2FUXuUSgt2EHipt8fLfDsd8B0QdnxIJsHaNjiz9DAdOLkMSRT7W9G8MPytlyEe59ZvI9fMCw%2FqB329ORh6vmrl3AjK7OpnCAjmCQgccKvBlLinElpIzdRSFJA%2BHRCBmyzFghb24TCTyYlBgPPrvpttltUHrI6mPOR5XBkhqTUqhsZtNd%2B%2F2pO9AmEgmU9SILorEewysVuLiJlpAYkjcj78t9T9cedpM3cfu0JXsFpg9F%2Bt8%2FkKDedcFqw7iQWnbZ70Rl8YYrb4O1xUPYMDMmA8oakOVd9L%2FAj5BKAytucLw%3D%3D&amp;version=1.0&amp;app_id=9021000165677275&amp;sign_type=RSA2&amp;timestamp=2026-07-26+21%3A09%3A15&amp;alipay_sdk=alipay-sdk-java-4.38.157.ALL&amp;format=json</td>
</tr>
<tr>
<td>Server:</td>
<td>openapi-55.rz21a.sandbox.alipay.net</td>
</tr>
<tr>
<td>Date:</td>
<td>2026/07/26 21:09:21</td>
</tr>
</table>
<hr/>Powered by Tengine
</body>
</html>

	at com.alipay.api.internal.util.WebUtils.getResponseAsString(WebUtils.java:520)
	at com.alipay.api.internal.util.WebUtils.doPost(WebUtils.java:181)
	at com.alipay.api.internal.util.WebUtils.doPost(WebUtils.java:142)
	at com.alipay.api.AbstractAlipayClient.doPost(AbstractAlipayClient.java:1003)
	... 18 common frames omitted
26-07-26.21:09:29.150 [scheduling-1    ] ERROR err                    - 2026-07-26 21:09:29^_^alipay.trade.query^_^null^_^192.168.73.1^_^Windows 11^_^alipay-sdk-java-4.38.157.ALL^_^https://openapi-sandbox.dl.alipaydev.com/gateway.do?charset=utf-8&method=alipay.trade.query&sign=oLY4GRKHBZjMf4Px5jtu%2BA%2FBLBxRWDHbIWTxl3XPZYfAO1HzQldBBqNBa4EzHwqG0LhhKY4LuK9%2FMLthqww1oCaWf%2Feu%2Fe6xjFDRNoD02uu7m1pl%2FAbqTkQUXMsDn%2FxDG1rACuBgIAqkcrWEqck3%2FX1YWRB38i7PqImLb0NjDoZ0mFk7iIzVK2Qy2nf0Meu8gJtCkEiKZ6jL0iwVtKimXBZUJyaI8d3q5julHUBAcZQiDJW5L39SPuU8f9c0hEjUJx%2Bytmdu56rTbX5QQrqQlgsyFW41xrSc%2FUWrQ1%2FoQzKTNB5lfvfRQS98S9KUH9BaSKrcBlyMn3eKEEikNxnfaQ%3D%3D&version=1.0&app_id=9021000165677275&sign_type=RSA2&timestamp=2026-07-26+21%3A09%3A24&alipay_sdk=alipay-sdk-java-4.38.157.ALL&format=json^_^^_^<!DOCTYPE HTML PUBLIC "-//IETF//DTD HTML 2.0//EN"> <html> <head><title>504 Gateway Time-out</title></head> <body bgcolor="white"> <h1>504 Gateway Time-out</h1> <p>The gateway did not receive a timely response from the upstream server or application. Sorry for the inconvenience.<br/> Please report this message and include the following information to us.<br/> Thank you very much!</p> <table> <tr> <td>URL:</td> <td>http://openapi-sandbox.dl.alipaydev.com/gateway.do?charset=utf-8&amp;method=alipay.trade.query&amp;sign=oLY4GRKHBZjMf4Px5jtu%2BA%2FBLBxRWDHbIWTxl3XPZYfAO1HzQldBBqNBa4EzHwqG0LhhKY4LuK9%2FMLthqww1oCaWf%2Feu%2Fe6xjFDRNoD02uu7m1pl%2FAbqTkQUXMsDn%2FxDG1rACuBgIAqkcrWEqck3%2FX1YWRB38i7PqImLb0NjDoZ0mFk7iIzVK2Qy2nf0Meu8gJtCkEiKZ6jL0iwVtKimXBZUJyaI8d3q5julHUBAcZQiDJW5L39SPuU8f9c0hEjUJx%2Bytmdu56rTbX5QQrqQlgsyFW41xrSc%2FUWrQ1%2FoQzKTNB5lfvfRQS98S9KUH9BaSKrcBlyMn3eKEEikNxnfaQ%3D%3D&amp;version=1.0&amp;app_id=9021000165677275&amp;sign_type=RSA2&amp;timestamp=2026-07-26+21%3A09%3A24&amp;alipay_sdk=alipay-sdk-java-4.38.157.ALL&amp;format=json</td> </tr> <tr> <td>Server:</td> <td>openapi-55.rz21a.sandbox.alipay.net</td> </tr> <tr> <td>Date:</td> <td>2026/07/26 21:09:29</td> </tr> </table> <hr/>Powered by Tengine </body> </html> 
26-07-26.21:09:29.150 [scheduling-1    ] ERROR NoPayNotifyOrderJob    - 检测未接收到或未正确处理的支付回调通知失败
com.alipay.api.AlipayApiException: java.io.IOException: <!DOCTYPE HTML PUBLIC "-//IETF//DTD HTML 2.0//EN">
<html>
<head><title>504 Gateway Time-out</title></head>
<body bgcolor="white">
<h1>504 Gateway Time-out</h1>
<p>The gateway did not receive a timely response from the upstream server or application. Sorry for the inconvenience.<br/>
Please report this message and include the following information to us.<br/>
Thank you very much!</p>
<table>
<tr>
<td>URL:</td>
<td>http://openapi-sandbox.dl.alipaydev.com/gateway.do?charset=utf-8&amp;method=alipay.trade.query&amp;sign=oLY4GRKHBZjMf4Px5jtu%2BA%2FBLBxRWDHbIWTxl3XPZYfAO1HzQldBBqNBa4EzHwqG0LhhKY4LuK9%2FMLthqww1oCaWf%2Feu%2Fe6xjFDRNoD02uu7m1pl%2FAbqTkQUXMsDn%2FxDG1rACuBgIAqkcrWEqck3%2FX1YWRB38i7PqImLb0NjDoZ0mFk7iIzVK2Qy2nf0Meu8gJtCkEiKZ6jL0iwVtKimXBZUJyaI8d3q5julHUBAcZQiDJW5L39SPuU8f9c0hEjUJx%2Bytmdu56rTbX5QQrqQlgsyFW41xrSc%2FUWrQ1%2FoQzKTNB5lfvfRQS98S9KUH9BaSKrcBlyMn3eKEEikNxnfaQ%3D%3D&amp;version=1.0&amp;app_id=9021000165677275&amp;sign_type=RSA2&amp;timestamp=2026-07-26+21%3A09%3A24&amp;alipay_sdk=alipay-sdk-java-4.38.157.ALL&amp;format=json</td>
</tr>
<tr>
<td>Server:</td>
<td>openapi-55.rz21a.sandbox.alipay.net</td>
</tr>
<tr>
<td>Date:</td>
<td>2026/07/26 21:09:29</td>
</tr>
</table>
<hr/>Powered by Tengine
</body>
</html>

	at com.alipay.api.AbstractAlipayClient.doPost(AbstractAlipayClient.java:1015)
	at com.alipay.api.AbstractAlipayClient._execute(AbstractAlipayClient.java:921)
	at com.alipay.api.AbstractAlipayClient.execute(AbstractAlipayClient.java:395)
	at com.alipay.api.AbstractAlipayClient.execute(AbstractAlipayClient.java:377)
	at com.alipay.api.AbstractAlipayClient.execute(AbstractAlipayClient.java:372)
	at com.alipay.api.AbstractAlipayClient.execute(AbstractAlipayClient.java:366)
	at cn.bugstack.trigger.job.NoPayNotifyOrderJob.exec(NoPayNotifyOrderJob.java:42)
	at jdk.internal.reflect.GeneratedMethodAccessor23.invoke(Unknown Source)
	at java.base/jdk.internal.reflect.DelegatingMethodAccessorImpl.invoke(DelegatingMethodAccessorImpl.java:43)
	at java.base/java.lang.reflect.Method.invoke(Method.java:566)
	at org.springframework.scheduling.support.ScheduledMethodRunnable.run(ScheduledMethodRunnable.java:84)
	at org.springframework.scheduling.support.DelegatingErrorHandlingRunnable.run(DelegatingErrorHandlingRunnable.java:54)
	at org.springframework.scheduling.concurrent.ReschedulingRunnable.run(ReschedulingRunnable.java:95)
	at java.base/java.util.concurrent.Executors$RunnableAdapter.call(Executors.java:515)
	at java.base/java.util.concurrent.FutureTask.run(FutureTask.java:264)
	at java.base/java.util.concurrent.ScheduledThreadPoolExecutor$ScheduledFutureTask.run(ScheduledThreadPoolExecutor.java:304)
	at java.base/java.util.concurrent.ThreadPoolExecutor.runWorker(ThreadPoolExecutor.java:1128)
	at java.base/java.util.concurrent.ThreadPoolExecutor$Worker.run(ThreadPoolExecutor.java:628)
	at java.base/java.lang.Thread.run(Thread.java:829)
Caused by: java.io.IOException: <!DOCTYPE HTML PUBLIC "-//IETF//DTD HTML 2.0//EN">
<html>
<head><title>504 Gateway Time-out</title></head>
<body bgcolor="white">
<h1>504 Gateway Time-out</h1>
<p>The gateway did not receive a timely response from the upstream server or application. Sorry for the inconvenience.<br/>
Please report this message and include the following information to us.<br/>
Thank you very much!</p>
<table>
<tr>
<td>URL:</td>
<td>http://openapi-sandbox.dl.alipaydev.com/gateway.do?charset=utf-8&amp;method=alipay.trade.query&amp;sign=oLY4GRKHBZjMf4Px5jtu%2BA%2FBLBxRWDHbIWTxl3XPZYfAO1HzQldBBqNBa4EzHwqG0LhhKY4LuK9%2FMLthqww1oCaWf%2Feu%2Fe6xjFDRNoD02uu7m1pl%2FAbqTkQUXMsDn%2FxDG1rACuBgIAqkcrWEqck3%2FX1YWRB38i7PqImLb0NjDoZ0mFk7iIzVK2Qy2nf0Meu8gJtCkEiKZ6jL0iwVtKimXBZUJyaI8d3q5julHUBAcZQiDJW5L39SPuU8f9c0hEjUJx%2Bytmdu56rTbX5QQrqQlgsyFW41xrSc%2FUWrQ1%2FoQzKTNB5lfvfRQS98S9KUH9BaSKrcBlyMn3eKEEikNxnfaQ%3D%3D&amp;version=1.0&amp;app_id=9021000165677275&amp;sign_type=RSA2&amp;timestamp=2026-07-26+21%3A09%3A24&amp;alipay_sdk=alipay-sdk-java-4.38.157.ALL&amp;format=json</td>
</tr>
<tr>
<td>Server:</td>
<td>openapi-55.rz21a.sandbox.alipay.net</td>
</tr>
<tr>
<td>Date:</td>
<td>2026/07/26 21:09:29</td>
</tr>
</table>
<hr/>Powered by Tengine
</body>
</html>

	at com.alipay.api.internal.util.WebUtils.getResponseAsString(WebUtils.java:520)
	at com.alipay.api.internal.util.WebUtils.doPost(WebUtils.java:181)
	at com.alipay.api.internal.util.WebUtils.doPost(WebUtils.java:142)
	at com.alipay.api.AbstractAlipayClient.doPost(AbstractAlipayClient.java:1003)
	... 18 common frames omitted
26-07-26.21:09:30.231 [scheduling-1    ] ERROR err                    - ErrorScene^_^40004^_^ACQ.TRADE_NOT_EXIST^_^192.168.73.1^_^Windows 11^_^2026-07-26 21:09:30^_^ProtocalMustParams:charset=utf-8&method=alipay.trade.query&sign=pfl0phg+DXpysF5it+GOLdhM8OQRSkE8dldROPqYTXCulIBmDTjM8VJPejP1wLH6E57wZD+1321Zde60kwJmsDtvLYuyyEfvnxe8gDgp89xICadbGNS2Ue7e3tjdUfuvj9a50/TXsBslsbpLVj9EHzHL0QjYbZGAyZ5jcnpy8rk40jA+E0wwvA2GsnDx7y6wC9LjA1fKeAQRCkfy0h5obxbt8I8VeL1paT7cTxMI2qpLp+2S0vxhrODsM20/qmkfIeGikxCyNeSNez5k+lBMCibdOTqxugjccn7J3nQDTNRSucOslLdaZqRuyIDW+Hn1dPQH96PSt+VnZjzSznwaOg==&version=1.0&app_id=9021000165677275&sign_type=RSA2&timestamp=2026-07-26 21:09:30^_^ProtocalOptParams:alipay_sdk=alipay-sdk-java-4.38.157.ALL&format=json^_^ApplicationParams:traceId=06020e08178507137014162122433085&biz_content={"out_trade_no":"59214591885269"}^_^Body:{"alipay_trade_query_response":{"msg":"Business Failed","code":"40004","out_trade_no":"59214591885269","sub_msg":"交易不存在","sub_code":"ACQ.TRADE_NOT_EXIST","receipt_amount":"0.00","point_amount":"0.00","buyer_pay_amount":"0.00","invoice_amount":"0.00"},"sign":"IlGZ9x5UhNF2eAqdNMzeNXtVmLVeP4WAHqOs3UIoTeNqOZPSKddjkKWyTMN0yOnmdmvXLs65xA8iLe3vMAOcTv3IRc5Ly+sfXiILXIoyDMo48N1nGL00QjpY712N35H3czuLP1upFRYorbFoh87mPrUkchUunF+PEBdfORFul87T4s2hkFE5Fl1M1wxQAAUDsoOdZiXF4N0VIlZn8XpWkwGhUJTSzC4T5bTxJpGdI0AVbbLy9QZu0eXIaXEtwYSVDV1oFLVBE/DEmKpridtTn9/6ZOtOpBhjgylpbP+J+f2SCp37feezNW+mRc7kxKeaJfjjdbn7pTI1TeynheyWLQ=="}^_^11ms,203ms,12ms^_^trace_id:06020e08178507137014162122433085
26-07-26.21:09:30.232 [scheduling-1    ] INFO  NoPayNotifyOrderJob    - 检测未接收到或未正确处理的支付回调通知，订单未支付成功 orderId:59214591885269 code:40004 tradeStatus:null
26-07-26.21:09:30.468 [scheduling-1    ] ERROR err                    - ErrorScene^_^40004^_^ACQ.TRADE_NOT_EXIST^_^192.168.73.1^_^Windows 11^_^2026-07-26 21:09:30^_^ProtocalMustParams:charset=utf-8&method=alipay.trade.query&sign=D4UfB4IBxaH1+R3K+ssnptTuIZBJpuZaaPNwCemHXkSHGWJflZvFuhAjpC2/8fjLmkUpECrg4FvZ4eVgbRJG2FwTd3qLu7wBdTFxO3FXf9Sq24OHFLcC6niV2urape4oLRWX5DzJh4UZGdpIyTBA8p19mmtL+RCdGYveRW37fQdqtoDWGGsIj0APrIAsafzX6cqDpyrdvjNTrWM6m+HllBrfZDNZscXS5waQUMH8oAXSlHO0DcYPm5IAIkQY0t6JnKaHzKbzTW+NihuC332PfdwCee4n8sy/6y/MjZQkbHqdWezGfjMhFhsiyIxHPr0nG1H5F6M03lvUrzpjdGMonA==&version=1.0&app_id=9021000165677275&sign_type=RSA2&timestamp=2026-07-26 21:09:30^_^ProtocalOptParams:alipay_sdk=alipay-sdk-java-4.38.157.ALL&format=json^_^ApplicationParams:traceId=06020e08178507137038162132433085&biz_content={"out_trade_no":"63015243383423"}^_^Body:{"alipay_trade_query_response":{"msg":"Business Failed","code":"40004","out_trade_no":"63015243383423","sub_msg":"交易不存在","sub_code":"ACQ.TRADE_NOT_EXIST","receipt_amount":"0.00","point_amount":"0.00","buyer_pay_amount":"0.00","invoice_amount":"0.00"},"sign":"j/BKxEaDkp40hVZnDvR3FjkafML/EKkrgK5tm3o7RpXke6JHNNHQj7dtxjFXrid2kn398BXbOviGV9OREaHEsGkNi7IoyBK1JYReqxxHw+KZz8rrBoqtEmOs09WNzTcKyl/5ieUTw21MI9LZ5QoNI9FiQB3n5vdZv5nJ4536haXV/1ocYO4eOii1Wdd47onG0oGH6w7WLvZT+jP9UP1EcysxWQjk4vfPC2p1W/SB9gAsXt/vZ3hDDoI08AIACsojEfWvD71/4rGQQEyT4naQANCIzeGTzHZEfSOYngieu+N8sDW52hL5yDXMIaHr563fJPxX8LcKEtAYz+SGdbzTrw=="}^_^11ms,214ms,11ms^_^trace_id:06020e08178507137038162132433085
26-07-26.21:09:30.469 [scheduling-1    ] INFO  NoPayNotifyOrderJob    - 检测未接收到或未正确处理的支付回调通知，订单未支付成功 orderId:63015243383423 code:40004 tradeStatus:null
26-07-26.21:09:30.827 [scheduling-1    ] ERROR err                    - ErrorScene^_^40004^_^ACQ.TRADE_NOT_EXIST^_^192.168.73.1^_^Windows 11^_^2026-07-26 21:09:30^_^ProtocalMustParams:charset=utf-8&method=alipay.trade.query&sign=OItdpHM19e1mgyAbWR0x0M7n67IUVDpJCXmbCJ5AVIe6DX06NGF7VUoq6z6IlHWZ8JlmQo+uaDpklZfApd0MHHsqflM8Dxwpkngh/KEtrvhH6POqEsl/Vr2XSH0S+bRJ7XAGY5jWGF+CwY5M+FMdjHAAKo9SiqJj7V7jGRRq6JMXRGp0Ivg6b19XJ1m8sbzTW6vvT2eEVZGZSmNiLXtZOuC05wBDTCO6EPUJabTBUxbdyvzB7hbI9lnOimaLVfcos3o5yv0Xo4nW15yxH4ivF9hbpaWINHHuyFKT44KSLkMy+9yEesyf7raB06rYE1otu9sWlzSPYHfOkINdErRg2w==&version=1.0&app_id=9021000165677275&sign_type=RSA2&timestamp=2026-07-26 21:09:30^_^ProtocalOptParams:alipay_sdk=alipay-sdk-java-4.38.157.ALL&format=json^_^ApplicationParams:traceId=060d663d178507137061285948178&biz_content={"out_trade_no":"05687486819141"}^_^Body:{"alipay_trade_query_response":{"msg":"Business Failed","code":"40004","out_trade_no":"05687486819141","sub_msg":"交易不存在","sub_code":"ACQ.TRADE_NOT_EXIST","receipt_amount":"0.00","point_amount":"0.00","buyer_pay_amount":"0.00","invoice_amount":"0.00"},"sign":"X8+5Q6lbdoyyrQqpUwxTqfCXdBXg7ThJc2U+u8qezqbw+E5fcgtCqABatoc1r72W+dsojv3i6bkcvvMz3DRr5ahBjxU4gwSWCgz4TBIO+/iTBt57VZmROgv9LqvWSmIQTYHEWA0iBdvVQ8wabF8mzeGODzJcDm0eGuZrLQUuAfb7EsMddzf5Fpsu5TpWoCkIHAS+8CRG2vFJn8fHca0ezh5NORm72mkk1XJRvcuT3PelFHmTo+8KP5OR7ez/2fuIcdGiAD+b2i3e+sfFqMTeUrSfNpunUyXCuTC+ottvD15QxCFhRNfVkTvbOhatQUPyKDv4sjFTxoXvcC8oVH1r9Q=="}^_^16ms,329ms,13ms^_^trace_id:060d663d178507137061285948178
26-07-26.21:09:30.827 [scheduling-1    ] INFO  NoPayNotifyOrderJob    - 检测未接收到或未正确处理的支付回调通知，订单未支付成功 orderId:05687486819141 code:40004 tradeStatus:null
26-07-26.21:09:33.334 [scheduling-1    ] ERROR err                    - ErrorScene^_^40004^_^ACQ.TRADE_NOT_EXIST^_^192.168.73.1^_^Windows 11^_^2026-07-26 21:09:33^_^ProtocalMustParams:charset=utf-8&method=alipay.trade.query&sign=IKIKil9KfGtp137rQE3gjCKArvAwJfB6FXHJym8KkA3B4KuSv5iTbY3P1bdQvQROsvKIHWTvNi6lu35MPn0TMjvNVR40q7x57N4vdckPlkcL1Dw785OSmYYaVhNbKA3fMf73yHsuKns9tOGVAmVvWc5rAlFHD7sjTBnfY2LJ5Je0zERXPur3rGzg0eUn0gsEXW32CVhrZIQsfpb1+62yFtZxX64fPFyojlvmu4Zl7hCfIAMjFzipFMzDMhcgJe1LsBrkJ9ESHNZRiGQJkvxXMxQqCLwc/kp7adgnVLzLoc7BoI0ibid1LKiAXuc5psCKEjNnDp0dbbMOhCTrUD4QKQ==&version=1.0&app_id=9021000165677275&sign_type=RSA2&timestamp=2026-07-26 21:09:33^_^ProtocalOptParams:alipay_sdk=alipay-sdk-java-4.38.157.ALL&format=json^_^ApplicationParams:traceId=060d6922178507137314245063502569&biz_content={"out_trade_no":"59214591885269"}^_^Body:{"alipay_trade_query_response":{"msg":"Business Failed","code":"40004","out_trade_no":"59214591885269","sub_msg":"交易不存在","sub_code":"ACQ.TRADE_NOT_EXIST","receipt_amount":"0.00","point_amount":"0.00","buyer_pay_amount":"0.00","invoice_amount":"0.00"},"sign":"IlGZ9x5UhNF2eAqdNMzeNXtVmLVeP4WAHqOs3UIoTeNqOZPSKddjkKWyTMN0yOnmdmvXLs65xA8iLe3vMAOcTv3IRc5Ly+sfXiILXIoyDMo48N1nGL00QjpY712N35H3czuLP1upFRYorbFoh87mPrUkchUunF+PEBdfORFul87T4s2hkFE5Fl1M1wxQAAUDsoOdZiXF4N0VIlZn8XpWkwGhUJTSzC4T5bTxJpGdI0AVbbLy9QZu0eXIaXEtwYSVDV1oFLVBE/DEmKpridtTn9/6ZOtOpBhjgylpbP+J+f2SCp37feezNW+mRc7kxKeaJfjjdbn7pTI1TeynheyWLQ=="}^_^11ms,299ms,15ms^_^trace_id:060d6922178507137314245063502569
26-07-26.21:09:33.334 [scheduling-1    ] INFO  NoPayNotifyOrderJob    - 检测未接收到或未正确处理的支付回调通知，订单未支付成功 orderId:59214591885269 code:40004 tradeStatus:null
26-07-26.21:09:33.620 [scheduling-1    ] ERROR err                    - ErrorScene^_^40004^_^ACQ.TRADE_NOT_EXIST^_^192.168.73.1^_^Windows 11^_^2026-07-26 21:09:33^_^ProtocalMustParams:charset=utf-8&method=alipay.trade.query&sign=ZPe7EFtPU6mCz20BdFiyhrm6+tsGt4eJ1W5sL+BzCxXlnlYyMXmBYGUPPwIbgC0rvIBUN6HDqGsCaPccIUqQvxG3zyuaP4Xl4yaPC+I1bmgmrv3rsSNeiInX8MkmmrfKr83r8oh/Lye8tVnJ3UZ8u0fvd+I7l+UHMCy87Y+OfFrtrBuoNiAx1Yxs25xKi+v+urqbD+8QWMwKcsptQ+x5GXyhELBQ2+UlLB6rnZyZJZRkOmTSRehJFY0kQWXf5fbz0Ruu9EaOHJFJIuK0SbIoZ4XMPLNzdEBhxTYH/OCkZ7l5QcNWZKam9rUFZt9ssCuK7jwg8yrKUSmDZGP+rMCPXA==&version=1.0&app_id=9021000165677275&sign_type=RSA2&timestamp=2026-07-26 21:09:33^_^ProtocalOptParams:alipay_sdk=alipay-sdk-java-4.38.157.ALL&format=json^_^ApplicationParams:traceId=06002c4e178507137346476641578980&biz_content={"out_trade_no":"63015243383423"}^_^Body:{"alipay_trade_query_response":{"msg":"Business Failed","code":"40004","out_trade_no":"63015243383423","sub_msg":"交易不存在","sub_code":"ACQ.TRADE_NOT_EXIST","receipt_amount":"0.00","point_amount":"0.00","buyer_pay_amount":"0.00","invoice_amount":"0.00"},"sign":"j/BKxEaDkp40hVZnDvR3FjkafML/EKkrgK5tm3o7RpXke6JHNNHQj7dtxjFXrid2kn398BXbOviGV9OREaHEsGkNi7IoyBK1JYReqxxHw+KZz8rrBoqtEmOs09WNzTcKyl/5ieUTw21MI9LZ5QoNI9FiQB3n5vdZv5nJ4536haXV/1ocYO4eOii1Wdd47onG0oGH6w7WLvZT+jP9UP1EcysxWQjk4vfPC2p1W/SB9gAsXt/vZ3hDDoI08AIACsojEfWvD71/4rGQQEyT4naQANCIzeGTzHZEfSOYngieu+N8sDW52hL5yDXMIaHr563fJPxX8LcKEtAYz+SGdbzTrw=="}^_^12ms,260ms,14ms^_^trace_id:06002c4e178507137346476641578980
26-07-26.21:09:33.620 [scheduling-1    ] INFO  NoPayNotifyOrderJob    - 检测未接收到或未正确处理的支付回调通知，订单未支付成功 orderId:63015243383423 code:40004 tradeStatus:null
26-07-26.21:09:33.837 [scheduling-1    ] ERROR err                    - ErrorScene^_^40004^_^ACQ.TRADE_NOT_EXIST^_^192.168.73.1^_^Windows 11^_^2026-07-26 21:09:33^_^ProtocalMustParams:charset=utf-8&method=alipay.trade.query&sign=d1EoHNSGvrJ/RR16bfMKwmcq4yaKJDSrW5/Um5z5TlUmfuCQ+iAy70D2YzKE1iIc2sizF8YdJaXmirge1RvQaw362awz9WQUXuZ8BszqKbzoeHan/+AVPjoa/7oDVJDjN9VkVvBiN0jvlGSwWKh1jfLq6oql995c/ua45ZhtBBB2A07QfZWAyJtIgzmNN3urkg7tWWEjitwmxe98nyAHfae6FC2FncFDBr0wbGLclZbw3sqK3kZ1Q9OV+Bz7muZFa3x4rDDeUQuEwkAxinQBYmgLDeZA7syLB8EdqRo4dHH24kLvVxfKkzZ6k0v/IXb27pv53EHi2ouhuiGoQTP7FA==&version=1.0&app_id=9021000165677275&sign_type=RSA2&timestamp=2026-07-26 21:09:33^_^ProtocalOptParams:alipay_sdk=alipay-sdk-java-4.38.157.ALL&format=json^_^ApplicationParams:traceId=06020e08178507137375662292433085&biz_content={"out_trade_no":"05687486819141"}^_^Body:{"alipay_trade_query_response":{"msg":"Business Failed","code":"40004","out_trade_no":"05687486819141","sub_msg":"交易不存在","sub_code":"ACQ.TRADE_NOT_EXIST","receipt_amount":"0.00","point_amount":"0.00","buyer_pay_amount":"0.00","invoice_amount":"0.00"},"sign":"X8+5Q6lbdoyyrQqpUwxTqfCXdBXg7ThJc2U+u8qezqbw+E5fcgtCqABatoc1r72W+dsojv3i6bkcvvMz3DRr5ahBjxU4gwSWCgz4TBIO+/iTBt57VZmROgv9LqvWSmIQTYHEWA0iBdvVQ8wabF8mzeGODzJcDm0eGuZrLQUuAfb7EsMddzf5Fpsu5TpWoCkIHAS+8CRG2vFJn8fHca0ezh5NORm72mkk1XJRvcuT3PelFHmTo+8KP5OR7ez/2fuIcdGiAD+b2i3e+sfFqMTeUrSfNpunUyXCuTC+ottvD15QxCFhRNfVkTvbOhatQUPyKDv4sjFTxoXvcC8oVH1r9Q=="}^_^12ms,193ms,12ms^_^trace_id:06020e08178507137375662292433085
26-07-26.21:09:33.837 [scheduling-1    ] INFO  NoPayNotifyOrderJob    - 检测未接收到或未正确处理的支付回调通知，订单未支付成功 orderId:05687486819141 code:40004 tradeStatus:null
26-07-26.21:09:36.251 [scheduling-1    ] ERROR err                    - ErrorScene^_^40004^_^ACQ.TRADE_NOT_EXIST^_^192.168.73.1^_^Windows 11^_^2026-07-26 21:09:36^_^ProtocalMustParams:charset=utf-8&method=alipay.trade.query&sign=KzD6zc548enoY6LoGMBTbk1IjHl8uI+KMf6zwh9vP1uP4U++s49qv4PqiapYM5Uci7Q4+F1IQKPhDs5y5PQ946ACMu5goKcjTel9tauIOySGgCzPo5on1j+4lVUixus9c8yqG9chLMj+OcxNNuvhX+kbraEIk+n/fznzovW/K91TlGbgvc0kMQIS1ohsqWClFodMzlF/bil/btcxHsDM6NBnwOeeyVrV5n4Uk+EoOYAGgTG8fCqsRWV/yfRPPYnDhnPIafLXky61mEm73FsMDCNpFbPmqTVZaaUS7hbp4Bxe1xOHraxy0yA/PXIByrEExMq0H7ET25z2iqdW4IaT8A==&version=1.0&app_id=9021000165677275&sign_type=RSA2&timestamp=2026-07-26 21:09:36^_^ProtocalOptParams:alipay_sdk=alipay-sdk-java-4.38.157.ALL&format=json^_^ApplicationParams:traceId=060d6922178507137613845243502569&biz_content={"out_trade_no":"59214591885269"}^_^Body:{"alipay_trade_query_response":{"msg":"Business Failed","code":"40004","out_trade_no":"59214591885269","sub_msg":"交易不存在","sub_code":"ACQ.TRADE_NOT_EXIST","receipt_amount":"0.00","point_amount":"0.00","buyer_pay_amount":"0.00","invoice_amount":"0.00"},"sign":"IlGZ9x5UhNF2eAqdNMzeNXtVmLVeP4WAHqOs3UIoTeNqOZPSKddjkKWyTMN0yOnmdmvXLs65xA8iLe3vMAOcTv3IRc5Ly+sfXiILXIoyDMo48N1nGL00QjpY712N35H3czuLP1upFRYorbFoh87mPrUkchUunF+PEBdfORFul87T4s2hkFE5Fl1M1wxQAAUDsoOdZiXF4N0VIlZn8XpWkwGhUJTSzC4T5bTxJpGdI0AVbbLy9QZu0eXIaXEtwYSVDV1oFLVBE/DEmKpridtTn9/6ZOtOpBhjgylpbP+J+f2SCp37feezNW+mRc7kxKeaJfjjdbn7pTI1TeynheyWLQ=="}^_^9ms,208ms,23ms^_^trace_id:060d6922178507137613845243502569
26-07-26.21:09:36.251 [scheduling-1    ] INFO  NoPayNotifyOrderJob    - 检测未接收到或未正确处理的支付回调通知，订单未支付成功 orderId:59214591885269 code:40004 tradeStatus:null
26-07-26.21:09:36.503 [scheduling-1    ] ERROR err                    - ErrorScene^_^40004^_^ACQ.TRADE_NOT_EXIST^_^192.168.73.1^_^Windows 11^_^2026-07-26 21:09:36^_^ProtocalMustParams:charset=utf-8&method=alipay.trade.query&sign=bTPihzC4Q73n2M65nUOMrkKrXOZERT0ZZNILN0SaXYluv9mXTbNtX+dHJjJsU/W2r/7xmYEyk1BaONBzI1cE8WswSjD0CTWP43iZkhsy4dcTKoFqJChhraOb/6jj8sUx7j7hRqXlNaMQp5EWFiRq6krT2Yd4KtCc8wdXD/8mBf3KXPb2szU0zlhwl8JLOcl7X+QuZXrnowe9Ab17SG3tEzEQllcgdO1IPialmUow+1MCaanr3yrPUrzO9Z1g9RmcjHKgLP1mMwliFNzjjZ9dIdU0HaAWhOIdDMYCbYc1Ir+9KzaV7XrJ8l4VvvOZmf6tIst6lSOIHH454N9V4b2KHw==&version=1.0&app_id=9021000165677275&sign_type=RSA2&timestamp=2026-07-26 21:09:36^_^ProtocalOptParams:alipay_sdk=alipay-sdk-java-4.38.157.ALL&format=json^_^ApplicationParams:traceId=06002c4e178507137639676701578980&biz_content={"out_trade_no":"63015243383423"}^_^Body:{"alipay_trade_query_response":{"msg":"Business Failed","code":"40004","out_trade_no":"63015243383423","sub_msg":"交易不存在","sub_code":"ACQ.TRADE_NOT_EXIST","receipt_amount":"0.00","point_amount":"0.00","buyer_pay_amount":"0.00","invoice_amount":"0.00"},"sign":"j/BKxEaDkp40hVZnDvR3FjkafML/EKkrgK5tm3o7RpXke6JHNNHQj7dtxjFXrid2kn398BXbOviGV9OREaHEsGkNi7IoyBK1JYReqxxHw+KZz8rrBoqtEmOs09WNzTcKyl/5ieUTw21MI9LZ5QoNI9FiQB3n5vdZv5nJ4536haXV/1ocYO4eOii1Wdd47onG0oGH6w7WLvZT+jP9UP1EcysxWQjk4vfPC2p1W/SB9gAsXt/vZ3hDDoI08AIACsojEfWvD71/4rGQQEyT4naQANCIzeGTzHZEfSOYngieu+N8sDW52hL5yDXMIaHr563fJPxX8LcKEtAYz+SGdbzTrw=="}^_^8ms,217ms,27ms^_^trace_id:06002c4e178507137639676701578980
26-07-26.21:09:36.503 [scheduling-1    ] INFO  NoPayNotifyOrderJob    - 检测未接收到或未正确处理的支付回调通知，订单未支付成功 orderId:63015243383423 code:40004 tradeStatus:null
26-07-26.21:09:36.518 [SpringApplicationShutdownHook] INFO  HikariDataSource       - HikariPool-1 - Shutdown initiated...
26-07-26.21:09:36.533 [SpringApplicationShutdownHook] INFO  HikariDataSource       - HikariPool-1 - Shutdown completed.
26-07-26.21:20:45.829 [main            ] INFO  Application            - Starting Application using Java 11.0.31 on ASUS with PID 28156 (D:\code\s-pay-mall-ddd-cc\s-pay-mall-ddd-app\target\classes started by 13267 in D:\code\s-pay-mall-ddd-cc)
26-07-26.21:20:45.831 [main            ] INFO  Application            - The following 1 profile is active: "dev"
26-07-26.21:20:46.703 [main            ] INFO  RepositoryConfigurationDelegate - Multiple Spring Data modules found, entering strict repository configuration mode
26-07-26.21:20:46.704 [main            ] INFO  RepositoryConfigurationDelegate - Bootstrapping Spring Data Redis repositories in DEFAULT mode.
26-07-26.21:20:46.735 [main            ] INFO  RepositoryConfigurationDelegate - Finished Spring Data repository scanning in 17 ms. Found 0 Redis repository interfaces.
26-07-26.21:20:47.476 [main            ] INFO  TomcatWebServer        - Tomcat initialized with port(s): 8080 (http)
26-07-26.21:20:47.484 [main            ] INFO  Http11NioProtocol      - Initializing ProtocolHandler ["http-nio-8080"]
26-07-26.21:20:47.484 [main            ] INFO  StandardService        - Starting service [Tomcat]
26-07-26.21:20:47.484 [main            ] INFO  StandardEngine         - Starting Servlet engine: [Apache Tomcat/9.0.75]
26-07-26.21:20:47.607 [main            ] INFO  [/]                    - Initializing Spring embedded WebApplicationContext
26-07-26.21:20:47.607 [main            ] INFO  ServletWebServerApplicationContext - Root WebApplicationContext: initialization completed in 1735 ms
26-07-26.21:20:48.492 [main            ] INFO  Version                - Redisson 3.26.0
26-07-26.21:20:53.532 [main            ] WARN  AnnotationConfigServletWebServerApplicationContext - Exception encountered during context initialization - cancelling refresh attempt: org.springframework.beans.factory.UnsatisfiedDependencyException: Error creating bean with name 'redisTemplate' defined in class path resource [org/redisson/spring/starter/RedissonAutoConfigurationV2.class]: Unsatisfied dependency expressed through method 'redisTemplate' parameter 0; nested exception is org.springframework.beans.factory.UnsatisfiedDependencyException: Error creating bean with name 'redissonConnectionFactory' defined in class path resource [org/redisson/spring/starter/RedissonAutoConfigurationV2.class]: Unsatisfied dependency expressed through method 'redissonConnectionFactory' parameter 0; nested exception is org.springframework.beans.factory.BeanCreationException: Error creating bean with name 'redisson' defined in class path resource [org/redisson/spring/starter/RedissonAutoConfigurationV2.class]: Bean instantiation via factory method failed; nested exception is org.springframework.beans.BeanInstantiationException: Failed to instantiate [org.redisson.api.RedissonClient]: Factory method 'redisson' threw exception; nested exception is org.redisson.client.RedisConnectionException: java.util.concurrent.ExecutionException: org.redisson.client.RedisConnectionException: Unable to connect to Redis server: localhost/127.0.0.1:6379
26-07-26.21:20:53.535 [main            ] INFO  StandardService        - Stopping service [Tomcat]
26-07-26.21:20:53.547 [main            ] INFO  ConditionEvaluationReportLoggingListener - 

Error starting ApplicationContext. To display the conditions report re-run your application with 'debug' enabled.
26-07-26.21:20:53.564 [main            ] ERROR SpringApplication      - Application run failed
org.springframework.beans.factory.UnsatisfiedDependencyException: Error creating bean with name 'redisTemplate' defined in class path resource [org/redisson/spring/starter/RedissonAutoConfigurationV2.class]: Unsatisfied dependency expressed through method 'redisTemplate' parameter 0; nested exception is org.springframework.beans.factory.UnsatisfiedDependencyException: Error creating bean with name 'redissonConnectionFactory' defined in class path resource [org/redisson/spring/starter/RedissonAutoConfigurationV2.class]: Unsatisfied dependency expressed through method 'redissonConnectionFactory' parameter 0; nested exception is org.springframework.beans.factory.BeanCreationException: Error creating bean with name 'redisson' defined in class path resource [org/redisson/spring/starter/RedissonAutoConfigurationV2.class]: Bean instantiation via factory method failed; nested exception is org.springframework.beans.BeanInstantiationException: Failed to instantiate [org.redisson.api.RedissonClient]: Factory method 'redisson' threw exception; nested exception is org.redisson.client.RedisConnectionException: java.util.concurrent.ExecutionException: org.redisson.client.RedisConnectionException: Unable to connect to Redis server: localhost/127.0.0.1:6379
	at org.springframework.beans.factory.support.ConstructorResolver.createArgumentArray(ConstructorResolver.java:800)
	at org.springframework.beans.factory.support.ConstructorResolver.instantiateUsingFactoryMethod(ConstructorResolver.java:541)
	at org.springframework.beans.factory.support.AbstractAutowireCapableBeanFactory.instantiateUsingFactoryMethod(AbstractAutowireCapableBeanFactory.java:1352)
	at org.springframework.beans.factory.support.AbstractAutowireCapableBeanFactory.createBeanInstance(AbstractAutowireCapableBeanFactory.java:1195)
	at org.springframework.beans.factory.support.AbstractAutowireCapableBeanFactory.doCreateBean(AbstractAutowireCapableBeanFactory.java:582)
	at org.springframework.beans.factory.support.AbstractAutowireCapableBeanFactory.createBean(AbstractAutowireCapableBeanFactory.java:542)
	at org.springframework.beans.factory.support.AbstractBeanFactory.lambda$doGetBean$0(AbstractBeanFactory.java:335)
	at org.springframework.beans.factory.support.DefaultSingletonBeanRegistry.getSingleton(DefaultSingletonBeanRegistry.java:234)
	at org.springframework.beans.factory.support.AbstractBeanFactory.doGetBean(AbstractBeanFactory.java:333)
	at org.springframework.beans.factory.support.AbstractBeanFactory.getBean(AbstractBeanFactory.java:208)
	at org.springframework.beans.factory.support.DefaultListableBeanFactory.preInstantiateSingletons(DefaultListableBeanFactory.java:955)
	at org.springframework.context.support.AbstractApplicationContext.finishBeanFactoryInitialization(AbstractApplicationContext.java:920)
	at org.springframework.context.support.AbstractApplicationContext.refresh(AbstractApplicationContext.java:583)
	at org.springframework.boot.web.servlet.context.ServletWebServerApplicationContext.refresh(ServletWebServerApplicationContext.java:147)
	at org.springframework.boot.SpringApplication.refresh(SpringApplication.java:731)
	at org.springframework.boot.SpringApplication.refreshContext(SpringApplication.java:408)
	at org.springframework.boot.SpringApplication.run(SpringApplication.java:307)
	at org.springframework.boot.SpringApplication.run(SpringApplication.java:1303)
	at org.springframework.boot.SpringApplication.run(SpringApplication.java:1292)
	at cn.bugstack.Application.main(Application.java:14)
Caused by: org.springframework.beans.factory.UnsatisfiedDependencyException: Error creating bean with name 'redissonConnectionFactory' defined in class path resource [org/redisson/spring/starter/RedissonAutoConfigurationV2.class]: Unsatisfied dependency expressed through method 'redissonConnectionFactory' parameter 0; nested exception is org.springframework.beans.factory.BeanCreationException: Error creating bean with name 'redisson' defined in class path resource [org/redisson/spring/starter/RedissonAutoConfigurationV2.class]: Bean instantiation via factory method failed; nested exception is org.springframework.beans.BeanInstantiationException: Failed to instantiate [org.redisson.api.RedissonClient]: Factory method 'redisson' threw exception; nested exception is org.redisson.client.RedisConnectionException: java.util.concurrent.ExecutionException: org.redisson.client.RedisConnectionException: Unable to connect to Redis server: localhost/127.0.0.1:6379
	at org.springframework.beans.factory.support.ConstructorResolver.createArgumentArray(ConstructorResolver.java:800)
	at org.springframework.beans.factory.support.ConstructorResolver.instantiateUsingFactoryMethod(ConstructorResolver.java:541)
	at org.springframework.beans.factory.support.AbstractAutowireCapableBeanFactory.instantiateUsingFactoryMethod(AbstractAutowireCapableBeanFactory.java:1352)
	at org.springframework.beans.factory.support.AbstractAutowireCapableBeanFactory.createBeanInstance(AbstractAutowireCapableBeanFactory.java:1195)
	at org.springframework.beans.factory.support.AbstractAutowireCapableBeanFactory.doCreateBean(AbstractAutowireCapableBeanFactory.java:582)
	at org.springframework.beans.factory.support.AbstractAutowireCapableBeanFactory.createBean(AbstractAutowireCapableBeanFactory.java:542)
	at org.springframework.beans.factory.support.AbstractBeanFactory.lambda$doGetBean$0(AbstractBeanFactory.java:335)
	at org.springframework.beans.factory.support.DefaultSingletonBeanRegistry.getSingleton(DefaultSingletonBeanRegistry.java:234)
	at org.springframework.beans.factory.support.AbstractBeanFactory.doGetBean(AbstractBeanFactory.java:333)
	at org.springframework.beans.factory.support.AbstractBeanFactory.getBean(AbstractBeanFactory.java:208)
	at org.springframework.beans.factory.config.DependencyDescriptor.resolveCandidate(DependencyDescriptor.java:276)
	at org.springframework.beans.factory.support.DefaultListableBeanFactory.doResolveDependency(DefaultListableBeanFactory.java:1391)
	at org.springframework.beans.factory.support.DefaultListableBeanFactory.resolveDependency(DefaultListableBeanFactory.java:1311)
	at org.springframework.beans.factory.support.ConstructorResolver.resolveAutowiredArgument(ConstructorResolver.java:887)
	at org.springframework.beans.factory.support.ConstructorResolver.createArgumentArray(ConstructorResolver.java:791)
	... 19 common frames omitted
Caused by: org.springframework.beans.factory.BeanCreationException: Error creating bean with name 'redisson' defined in class path resource [org/redisson/spring/starter/RedissonAutoConfigurationV2.class]: Bean instantiation via factory method failed; nested exception is org.springframework.beans.BeanInstantiationException: Failed to instantiate [org.redisson.api.RedissonClient]: Factory method 'redisson' threw exception; nested exception is org.redisson.client.RedisConnectionException: java.util.concurrent.ExecutionException: org.redisson.client.RedisConnectionException: Unable to connect to Redis server: localhost/127.0.0.1:6379
	at org.springframework.beans.factory.support.ConstructorResolver.instantiate(ConstructorResolver.java:658)
	at org.springframework.beans.factory.support.ConstructorResolver.instantiateUsingFactoryMethod(ConstructorResolver.java:486)
	at org.springframework.beans.factory.support.AbstractAutowireCapableBeanFactory.instantiateUsingFactoryMethod(AbstractAutowireCapableBeanFactory.java:1352)
	at org.springframework.beans.factory.support.AbstractAutowireCapableBeanFactory.createBeanInstance(AbstractAutowireCapableBeanFactory.java:1195)
	at org.springframework.beans.factory.support.AbstractAutowireCapableBeanFactory.doCreateBean(AbstractAutowireCapableBeanFactory.java:582)
	at org.springframework.beans.factory.support.AbstractAutowireCapableBeanFactory.createBean(AbstractAutowireCapableBeanFactory.java:542)
	at org.springframework.beans.factory.support.AbstractBeanFactory.lambda$doGetBean$0(AbstractBeanFactory.java:335)
	at org.springframework.beans.factory.support.DefaultSingletonBeanRegistry.getSingleton(DefaultSingletonBeanRegistry.java:234)
	at org.springframework.beans.factory.support.AbstractBeanFactory.doGetBean(AbstractBeanFactory.java:333)
	at org.springframework.beans.factory.support.AbstractBeanFactory.getBean(AbstractBeanFactory.java:208)
	at org.springframework.beans.factory.config.DependencyDescriptor.resolveCandidate(DependencyDescriptor.java:276)
	at org.springframework.beans.factory.support.DefaultListableBeanFactory.doResolveDependency(DefaultListableBeanFactory.java:1391)
	at org.springframework.beans.factory.support.DefaultListableBeanFactory.resolveDependency(DefaultListableBeanFactory.java:1311)
	at org.springframework.beans.factory.support.ConstructorResolver.resolveAutowiredArgument(ConstructorResolver.java:887)
	at org.springframework.beans.factory.support.ConstructorResolver.createArgumentArray(ConstructorResolver.java:791)
	... 33 common frames omitted
Caused by: org.springframework.beans.BeanInstantiationException: Failed to instantiate [org.redisson.api.RedissonClient]: Factory method 'redisson' threw exception; nested exception is org.redisson.client.RedisConnectionException: java.util.concurrent.ExecutionException: org.redisson.client.RedisConnectionException: Unable to connect to Redis server: localhost/127.0.0.1:6379
	at org.springframework.beans.factory.support.SimpleInstantiationStrategy.instantiate(SimpleInstantiationStrategy.java:185)
	at org.springframework.beans.factory.support.ConstructorResolver.instantiate(ConstructorResolver.java:653)
	... 47 common frames omitted
Caused by: org.redisson.client.RedisConnectionException: java.util.concurrent.ExecutionException: org.redisson.client.RedisConnectionException: Unable to connect to Redis server: localhost/127.0.0.1:6379
	at org.redisson.connection.MasterSlaveConnectionManager.doConnect(MasterSlaveConnectionManager.java:229)
	at org.redisson.connection.MasterSlaveConnectionManager.connect(MasterSlaveConnectionManager.java:196)
	at org.redisson.config.ConfigSupport.createConnectionManager(ConfigSupport.java:220)
	at org.redisson.Redisson.<init>(Redisson.java:71)
	at org.redisson.Redisson.create(Redisson.java:116)
	at org.redisson.spring.starter.RedissonAutoConfiguration.redisson(RedissonAutoConfiguration.java:330)
	at java.base/jdk.internal.reflect.NativeMethodAccessorImpl.invoke0(Native Method)
	at java.base/jdk.internal.reflect.NativeMethodAccessorImpl.invoke(NativeMethodAccessorImpl.java:62)
	at java.base/jdk.internal.reflect.DelegatingMethodAccessorImpl.invoke(DelegatingMethodAccessorImpl.java:43)
	at java.base/java.lang.reflect.Method.invoke(Method.java:566)
	at org.springframework.beans.factory.support.SimpleInstantiationStrategy.instantiate(SimpleInstantiationStrategy.java:154)
	... 48 common frames omitted
Caused by: java.util.concurrent.ExecutionException: org.redisson.client.RedisConnectionException: Unable to connect to Redis server: localhost/127.0.0.1:6379
	at java.base/java.util.concurrent.CompletableFuture.reportGet(CompletableFuture.java:395)
	at java.base/java.util.concurrent.CompletableFuture.get(CompletableFuture.java:2028)
	at org.redisson.connection.MasterSlaveConnectionManager.doConnect(MasterSlaveConnectionManager.java:225)
	... 58 common frames omitted
Caused by: org.redisson.client.RedisConnectionException: Unable to connect to Redis server: localhost/127.0.0.1:6379
	at org.redisson.connection.ConnectionsHolder.lambda$createConnection$1(ConnectionsHolder.java:183)
	at java.base/java.util.concurrent.CompletableFuture.uniWhenComplete(CompletableFuture.java:859)
	at java.base/java.util.concurrent.CompletableFuture$UniWhenComplete.tryFire(CompletableFuture.java:837)
	at java.base/java.util.concurrent.CompletableFuture.postComplete(CompletableFuture.java:506)
	at java.base/java.util.concurrent.CompletableFuture.completeExceptionally(CompletableFuture.java:2094)
	at org.redisson.connection.ConnectionsHolder.promiseFailure(ConnectionsHolder.java:218)
	at org.redisson.connection.ConnectionsHolder.lambda$createConnection$4(ConnectionsHolder.java:204)
	at java.base/java.util.concurrent.CompletableFuture.uniWhenComplete(CompletableFuture.java:859)
	at java.base/java.util.concurrent.CompletableFuture$UniWhenComplete.tryFire(CompletableFuture.java:837)
	at java.base/java.util.concurrent.CompletableFuture.postComplete(CompletableFuture.java:506)
	at java.base/java.util.concurrent.CompletableFuture.completeExceptionally(CompletableFuture.java:2094)
	at org.redisson.client.RedisClient$1$2.run(RedisClient.java:308)
	at io.netty.util.concurrent.AbstractEventExecutor.runTask(AbstractEventExecutor.java:174)
	at io.netty.util.concurrent.AbstractEventExecutor.safeExecute(AbstractEventExecutor.java:167)
	at io.netty.util.concurrent.SingleThreadEventExecutor.runAllTasks(SingleThreadEventExecutor.java:470)
	at io.netty.channel.nio.NioEventLoop.run(NioEventLoop.java:569)
	at io.netty.util.concurrent.SingleThreadEventExecutor$4.run(SingleThreadEventExecutor.java:997)
	at io.netty.util.internal.ThreadExecutorMap$2.run(ThreadExecutorMap.java:74)
	at io.netty.util.concurrent.FastThreadLocalRunnable.run(FastThreadLocalRunnable.java:30)
	at java.base/java.lang.Thread.run(Thread.java:829)
Caused by: java.util.concurrent.CompletionException: io.netty.channel.AbstractChannel$AnnotatedConnectException: Connection refused: no further information: localhost/127.0.0.1:6379
	at java.base/java.util.concurrent.CompletableFuture.encodeRelay(CompletableFuture.java:367)
	at java.base/java.util.concurrent.CompletableFuture.completeRelay(CompletableFuture.java:376)
	at java.base/java.util.concurrent.CompletableFuture$UniRelay.tryFire(CompletableFuture.java:1019)
	... 11 common frames omitted
Caused by: io.netty.channel.AbstractChannel$AnnotatedConnectException: Connection refused: no further information: localhost/127.0.0.1:6379
Caused by: java.net.ConnectException: Connection refused: no further information
	at java.base/sun.nio.ch.SocketChannelImpl.checkConnect(Native Method)
	at java.base/sun.nio.ch.SocketChannelImpl.finishConnect(SocketChannelImpl.java:777)
	at io.netty.channel.socket.nio.NioSocketChannel.doFinishConnect(NioSocketChannel.java:337)
	at io.netty.channel.nio.AbstractNioChannel$AbstractNioUnsafe.finishConnect(AbstractNioChannel.java:334)
	at io.netty.channel.nio.NioEventLoop.processSelectedKey(NioEventLoop.java:776)
	at io.netty.channel.nio.NioEventLoop.processSelectedKeysOptimized(NioEventLoop.java:724)
	at io.netty.channel.nio.NioEventLoop.processSelectedKeys(NioEventLoop.java:650)
	at io.netty.channel.nio.NioEventLoop.run(NioEventLoop.java:562)
	at io.netty.util.concurrent.SingleThreadEventExecutor$4.run(SingleThreadEventExecutor.java:997)
	at io.netty.util.internal.ThreadExecutorMap$2.run(ThreadExecutorMap.java:74)
	at io.netty.util.concurrent.FastThreadLocalRunnable.run(FastThreadLocalRunnable.java:30)
	at java.base/java.lang.Thread.run(Thread.java:829)
