26-08-24.20:31:33.387 [main            ] INFO  Application            - Starting Application using Java 11.0.31 on ASUS with PID 10944 (D:\code\s-pay-mall-ddd-cc\s-pay-mall-ddd-app\target\classes started by 13267 in D:\code\s-pay-mall-ddd-cc)
26-08-24.20:31:33.386 [background-preinit] INFO  Version                - HV000001: Hibernate Validator 6.2.5.Final
26-08-24.20:31:33.392 [main            ] INFO  Application            - The following 1 profile is active: "test"
26-08-24.20:31:34.420 [main            ] WARN  AnnotationConfigServletWebServerApplicationContext - Exception encountered during context initialization - cancelling refresh attempt: org.springframework.beans.factory.support.BeanDefinitionOverrideException: Invalid bean definition with name 'groupBuyRefundOrderRuleFilterFactory' defined in class path resource [cn/bugstack/domain/groupbuy/service/refund/factory/GroupBuyRefundOrderRuleFilterFactory.class]: Cannot register bean definition [Root bean: class [null]; scope=; abstract=false; lazyInit=null; autowireMode=3; dependencyCheck=0; autowireCandidate=true; primary=false; factoryBeanName=groupBuyRefundOrderRuleFilterFactory; factoryMethodName=groupBuyOrderRefundFilter; initMethodName=null; destroyMethodName=(inferred); defined in class path resource [cn/bugstack/domain/groupbuy/service/refund/factory/GroupBuyRefundOrderRuleFilterFactory.class]] for bean 'groupBuyRefundOrderRuleFilterFactory': There is already [Generic bean: class [cn.bugstack.domain.groupbuy.service.refund.factory.GroupBuyRefundOrderRuleFilterFactory]; scope=singleton; abstract=false; lazyInit=null; autowireMode=0; dependencyCheck=0; autowireCandidate=true; primary=false; factoryBeanName=null; factoryMethodName=null; initMethodName=null; destroyMethodName=null; defined in file [D:\code\s-pay-mall-ddd-cc\s-pay-mall-ddd-domain\target\classes\cn\bugstack\domain\groupbuy\service\refund\factory\GroupBuyRefundOrderRuleFilterFactory.class]] bound.
26-08-24.20:31:34.430 [main            ] INFO  ConditionEvaluationReportLoggingListener - 

Error starting ApplicationContext. To display the conditions report re-run your application with 'debug' enabled.
26-08-24.20:31:34.441 [main            ] ERROR LoggingFailureAnalysisReporter - 

***************************
APPLICATION FAILED TO START
***************************

Description:

The bean 'groupBuyRefundOrderRuleFilterFactory', defined in class path resource [cn/bugstack/domain/groupbuy/service/refund/factory/GroupBuyRefundOrderRuleFilterFactory.class], could not be registered. A bean with that name has already been defined in file [D:\code\s-pay-mall-ddd-cc\s-pay-mall-ddd-domain\target\classes\cn\bugstack\domain\groupbuy\service\refund\factory\GroupBuyRefundOrderRuleFilterFactory.class] and overriding is disabled.

Action:

Consider renaming one of the beans or enabling overriding by setting spring.main.allow-bean-definition-overriding=true

26-08-24.20:33:23.622 [main            ] INFO  Application            - Starting Application using Java 11.0.31 on ASUS with PID 16728 (D:\code\s-pay-mall-ddd-cc\s-pay-mall-ddd-app\target\classes started by 13267 in D:\code\s-pay-mall-ddd-cc)
26-08-24.20:33:23.621 [background-preinit] INFO  Version                - HV000001: Hibernate Validator 6.2.5.Final
26-08-24.20:33:23.624 [main            ] INFO  Application            - The following 1 profile is active: "test"
26-08-24.20:33:24.403 [main            ] WARN  AnnotationConfigServletWebServerApplicationContext - Exception encountered during context initialization - cancelling refresh attempt: org.springframework.beans.factory.support.BeanDefinitionOverrideException: Invalid bean definition with name 'groupBuyRefundOrderRuleFilterFactory' defined in class path resource [cn/bugstack/domain/groupbuy/service/refund/factory/GroupBuyRefundOrderRuleFilterFactory.class]: Cannot register bean definition [Root bean: class [null]; scope=; abstract=false; lazyInit=null; autowireMode=3; dependencyCheck=0; autowireCandidate=true; primary=false; factoryBeanName=groupBuyRefundOrderRuleFilterFactory; factoryMethodName=groupBuyOrderRefundFilter; initMethodName=null; destroyMethodName=(inferred); defined in class path resource [cn/bugstack/domain/groupbuy/service/refund/factory/GroupBuyRefundOrderRuleFilterFactory.class]] for bean 'groupBuyRefundOrderRuleFilterFactory': There is already [Generic bean: class [cn.bugstack.domain.groupbuy.service.refund.factory.GroupBuyRefundOrderRuleFilterFactory]; scope=singleton; abstract=false; lazyInit=null; autowireMode=0; dependencyCheck=0; autowireCandidate=true; primary=false; factoryBeanName=null; factoryMethodName=null; initMethodName=null; destroyMethodName=null; defined in file [D:\code\s-pay-mall-ddd-cc\s-pay-mall-ddd-domain\target\classes\cn\bugstack\domain\groupbuy\service\refund\factory\GroupBuyRefundOrderRuleFilterFactory.class]] bound.
26-08-24.20:33:24.412 [main            ] INFO  ConditionEvaluationReportLoggingListener - 

Error starting ApplicationContext. To display the conditions report re-run your application with 'debug' enabled.
26-08-24.20:33:24.425 [main            ] ERROR LoggingFailureAnalysisReporter - 

***************************
APPLICATION FAILED TO START
***************************

Description:

The bean 'groupBuyRefundOrderRuleFilterFactory', defined in class path resource [cn/bugstack/domain/groupbuy/service/refund/factory/GroupBuyRefundOrderRuleFilterFactory.class], could not be registered. A bean with that name has already been defined in file [D:\code\s-pay-mall-ddd-cc\s-pay-mall-ddd-domain\target\classes\cn\bugstack\domain\groupbuy\service\refund\factory\GroupBuyRefundOrderRuleFilterFactory.class] and overriding is disabled.

Action:

Consider renaming one of the beans or enabling overriding by setting spring.main.allow-bean-definition-overriding=true

26-08-24.20:35:35.436 [main            ] INFO  Application            - Starting Application using Java 11.0.31 on ASUS with PID 26652 (D:\code\s-pay-mall-ddd-cc\s-pay-mall-ddd-app\target\classes started by 13267 in D:\code\s-pay-mall-ddd-cc)
26-08-24.20:35:35.435 [background-preinit] INFO  Version                - HV000001: Hibernate Validator 6.2.5.Final
26-08-24.20:35:35.438 [main            ] INFO  Application            - The following 1 profile is active: "test"
26-08-24.20:35:36.499 [main            ] INFO  RepositoryConfigurationDelegate - Multiple Spring Data modules found, entering strict repository configuration mode
26-08-24.20:35:36.501 [main            ] INFO  RepositoryConfigurationDelegate - Bootstrapping Spring Data Redis repositories in DEFAULT mode.
26-08-24.20:35:36.574 [main            ] INFO  RepositoryConfigurationDelegate - Finished Spring Data repository scanning in 56 ms. Found 0 Redis repository interfaces.
26-08-24.20:35:36.915 [main            ] INFO  PostProcessorRegistrationDelegate$BeanPostProcessorChecker - Bean 'spring.redis.redisson-org.redisson.spring.starter.RedissonProperties' of type [org.redisson.spring.starter.RedissonProperties] is not eligible for getting processed by all BeanPostProcessors (for example: not eligible for auto-proxying)
26-08-24.20:35:36.921 [main            ] INFO  PostProcessorRegistrationDelegate$BeanPostProcessorChecker - Bean 'spring.redis-org.springframework.boot.autoconfigure.data.redis.RedisProperties' of type [org.springframework.boot.autoconfigure.data.redis.RedisProperties] is not eligible for getting processed by all BeanPostProcessors (for example: not eligible for auto-proxying)
26-08-24.20:35:36.922 [main            ] INFO  PostProcessorRegistrationDelegate$BeanPostProcessorChecker - Bean 'org.redisson.spring.starter.RedissonAutoConfigurationV2' of type [org.redisson.spring.starter.RedissonAutoConfigurationV2] is not eligible for getting processed by all BeanPostProcessors (for example: not eligible for auto-proxying)
26-08-24.20:35:37.099 [main            ] INFO  Version                - Redisson 3.26.0
26-08-24.20:35:40.901 [redisson-netty-1-6] INFO  ConnectionsHolder      - 1 connections initialized for 192.144.234.86/192.144.234.86:6379
26-08-24.20:35:42.629 [redisson-netty-1-19] INFO  ConnectionsHolder      - 24 connections initialized for 192.144.234.86/192.144.234.86:6379
26-08-24.20:35:42.707 [main            ] INFO  PostProcessorRegistrationDelegate$BeanPostProcessorChecker - Bean 'redisson' of type [org.redisson.Redisson] is not eligible for getting processed by all BeanPostProcessors (for example: not eligible for auto-proxying)
26-08-24.20:35:42.935 [main            ] INFO  TomcatWebServer        - Tomcat initialized with port(s): 8080 (http)
26-08-24.20:35:42.944 [main            ] INFO  Http11NioProtocol      - Initializing ProtocolHandler ["http-nio-8080"]
26-08-24.20:35:42.945 [main            ] INFO  StandardService        - Starting service [Tomcat]
26-08-24.20:35:42.945 [main            ] INFO  StandardEngine         - Starting Servlet engine: [Apache Tomcat/9.0.75]
26-08-24.20:35:43.061 [main            ] INFO  [/]                    - Initializing Spring embedded WebApplicationContext
26-08-24.20:35:43.061 [main            ] INFO  ServletWebServerApplicationContext - Root WebApplicationContext: initialization completed in 7582 ms
26-08-24.20:35:44.494 [main            ] WARN  AnnotationConfigServletWebServerApplicationContext - Exception encountered during context initialization - cancelling refresh attempt: org.springframework.beans.factory.BeanCreationException: Error creating bean with name 'groupBuySuccessTopicListener': Injection of resource dependencies failed; nested exception is org.springframework.beans.factory.BeanCreationException: Error creating bean with name 'userNotifyTaskService': Injection of resource dependencies failed; nested exception is org.springframework.beans.factory.BeanCreationException: Error creating bean with name 'userNotifyRepository': Injection of resource dependencies failed; nested exception is org.springframework.beans.factory.NoSuchBeanDefinitionException: No qualifying bean of type 'cn.bugstack.infrastructure.dao.IUserNotifyDao' available: expected at least 1 bean which qualifies as autowire candidate. Dependency annotations: {@javax.annotation.Resource(shareable=true, lookup="", name="", description="", authenticationType=CONTAINER, type=java.lang.Object.class, mappedName="")}
26-08-24.20:35:44.555 [main            ] INFO  StandardService        - Stopping service [Tomcat]
26-08-24.20:35:44.571 [main            ] INFO  ConditionEvaluationReportLoggingListener - 

Error starting ApplicationContext. To display the conditions report re-run your application with 'debug' enabled.
26-08-24.20:35:44.591 [main            ] ERROR LoggingFailureAnalysisReporter - 

***************************
APPLICATION FAILED TO START
***************************

Description:

A component required a bean of type 'cn.bugstack.infrastructure.dao.IUserNotifyDao' that could not be found.


Action:

Consider defining a bean of type 'cn.bugstack.infrastructure.dao.IUserNotifyDao' in your configuration.

26-08-24.20:38:01.129 [background-preinit] INFO  Version                - HV000001: Hibernate Validator 6.2.5.Final
26-08-24.20:38:01.136 [main            ] INFO  Application            - Starting Application using Java 11.0.31 on ASUS with PID 24124 (D:\code\s-pay-mall-ddd-cc\s-pay-mall-ddd-app\target\classes started by 13267 in D:\code\s-pay-mall-ddd-cc)
26-08-24.20:38:01.136 [main            ] INFO  Application            - The following 1 profile is active: "test"
26-08-24.20:38:02.358 [main            ] INFO  RepositoryConfigurationDelegate - Multiple Spring Data modules found, entering strict repository configuration mode
26-08-24.20:38:02.361 [main            ] INFO  RepositoryConfigurationDelegate - Bootstrapping Spring Data Redis repositories in DEFAULT mode.
26-08-24.20:38:02.451 [main            ] INFO  RepositoryConfigurationDelegate - Finished Spring Data repository scanning in 72 ms. Found 0 Redis repository interfaces.
26-08-24.20:38:02.825 [main            ] INFO  PostProcessorRegistrationDelegate$BeanPostProcessorChecker - Bean 'spring.redis.redisson-org.redisson.spring.starter.RedissonProperties' of type [org.redisson.spring.starter.RedissonProperties] is not eligible for getting processed by all BeanPostProcessors (for example: not eligible for auto-proxying)
26-08-24.20:38:02.831 [main            ] INFO  PostProcessorRegistrationDelegate$BeanPostProcessorChecker - Bean 'spring.redis-org.springframework.boot.autoconfigure.data.redis.RedisProperties' of type [org.springframework.boot.autoconfigure.data.redis.RedisProperties] is not eligible for getting processed by all BeanPostProcessors (for example: not eligible for auto-proxying)
26-08-24.20:38:02.833 [main            ] INFO  PostProcessorRegistrationDelegate$BeanPostProcessorChecker - Bean 'org.redisson.spring.starter.RedissonAutoConfigurationV2' of type [org.redisson.spring.starter.RedissonAutoConfigurationV2] is not eligible for getting processed by all BeanPostProcessors (for example: not eligible for auto-proxying)
26-08-24.20:38:03.003 [main            ] INFO  Version                - Redisson 3.26.0
26-08-24.20:38:03.683 [redisson-netty-1-4] INFO  ConnectionsHolder      - 1 connections initialized for 192.144.234.86/192.144.234.86:6379
26-08-24.20:38:05.773 [redisson-netty-1-19] INFO  ConnectionsHolder      - 24 connections initialized for 192.144.234.86/192.144.234.86:6379
26-08-24.20:38:05.827 [main            ] INFO  PostProcessorRegistrationDelegate$BeanPostProcessorChecker - Bean 'redisson' of type [org.redisson.Redisson] is not eligible for getting processed by all BeanPostProcessors (for example: not eligible for auto-proxying)
26-08-24.20:38:06.023 [main            ] INFO  TomcatWebServer        - Tomcat initialized with port(s): 8080 (http)
26-08-24.20:38:06.031 [main            ] INFO  Http11NioProtocol      - Initializing ProtocolHandler ["http-nio-8080"]
26-08-24.20:38:06.031 [main            ] INFO  StandardService        - Starting service [Tomcat]
26-08-24.20:38:06.031 [main            ] INFO  StandardEngine         - Starting Servlet engine: [Apache Tomcat/9.0.75]
26-08-24.20:38:06.148 [main            ] INFO  [/]                    - Initializing Spring embedded WebApplicationContext
26-08-24.20:38:06.149 [main            ] INFO  ServletWebServerApplicationContext - Root WebApplicationContext: initialization completed in 4973 ms
26-08-24.20:38:08.075 [main            ] INFO  EndpointLinksResolver  - Exposing 1 endpoint(s) beneath base path '/actuator'
26-08-24.20:38:08.145 [main            ] INFO  Http11NioProtocol      - Starting ProtocolHandler ["http-nio-8080"]
26-08-24.20:38:08.155 [main            ] INFO  TomcatWebServer        - Tomcat started on port(s): 8080 (http) with context path ''
26-08-24.20:38:08.156 [main            ] INFO  CachingConnectionFactory - Attempting to connect to: [192.144.234.86:5672]
26-08-24.20:38:08.283 [main            ] INFO  CachingConnectionFactory - Created new connection: rabbitConnectionFactory#3593e074:0/SimpleConnection@5a45c218 [delegate=amqp://admin@192.144.234.86:5672/, localPort= 55060]
26-08-24.20:38:09.576 [main            ] INFO  Application            - Started Application in 8.934 seconds (JVM running for 9.808)
26-08-24.20:38:09.901 [RMI TCP Connection(1)-192.168.73.1] INFO  HikariDataSource       - HikariPool-1 - Starting...
26-08-24.20:38:10.084 [RMI TCP Connection(3)-192.168.73.1] INFO  [/]                    - Initializing Spring DispatcherServlet 'dispatcherServlet'
26-08-24.20:38:10.084 [RMI TCP Connection(3)-192.168.73.1] INFO  DispatcherServlet      - Initializing Servlet 'dispatcherServlet'
26-08-24.20:38:10.085 [RMI TCP Connection(3)-192.168.73.1] INFO  DispatcherServlet      - Completed initialization in 1 ms
26-08-24.20:38:10.214 [RMI TCP Connection(1)-192.168.73.1] INFO  HikariDataSource       - HikariPool-1 - Start completed.
26-08-24.20:39:00.138 [scheduling-1    ] INFO  GroupBuyNotifyJob      - 成团通知兜底任务完成 result:{"retryCount":0,"successCount":0,"waitCount":0,"errorCount":0}
26-08-24.20:39:00.138 [scheduling-1    ] INFO  ProductionOrderJob     - 开始执行生产需求单任务
26-08-24.20:40:00.015 [scheduling-1    ] INFO  GroupBuyNotifyJob      - 成团通知兜底任务完成 result:{"retryCount":0,"successCount":0,"waitCount":0,"errorCount":0}
26-08-24.20:40:00.016 [scheduling-1    ] INFO  ProductionOrderJob     - 开始执行生产需求单任务
26-08-24.20:41:00.012 [scheduling-1    ] INFO  GroupBuyNotifyJob      - 成团通知兜底任务完成 result:{"retryCount":0,"successCount":0,"waitCount":0,"errorCount":0}
26-08-24.20:41:00.012 [scheduling-1    ] INFO  ProductionOrderJob     - 开始执行生产需求单任务
26-08-24.20:42:00.003 [scheduling-1    ] INFO  ProductionOrderJob     - 开始执行生产需求单任务
26-08-24.20:42:00.008 [scheduling-1    ] INFO  GroupBuyNotifyJob      - 成团通知兜底任务完成 result:{"retryCount":0,"successCount":0,"waitCount":0,"errorCount":0}
26-08-24.20:43:00.009 [scheduling-1    ] INFO  ProductionOrderJob     - 开始执行生产需求单任务
26-08-24.20:43:00.011 [scheduling-1    ] INFO  GroupBuyNotifyJob      - 成团通知兜底任务完成 result:{"retryCount":0,"successCount":0,"waitCount":0,"errorCount":0}
26-08-24.20:44:00.014 [scheduling-1    ] INFO  ProductionOrderJob     - 开始执行生产需求单任务
26-08-24.20:44:00.016 [scheduling-1    ] INFO  GroupBuyNotifyJob      - 成团通知兜底任务完成 result:{"retryCount":0,"successCount":0,"waitCount":0,"errorCount":0}
26-08-24.20:45:00.014 [scheduling-1    ] INFO  ProductionOrderJob     - 开始执行生产需求单任务
26-08-24.20:45:00.019 [scheduling-1    ] INFO  GroupBuyNotifyJob      - 成团通知兜底任务完成 result:{"retryCount":0,"successCount":0,"waitCount":0,"errorCount":0}
26-08-24.20:46:00.010 [scheduling-1    ] INFO  GroupBuyNotifyJob      - 成团通知兜底任务完成 result:{"retryCount":0,"successCount":0,"waitCount":0,"errorCount":0}
26-08-24.20:46:00.011 [scheduling-1    ] INFO  ProductionOrderJob     - 开始执行生产需求单任务
26-08-24.20:46:34.607 [org.springframework.amqp.rabbit.RabbitListenerEndpointContainer#0-2] INFO  SimpleMessageListenerContainer - Waiting for workers to finish.
26-08-24.20:46:34.656 [org.springframework.amqp.rabbit.RabbitListenerEndpointContainer#1-2] INFO  SimpleMessageListenerContainer - Waiting for workers to finish.
26-08-24.20:46:34.696 [org.springframework.amqp.rabbit.RabbitListenerEndpointContainer#2-2] INFO  SimpleMessageListenerContainer - Waiting for workers to finish.
26-08-24.20:46:34.751 [org.springframework.amqp.rabbit.RabbitListenerEndpointContainer#3-2] INFO  SimpleMessageListenerContainer - Waiting for workers to finish.
26-08-24.20:46:34.810 [org.springframework.amqp.rabbit.RabbitListenerEndpointContainer#2-2] INFO  SimpleMessageListenerContainer - Successfully waited for workers to finish.
26-08-24.20:46:35.018 [org.springframework.amqp.rabbit.RabbitListenerEndpointContainer#3-2] INFO  SimpleMessageListenerContainer - Successfully waited for workers to finish.
26-08-24.20:46:35.228 [org.springframework.amqp.rabbit.RabbitListenerEndpointContainer#0-2] INFO  SimpleMessageListenerContainer - Successfully waited for workers to finish.
26-08-24.20:46:35.624 [org.springframework.amqp.rabbit.RabbitListenerEndpointContainer#1-2] INFO  SimpleMessageListenerContainer - Successfully waited for workers to finish.
26-08-24.20:46:36.006 [SpringApplicationShutdownHook] INFO  SimpleMessageListenerContainer - Shutdown ignored - container is already stopped
26-08-24.20:46:36.006 [SpringApplicationShutdownHook] INFO  SimpleMessageListenerContainer - Shutdown ignored - container is already stopped
26-08-24.20:46:36.006 [SpringApplicationShutdownHook] INFO  SimpleMessageListenerContainer - Shutdown ignored - container is already stopped
26-08-24.20:46:36.006 [SpringApplicationShutdownHook] INFO  SimpleMessageListenerContainer - Shutdown ignored - container is already stopped
26-08-24.20:46:36.097 [SpringApplicationShutdownHook] INFO  HikariDataSource       - HikariPool-1 - Shutdown initiated...
26-08-24.20:46:36.121 [SpringApplicationShutdownHook] INFO  HikariDataSource       - HikariPool-1 - Shutdown completed.
26-08-24.20:46:38.165 [redisson-netty-1-3] ERROR rejectedExecution      - Failed to submit a listener notification task. Event loop shut down?
java.util.concurrent.RejectedExecutionException: event executor terminated
	at io.netty.util.concurrent.SingleThreadEventExecutor.reject(SingleThreadEventExecutor.java:934)
	at io.netty.util.concurrent.SingleThreadEventExecutor.offerTask(SingleThreadEventExecutor.java:351)
	at io.netty.util.concurrent.SingleThreadEventExecutor.addTask(SingleThreadEventExecutor.java:344)
	at io.netty.util.concurrent.SingleThreadEventExecutor.execute(SingleThreadEventExecutor.java:836)
	at io.netty.util.concurrent.SingleThreadEventExecutor.execute0(SingleThreadEventExecutor.java:827)
	at io.netty.util.concurrent.SingleThreadEventExecutor.execute(SingleThreadEventExecutor.java:817)
	at io.netty.util.concurrent.DefaultPromise.safeExecute(DefaultPromise.java:862)
	at io.netty.util.concurrent.DefaultPromise.notifyListeners(DefaultPromise.java:500)
	at io.netty.util.concurrent.DefaultPromise.setValue0(DefaultPromise.java:636)
	at io.netty.util.concurrent.DefaultPromise.setSuccess0(DefaultPromise.java:625)
	at io.netty.util.concurrent.DefaultPromise.setSuccess(DefaultPromise.java:97)
	at io.netty.channel.group.DefaultChannelGroupFuture.setSuccess0(DefaultChannelGroupFuture.java:200)
	at io.netty.channel.group.DefaultChannelGroupFuture.access$400(DefaultChannelGroupFuture.java:41)
	at io.netty.channel.group.DefaultChannelGroupFuture$1.operationComplete(DefaultChannelGroupFuture.java:75)
	at io.netty.channel.group.DefaultChannelGroupFuture$1.operationComplete(DefaultChannelGroupFuture.java:48)
	at io.netty.util.concurrent.DefaultPromise.notifyListener0(DefaultPromise.java:590)
	at io.netty.util.concurrent.DefaultPromise.notifyListeners0(DefaultPromise.java:583)
	at io.netty.util.concurrent.DefaultPromise.notifyListenersNow(DefaultPromise.java:559)
	at io.netty.util.concurrent.DefaultPromise.notifyListeners(DefaultPromise.java:492)
	at io.netty.util.concurrent.DefaultPromise.setValue0(DefaultPromise.java:636)
	at io.netty.util.concurrent.DefaultPromise.setSuccess0(DefaultPromise.java:625)
	at io.netty.util.concurrent.DefaultPromise.trySuccess(DefaultPromise.java:105)
	at io.netty.channel.DefaultChannelPromise.trySuccess(DefaultChannelPromise.java:84)
	at io.netty.channel.AbstractChannel$CloseFuture.setClosed(AbstractChannel.java:1164)
	at io.netty.channel.AbstractChannel$AbstractUnsafe.doClose0(AbstractChannel.java:755)
	at io.netty.channel.AbstractChannel$AbstractUnsafe.close(AbstractChannel.java:731)
	at io.netty.channel.AbstractChannel$AbstractUnsafe.close(AbstractChannel.java:620)
	at io.netty.channel.nio.NioEventLoop.closeAll(NioEventLoop.java:838)
	at io.netty.channel.nio.NioEventLoop.run(NioEventLoop.java:595)
	at io.netty.util.concurrent.SingleThreadEventExecutor$4.run(SingleThreadEventExecutor.java:997)
	at io.netty.util.internal.ThreadExecutorMap$2.run(ThreadExecutorMap.java:74)
	at io.netty.util.concurrent.FastThreadLocalRunnable.run(FastThreadLocalRunnable.java:30)
	at java.base/java.lang.Thread.run(Thread.java:829)
26-08-24.20:46:43.614 [main            ] INFO  Application            - Starting Application using Java 11.0.31 on ASUS with PID 16500 (D:\code\s-pay-mall-ddd-cc\s-pay-mall-ddd-app\target\classes started by 13267 in D:\code\s-pay-mall-ddd-cc)
26-08-24.20:46:43.612 [background-preinit] INFO  Version                - HV000001: Hibernate Validator 6.2.5.Final
26-08-24.20:46:43.617 [main            ] INFO  Application            - The following 1 profile is active: "test"
26-08-24.20:46:44.893 [main            ] INFO  RepositoryConfigurationDelegate - Multiple Spring Data modules found, entering strict repository configuration mode
26-08-24.20:46:44.895 [main            ] INFO  RepositoryConfigurationDelegate - Bootstrapping Spring Data Redis repositories in DEFAULT mode.
26-08-24.20:46:44.964 [main            ] INFO  RepositoryConfigurationDelegate - Finished Spring Data repository scanning in 57 ms. Found 0 Redis repository interfaces.
26-08-24.20:46:45.291 [main            ] INFO  PostProcessorRegistrationDelegate$BeanPostProcessorChecker - Bean 'spring.redis.redisson-org.redisson.spring.starter.RedissonProperties' of type [org.redisson.spring.starter.RedissonProperties] is not eligible for getting processed by all BeanPostProcessors (for example: not eligible for auto-proxying)
26-08-24.20:46:45.298 [main            ] INFO  PostProcessorRegistrationDelegate$BeanPostProcessorChecker - Bean 'spring.redis-org.springframework.boot.autoconfigure.data.redis.RedisProperties' of type [org.springframework.boot.autoconfigure.data.redis.RedisProperties] is not eligible for getting processed by all BeanPostProcessors (for example: not eligible for auto-proxying)
26-08-24.20:46:45.299 [main            ] INFO  PostProcessorRegistrationDelegate$BeanPostProcessorChecker - Bean 'org.redisson.spring.starter.RedissonAutoConfigurationV2' of type [org.redisson.spring.starter.RedissonAutoConfigurationV2] is not eligible for getting processed by all BeanPostProcessors (for example: not eligible for auto-proxying)
26-08-24.20:46:45.494 [main            ] INFO  Version                - Redisson 3.26.0
26-08-24.20:46:46.222 [redisson-netty-1-6] INFO  ConnectionsHolder      - 1 connections initialized for 192.144.234.86/192.144.234.86:6379
26-08-24.20:46:47.980 [redisson-netty-1-19] INFO  ConnectionsHolder      - 24 connections initialized for 192.144.234.86/192.144.234.86:6379
26-08-24.20:46:48.039 [main            ] INFO  PostProcessorRegistrationDelegate$BeanPostProcessorChecker - Bean 'redisson' of type [org.redisson.Redisson] is not eligible for getting processed by all BeanPostProcessors (for example: not eligible for auto-proxying)
26-08-24.20:46:48.240 [main            ] INFO  TomcatWebServer        - Tomcat initialized with port(s): 8080 (http)
26-08-24.20:46:48.248 [main            ] INFO  Http11NioProtocol      - Initializing ProtocolHandler ["http-nio-8080"]
26-08-24.20:46:48.249 [main            ] INFO  StandardService        - Starting service [Tomcat]
26-08-24.20:46:48.249 [main            ] INFO  StandardEngine         - Starting Servlet engine: [Apache Tomcat/9.0.75]
26-08-24.20:46:48.362 [main            ] INFO  [/]                    - Initializing Spring embedded WebApplicationContext
26-08-24.20:46:48.362 [main            ] INFO  ServletWebServerApplicationContext - Root WebApplicationContext: initialization completed in 4698 ms
26-08-24.20:46:50.158 [main            ] INFO  EndpointLinksResolver  - Exposing 1 endpoint(s) beneath base path '/actuator'
26-08-24.20:46:50.240 [main            ] INFO  Http11NioProtocol      - Starting ProtocolHandler ["http-nio-8080"]
26-08-24.20:46:50.248 [main            ] INFO  TomcatWebServer        - Tomcat started on port(s): 8080 (http) with context path ''
26-08-24.20:46:50.250 [main            ] INFO  CachingConnectionFactory - Attempting to connect to: [192.144.234.86:5672]
26-08-24.20:46:50.403 [main            ] INFO  CachingConnectionFactory - Created new connection: rabbitConnectionFactory#5dacf18d:0/SimpleConnection@4542af89 [delegate=amqp://admin@192.144.234.86:5672/, localPort= 49828]
26-08-24.20:46:51.830 [main            ] INFO  Application            - Started Application in 8.762 seconds (JVM running for 9.825)
26-08-24.20:46:52.191 [RMI TCP Connection(2)-192.168.73.1] INFO  [/]                    - Initializing Spring DispatcherServlet 'dispatcherServlet'
26-08-24.20:46:52.192 [RMI TCP Connection(2)-192.168.73.1] INFO  DispatcherServlet      - Initializing Servlet 'dispatcherServlet'
26-08-24.20:46:52.194 [RMI TCP Connection(2)-192.168.73.1] INFO  DispatcherServlet      - Completed initialization in 2 ms
26-08-24.20:46:52.222 [RMI TCP Connection(3)-192.168.73.1] INFO  HikariDataSource       - HikariPool-1 - Starting...
26-08-24.20:46:52.454 [RMI TCP Connection(3)-192.168.73.1] INFO  HikariDataSource       - HikariPool-1 - Start completed.
26-08-24.20:47:00.134 [scheduling-1    ] INFO  GroupBuyNotifyJob      - 成团通知兜底任务完成 result:{"retryCount":0,"successCount":0,"waitCount":0,"errorCount":0}
26-08-24.20:47:00.135 [scheduling-1    ] INFO  ProductionOrderJob     - 开始执行生产需求单任务
26-08-24.20:48:00.007 [scheduling-1    ] INFO  GroupBuyNotifyJob      - 成团通知兜底任务完成 result:{"retryCount":0,"successCount":0,"waitCount":0,"errorCount":0}
26-08-24.20:48:00.009 [scheduling-1    ] INFO  ProductionOrderJob     - 开始执行生产需求单任务
26-08-24.20:49:00.019 [scheduling-1    ] INFO  GroupBuyNotifyJob      - 成团通知兜底任务完成 result:{"retryCount":0,"successCount":0,"waitCount":0,"errorCount":0}
26-08-24.20:49:00.020 [scheduling-1    ] INFO  ProductionOrderJob     - 开始执行生产需求单任务
26-08-24.20:49:04.028 [org.springframework.amqp.rabbit.RabbitListenerEndpointContainer#0-2] INFO  SimpleMessageListenerContainer - Waiting for workers to finish.
26-08-24.20:49:04.055 [org.springframework.amqp.rabbit.RabbitListenerEndpointContainer#1-2] INFO  SimpleMessageListenerContainer - Waiting for workers to finish.
26-08-24.20:49:04.093 [org.springframework.amqp.rabbit.RabbitListenerEndpointContainer#2-2] INFO  SimpleMessageListenerContainer - Waiting for workers to finish.
26-08-24.20:49:04.149 [org.springframework.amqp.rabbit.RabbitListenerEndpointContainer#3-2] INFO  SimpleMessageListenerContainer - Waiting for workers to finish.
26-08-24.20:49:04.370 [org.springframework.amqp.rabbit.RabbitListenerEndpointContainer#0-2] INFO  SimpleMessageListenerContainer - Successfully waited for workers to finish.
26-08-24.20:49:04.674 [org.springframework.amqp.rabbit.RabbitListenerEndpointContainer#1-2] INFO  SimpleMessageListenerContainer - Successfully waited for workers to finish.
26-08-24.20:49:04.871 [org.springframework.amqp.rabbit.RabbitListenerEndpointContainer#2-2] INFO  SimpleMessageListenerContainer - Successfully waited for workers to finish.
26-08-24.20:49:05.043 [org.springframework.amqp.rabbit.RabbitListenerEndpointContainer#3-2] INFO  SimpleMessageListenerContainer - Successfully waited for workers to finish.
26-08-24.20:49:05.362 [SpringApplicationShutdownHook] INFO  SimpleMessageListenerContainer - Shutdown ignored - container is already stopped
26-08-24.20:49:05.362 [SpringApplicationShutdownHook] INFO  SimpleMessageListenerContainer - Shutdown ignored - container is already stopped
26-08-24.20:49:05.362 [SpringApplicationShutdownHook] INFO  SimpleMessageListenerContainer - Shutdown ignored - container is already stopped
26-08-24.20:49:05.362 [SpringApplicationShutdownHook] INFO  SimpleMessageListenerContainer - Shutdown ignored - container is already stopped
26-08-24.20:49:05.432 [SpringApplicationShutdownHook] INFO  HikariDataSource       - HikariPool-1 - Shutdown initiated...
26-08-24.20:49:05.447 [SpringApplicationShutdownHook] INFO  HikariDataSource       - HikariPool-1 - Shutdown completed.
26-08-24.20:49:09.867 [background-preinit] INFO  Version                - HV000001: Hibernate Validator 6.2.5.Final
26-08-24.20:49:09.867 [main            ] INFO  Application            - Starting Application using Java 11.0.31 on ASUS with PID 14528 (D:\code\s-pay-mall-ddd-cc\s-pay-mall-ddd-app\target\classes started by 13267 in D:\code\s-pay-mall-ddd-cc)
26-08-24.20:49:09.871 [main            ] INFO  Application            - The following 1 profile is active: "test"
26-08-24.20:49:10.998 [main            ] INFO  RepositoryConfigurationDelegate - Multiple Spring Data modules found, entering strict repository configuration mode
26-08-24.20:49:11.000 [main            ] INFO  RepositoryConfigurationDelegate - Bootstrapping Spring Data Redis repositories in DEFAULT mode.
26-08-24.20:49:11.076 [main            ] INFO  RepositoryConfigurationDelegate - Finished Spring Data repository scanning in 64 ms. Found 0 Redis repository interfaces.
26-08-24.20:49:11.395 [main            ] INFO  PostProcessorRegistrationDelegate$BeanPostProcessorChecker - Bean 'spring.redis.redisson-org.redisson.spring.starter.RedissonProperties' of type [org.redisson.spring.starter.RedissonProperties] is not eligible for getting processed by all BeanPostProcessors (for example: not eligible for auto-proxying)
26-08-24.20:49:11.402 [main            ] INFO  PostProcessorRegistrationDelegate$BeanPostProcessorChecker - Bean 'spring.redis-org.springframework.boot.autoconfigure.data.redis.RedisProperties' of type [org.springframework.boot.autoconfigure.data.redis.RedisProperties] is not eligible for getting processed by all BeanPostProcessors (for example: not eligible for auto-proxying)
26-08-24.20:49:11.402 [main            ] INFO  PostProcessorRegistrationDelegate$BeanPostProcessorChecker - Bean 'org.redisson.spring.starter.RedissonAutoConfigurationV2' of type [org.redisson.spring.starter.RedissonAutoConfigurationV2] is not eligible for getting processed by all BeanPostProcessors (for example: not eligible for auto-proxying)
26-08-24.20:49:11.572 [main            ] INFO  Version                - Redisson 3.26.0
26-08-24.20:49:12.168 [redisson-netty-1-6] INFO  ConnectionsHolder      - 1 connections initialized for 192.144.234.86/192.144.234.86:6379
26-08-24.20:49:13.923 [redisson-netty-1-19] INFO  ConnectionsHolder      - 24 connections initialized for 192.144.234.86/192.144.234.86:6379
26-08-24.20:49:13.988 [main            ] INFO  PostProcessorRegistrationDelegate$BeanPostProcessorChecker - Bean 'redisson' of type [org.redisson.Redisson] is not eligible for getting processed by all BeanPostProcessors (for example: not eligible for auto-proxying)
26-08-24.20:49:14.231 [main            ] INFO  TomcatWebServer        - Tomcat initialized with port(s): 8080 (http)
26-08-24.20:49:14.241 [main            ] INFO  Http11NioProtocol      - Initializing ProtocolHandler ["http-nio-8080"]
26-08-24.20:49:14.241 [main            ] INFO  StandardService        - Starting service [Tomcat]
26-08-24.20:49:14.241 [main            ] INFO  StandardEngine         - Starting Servlet engine: [Apache Tomcat/9.0.75]
26-08-24.20:49:14.363 [main            ] INFO  [/]                    - Initializing Spring embedded WebApplicationContext
26-08-24.20:49:14.363 [main            ] INFO  ServletWebServerApplicationContext - Root WebApplicationContext: initialization completed in 4455 ms
26-08-24.20:49:16.590 [main            ] INFO  EndpointLinksResolver  - Exposing 1 endpoint(s) beneath base path '/actuator'
26-08-24.20:49:16.678 [main            ] INFO  Http11NioProtocol      - Starting ProtocolHandler ["http-nio-8080"]
26-08-24.20:49:16.689 [main            ] INFO  TomcatWebServer        - Tomcat started on port(s): 8080 (http) with context path ''
26-08-24.20:49:16.692 [main            ] INFO  CachingConnectionFactory - Attempting to connect to: [192.144.234.86:5672]
26-08-24.20:49:16.877 [main            ] INFO  CachingConnectionFactory - Created new connection: rabbitConnectionFactory#37f41a81:0/SimpleConnection@18301763 [delegate=amqp://admin@192.144.234.86:5672/, localPort= 57217]
26-08-24.20:49:18.063 [main            ] INFO  Application            - Started Application in 8.638 seconds (JVM running for 9.558)
26-08-24.20:49:19.076 [RMI TCP Connection(2)-192.168.73.1] INFO  [/]                    - Initializing Spring DispatcherServlet 'dispatcherServlet'
26-08-24.20:49:19.077 [RMI TCP Connection(2)-192.168.73.1] INFO  DispatcherServlet      - Initializing Servlet 'dispatcherServlet'
26-08-24.20:49:19.081 [RMI TCP Connection(2)-192.168.73.1] INFO  DispatcherServlet      - Completed initialization in 4 ms
26-08-24.20:49:19.104 [RMI TCP Connection(3)-192.168.73.1] INFO  HikariDataSource       - HikariPool-1 - Starting...
26-08-24.20:49:19.367 [RMI TCP Connection(3)-192.168.73.1] INFO  HikariDataSource       - HikariPool-1 - Start completed.
26-08-24.20:49:48.948 [http-nio-8080-exec-1] INFO  GroupBuyController     - 拼团试算开始 request:GroupBuyTrialRequest(userId=null, activityId=10001, productId=1)
26-08-24.20:49:49.080 [http-nio-8080-exec-1] INFO  SwitchNode             - 拼团商品查询试算服务-SwitchNode userId:null requestParameter:{"activityId":10001,"productId":1}
26-08-24.20:49:49.088 [http-nio-8080-exec-1] ERROR GroupBuyController     - 拼团试算失败 userId:null activityId:10001 productId:1
java.lang.NullPointerException: null
	at cn.bugstack.infrastructure.dcc.DCCService.isCutRange(DCCService.java:58)
	at cn.bugstack.infrastructure.repository.GroupBuyActivityRepository.cutRange(GroupBuyActivityRepository.java:72)
	at cn.bugstack.infrastructure.repository.GroupBuyActivityRepository$$FastClassBySpringCGLIB$$ea51a3b0.invoke(<generated>)
	at org.springframework.cglib.proxy.MethodProxy.invoke(MethodProxy.java:218)
	at org.springframework.aop.framework.CglibAopProxy$CglibMethodInvocation.invokeJoinpoint(CglibAopProxy.java:793)
	at org.springframework.aop.framework.ReflectiveMethodInvocation.proceed(ReflectiveMethodInvocation.java:163)
	at org.springframework.aop.framework.CglibAopProxy$CglibMethodInvocation.proceed(CglibAopProxy.java:763)
	at org.springframework.dao.support.PersistenceExceptionTranslationInterceptor.invoke(PersistenceExceptionTranslationInterceptor.java:137)
	at org.springframework.aop.framework.ReflectiveMethodInvocation.proceed(ReflectiveMethodInvocation.java:186)
	at org.springframework.aop.framework.CglibAopProxy$CglibMethodInvocation.proceed(CglibAopProxy.java:763)
	at org.springframework.aop.framework.CglibAopProxy$DynamicAdvisedInterceptor.intercept(CglibAopProxy.java:708)
	at cn.bugstack.infrastructure.repository.GroupBuyActivityRepository$$EnhancerBySpringCGLIB$$9fffd7dd.cutRange(<generated>)
	at cn.bugstack.domain.groupbuy.service.trial.node.SwitchNode.doApply(SwitchNode.java:38)
	at cn.bugstack.domain.groupbuy.service.trial.node.SwitchNode.doApply(SwitchNode.java:17)
	at cn.bugstack.types.design.framework.tree.AbstractMultiThreadStrategyRouter.apply(AbstractMultiThreadStrategyRouter.java:42)
	at cn.bugstack.types.design.framework.tree.AbstractMultiThreadStrategyRouter.router(AbstractMultiThreadStrategyRouter.java:26)
	at cn.bugstack.domain.groupbuy.service.trial.node.RootNode.doApply(RootNode.java:31)
	at cn.bugstack.domain.groupbuy.service.trial.node.RootNode.doApply(RootNode.java:17)
	at cn.bugstack.types.design.framework.tree.AbstractMultiThreadStrategyRouter.apply(AbstractMultiThreadStrategyRouter.java:42)
	at cn.bugstack.domain.groupbuy.service.trial.GroupBuyTrialService.queryGroupBuyTrial(GroupBuyTrialService.java:25)
	at cn.bugstack.trigger.http.GroupBuyController.queryGroupBuyTrial(GroupBuyController.java:51)
	at java.base/jdk.internal.reflect.NativeMethodAccessorImpl.invoke0(Native Method)
	at java.base/jdk.internal.reflect.NativeMethodAccessorImpl.invoke(NativeMethodAccessorImpl.java:62)
	at java.base/jdk.internal.reflect.DelegatingMethodAccessorImpl.invoke(DelegatingMethodAccessorImpl.java:43)
	at java.base/java.lang.reflect.Method.invoke(Method.java:566)
	at org.springframework.web.method.support.InvocableHandlerMethod.doInvoke(InvocableHandlerMethod.java:205)
	at org.springframework.web.method.support.InvocableHandlerMethod.invokeForRequest(InvocableHandlerMethod.java:150)
	at org.springframework.web.servlet.mvc.method.annotation.ServletInvocableHandlerMethod.invokeAndHandle(ServletInvocableHandlerMethod.java:117)
	at org.springframework.web.servlet.mvc.method.annotation.RequestMappingHandlerAdapter.invokeHandlerMethod(RequestMappingHandlerAdapter.java:895)
	at org.springframework.web.servlet.mvc.method.annotation.RequestMappingHandlerAdapter.handleInternal(RequestMappingHandlerAdapter.java:808)
	at org.springframework.web.servlet.mvc.method.AbstractHandlerMethodAdapter.handle(AbstractHandlerMethodAdapter.java:87)
	at org.springframework.web.servlet.DispatcherServlet.doDispatch(DispatcherServlet.java:1072)
	at org.springframework.web.servlet.DispatcherServlet.doService(DispatcherServlet.java:965)
	at org.springframework.web.servlet.FrameworkServlet.processRequest(FrameworkServlet.java:1006)
	at org.springframework.web.servlet.FrameworkServlet.doPost(FrameworkServlet.java:909)
	at javax.servlet.http.HttpServlet.service(HttpServlet.java:555)
	at org.springframework.web.servlet.FrameworkServlet.service(FrameworkServlet.java:883)
	at javax.servlet.http.HttpServlet.service(HttpServlet.java:623)
	at org.apache.catalina.core.ApplicationFilterChain.internalDoFilter(ApplicationFilterChain.java:209)
	at org.apache.catalina.core.ApplicationFilterChain.doFilter(ApplicationFilterChain.java:153)
	at org.apache.tomcat.websocket.server.WsFilter.doFilter(WsFilter.java:51)
	at org.apache.catalina.core.ApplicationFilterChain.internalDoFilter(ApplicationFilterChain.java:178)
	at org.apache.catalina.core.ApplicationFilterChain.doFilter(ApplicationFilterChain.java:153)
	at org.springframework.web.filter.RequestContextFilter.doFilterInternal(RequestContextFilter.java:100)
	at org.springframework.web.filter.OncePerRequestFilter.doFilter(OncePerRequestFilter.java:117)
	at org.apache.catalina.core.ApplicationFilterChain.internalDoFilter(ApplicationFilterChain.java:178)
	at org.apache.catalina.core.ApplicationFilterChain.doFilter(ApplicationFilterChain.java:153)
	at org.springframework.web.filter.FormContentFilter.doFilterInternal(FormContentFilter.java:93)
	at org.springframework.web.filter.OncePerRequestFilter.doFilter(OncePerRequestFilter.java:117)
	at org.apache.catalina.core.ApplicationFilterChain.internalDoFilter(ApplicationFilterChain.java:178)
	at org.apache.catalina.core.ApplicationFilterChain.doFilter(ApplicationFilterChain.java:153)
	at org.springframework.boot.actuate.metrics.web.servlet.WebMvcMetricsFilter.doFilterInternal(WebMvcMetricsFilter.java:96)
	at org.springframework.web.filter.OncePerRequestFilter.doFilter(OncePerRequestFilter.java:117)
	at org.apache.catalina.core.ApplicationFilterChain.internalDoFilter(ApplicationFilterChain.java:178)
	at org.apache.catalina.core.ApplicationFilterChain.doFilter(ApplicationFilterChain.java:153)
	at org.springframework.web.filter.CharacterEncodingFilter.doFilterInternal(CharacterEncodingFilter.java:201)
	at org.springframework.web.filter.OncePerRequestFilter.doFilter(OncePerRequestFilter.java:117)
	at org.apache.catalina.core.ApplicationFilterChain.internalDoFilter(ApplicationFilterChain.java:178)
	at org.apache.catalina.core.ApplicationFilterChain.doFilter(ApplicationFilterChain.java:153)
	at org.apache.catalina.core.StandardWrapperValve.invoke(StandardWrapperValve.java:167)
	at org.apache.catalina.core.StandardContextValve.invoke(StandardContextValve.java:90)
	at org.apache.catalina.authenticator.AuthenticatorBase.invoke(AuthenticatorBase.java:481)
	at org.apache.catalina.core.StandardHostValve.invoke(StandardHostValve.java:130)
	at org.apache.catalina.valves.ErrorReportValve.invoke(ErrorReportValve.java:93)
	at org.apache.catalina.core.StandardEngineValve.invoke(StandardEngineValve.java:74)
	at org.apache.catalina.connector.CoyoteAdapter.service(CoyoteAdapter.java:343)
	at org.apache.coyote.http11.Http11Processor.service(Http11Processor.java:390)
	at org.apache.coyote.AbstractProcessorLight.process(AbstractProcessorLight.java:63)
	at org.apache.coyote.AbstractProtocol$ConnectionHandler.process(AbstractProtocol.java:926)
	at org.apache.tomcat.util.net.NioEndpoint$SocketProcessor.doRun(NioEndpoint.java:1791)
	at org.apache.tomcat.util.net.SocketProcessorBase.run(SocketProcessorBase.java:52)
	at org.apache.tomcat.util.threads.ThreadPoolExecutor.runWorker(ThreadPoolExecutor.java:1191)
	at org.apache.tomcat.util.threads.ThreadPoolExecutor$Worker.run(ThreadPoolExecutor.java:659)
	at org.apache.tomcat.util.threads.TaskThread$WrappingRunnable.run(TaskThread.java:61)
	at java.base/java.lang.Thread.run(Thread.java:829)
26-08-24.20:50:00.020 [scheduling-1    ] INFO  GroupBuyNotifyJob      - 成团通知兜底任务完成 result:{"retryCount":0,"successCount":0,"waitCount":0,"errorCount":0}
26-08-24.20:50:00.020 [scheduling-1    ] INFO  ProductionOrderJob     - 开始执行生产需求单任务
26-08-24.20:51:00.009 [scheduling-1    ] INFO  ProductionOrderJob     - 开始执行生产需求单任务
26-08-24.20:51:00.015 [scheduling-1    ] INFO  GroupBuyNotifyJob      - 成团通知兜底任务完成 result:{"retryCount":0,"successCount":0,"waitCount":0,"errorCount":0}
26-08-24.20:51:47.307 [org.springframework.amqp.rabbit.RabbitListenerEndpointContainer#0-2] INFO  SimpleMessageListenerContainer - Waiting for workers to finish.
26-08-24.20:51:47.335 [org.springframework.amqp.rabbit.RabbitListenerEndpointContainer#1-2] INFO  SimpleMessageListenerContainer - Waiting for workers to finish.
26-08-24.20:51:47.360 [org.springframework.amqp.rabbit.RabbitListenerEndpointContainer#2-2] INFO  SimpleMessageListenerContainer - Waiting for workers to finish.
26-08-24.20:51:47.387 [org.springframework.amqp.rabbit.RabbitListenerEndpointContainer#3-2] INFO  SimpleMessageListenerContainer - Waiting for workers to finish.
26-08-24.20:51:47.736 [org.springframework.amqp.rabbit.RabbitListenerEndpointContainer#0-2] INFO  SimpleMessageListenerContainer - Successfully waited for workers to finish.
26-08-24.20:51:47.968 [org.springframework.amqp.rabbit.RabbitListenerEndpointContainer#1-2] INFO  SimpleMessageListenerContainer - Successfully waited for workers to finish.
26-08-24.20:51:48.193 [org.springframework.amqp.rabbit.RabbitListenerEndpointContainer#2-2] INFO  SimpleMessageListenerContainer - Successfully waited for workers to finish.
26-08-24.20:51:48.326 [org.springframework.amqp.rabbit.RabbitListenerEndpointContainer#3-2] INFO  SimpleMessageListenerContainer - Successfully waited for workers to finish.
26-08-24.20:51:48.581 [SpringApplicationShutdownHook] INFO  SimpleMessageListenerContainer - Shutdown ignored - container is already stopped
26-08-24.20:51:48.582 [SpringApplicationShutdownHook] INFO  SimpleMessageListenerContainer - Shutdown ignored - container is already stopped
26-08-24.20:51:48.582 [SpringApplicationShutdownHook] INFO  SimpleMessageListenerContainer - Shutdown ignored - container is already stopped
26-08-24.20:51:48.582 [SpringApplicationShutdownHook] INFO  SimpleMessageListenerContainer - Shutdown ignored - container is already stopped
26-08-24.20:51:48.835 [SpringApplicationShutdownHook] INFO  HikariDataSource       - HikariPool-1 - Shutdown initiated...
26-08-24.20:51:48.848 [SpringApplicationShutdownHook] INFO  HikariDataSource       - HikariPool-1 - Shutdown completed.
26-08-24.20:51:53.202 [background-preinit] INFO  Version                - HV000001: Hibernate Validator 6.2.5.Final
26-08-24.20:51:53.203 [main            ] INFO  Application            - Starting Application using Java 11.0.31 on ASUS with PID 31796 (D:\code\s-pay-mall-ddd-cc\s-pay-mall-ddd-app\target\classes started by 13267 in D:\code\s-pay-mall-ddd-cc)
26-08-24.20:51:53.205 [main            ] INFO  Application            - The following 1 profile is active: "test"
26-08-24.20:51:54.370 [main            ] INFO  RepositoryConfigurationDelegate - Multiple Spring Data modules found, entering strict repository configuration mode
26-08-24.20:51:54.371 [main            ] INFO  RepositoryConfigurationDelegate - Bootstrapping Spring Data Redis repositories in DEFAULT mode.
26-08-24.20:51:54.438 [main            ] INFO  RepositoryConfigurationDelegate - Finished Spring Data repository scanning in 56 ms. Found 0 Redis repository interfaces.
26-08-24.20:51:54.754 [main            ] INFO  PostProcessorRegistrationDelegate$BeanPostProcessorChecker - Bean 'spring.redis.redisson-org.redisson.spring.starter.RedissonProperties' of type [org.redisson.spring.starter.RedissonProperties] is not eligible for getting processed by all BeanPostProcessors (for example: not eligible for auto-proxying)
26-08-24.20:51:54.760 [main            ] INFO  PostProcessorRegistrationDelegate$BeanPostProcessorChecker - Bean 'spring.redis-org.springframework.boot.autoconfigure.data.redis.RedisProperties' of type [org.springframework.boot.autoconfigure.data.redis.RedisProperties] is not eligible for getting processed by all BeanPostProcessors (for example: not eligible for auto-proxying)
26-08-24.20:51:54.761 [main            ] INFO  PostProcessorRegistrationDelegate$BeanPostProcessorChecker - Bean 'org.redisson.spring.starter.RedissonAutoConfigurationV2' of type [org.redisson.spring.starter.RedissonAutoConfigurationV2] is not eligible for getting processed by all BeanPostProcessors (for example: not eligible for auto-proxying)
26-08-24.20:51:54.938 [main            ] INFO  Version                - Redisson 3.26.0
26-08-24.20:51:56.559 [redisson-netty-1-6] INFO  ConnectionsHolder      - 1 connections initialized for 192.144.234.86/192.144.234.86:6379
26-08-24.20:52:09.488 [redisson-netty-1-19] INFO  ConnectionsHolder      - 24 connections initialized for 192.144.234.86/192.144.234.86:6379
26-08-24.20:52:09.554 [main            ] INFO  PostProcessorRegistrationDelegate$BeanPostProcessorChecker - Bean 'redisson' of type [org.redisson.Redisson] is not eligible for getting processed by all BeanPostProcessors (for example: not eligible for auto-proxying)
26-08-24.20:52:09.765 [main            ] INFO  TomcatWebServer        - Tomcat initialized with port(s): 8080 (http)
26-08-24.20:52:09.773 [main            ] INFO  Http11NioProtocol      - Initializing ProtocolHandler ["http-nio-8080"]
26-08-24.20:52:09.774 [main            ] INFO  StandardService        - Starting service [Tomcat]
26-08-24.20:52:09.774 [main            ] INFO  StandardEngine         - Starting Servlet engine: [Apache Tomcat/9.0.75]
26-08-24.20:52:09.878 [main            ] INFO  [/]                    - Initializing Spring embedded WebApplicationContext
26-08-24.20:52:09.879 [main            ] INFO  ServletWebServerApplicationContext - Root WebApplicationContext: initialization completed in 16636 ms
26-08-24.20:52:11.597 [main            ] INFO  EndpointLinksResolver  - Exposing 1 endpoint(s) beneath base path '/actuator'
26-08-24.20:52:11.669 [main            ] INFO  Http11NioProtocol      - Starting ProtocolHandler ["http-nio-8080"]
26-08-24.20:52:11.678 [main            ] INFO  TomcatWebServer        - Tomcat started on port(s): 8080 (http) with context path ''
26-08-24.20:52:11.680 [main            ] INFO  CachingConnectionFactory - Attempting to connect to: [192.144.234.86:5672]
26-08-24.20:52:11.804 [main            ] INFO  CachingConnectionFactory - Created new connection: rabbitConnectionFactory#3593e074:0/SimpleConnection@5a45c218 [delegate=amqp://admin@192.144.234.86:5672/, localPort= 51889]
26-08-24.20:52:12.753 [main            ] INFO  Application            - Started Application in 20.1 seconds (JVM running for 20.988)
26-08-24.20:52:13.439 [RMI TCP Connection(3)-192.168.73.1] INFO  HikariDataSource       - HikariPool-1 - Starting...
26-08-24.20:52:13.650 [RMI TCP Connection(3)-192.168.73.1] INFO  HikariDataSource       - HikariPool-1 - Start completed.
26-08-24.20:52:13.702 [RMI TCP Connection(4)-192.168.73.1] INFO  [/]                    - Initializing Spring DispatcherServlet 'dispatcherServlet'
26-08-24.20:52:13.703 [RMI TCP Connection(4)-192.168.73.1] INFO  DispatcherServlet      - Initializing Servlet 'dispatcherServlet'
26-08-24.20:52:13.704 [RMI TCP Connection(4)-192.168.73.1] INFO  DispatcherServlet      - Completed initialization in 1 ms
26-08-24.20:52:18.977 [http-nio-8080-exec-1] INFO  GroupBuyController     - 拼团试算开始 request:GroupBuyTrialRequest(userId=null, activityId=10001, productId=1)
26-08-24.20:52:19.100 [http-nio-8080-exec-1] INFO  SwitchNode             - 拼团商品查询试算服务-SwitchNode userId:null requestParameter:{"activityId":10001,"productId":1}
26-08-24.20:52:19.194 [http-nio-8080-exec-1] INFO  MarketNode             - 拼团商品查询 活动配置、商品 试算服务-MarketNode userId:null 异步线程加载数据「GroupBuyActivityEntity、ProductAggregate」完成
26-08-24.20:52:19.245 [http-nio-8080-exec-1] INFO  ZKCalculateService     - 优惠策略折扣计算:0
26-08-24.20:52:19.245 [http-nio-8080-exec-1] INFO  EndNode                - 拼团商品查询试算服务-EndNode userId:null requestParameter:{"activityId":10001,"productId":1}
26-08-24.20:52:19.250 [http-nio-8080-exec-1] INFO  GroupBuyController     - 拼团试算完成 userId:null activityId:10001 payPrice:90.000
26-08-24.20:52:29.146 [http-nio-8080-exec-3] INFO  GroupBuyController     - 拼团试算开始 request:GroupBuyTrialRequest(userId=null, activityId=10001, productId=1)
26-08-24.20:52:29.146 [http-nio-8080-exec-3] INFO  SwitchNode             - 拼团商品查询试算服务-SwitchNode userId:null requestParameter:{"activityId":10001,"productId":1}
26-08-24.20:52:29.172 [http-nio-8080-exec-3] INFO  MarketNode             - 拼团商品查询 活动配置、商品 试算服务-MarketNode userId:null 异步线程加载数据「GroupBuyActivityEntity、ProductAggregate」完成
26-08-24.20:52:29.200 [http-nio-8080-exec-3] INFO  ZKCalculateService     - 优惠策略折扣计算:0
26-08-24.20:52:29.200 [http-nio-8080-exec-3] INFO  EndNode                - 拼团商品查询试算服务-EndNode userId:null requestParameter:{"activityId":10001,"productId":1}
26-08-24.20:52:29.202 [http-nio-8080-exec-3] INFO  GroupBuyController     - 拼团试算完成 userId:null activityId:10001 payPrice:90.000
26-08-24.20:53:00.017 [scheduling-1    ] INFO  GroupBuyNotifyJob      - 成团通知兜底任务完成 result:{"retryCount":0,"successCount":0,"waitCount":0,"errorCount":0}
26-08-24.20:53:00.017 [scheduling-1    ] INFO  ProductionOrderJob     - 开始执行生产需求单任务
26-08-24.20:54:00.008 [scheduling-1    ] INFO  ProductionOrderJob     - 开始执行生产需求单任务
26-08-24.20:54:00.016 [scheduling-1    ] INFO  GroupBuyNotifyJob      - 成团通知兜底任务完成 result:{"retryCount":0,"successCount":0,"waitCount":0,"errorCount":0}
26-08-24.20:55:00.005 [scheduling-1    ] INFO  GroupBuyNotifyJob      - 成团通知兜底任务完成 result:{"retryCount":0,"successCount":0,"waitCount":0,"errorCount":0}
26-08-24.20:55:00.006 [scheduling-1    ] INFO  ProductionOrderJob     - 开始执行生产需求单任务
26-08-24.20:56:00.014 [scheduling-1    ] INFO  ProductionOrderJob     - 开始执行生产需求单任务
26-08-24.20:56:00.022 [scheduling-1    ] INFO  GroupBuyNotifyJob      - 成团通知兜底任务完成 result:{"retryCount":0,"successCount":0,"waitCount":0,"errorCount":0}
26-08-24.20:57:00.009 [scheduling-1    ] INFO  GroupBuyNotifyJob      - 成团通知兜底任务完成 result:{"retryCount":0,"successCount":0,"waitCount":0,"errorCount":0}
26-08-24.20:57:00.009 [scheduling-1    ] INFO  ProductionOrderJob     - 开始执行生产需求单任务
26-08-24.20:58:00.015 [scheduling-1    ] INFO  GroupBuyNotifyJob      - 成团通知兜底任务完成 result:{"retryCount":0,"successCount":0,"waitCount":0,"errorCount":0}
26-08-24.20:58:00.016 [scheduling-1    ] INFO  ProductionOrderJob     - 开始执行生产需求单任务
26-08-24.20:59:00.010 [scheduling-1    ] INFO  ProductionOrderJob     - 开始执行生产需求单任务
26-08-24.20:59:00.013 [scheduling-1    ] INFO  GroupBuyNotifyJob      - 成团通知兜底任务完成 result:{"retryCount":0,"successCount":0,"waitCount":0,"errorCount":0}
26-08-24.21:00:00.013 [scheduling-1    ] INFO  GroupBuyNotifyJob      - 成团通知兜底任务完成 result:{"retryCount":0,"successCount":0,"waitCount":0,"errorCount":0}
26-08-24.21:00:00.016 [scheduling-1    ] INFO  ProductionOrderJob     - 开始执行生产需求单任务
26-08-24.21:01:00.001 [scheduling-1    ] INFO  GroupBuyNotifyJob      - 成团通知兜底任务完成 result:{"retryCount":0,"successCount":0,"waitCount":0,"errorCount":0}
26-08-24.21:01:00.001 [scheduling-1    ] INFO  ProductionOrderJob     - 开始执行生产需求单任务
26-08-24.21:02:00.005 [scheduling-1    ] INFO  ProductionOrderJob     - 开始执行生产需求单任务
26-08-24.21:02:00.010 [scheduling-1    ] INFO  GroupBuyNotifyJob      - 成团通知兜底任务完成 result:{"retryCount":0,"successCount":0,"waitCount":0,"errorCount":0}
26-08-24.21:03:00.009 [scheduling-1    ] INFO  GroupBuyNotifyJob      - 成团通知兜底任务完成 result:{"retryCount":0,"successCount":0,"waitCount":0,"errorCount":0}
26-08-24.21:03:00.009 [scheduling-1    ] INFO  ProductionOrderJob     - 开始执行生产需求单任务
26-08-24.21:04:00.007 [scheduling-1    ] INFO  GroupBuyNotifyJob      - 成团通知兜底任务完成 result:{"retryCount":0,"successCount":0,"waitCount":0,"errorCount":0}
26-08-24.21:04:00.009 [scheduling-1    ] INFO  ProductionOrderJob     - 开始执行生产需求单任务
26-08-24.21:05:00.014 [scheduling-1    ] INFO  ProductionOrderJob     - 开始执行生产需求单任务
26-08-24.21:05:00.015 [scheduling-1    ] INFO  GroupBuyNotifyJob      - 成团通知兜底任务完成 result:{"retryCount":0,"successCount":0,"waitCount":0,"errorCount":0}
26-08-24.21:06:00.017 [scheduling-1    ] INFO  GroupBuyNotifyJob      - 成团通知兜底任务完成 result:{"retryCount":0,"successCount":0,"waitCount":0,"errorCount":0}
26-08-24.21:06:00.018 [scheduling-1    ] INFO  ProductionOrderJob     - 开始执行生产需求单任务
26-08-24.21:07:00.018 [scheduling-1    ] INFO  GroupBuyNotifyJob      - 成团通知兜底任务完成 result:{"retryCount":0,"successCount":0,"waitCount":0,"errorCount":0}
26-08-24.21:07:00.018 [scheduling-1    ] INFO  ProductionOrderJob     - 开始执行生产需求单任务
26-08-24.21:08:00.006 [scheduling-1    ] INFO  GroupBuyNotifyJob      - 成团通知兜底任务完成 result:{"retryCount":0,"successCount":0,"waitCount":0,"errorCount":0}
26-08-24.21:08:00.008 [scheduling-1    ] INFO  ProductionOrderJob     - 开始执行生产需求单任务
26-08-24.21:09:00.005 [scheduling-1    ] INFO  GroupBuyNotifyJob      - 成团通知兜底任务完成 result:{"retryCount":0,"successCount":0,"waitCount":0,"errorCount":0}
26-08-24.21:09:00.005 [scheduling-1    ] INFO  ProductionOrderJob     - 开始执行生产需求单任务
26-08-24.21:10:00.011 [scheduling-1    ] INFO  ProductionOrderJob     - 开始执行生产需求单任务
26-08-24.21:10:00.014 [scheduling-1    ] INFO  GroupBuyNotifyJob      - 成团通知兜底任务完成 result:{"retryCount":0,"successCount":0,"waitCount":0,"errorCount":0}
26-08-24.21:11:00.014 [scheduling-1    ] INFO  ProductionOrderJob     - 开始执行生产需求单任务
26-08-24.21:11:00.015 [scheduling-1    ] INFO  GroupBuyNotifyJob      - 成团通知兜底任务完成 result:{"retryCount":0,"successCount":0,"waitCount":0,"errorCount":0}
26-08-24.21:12:00.015 [scheduling-1    ] INFO  GroupBuyNotifyJob      - 成团通知兜底任务完成 result:{"retryCount":0,"successCount":0,"waitCount":0,"errorCount":0}
26-08-24.21:12:00.015 [scheduling-1    ] INFO  ProductionOrderJob     - 开始执行生产需求单任务
26-08-24.21:13:00.006 [scheduling-1    ] INFO  ProductionOrderJob     - 开始执行生产需求单任务
26-08-24.21:13:00.008 [scheduling-1    ] INFO  GroupBuyNotifyJob      - 成团通知兜底任务完成 result:{"retryCount":0,"successCount":0,"waitCount":0,"errorCount":0}
26-08-24.21:14:00.004 [scheduling-1    ] INFO  ProductionOrderJob     - 开始执行生产需求单任务
26-08-24.21:14:00.005 [scheduling-1    ] INFO  GroupBuyNotifyJob      - 成团通知兜底任务完成 result:{"retryCount":0,"successCount":0,"waitCount":0,"errorCount":0}
26-08-24.21:15:00.007 [scheduling-1    ] INFO  ProductionOrderJob     - 开始执行生产需求单任务
26-08-24.21:15:00.009 [scheduling-1    ] INFO  GroupBuyNotifyJob      - 成团通知兜底任务完成 result:{"retryCount":0,"successCount":0,"waitCount":0,"errorCount":0}
26-08-24.21:16:00.004 [scheduling-1    ] INFO  GroupBuyNotifyJob      - 成团通知兜底任务完成 result:{"retryCount":0,"successCount":0,"waitCount":0,"errorCount":0}
26-08-24.21:16:00.004 [scheduling-1    ] INFO  ProductionOrderJob     - 开始执行生产需求单任务
26-08-24.21:17:00.008 [scheduling-1    ] INFO  GroupBuyNotifyJob      - 成团通知兜底任务完成 result:{"retryCount":0,"successCount":0,"waitCount":0,"errorCount":0}
26-08-24.21:17:00.008 [scheduling-1    ] INFO  ProductionOrderJob     - 开始执行生产需求单任务
26-08-24.21:18:00.008 [scheduling-1    ] INFO  GroupBuyNotifyJob      - 成团通知兜底任务完成 result:{"retryCount":0,"successCount":0,"waitCount":0,"errorCount":0}
26-08-24.21:18:00.009 [scheduling-1    ] INFO  ProductionOrderJob     - 开始执行生产需求单任务
26-08-24.21:19:00.009 [scheduling-1    ] INFO  ProductionOrderJob     - 开始执行生产需求单任务
26-08-24.21:19:00.013 [scheduling-1    ] INFO  GroupBuyNotifyJob      - 成团通知兜底任务完成 result:{"retryCount":0,"successCount":0,"waitCount":0,"errorCount":0}
26-08-24.21:20:00.013 [scheduling-1    ] INFO  ProductionOrderJob     - 开始执行生产需求单任务
26-08-24.21:20:00.014 [scheduling-1    ] INFO  GroupBuyNotifyJob      - 成团通知兜底任务完成 result:{"retryCount":0,"successCount":0,"waitCount":0,"errorCount":0}
26-08-24.21:21:00.006 [scheduling-1    ] INFO  ProductionOrderJob     - 开始执行生产需求单任务
26-08-24.21:21:00.009 [scheduling-1    ] INFO  GroupBuyNotifyJob      - 成团通知兜底任务完成 result:{"retryCount":0,"successCount":0,"waitCount":0,"errorCount":0}
26-08-24.21:22:00.013 [scheduling-1    ] INFO  ProductionOrderJob     - 开始执行生产需求单任务
26-08-24.21:22:00.017 [scheduling-1    ] INFO  GroupBuyNotifyJob      - 成团通知兜底任务完成 result:{"retryCount":0,"successCount":0,"waitCount":0,"errorCount":0}
26-08-24.21:23:00.004 [scheduling-1    ] INFO  ProductionOrderJob     - 开始执行生产需求单任务
26-08-24.21:23:00.008 [scheduling-1    ] INFO  GroupBuyNotifyJob      - 成团通知兜底任务完成 result:{"retryCount":0,"successCount":0,"waitCount":0,"errorCount":0}
26-08-24.21:24:00.007 [scheduling-1    ] INFO  ProductionOrderJob     - 开始执行生产需求单任务
26-08-24.21:24:00.011 [scheduling-1    ] INFO  GroupBuyNotifyJob      - 成团通知兜底任务完成 result:{"retryCount":0,"successCount":0,"waitCount":0,"errorCount":0}
26-08-24.21:25:00.013 [scheduling-1    ] INFO  GroupBuyNotifyJob      - 成团通知兜底任务完成 result:{"retryCount":0,"successCount":0,"waitCount":0,"errorCount":0}
26-08-24.21:25:00.016 [scheduling-1    ] INFO  ProductionOrderJob     - 开始执行生产需求单任务
26-08-24.21:26:00.013 [scheduling-1    ] INFO  GroupBuyNotifyJob      - 成团通知兜底任务完成 result:{"retryCount":0,"successCount":0,"waitCount":0,"errorCount":0}
26-08-24.21:26:00.014 [scheduling-1    ] INFO  ProductionOrderJob     - 开始执行生产需求单任务
26-08-24.21:27:00.008 [scheduling-1    ] INFO  GroupBuyNotifyJob      - 成团通知兜底任务完成 result:{"retryCount":0,"successCount":0,"waitCount":0,"errorCount":0}
26-08-24.21:27:00.008 [scheduling-1    ] INFO  ProductionOrderJob     - 开始执行生产需求单任务
26-08-24.21:28:00.013 [scheduling-1    ] INFO  GroupBuyNotifyJob      - 成团通知兜底任务完成 result:{"retryCount":0,"successCount":0,"waitCount":0,"errorCount":0}
26-08-24.21:28:00.014 [scheduling-1    ] INFO  ProductionOrderJob     - 开始执行生产需求单任务
26-08-24.21:29:00.004 [scheduling-1    ] INFO  GroupBuyNotifyJob      - 成团通知兜底任务完成 result:{"retryCount":0,"successCount":0,"waitCount":0,"errorCount":0}
26-08-24.21:29:00.005 [scheduling-1    ] INFO  ProductionOrderJob     - 开始执行生产需求单任务
26-08-24.21:30:00.011 [scheduling-1    ] INFO  GroupBuyNotifyJob      - 成团通知兜底任务完成 result:{"retryCount":0,"successCount":0,"waitCount":0,"errorCount":0}
26-08-24.21:30:00.012 [scheduling-1    ] INFO  ProductionOrderJob     - 开始执行生产需求单任务
26-08-24.21:31:00.011 [scheduling-1    ] INFO  GroupBuyNotifyJob      - 成团通知兜底任务完成 result:{"retryCount":0,"successCount":0,"waitCount":0,"errorCount":0}
26-08-24.21:31:00.016 [scheduling-1    ] INFO  ProductionOrderJob     - 开始执行生产需求单任务
26-08-24.21:32:00.012 [scheduling-1    ] INFO  ProductionOrderJob     - 开始执行生产需求单任务
26-08-24.21:32:00.014 [scheduling-1    ] INFO  GroupBuyNotifyJob      - 成团通知兜底任务完成 result:{"retryCount":0,"successCount":0,"waitCount":0,"errorCount":0}
26-08-24.21:33:00.012 [scheduling-1    ] INFO  GroupBuyNotifyJob      - 成团通知兜底任务完成 result:{"retryCount":0,"successCount":0,"waitCount":0,"errorCount":0}
26-08-24.21:33:00.013 [scheduling-1    ] INFO  ProductionOrderJob     - 开始执行生产需求单任务
26-08-24.21:34:00.003 [scheduling-1    ] INFO  GroupBuyNotifyJob      - 成团通知兜底任务完成 result:{"retryCount":0,"successCount":0,"waitCount":0,"errorCount":0}
26-08-24.21:34:00.003 [scheduling-1    ] INFO  ProductionOrderJob     - 开始执行生产需求单任务
26-08-24.21:35:00.005 [scheduling-1    ] INFO  GroupBuyNotifyJob      - 成团通知兜底任务完成 result:{"retryCount":0,"successCount":0,"waitCount":0,"errorCount":0}
26-08-24.21:35:00.006 [scheduling-1    ] INFO  ProductionOrderJob     - 开始执行生产需求单任务
26-08-24.21:36:00.006 [scheduling-1    ] INFO  GroupBuyNotifyJob      - 成团通知兜底任务完成 result:{"retryCount":0,"successCount":0,"waitCount":0,"errorCount":0}
26-08-24.21:36:00.008 [scheduling-1    ] INFO  ProductionOrderJob     - 开始执行生产需求单任务
26-08-24.21:37:00.016 [scheduling-1    ] INFO  GroupBuyNotifyJob      - 成团通知兜底任务完成 result:{"retryCount":0,"successCount":0,"waitCount":0,"errorCount":0}
26-08-24.21:37:00.019 [scheduling-1    ] INFO  ProductionOrderJob     - 开始执行生产需求单任务
26-08-24.21:38:00.016 [scheduling-1    ] INFO  ProductionOrderJob     - 开始执行生产需求单任务
26-08-24.21:38:00.017 [scheduling-1    ] INFO  GroupBuyNotifyJob      - 成团通知兜底任务完成 result:{"retryCount":0,"successCount":0,"waitCount":0,"errorCount":0}
26-08-24.21:39:00.005 [scheduling-1    ] INFO  ProductionOrderJob     - 开始执行生产需求单任务
26-08-24.21:39:00.006 [scheduling-1    ] INFO  GroupBuyNotifyJob      - 成团通知兜底任务完成 result:{"retryCount":0,"successCount":0,"waitCount":0,"errorCount":0}
26-08-24.21:40:00.006 [scheduling-1    ] INFO  ProductionOrderJob     - 开始执行生产需求单任务
26-08-24.21:40:00.008 [scheduling-1    ] INFO  GroupBuyNotifyJob      - 成团通知兜底任务完成 result:{"retryCount":0,"successCount":0,"waitCount":0,"errorCount":0}
26-08-24.21:41:00.017 [scheduling-1    ] INFO  GroupBuyNotifyJob      - 成团通知兜底任务完成 result:{"retryCount":0,"successCount":0,"waitCount":0,"errorCount":0}
26-08-24.21:41:00.017 [scheduling-1    ] INFO  ProductionOrderJob     - 开始执行生产需求单任务
26-08-24.21:42:00.012 [scheduling-1    ] INFO  GroupBuyNotifyJob      - 成团通知兜底任务完成 result:{"retryCount":0,"successCount":0,"waitCount":0,"errorCount":0}
26-08-24.21:42:00.013 [scheduling-1    ] INFO  ProductionOrderJob     - 开始执行生产需求单任务
26-08-24.21:43:00.012 [scheduling-1    ] INFO  ProductionOrderJob     - 开始执行生产需求单任务
26-08-24.21:43:00.015 [scheduling-1    ] INFO  GroupBuyNotifyJob      - 成团通知兜底任务完成 result:{"retryCount":0,"successCount":0,"waitCount":0,"errorCount":0}
26-08-24.21:44:00.003 [scheduling-1    ] INFO  GroupBuyNotifyJob      - 成团通知兜底任务完成 result:{"retryCount":0,"successCount":0,"waitCount":0,"errorCount":0}
26-08-24.21:44:00.006 [scheduling-1    ] INFO  ProductionOrderJob     - 开始执行生产需求单任务
26-08-24.21:45:00.003 [scheduling-1    ] INFO  ProductionOrderJob     - 开始执行生产需求单任务
26-08-24.21:45:00.005 [scheduling-1    ] INFO  GroupBuyNotifyJob      - 成团通知兜底任务完成 result:{"retryCount":0,"successCount":0,"waitCount":0,"errorCount":0}
26-08-24.21:46:00.007 [scheduling-1    ] INFO  ProductionOrderJob     - 开始执行生产需求单任务
26-08-24.21:46:00.010 [scheduling-1    ] INFO  GroupBuyNotifyJob      - 成团通知兜底任务完成 result:{"retryCount":0,"successCount":0,"waitCount":0,"errorCount":0}
26-08-24.21:47:00.003 [scheduling-1    ] INFO  ProductionOrderJob     - 开始执行生产需求单任务
26-08-24.21:47:00.006 [scheduling-1    ] INFO  GroupBuyNotifyJob      - 成团通知兜底任务完成 result:{"retryCount":0,"successCount":0,"waitCount":0,"errorCount":0}
26-08-24.21:48:00.005 [scheduling-1    ] INFO  GroupBuyNotifyJob      - 成团通知兜底任务完成 result:{"retryCount":0,"successCount":0,"waitCount":0,"errorCount":0}
26-08-24.21:48:00.006 [scheduling-1    ] INFO  ProductionOrderJob     - 开始执行生产需求单任务
26-08-24.21:49:00.016 [scheduling-1    ] INFO  GroupBuyNotifyJob      - 成团通知兜底任务完成 result:{"retryCount":0,"successCount":0,"waitCount":0,"errorCount":0}
26-08-24.21:49:00.016 [scheduling-1    ] INFO  ProductionOrderJob     - 开始执行生产需求单任务
26-08-24.21:50:00.007 [scheduling-1    ] INFO  ProductionOrderJob     - 开始执行生产需求单任务
26-08-24.21:50:00.008 [scheduling-1    ] INFO  GroupBuyNotifyJob      - 成团通知兜底任务完成 result:{"retryCount":0,"successCount":0,"waitCount":0,"errorCount":0}
26-08-24.21:51:00.016 [scheduling-1    ] INFO  ProductionOrderJob     - 开始执行生产需求单任务
26-08-24.21:51:00.018 [scheduling-1    ] INFO  GroupBuyNotifyJob      - 成团通知兜底任务完成 result:{"retryCount":0,"successCount":0,"waitCount":0,"errorCount":0}
26-08-24.21:52:00.013 [scheduling-1    ] INFO  GroupBuyNotifyJob      - 成团通知兜底任务完成 result:{"retryCount":0,"successCount":0,"waitCount":0,"errorCount":0}
26-08-24.21:52:00.013 [scheduling-1    ] INFO  ProductionOrderJob     - 开始执行生产需求单任务
26-08-24.21:53:00.012 [scheduling-1    ] INFO  GroupBuyNotifyJob      - 成团通知兜底任务完成 result:{"retryCount":0,"successCount":0,"waitCount":0,"errorCount":0}
26-08-24.21:53:00.014 [scheduling-1    ] INFO  ProductionOrderJob     - 开始执行生产需求单任务
26-08-24.21:54:00.009 [scheduling-1    ] INFO  GroupBuyNotifyJob      - 成团通知兜底任务完成 result:{"retryCount":0,"successCount":0,"waitCount":0,"errorCount":0}
26-08-24.21:54:00.010 [scheduling-1    ] INFO  ProductionOrderJob     - 开始执行生产需求单任务
26-08-24.21:55:00.007 [scheduling-1    ] INFO  ProductionOrderJob     - 开始执行生产需求单任务
26-08-24.21:55:00.010 [scheduling-1    ] INFO  GroupBuyNotifyJob      - 成团通知兜底任务完成 result:{"retryCount":0,"successCount":0,"waitCount":0,"errorCount":0}
26-08-24.21:56:00.004 [scheduling-1    ] INFO  GroupBuyNotifyJob      - 成团通知兜底任务完成 result:{"retryCount":0,"successCount":0,"waitCount":0,"errorCount":0}
26-08-24.21:56:00.006 [scheduling-1    ] INFO  ProductionOrderJob     - 开始执行生产需求单任务
26-08-24.21:57:00.005 [scheduling-1    ] INFO  ProductionOrderJob     - 开始执行生产需求单任务
26-08-24.21:57:00.008 [scheduling-1    ] INFO  GroupBuyNotifyJob      - 成团通知兜底任务完成 result:{"retryCount":0,"successCount":0,"waitCount":0,"errorCount":0}
26-08-24.21:57:24.739 [org.springframework.amqp.rabbit.RabbitListenerEndpointContainer#0-2] INFO  SimpleMessageListenerContainer - Waiting for workers to finish.
26-08-24.21:57:24.783 [org.springframework.amqp.rabbit.RabbitListenerEndpointContainer#1-2] INFO  SimpleMessageListenerContainer - Waiting for workers to finish.
26-08-24.21:57:24.847 [org.springframework.amqp.rabbit.RabbitListenerEndpointContainer#2-2] INFO  SimpleMessageListenerContainer - Waiting for workers to finish.
26-08-24.21:57:24.948 [org.springframework.amqp.rabbit.RabbitListenerEndpointContainer#3-2] INFO  SimpleMessageListenerContainer - Waiting for workers to finish.
26-08-24.21:57:24.952 [org.springframework.amqp.rabbit.RabbitListenerEndpointContainer#2-2] INFO  SimpleMessageListenerContainer - Successfully waited for workers to finish.
26-08-24.21:57:25.058 [org.springframework.amqp.rabbit.RabbitListenerEndpointContainer#3-2] INFO  SimpleMessageListenerContainer - Successfully waited for workers to finish.
26-08-24.21:57:25.275 [org.springframework.amqp.rabbit.RabbitListenerEndpointContainer#0-2] INFO  SimpleMessageListenerContainer - Successfully waited for workers to finish.
26-08-24.21:57:25.382 [org.springframework.amqp.rabbit.RabbitListenerEndpointContainer#1-2] INFO  SimpleMessageListenerContainer - Successfully waited for workers to finish.
26-08-24.21:57:25.660 [SpringApplicationShutdownHook] INFO  SimpleMessageListenerContainer - Shutdown ignored - container is already stopped
26-08-24.21:57:25.660 [SpringApplicationShutdownHook] INFO  SimpleMessageListenerContainer - Shutdown ignored - container is already stopped
26-08-24.21:57:25.660 [SpringApplicationShutdownHook] INFO  SimpleMessageListenerContainer - Shutdown ignored - container is already stopped
26-08-24.21:57:25.660 [SpringApplicationShutdownHook] INFO  SimpleMessageListenerContainer - Shutdown ignored - container is already stopped
26-08-24.21:57:25.734 [SpringApplicationShutdownHook] INFO  HikariDataSource       - HikariPool-1 - Shutdown initiated...
26-08-24.21:57:25.739 [SpringApplicationShutdownHook] INFO  HikariDataSource       - HikariPool-1 - Shutdown completed.
26-08-24.21:57:27.817 [redisson-netty-1-3] ERROR rejectedExecution      - Failed to submit a listener notification task. Event loop shut down?
java.util.concurrent.RejectedExecutionException: event executor terminated
	at io.netty.util.concurrent.SingleThreadEventExecutor.reject(SingleThreadEventExecutor.java:934)
	at io.netty.util.concurrent.SingleThreadEventExecutor.offerTask(SingleThreadEventExecutor.java:351)
	at io.netty.util.concurrent.SingleThreadEventExecutor.addTask(SingleThreadEventExecutor.java:344)
	at io.netty.util.concurrent.SingleThreadEventExecutor.execute(SingleThreadEventExecutor.java:836)
	at io.netty.util.concurrent.SingleThreadEventExecutor.execute0(SingleThreadEventExecutor.java:827)
	at io.netty.util.concurrent.SingleThreadEventExecutor.execute(SingleThreadEventExecutor.java:817)
	at io.netty.util.concurrent.DefaultPromise.safeExecute(DefaultPromise.java:862)
	at io.netty.util.concurrent.DefaultPromise.notifyListeners(DefaultPromise.java:500)
	at io.netty.util.concurrent.DefaultPromise.setValue0(DefaultPromise.java:636)
	at io.netty.util.concurrent.DefaultPromise.setSuccess0(DefaultPromise.java:625)
	at io.netty.util.concurrent.DefaultPromise.setSuccess(DefaultPromise.java:97)
	at io.netty.channel.group.DefaultChannelGroupFuture.setSuccess0(DefaultChannelGroupFuture.java:200)
	at io.netty.channel.group.DefaultChannelGroupFuture.access$400(DefaultChannelGroupFuture.java:41)
	at io.netty.channel.group.DefaultChannelGroupFuture$1.operationComplete(DefaultChannelGroupFuture.java:75)
	at io.netty.channel.group.DefaultChannelGroupFuture$1.operationComplete(DefaultChannelGroupFuture.java:48)
	at io.netty.util.concurrent.DefaultPromise.notifyListener0(DefaultPromise.java:590)
	at io.netty.util.concurrent.DefaultPromise.notifyListeners0(DefaultPromise.java:583)
	at io.netty.util.concurrent.DefaultPromise.notifyListenersNow(DefaultPromise.java:559)
	at io.netty.util.concurrent.DefaultPromise.notifyListeners(DefaultPromise.java:492)
	at io.netty.util.concurrent.DefaultPromise.setValue0(DefaultPromise.java:636)
	at io.netty.util.concurrent.DefaultPromise.setSuccess0(DefaultPromise.java:625)
	at io.netty.util.concurrent.DefaultPromise.trySuccess(DefaultPromise.java:105)
	at io.netty.channel.DefaultChannelPromise.trySuccess(DefaultChannelPromise.java:84)
	at io.netty.channel.AbstractChannel$CloseFuture.setClosed(AbstractChannel.java:1164)
	at io.netty.channel.AbstractChannel$AbstractUnsafe.doClose0(AbstractChannel.java:755)
	at io.netty.channel.AbstractChannel$AbstractUnsafe.close(AbstractChannel.java:731)
	at io.netty.channel.AbstractChannel$AbstractUnsafe.close(AbstractChannel.java:620)
	at io.netty.channel.nio.NioEventLoop.closeAll(NioEventLoop.java:838)
	at io.netty.channel.nio.NioEventLoop.run(NioEventLoop.java:595)
	at io.netty.util.concurrent.SingleThreadEventExecutor$4.run(SingleThreadEventExecutor.java:997)
	at io.netty.util.internal.ThreadExecutorMap$2.run(ThreadExecutorMap.java:74)
	at io.netty.util.concurrent.FastThreadLocalRunnable.run(FastThreadLocalRunnable.java:30)
	at java.base/java.lang.Thread.run(Thread.java:829)
26-08-24.21:57:32.115 [background-preinit] INFO  Version                - HV000001: Hibernate Validator 6.2.5.Final
26-08-24.21:57:32.119 [main            ] INFO  Application            - Starting Application using Java 11.0.31 on ASUS with PID 36240 (D:\code\s-pay-mall-ddd-cc\s-pay-mall-ddd-app\target\classes started by 13267 in D:\code\s-pay-mall-ddd-cc)
26-08-24.21:57:32.120 [main            ] INFO  Application            - The following 1 profile is active: "test"
26-08-24.21:57:33.436 [main            ] INFO  RepositoryConfigurationDelegate - Multiple Spring Data modules found, entering strict repository configuration mode
26-08-24.21:57:33.439 [main            ] INFO  RepositoryConfigurationDelegate - Bootstrapping Spring Data Redis repositories in DEFAULT mode.
26-08-24.21:57:33.525 [main            ] INFO  RepositoryConfigurationDelegate - Finished Spring Data repository scanning in 69 ms. Found 0 Redis repository interfaces.
26-08-24.21:57:33.919 [main            ] INFO  PostProcessorRegistrationDelegate$BeanPostProcessorChecker - Bean 'spring.redis.redisson-org.redisson.spring.starter.RedissonProperties' of type [org.redisson.spring.starter.RedissonProperties] is not eligible for getting processed by all BeanPostProcessors (for example: not eligible for auto-proxying)
26-08-24.21:57:33.925 [main            ] INFO  PostProcessorRegistrationDelegate$BeanPostProcessorChecker - Bean 'spring.redis-org.springframework.boot.autoconfigure.data.redis.RedisProperties' of type [org.springframework.boot.autoconfigure.data.redis.RedisProperties] is not eligible for getting processed by all BeanPostProcessors (for example: not eligible for auto-proxying)
26-08-24.21:57:33.926 [main            ] INFO  PostProcessorRegistrationDelegate$BeanPostProcessorChecker - Bean 'org.redisson.spring.starter.RedissonAutoConfigurationV2' of type [org.redisson.spring.starter.RedissonAutoConfigurationV2] is not eligible for getting processed by all BeanPostProcessors (for example: not eligible for auto-proxying)
26-08-24.21:57:34.107 [main            ] INFO  Version                - Redisson 3.26.0
26-08-24.21:57:34.812 [redisson-netty-1-6] INFO  ConnectionsHolder      - 1 connections initialized for 192.144.234.86/192.144.234.86:6379
26-08-24.21:57:36.381 [redisson-netty-1-19] INFO  ConnectionsHolder      - 24 connections initialized for 192.144.234.86/192.144.234.86:6379
26-08-24.21:57:36.437 [main            ] INFO  PostProcessorRegistrationDelegate$BeanPostProcessorChecker - Bean 'redisson' of type [org.redisson.Redisson] is not eligible for getting processed by all BeanPostProcessors (for example: not eligible for auto-proxying)
26-08-24.21:57:36.638 [main            ] INFO  TomcatWebServer        - Tomcat initialized with port(s): 8080 (http)
26-08-24.21:57:36.647 [main            ] INFO  Http11NioProtocol      - Initializing ProtocolHandler ["http-nio-8080"]
26-08-24.21:57:36.647 [main            ] INFO  StandardService        - Starting service [Tomcat]
26-08-24.21:57:36.647 [main            ] INFO  StandardEngine         - Starting Servlet engine: [Apache Tomcat/9.0.75]
26-08-24.21:57:36.763 [main            ] INFO  [/]                    - Initializing Spring embedded WebApplicationContext
26-08-24.21:57:36.763 [main            ] INFO  ServletWebServerApplicationContext - Root WebApplicationContext: initialization completed in 4596 ms
26-08-24.21:57:38.715 [main            ] INFO  EndpointLinksResolver  - Exposing 1 endpoint(s) beneath base path '/actuator'
26-08-24.21:57:38.807 [main            ] INFO  Http11NioProtocol      - Starting ProtocolHandler ["http-nio-8080"]
26-08-24.21:57:38.819 [main            ] INFO  TomcatWebServer        - Tomcat started on port(s): 8080 (http) with context path ''
26-08-24.21:57:38.821 [main            ] INFO  CachingConnectionFactory - Attempting to connect to: [192.144.234.86:5672]
26-08-24.21:57:39.013 [main            ] INFO  CachingConnectionFactory - Created new connection: rabbitConnectionFactory#4b50c21:0/SimpleConnection@4542af89 [delegate=amqp://admin@192.144.234.86:5672/, localPort= 55286]
26-08-24.21:57:40.090 [main            ] INFO  Application            - Started Application in 8.439 seconds (JVM running for 9.339)
26-08-24.21:57:40.556 [RMI TCP Connection(2)-192.168.73.1] INFO  [/]                    - Initializing Spring DispatcherServlet 'dispatcherServlet'
26-08-24.21:57:40.556 [RMI TCP Connection(2)-192.168.73.1] INFO  DispatcherServlet      - Initializing Servlet 'dispatcherServlet'
26-08-24.21:57:40.557 [RMI TCP Connection(2)-192.168.73.1] INFO  DispatcherServlet      - Completed initialization in 0 ms
26-08-24.21:57:40.837 [RMI TCP Connection(4)-192.168.73.1] INFO  HikariDataSource       - HikariPool-1 - Starting...
26-08-24.21:57:41.101 [RMI TCP Connection(4)-192.168.73.1] INFO  HikariDataSource       - HikariPool-1 - Start completed.
26-08-24.21:57:43.918 [http-nio-8080-exec-2] INFO  ProductController      - 分页查询商品列表开始 request:ProductPageRequest(pageNo=1, pageSize=20, name=null, sku=null, categoryId=null, status=null)
26-08-24.21:57:43.957 [http-nio-8080-exec-2] INFO  ProductController      - 分页查询商品列表完成 total:1
26-08-24.21:57:43.987 [http-nio-8080-exec-1] INFO  ProductController      - 分页查询商品列表开始 request:ProductPageRequest(pageNo=1, pageSize=20, name=null, sku=null, categoryId=null, status=null)
26-08-24.21:57:43.990 [http-nio-8080-exec-1] INFO  ProductController      - 分页查询商品列表完成 total:1
26-08-24.21:58:00.091 [scheduling-1    ] INFO  GroupBuyNotifyJob      - 成团通知兜底任务完成 result:{"retryCount":0,"successCount":0,"waitCount":0,"errorCount":0}
26-08-24.21:58:00.091 [scheduling-1    ] INFO  ProductionOrderJob     - 开始执行生产需求单任务
26-08-24.21:58:02.353 [http-nio-8080-exec-3] INFO  ProductController      - 查询商品详情开始 id:1
26-08-24.21:58:02.431 [http-nio-8080-exec-3] INFO  ProductController      - 查询商品详情完成 id:1
26-08-24.21:58:02.435 [http-nio-8080-exec-4] INFO  ProductController      - 查询商品详情开始 id:1
26-08-24.21:58:02.475 [http-nio-8080-exec-4] INFO  ProductController      - 查询商品详情完成 id:1
26-08-24.21:59:00.001 [scheduling-1    ] INFO  ProductionOrderJob     - 开始执行生产需求单任务
26-08-24.21:59:00.005 [scheduling-1    ] INFO  GroupBuyNotifyJob      - 成团通知兜底任务完成 result:{"retryCount":0,"successCount":0,"waitCount":0,"errorCount":0}
26-08-24.22:00:00.000 [scheduling-1    ] INFO  ProductionOrderJob     - 开始执行生产需求单任务
26-08-24.22:00:00.007 [scheduling-1    ] INFO  GroupBuyNotifyJob      - 成团通知兜底任务完成 result:{"retryCount":0,"successCount":0,"waitCount":0,"errorCount":0}
26-08-24.22:01:00.013 [scheduling-1    ] INFO  ProductionOrderJob     - 开始执行生产需求单任务
26-08-24.22:01:00.018 [scheduling-1    ] INFO  GroupBuyNotifyJob      - 成团通知兜底任务完成 result:{"retryCount":0,"successCount":0,"waitCount":0,"errorCount":0}
26-08-24.22:02:00.005 [scheduling-1    ] INFO  ProductionOrderJob     - 开始执行生产需求单任务
26-08-24.22:02:00.010 [scheduling-1    ] INFO  GroupBuyNotifyJob      - 成团通知兜底任务完成 result:{"retryCount":0,"successCount":0,"waitCount":0,"errorCount":0}
26-08-24.22:03:00.007 [scheduling-1    ] INFO  ProductionOrderJob     - 开始执行生产需求单任务
26-08-24.22:03:00.011 [scheduling-1    ] INFO  GroupBuyNotifyJob      - 成团通知兜底任务完成 result:{"retryCount":0,"successCount":0,"waitCount":0,"errorCount":0}
26-08-24.22:03:04.589 [http-nio-8080-exec-7] INFO  ProductController      - 分页查询商品列表开始 request:ProductPageRequest(pageNo=1, pageSize=20, name=null, sku=null, categoryId=null, status=null)
26-08-24.22:03:04.594 [http-nio-8080-exec-7] INFO  ProductController      - 分页查询商品列表完成 total:1
26-08-24.22:03:04.599 [http-nio-8080-exec-8] INFO  ProductController      - 分页查询商品列表开始 request:ProductPageRequest(pageNo=1, pageSize=20, name=null, sku=null, categoryId=null, status=null)
26-08-24.22:03:04.603 [http-nio-8080-exec-8] INFO  ProductController      - 分页查询商品列表完成 total:1
26-08-24.22:04:00.008 [scheduling-1    ] INFO  ProductionOrderJob     - 开始执行生产需求单任务
26-08-24.22:04:00.010 [scheduling-1    ] INFO  GroupBuyNotifyJob      - 成团通知兜底任务完成 result:{"retryCount":0,"successCount":0,"waitCount":0,"errorCount":0}
26-08-24.22:05:00.016 [scheduling-1    ] INFO  GroupBuyNotifyJob      - 成团通知兜底任务完成 result:{"retryCount":0,"successCount":0,"waitCount":0,"errorCount":0}
26-08-24.22:05:00.017 [scheduling-1    ] INFO  ProductionOrderJob     - 开始执行生产需求单任务
26-08-24.22:06:00.007 [scheduling-1    ] INFO  GroupBuyNotifyJob      - 成团通知兜底任务完成 result:{"retryCount":0,"successCount":0,"waitCount":0,"errorCount":0}
26-08-24.22:06:00.009 [scheduling-1    ] INFO  ProductionOrderJob     - 开始执行生产需求单任务
26-08-24.22:07:00.007 [scheduling-1    ] INFO  GroupBuyNotifyJob      - 成团通知兜底任务完成 result:{"retryCount":0,"successCount":0,"waitCount":0,"errorCount":0}
26-08-24.22:07:00.009 [scheduling-1    ] INFO  ProductionOrderJob     - 开始执行生产需求单任务
26-08-24.22:08:00.003 [scheduling-1    ] INFO  ProductionOrderJob     - 开始执行生产需求单任务
26-08-24.22:08:00.006 [scheduling-1    ] INFO  GroupBuyNotifyJob      - 成团通知兜底任务完成 result:{"retryCount":0,"successCount":0,"waitCount":0,"errorCount":0}
26-08-24.22:08:29.981 [http-nio-8080-exec-10] INFO  ProductController      - 分页查询商品列表开始 request:ProductPageRequest(pageNo=1, pageSize=20, name=null, sku=null, categoryId=null, status=null)
26-08-24.22:08:29.986 [http-nio-8080-exec-10] INFO  ProductController      - 分页查询商品列表完成 total:1
26-08-24.22:08:29.991 [http-nio-8080-exec-2] INFO  ProductController      - 分页查询商品列表开始 request:ProductPageRequest(pageNo=1, pageSize=20, name=null, sku=null, categoryId=null, status=null)
26-08-24.22:08:29.995 [http-nio-8080-exec-2] INFO  ProductController      - 分页查询商品列表完成 total:1
26-08-24.22:09:00.008 [scheduling-1    ] INFO  ProductionOrderJob     - 开始执行生产需求单任务
26-08-24.22:09:00.011 [scheduling-1    ] INFO  GroupBuyNotifyJob      - 成团通知兜底任务完成 result:{"retryCount":0,"successCount":0,"waitCount":0,"errorCount":0}
26-08-24.22:10:00.002 [scheduling-1    ] INFO  GroupBuyNotifyJob      - 成团通知兜底任务完成 result:{"retryCount":0,"successCount":0,"waitCount":0,"errorCount":0}
26-08-24.22:10:00.008 [scheduling-1    ] INFO  ProductionOrderJob     - 开始执行生产需求单任务
26-08-24.22:11:00.003 [scheduling-1    ] INFO  GroupBuyNotifyJob      - 成团通知兜底任务完成 result:{"retryCount":0,"successCount":0,"waitCount":0,"errorCount":0}
26-08-24.22:11:00.005 [scheduling-1    ] INFO  ProductionOrderJob     - 开始执行生产需求单任务
26-08-24.22:12:00.013 [scheduling-1    ] INFO  ProductionOrderJob     - 开始执行生产需求单任务
26-08-24.22:12:00.015 [scheduling-1    ] INFO  GroupBuyNotifyJob      - 成团通知兜底任务完成 result:{"retryCount":0,"successCount":0,"waitCount":0,"errorCount":0}
26-08-24.22:12:53.713 [http-nio-8080-exec-3] INFO  ProductController      - 分页查询商品列表开始 request:ProductPageRequest(pageNo=1, pageSize=20, name=null, sku=null, categoryId=null, status=null)
26-08-24.22:12:53.718 [http-nio-8080-exec-3] INFO  ProductController      - 分页查询商品列表完成 total:1
26-08-24.22:12:53.726 [http-nio-8080-exec-4] INFO  ProductController      - 分页查询商品列表开始 request:ProductPageRequest(pageNo=1, pageSize=20, name=null, sku=null, categoryId=null, status=null)
26-08-24.22:12:53.730 [http-nio-8080-exec-4] INFO  ProductController      - 分页查询商品列表完成 total:1
26-08-24.22:12:54.322 [http-nio-8080-exec-5] INFO  ProductController      - 查询商品详情开始 id:1
26-08-24.22:12:54.357 [http-nio-8080-exec-5] INFO  ProductController      - 查询商品详情完成 id:1
26-08-24.22:12:54.361 [http-nio-8080-exec-6] INFO  ProductController      - 查询商品详情开始 id:1
26-08-24.22:12:54.390 [http-nio-8080-exec-6] INFO  ProductController      - 查询商品详情完成 id:1
26-08-24.22:12:58.383 [http-nio-8080-exec-7] INFO  ProductController      - 分页查询商品列表开始 request:ProductPageRequest(pageNo=1, pageSize=20, name=null, sku=null, categoryId=null, status=null)
26-08-24.22:12:58.386 [http-nio-8080-exec-7] INFO  ProductController      - 分页查询商品列表完成 total:1
26-08-24.22:12:58.390 [http-nio-8080-exec-8] INFO  ProductController      - 分页查询商品列表开始 request:ProductPageRequest(pageNo=1, pageSize=20, name=null, sku=null, categoryId=null, status=null)
26-08-24.22:12:58.393 [http-nio-8080-exec-8] INFO  ProductController      - 分页查询商品列表完成 total:1
26-08-24.22:13:00.020 [scheduling-1    ] INFO  ProductionOrderJob     - 开始执行生产需求单任务
26-08-24.22:13:00.022 [scheduling-1    ] INFO  GroupBuyNotifyJob      - 成团通知兜底任务完成 result:{"retryCount":0,"successCount":0,"waitCount":0,"errorCount":0}
26-08-24.22:14:00.004 [scheduling-1    ] INFO  GroupBuyNotifyJob      - 成团通知兜底任务完成 result:{"retryCount":0,"successCount":0,"waitCount":0,"errorCount":0}
26-08-24.22:14:00.004 [scheduling-1    ] INFO  ProductionOrderJob     - 开始执行生产需求单任务
26-08-24.22:14:47.908 [http-nio-8080-exec-2] INFO  ProductController      - 查询商品详情开始 id:1
26-08-24.22:14:47.935 [http-nio-8080-exec-2] INFO  ProductController      - 查询商品详情完成 id:1
26-08-24.22:14:47.940 [http-nio-8080-exec-1] INFO  ProductController      - 查询商品详情开始 id:1
26-08-24.22:14:47.971 [http-nio-8080-exec-1] INFO  ProductController      - 查询商品详情完成 id:1
26-08-24.22:14:49.556 [http-nio-8080-exec-3] INFO  ProductController      - 分页查询商品列表开始 request:ProductPageRequest(pageNo=1, pageSize=20, name=null, sku=null, categoryId=null, status=null)
26-08-24.22:14:49.560 [http-nio-8080-exec-3] INFO  ProductController      - 分页查询商品列表完成 total:1
26-08-24.22:14:49.564 [http-nio-8080-exec-4] INFO  ProductController      - 分页查询商品列表开始 request:ProductPageRequest(pageNo=1, pageSize=20, name=null, sku=null, categoryId=null, status=null)
26-08-24.22:14:49.566 [http-nio-8080-exec-4] INFO  ProductController      - 分页查询商品列表完成 total:1
26-08-24.22:15:00.006 [scheduling-1    ] INFO  GroupBuyNotifyJob      - 成团通知兜底任务完成 result:{"retryCount":0,"successCount":0,"waitCount":0,"errorCount":0}
26-08-24.22:15:00.007 [scheduling-1    ] INFO  ProductionOrderJob     - 开始执行生产需求单任务
26-08-24.22:16:00.005 [scheduling-1    ] INFO  GroupBuyNotifyJob      - 成团通知兜底任务完成 result:{"retryCount":0,"successCount":0,"waitCount":0,"errorCount":0}
26-08-24.22:16:00.007 [scheduling-1    ] INFO  ProductionOrderJob     - 开始执行生产需求单任务
26-08-24.22:16:27.339 [http-nio-8080-exec-6] INFO  ProductController      - 分页查询商品列表开始 request:ProductPageRequest(pageNo=1, pageSize=20, name=null, sku=null, categoryId=null, status=null)
26-08-24.22:16:27.344 [http-nio-8080-exec-6] INFO  ProductController      - 分页查询商品列表完成 total:1
26-08-24.22:16:27.350 [http-nio-8080-exec-7] INFO  ProductController      - 分页查询商品列表开始 request:ProductPageRequest(pageNo=1, pageSize=20, name=null, sku=null, categoryId=null, status=null)
26-08-24.22:16:27.353 [http-nio-8080-exec-7] INFO  ProductController      - 分页查询商品列表完成 total:1
26-08-24.22:16:47.547 [org.springframework.amqp.rabbit.RabbitListenerEndpointContainer#0-2] INFO  SimpleMessageListenerContainer - Waiting for workers to finish.
26-08-24.22:16:47.576 [org.springframework.amqp.rabbit.RabbitListenerEndpointContainer#1-2] INFO  SimpleMessageListenerContainer - Waiting for workers to finish.
26-08-24.22:16:47.610 [org.springframework.amqp.rabbit.RabbitListenerEndpointContainer#2-2] INFO  SimpleMessageListenerContainer - Waiting for workers to finish.
26-08-24.22:16:47.639 [org.springframework.amqp.rabbit.RabbitListenerEndpointContainer#3-2] INFO  SimpleMessageListenerContainer - Waiting for workers to finish.
26-08-24.22:16:47.747 [org.springframework.amqp.rabbit.RabbitListenerEndpointContainer#2-2] INFO  SimpleMessageListenerContainer - Successfully waited for workers to finish.
26-08-24.22:16:47.750 [org.springframework.amqp.rabbit.RabbitListenerEndpointContainer#3-2] INFO  SimpleMessageListenerContainer - Successfully waited for workers to finish.
26-08-24.22:16:48.464 [org.springframework.amqp.rabbit.RabbitListenerEndpointContainer#1-2] INFO  SimpleMessageListenerContainer - Successfully waited for workers to finish.
26-08-24.22:16:48.465 [org.springframework.amqp.rabbit.RabbitListenerEndpointContainer#0-2] INFO  SimpleMessageListenerContainer - Successfully waited for workers to finish.
26-08-24.22:16:48.739 [SpringApplicationShutdownHook] INFO  SimpleMessageListenerContainer - Shutdown ignored - container is already stopped
26-08-24.22:16:48.739 [SpringApplicationShutdownHook] INFO  SimpleMessageListenerContainer - Shutdown ignored - container is already stopped
26-08-24.22:16:48.739 [SpringApplicationShutdownHook] INFO  SimpleMessageListenerContainer - Shutdown ignored - container is already stopped
26-08-24.22:16:48.740 [SpringApplicationShutdownHook] INFO  SimpleMessageListenerContainer - Shutdown ignored - container is already stopped
26-08-24.22:16:48.902 [SpringApplicationShutdownHook] INFO  HikariDataSource       - HikariPool-1 - Shutdown initiated...
26-08-24.22:16:48.925 [SpringApplicationShutdownHook] INFO  HikariDataSource       - HikariPool-1 - Shutdown completed.
26-08-24.22:16:50.966 [redisson-netty-1-3] ERROR rejectedExecution      - Failed to submit a listener notification task. Event loop shut down?
java.util.concurrent.RejectedExecutionException: event executor terminated
	at io.netty.util.concurrent.SingleThreadEventExecutor.reject(SingleThreadEventExecutor.java:934)
	at io.netty.util.concurrent.SingleThreadEventExecutor.offerTask(SingleThreadEventExecutor.java:351)
	at io.netty.util.concurrent.SingleThreadEventExecutor.addTask(SingleThreadEventExecutor.java:344)
	at io.netty.util.concurrent.SingleThreadEventExecutor.execute(SingleThreadEventExecutor.java:836)
	at io.netty.util.concurrent.SingleThreadEventExecutor.execute0(SingleThreadEventExecutor.java:827)
	at io.netty.util.concurrent.SingleThreadEventExecutor.execute(SingleThreadEventExecutor.java:817)
	at io.netty.util.concurrent.DefaultPromise.safeExecute(DefaultPromise.java:862)
	at io.netty.util.concurrent.DefaultPromise.notifyListeners(DefaultPromise.java:500)
	at io.netty.util.concurrent.DefaultPromise.setValue0(DefaultPromise.java:636)
	at io.netty.util.concurrent.DefaultPromise.setSuccess0(DefaultPromise.java:625)
	at io.netty.util.concurrent.DefaultPromise.setSuccess(DefaultPromise.java:97)
	at io.netty.channel.group.DefaultChannelGroupFuture.setSuccess0(DefaultChannelGroupFuture.java:200)
	at io.netty.channel.group.DefaultChannelGroupFuture.access$400(DefaultChannelGroupFuture.java:41)
	at io.netty.channel.group.DefaultChannelGroupFuture$1.operationComplete(DefaultChannelGroupFuture.java:75)
	at io.netty.channel.group.DefaultChannelGroupFuture$1.operationComplete(DefaultChannelGroupFuture.java:48)
	at io.netty.util.concurrent.DefaultPromise.notifyListener0(DefaultPromise.java:590)
	at io.netty.util.concurrent.DefaultPromise.notifyListeners0(DefaultPromise.java:583)
	at io.netty.util.concurrent.DefaultPromise.notifyListenersNow(DefaultPromise.java:559)
	at io.netty.util.concurrent.DefaultPromise.notifyListeners(DefaultPromise.java:492)
	at io.netty.util.concurrent.DefaultPromise.setValue0(DefaultPromise.java:636)
	at io.netty.util.concurrent.DefaultPromise.setSuccess0(DefaultPromise.java:625)
	at io.netty.util.concurrent.DefaultPromise.trySuccess(DefaultPromise.java:105)
	at io.netty.channel.DefaultChannelPromise.trySuccess(DefaultChannelPromise.java:84)
	at io.netty.channel.AbstractChannel$CloseFuture.setClosed(AbstractChannel.java:1164)
	at io.netty.channel.AbstractChannel$AbstractUnsafe.doClose0(AbstractChannel.java:755)
	at io.netty.channel.AbstractChannel$AbstractUnsafe.close(AbstractChannel.java:731)
	at io.netty.channel.AbstractChannel$AbstractUnsafe.close(AbstractChannel.java:620)
	at io.netty.channel.nio.NioEventLoop.closeAll(NioEventLoop.java:838)
	at io.netty.channel.nio.NioEventLoop.run(NioEventLoop.java:595)
	at io.netty.util.concurrent.SingleThreadEventExecutor$4.run(SingleThreadEventExecutor.java:997)
	at io.netty.util.internal.ThreadExecutorMap$2.run(ThreadExecutorMap.java:74)
	at io.netty.util.concurrent.FastThreadLocalRunnable.run(FastThreadLocalRunnable.java:30)
	at java.base/java.lang.Thread.run(Thread.java:829)
26-08-24.22:16:56.957 [background-preinit] INFO  Version                - HV000001: Hibernate Validator 6.2.5.Final
26-08-24.22:16:56.968 [main            ] INFO  Application            - Starting Application using Java 11.0.31 on ASUS with PID 37372 (D:\code\s-pay-mall-ddd-cc\s-pay-mall-ddd-app\target\classes started by 13267 in D:\code\s-pay-mall-ddd-cc)
26-08-24.22:16:56.969 [main            ] INFO  Application            - The following 1 profile is active: "test"
26-08-24.22:16:58.330 [main            ] INFO  RepositoryConfigurationDelegate - Multiple Spring Data modules found, entering strict repository configuration mode
26-08-24.22:16:58.332 [main            ] INFO  RepositoryConfigurationDelegate - Bootstrapping Spring Data Redis repositories in DEFAULT mode.
26-08-24.22:16:58.408 [main            ] INFO  RepositoryConfigurationDelegate - Finished Spring Data repository scanning in 59 ms. Found 0 Redis repository interfaces.
26-08-24.22:16:58.739 [main            ] INFO  PostProcessorRegistrationDelegate$BeanPostProcessorChecker - Bean 'spring.redis.redisson-org.redisson.spring.starter.RedissonProperties' of type [org.redisson.spring.starter.RedissonProperties] is not eligible for getting processed by all BeanPostProcessors (for example: not eligible for auto-proxying)
26-08-24.22:16:58.745 [main            ] INFO  PostProcessorRegistrationDelegate$BeanPostProcessorChecker - Bean 'spring.redis-org.springframework.boot.autoconfigure.data.redis.RedisProperties' of type [org.springframework.boot.autoconfigure.data.redis.RedisProperties] is not eligible for getting processed by all BeanPostProcessors (for example: not eligible for auto-proxying)
26-08-24.22:16:58.746 [main            ] INFO  PostProcessorRegistrationDelegate$BeanPostProcessorChecker - Bean 'org.redisson.spring.starter.RedissonAutoConfigurationV2' of type [org.redisson.spring.starter.RedissonAutoConfigurationV2] is not eligible for getting processed by all BeanPostProcessors (for example: not eligible for auto-proxying)
26-08-24.22:16:58.916 [main            ] INFO  Version                - Redisson 3.26.0
26-08-24.22:16:59.778 [redisson-netty-1-6] INFO  ConnectionsHolder      - 1 connections initialized for 192.144.234.86/192.144.234.86:6379
26-08-24.22:17:01.514 [redisson-netty-1-19] INFO  ConnectionsHolder      - 24 connections initialized for 192.144.234.86/192.144.234.86:6379
26-08-24.22:17:01.565 [main            ] INFO  PostProcessorRegistrationDelegate$BeanPostProcessorChecker - Bean 'redisson' of type [org.redisson.Redisson] is not eligible for getting processed by all BeanPostProcessors (for example: not eligible for auto-proxying)
26-08-24.22:17:01.750 [main            ] INFO  TomcatWebServer        - Tomcat initialized with port(s): 8080 (http)
26-08-24.22:17:01.758 [main            ] INFO  Http11NioProtocol      - Initializing ProtocolHandler ["http-nio-8080"]
26-08-24.22:17:01.758 [main            ] INFO  StandardService        - Starting service [Tomcat]
26-08-24.22:17:01.759 [main            ] INFO  StandardEngine         - Starting Servlet engine: [Apache Tomcat/9.0.75]
26-08-24.22:17:01.867 [main            ] INFO  [/]                    - Initializing Spring embedded WebApplicationContext
26-08-24.22:17:01.867 [main            ] INFO  ServletWebServerApplicationContext - Root WebApplicationContext: initialization completed in 4843 ms
26-08-24.22:17:03.833 [main            ] INFO  EndpointLinksResolver  - Exposing 1 endpoint(s) beneath base path '/actuator'
26-08-24.22:17:03.905 [main            ] INFO  Http11NioProtocol      - Starting ProtocolHandler ["http-nio-8080"]
26-08-24.22:17:03.916 [main            ] INFO  TomcatWebServer        - Tomcat started on port(s): 8080 (http) with context path ''
26-08-24.22:17:03.918 [main            ] INFO  CachingConnectionFactory - Attempting to connect to: [192.144.234.86:5672]
26-08-24.22:17:04.237 [main            ] INFO  CachingConnectionFactory - Created new connection: rabbitConnectionFactory#2e0fdc83:0/SimpleConnection@6aa18912 [delegate=amqp://admin@192.144.234.86:5672/, localPort= 53061]
26-08-24.22:17:05.530 [main            ] INFO  Application            - Started Application in 9.207 seconds (JVM running for 10.265)
26-08-24.22:17:05.918 [RMI TCP Connection(2)-192.168.73.1] INFO  [/]                    - Initializing Spring DispatcherServlet 'dispatcherServlet'
26-08-24.22:17:05.919 [RMI TCP Connection(2)-192.168.73.1] INFO  DispatcherServlet      - Initializing Servlet 'dispatcherServlet'
26-08-24.22:17:05.920 [RMI TCP Connection(2)-192.168.73.1] INFO  DispatcherServlet      - Completed initialization in 1 ms
26-08-24.22:17:05.942 [RMI TCP Connection(3)-192.168.73.1] INFO  HikariDataSource       - HikariPool-1 - Starting...
26-08-24.22:17:06.198 [RMI TCP Connection(3)-192.168.73.1] INFO  HikariDataSource       - HikariPool-1 - Start completed.
26-08-24.22:17:10.138 [http-nio-8080-exec-1] INFO  ProductController      - 分页查询商品列表开始 request:ProductPageRequest(pageNo=1, pageSize=20, name=null, sku=null, categoryId=null, status=null)
26-08-24.22:17:10.172 [http-nio-8080-exec-1] INFO  ProductController      - 分页查询商品列表完成 total:1
26-08-24.22:17:10.197 [http-nio-8080-exec-2] INFO  ProductController      - 分页查询商品列表开始 request:ProductPageRequest(pageNo=1, pageSize=20, name=null, sku=null, categoryId=null, status=null)
26-08-24.22:17:10.201 [http-nio-8080-exec-2] INFO  ProductController      - 分页查询商品列表完成 total:1
26-08-24.22:17:10.221 [http-nio-8080-exec-5] INFO  GroupBuyController     - 拼团试算开始 request:GroupBuyTrialRequest(userId=null, activityId=10001, productId=1)
26-08-24.22:17:10.221 [http-nio-8080-exec-4] INFO  GroupBuyController     - 拼团试算开始 request:GroupBuyTrialRequest(userId=null, activityId=10001, productId=1)
26-08-24.22:17:10.335 [http-nio-8080-exec-5] INFO  SwitchNode             - 拼团商品查询试算服务-SwitchNode userId:null requestParameter:{"activityId":10001,"productId":1}
26-08-24.22:17:10.335 [http-nio-8080-exec-4] INFO  SwitchNode             - 拼团商品查询试算服务-SwitchNode userId:null requestParameter:{"activityId":10001,"productId":1}
26-08-24.22:17:10.372 [http-nio-8080-exec-5] INFO  MarketNode             - 拼团商品查询 活动配置、商品 试算服务-MarketNode userId:null 异步线程加载数据「GroupBuyActivityEntity、ProductAggregate」完成
26-08-24.22:17:10.372 [http-nio-8080-exec-4] INFO  MarketNode             - 拼团商品查询 活动配置、商品 试算服务-MarketNode userId:null 异步线程加载数据「GroupBuyActivityEntity、ProductAggregate」完成
26-08-24.22:17:10.410 [http-nio-8080-exec-5] INFO  ZKCalculateService     - 优惠策略折扣计算:0
26-08-24.22:17:10.410 [http-nio-8080-exec-4] INFO  ZKCalculateService     - 优惠策略折扣计算:0
26-08-24.22:17:10.410 [http-nio-8080-exec-4] INFO  EndNode                - 拼团商品查询试算服务-EndNode userId:null requestParameter:{"activityId":10001,"productId":1}
26-08-24.22:17:10.410 [http-nio-8080-exec-5] INFO  EndNode                - 拼团商品查询试算服务-EndNode userId:null requestParameter:{"activityId":10001,"productId":1}
26-08-24.22:17:10.412 [http-nio-8080-exec-4] INFO  GroupBuyController     - 拼团试算完成 userId:null activityId:10001 payPrice:90.000
26-08-24.22:17:10.412 [http-nio-8080-exec-5] INFO  GroupBuyController     - 拼团试算完成 userId:null activityId:10001 payPrice:90.000
26-08-24.22:17:11.054 [http-nio-8080-exec-6] INFO  ProductController      - 查询商品详情开始 id:1
26-08-24.22:17:11.083 [http-nio-8080-exec-6] INFO  ProductController      - 查询商品详情完成 id:1
26-08-24.22:17:11.086 [http-nio-8080-exec-7] INFO  ProductController      - 查询商品详情开始 id:1
26-08-24.22:17:11.115 [http-nio-8080-exec-7] INFO  ProductController      - 查询商品详情完成 id:1
26-08-24.22:17:16.374 [http-nio-8080-exec-8] INFO  ProductController      - 分页查询商品列表开始 request:ProductPageRequest(pageNo=1, pageSize=20, name=null, sku=null, categoryId=null, status=null)
26-08-24.22:17:16.381 [http-nio-8080-exec-8] INFO  ProductController      - 分页查询商品列表完成 total:1
26-08-24.22:17:16.385 [http-nio-8080-exec-10] INFO  ProductController      - 分页查询商品列表开始 request:ProductPageRequest(pageNo=1, pageSize=20, name=null, sku=null, categoryId=null, status=null)
26-08-24.22:17:16.385 [http-nio-8080-exec-9] INFO  GroupBuyController     - 拼团试算开始 request:GroupBuyTrialRequest(userId=null, activityId=10001, productId=1)
26-08-24.22:17:16.386 [http-nio-8080-exec-9] INFO  SwitchNode             - 拼团商品查询试算服务-SwitchNode userId:null requestParameter:{"activityId":10001,"productId":1}
26-08-24.22:17:16.394 [http-nio-8080-exec-10] INFO  ProductController      - 分页查询商品列表完成 total:1
26-08-24.22:17:16.399 [http-nio-8080-exec-1] INFO  GroupBuyController     - 拼团试算开始 request:GroupBuyTrialRequest(userId=null, activityId=10001, productId=1)
26-08-24.22:17:16.399 [http-nio-8080-exec-1] INFO  SwitchNode             - 拼团商品查询试算服务-SwitchNode userId:null requestParameter:{"activityId":10001,"productId":1}
26-08-24.22:17:16.418 [http-nio-8080-exec-9] INFO  MarketNode             - 拼团商品查询 活动配置、商品 试算服务-MarketNode userId:null 异步线程加载数据「GroupBuyActivityEntity、ProductAggregate」完成
26-08-24.22:17:16.427 [http-nio-8080-exec-1] INFO  MarketNode             - 拼团商品查询 活动配置、商品 试算服务-MarketNode userId:null 异步线程加载数据「GroupBuyActivityEntity、ProductAggregate」完成
26-08-24.22:17:16.450 [http-nio-8080-exec-9] INFO  ZKCalculateService     - 优惠策略折扣计算:0
26-08-24.22:17:16.451 [http-nio-8080-exec-9] INFO  EndNode                - 拼团商品查询试算服务-EndNode userId:null requestParameter:{"activityId":10001,"productId":1}
26-08-24.22:17:16.451 [http-nio-8080-exec-9] INFO  GroupBuyController     - 拼团试算完成 userId:null activityId:10001 payPrice:90.000
26-08-24.22:17:16.463 [http-nio-8080-exec-1] INFO  ZKCalculateService     - 优惠策略折扣计算:0
26-08-24.22:17:16.464 [http-nio-8080-exec-1] INFO  EndNode                - 拼团商品查询试算服务-EndNode userId:null requestParameter:{"activityId":10001,"productId":1}
26-08-24.22:17:16.464 [http-nio-8080-exec-1] INFO  GroupBuyController     - 拼团试算完成 userId:null activityId:10001 payPrice:90.000
26-08-24.22:18:00.008 [scheduling-1    ] INFO  GroupBuyNotifyJob      - 成团通知兜底任务完成 result:{"retryCount":0,"successCount":0,"waitCount":0,"errorCount":0}
26-08-24.22:18:00.008 [scheduling-1    ] INFO  ProductionOrderJob     - 开始执行生产需求单任务
26-08-24.22:18:41.401 [http-nio-8080-exec-4] INFO  ProductController      - 查询商品详情开始 id:1
26-08-24.22:18:41.429 [http-nio-8080-exec-4] INFO  ProductController      - 查询商品详情完成 id:1
26-08-24.22:18:41.433 [http-nio-8080-exec-5] INFO  ProductController      - 查询商品详情开始 id:1
26-08-24.22:18:41.463 [http-nio-8080-exec-5] INFO  ProductController      - 查询商品详情完成 id:1
26-08-24.22:18:43.810 [http-nio-8080-exec-6] INFO  ProductController      - 分页查询商品列表开始 request:ProductPageRequest(pageNo=1, pageSize=20, name=null, sku=null, categoryId=null, status=null)
26-08-24.22:18:43.815 [http-nio-8080-exec-6] INFO  ProductController      - 分页查询商品列表完成 total:1
26-08-24.22:18:43.818 [http-nio-8080-exec-7] INFO  ProductController      - 分页查询商品列表开始 request:ProductPageRequest(pageNo=1, pageSize=20, name=null, sku=null, categoryId=null, status=null)
26-08-24.22:18:43.820 [http-nio-8080-exec-8] INFO  GroupBuyController     - 拼团试算开始 request:GroupBuyTrialRequest(userId=null, activityId=10001, productId=1)
26-08-24.22:18:43.820 [http-nio-8080-exec-8] INFO  SwitchNode             - 拼团商品查询试算服务-SwitchNode userId:null requestParameter:{"activityId":10001,"productId":1}
26-08-24.22:18:43.822 [http-nio-8080-exec-7] INFO  ProductController      - 分页查询商品列表完成 total:1
26-08-24.22:18:43.826 [http-nio-8080-exec-10] INFO  GroupBuyController     - 拼团试算开始 request:GroupBuyTrialRequest(userId=null, activityId=10001, productId=1)
26-08-24.22:18:43.827 [http-nio-8080-exec-10] INFO  SwitchNode             - 拼团商品查询试算服务-SwitchNode userId:null requestParameter:{"activityId":10001,"productId":1}
26-08-24.22:18:43.848 [http-nio-8080-exec-8] INFO  MarketNode             - 拼团商品查询 活动配置、商品 试算服务-MarketNode userId:null 异步线程加载数据「GroupBuyActivityEntity、ProductAggregate」完成
26-08-24.22:18:43.852 [http-nio-8080-exec-10] INFO  MarketNode             - 拼团商品查询 活动配置、商品 试算服务-MarketNode userId:null 异步线程加载数据「GroupBuyActivityEntity、ProductAggregate」完成
26-08-24.22:18:43.878 [http-nio-8080-exec-8] INFO  ZKCalculateService     - 优惠策略折扣计算:0
26-08-24.22:18:43.878 [http-nio-8080-exec-8] INFO  EndNode                - 拼团商品查询试算服务-EndNode userId:null requestParameter:{"activityId":10001,"productId":1}
26-08-24.22:18:43.878 [http-nio-8080-exec-8] INFO  GroupBuyController     - 拼团试算完成 userId:null activityId:10001 payPrice:90.000
26-08-24.22:18:43.919 [http-nio-8080-exec-10] INFO  ZKCalculateService     - 优惠策略折扣计算:0
26-08-24.22:18:43.919 [http-nio-8080-exec-10] INFO  EndNode                - 拼团商品查询试算服务-EndNode userId:null requestParameter:{"activityId":10001,"productId":1}
26-08-24.22:18:43.919 [http-nio-8080-exec-10] INFO  GroupBuyController     - 拼团试算完成 userId:null activityId:10001 payPrice:90.000
26-08-24.22:19:00.004 [scheduling-1    ] INFO  GroupBuyNotifyJob      - 成团通知兜底任务完成 result:{"retryCount":0,"successCount":0,"waitCount":0,"errorCount":0}
26-08-24.22:19:00.004 [scheduling-1    ] INFO  ProductionOrderJob     - 开始执行生产需求单任务
26-08-24.22:19:10.427 [http-nio-8080-exec-9] INFO  ProductController      - 查询商品详情开始 id:1
26-08-24.22:19:10.462 [http-nio-8080-exec-9] INFO  ProductController      - 查询商品详情完成 id:1
26-08-24.22:19:10.465 [http-nio-8080-exec-1] INFO  ProductController      - 查询商品详情开始 id:1
26-08-24.22:19:10.494 [http-nio-8080-exec-1] INFO  ProductController      - 查询商品详情完成 id:1
26-08-24.22:19:12.131 [http-nio-8080-exec-2] INFO  ProductController      - 查询商品详情开始 id:1
26-08-24.22:19:12.356 [http-nio-8080-exec-2] INFO  ProductController      - 查询商品详情完成 id:1
26-08-24.22:19:12.361 [http-nio-8080-exec-3] INFO  ProductController      - 查询商品详情开始 id:1
26-08-24.22:19:12.413 [http-nio-8080-exec-3] INFO  ProductController      - 查询商品详情完成 id:1
26-08-24.22:19:27.585 [http-nio-8080-exec-4] INFO  ProductController      - 查询商品详情开始 id:1
26-08-24.22:19:27.614 [http-nio-8080-exec-4] INFO  ProductController      - 查询商品详情完成 id:1
26-08-24.22:19:27.618 [http-nio-8080-exec-5] INFO  ProductController      - 查询商品详情开始 id:1
26-08-24.22:19:27.647 [http-nio-8080-exec-5] INFO  ProductController      - 查询商品详情完成 id:1
26-08-24.22:19:38.828 [http-nio-8080-exec-6] INFO  ProductController      - 查询商品详情开始 id:1
26-08-24.22:19:38.856 [http-nio-8080-exec-6] INFO  ProductController      - 查询商品详情完成 id:1
26-08-24.22:19:38.859 [http-nio-8080-exec-7] INFO  ProductController      - 查询商品详情开始 id:1
26-08-24.22:19:38.905 [http-nio-8080-exec-7] INFO  ProductController      - 查询商品详情完成 id:1
26-08-24.22:19:39.449 [http-nio-8080-exec-8] INFO  ProductController      - 查询商品详情开始 id:1
26-08-24.22:19:39.477 [http-nio-8080-exec-8] INFO  ProductController      - 查询商品详情完成 id:1
26-08-24.22:19:39.480 [http-nio-8080-exec-10] INFO  ProductController      - 查询商品详情开始 id:1
26-08-24.22:19:39.510 [http-nio-8080-exec-10] INFO  ProductController      - 查询商品详情完成 id:1
26-08-24.22:19:44.124 [org.springframework.amqp.rabbit.RabbitListenerEndpointContainer#0-2] INFO  SimpleMessageListenerContainer - Waiting for workers to finish.
26-08-24.22:19:44.227 [org.springframework.amqp.rabbit.RabbitListenerEndpointContainer#1-2] INFO  SimpleMessageListenerContainer - Waiting for workers to finish.
26-08-24.22:19:44.329 [org.springframework.amqp.rabbit.RabbitListenerEndpointContainer#2-2] INFO  SimpleMessageListenerContainer - Waiting for workers to finish.
26-08-24.22:19:44.431 [org.springframework.amqp.rabbit.RabbitListenerEndpointContainer#3-2] INFO  SimpleMessageListenerContainer - Waiting for workers to finish.
26-08-24.22:19:44.721 [org.springframework.amqp.rabbit.RabbitListenerEndpointContainer#0-2] INFO  SimpleMessageListenerContainer - Successfully waited for workers to finish.
26-08-24.22:19:44.813 [org.springframework.amqp.rabbit.RabbitListenerEndpointContainer#1-2] INFO  SimpleMessageListenerContainer - Successfully waited for workers to finish.
26-08-24.22:19:45.045 [org.springframework.amqp.rabbit.RabbitListenerEndpointContainer#2-2] INFO  SimpleMessageListenerContainer - Successfully waited for workers to finish.
26-08-24.22:19:45.249 [org.springframework.amqp.rabbit.RabbitListenerEndpointContainer#3-2] INFO  SimpleMessageListenerContainer - Successfully waited for workers to finish.
26-08-24.22:19:45.529 [SpringApplicationShutdownHook] INFO  SimpleMessageListenerContainer - Shutdown ignored - container is already stopped
26-08-24.22:19:45.529 [SpringApplicationShutdownHook] INFO  SimpleMessageListenerContainer - Shutdown ignored - container is already stopped
26-08-24.22:19:45.529 [SpringApplicationShutdownHook] INFO  SimpleMessageListenerContainer - Shutdown ignored - container is already stopped
26-08-24.22:19:45.529 [SpringApplicationShutdownHook] INFO  SimpleMessageListenerContainer - Shutdown ignored - container is already stopped
26-08-24.22:19:45.767 [SpringApplicationShutdownHook] INFO  HikariDataSource       - HikariPool-1 - Shutdown initiated...
26-08-24.22:19:45.778 [SpringApplicationShutdownHook] INFO  HikariDataSource       - HikariPool-1 - Shutdown completed.
26-08-24.22:19:49.916 [background-preinit] INFO  Version                - HV000001: Hibernate Validator 6.2.5.Final
26-08-24.22:19:49.916 [main            ] INFO  Application            - Starting Application using Java 11.0.31 on ASUS with PID 24304 (D:\code\s-pay-mall-ddd-cc\s-pay-mall-ddd-app\target\classes started by 13267 in D:\code\s-pay-mall-ddd-cc)
26-08-24.22:19:49.918 [main            ] INFO  Application            - The following 1 profile is active: "test"
26-08-24.22:19:50.907 [main            ] INFO  RepositoryConfigurationDelegate - Multiple Spring Data modules found, entering strict repository configuration mode
26-08-24.22:19:50.908 [main            ] INFO  RepositoryConfigurationDelegate - Bootstrapping Spring Data Redis repositories in DEFAULT mode.
26-08-24.22:19:50.981 [main            ] INFO  RepositoryConfigurationDelegate - Finished Spring Data repository scanning in 63 ms. Found 0 Redis repository interfaces.
26-08-24.22:19:51.293 [main            ] INFO  PostProcessorRegistrationDelegate$BeanPostProcessorChecker - Bean 'spring.redis.redisson-org.redisson.spring.starter.RedissonProperties' of type [org.redisson.spring.starter.RedissonProperties] is not eligible for getting processed by all BeanPostProcessors (for example: not eligible for auto-proxying)
26-08-24.22:19:51.299 [main            ] INFO  PostProcessorRegistrationDelegate$BeanPostProcessorChecker - Bean 'spring.redis-org.springframework.boot.autoconfigure.data.redis.RedisProperties' of type [org.springframework.boot.autoconfigure.data.redis.RedisProperties] is not eligible for getting processed by all BeanPostProcessors (for example: not eligible for auto-proxying)
26-08-24.22:19:51.300 [main            ] INFO  PostProcessorRegistrationDelegate$BeanPostProcessorChecker - Bean 'org.redisson.spring.starter.RedissonAutoConfigurationV2' of type [org.redisson.spring.starter.RedissonAutoConfigurationV2] is not eligible for getting processed by all BeanPostProcessors (for example: not eligible for auto-proxying)
26-08-24.22:19:51.430 [main            ] INFO  Version                - Redisson 3.26.0
26-08-24.22:19:51.987 [redisson-netty-1-6] INFO  ConnectionsHolder      - 1 connections initialized for 192.144.234.86/192.144.234.86:6379
26-08-24.22:19:53.540 [redisson-netty-1-19] INFO  ConnectionsHolder      - 24 connections initialized for 192.144.234.86/192.144.234.86:6379
26-08-24.22:19:53.589 [main            ] INFO  PostProcessorRegistrationDelegate$BeanPostProcessorChecker - Bean 'redisson' of type [org.redisson.Redisson] is not eligible for getting processed by all BeanPostProcessors (for example: not eligible for auto-proxying)
26-08-24.22:19:53.759 [main            ] INFO  TomcatWebServer        - Tomcat initialized with port(s): 8080 (http)
26-08-24.22:19:53.766 [main            ] INFO  Http11NioProtocol      - Initializing ProtocolHandler ["http-nio-8080"]
26-08-24.22:19:53.766 [main            ] INFO  StandardService        - Starting service [Tomcat]
26-08-24.22:19:53.766 [main            ] INFO  StandardEngine         - Starting Servlet engine: [Apache Tomcat/9.0.75]
26-08-24.22:19:53.863 [main            ] INFO  [/]                    - Initializing Spring embedded WebApplicationContext
26-08-24.22:19:53.863 [main            ] INFO  ServletWebServerApplicationContext - Root WebApplicationContext: initialization completed in 3910 ms
26-08-24.22:19:55.627 [main            ] INFO  EndpointLinksResolver  - Exposing 1 endpoint(s) beneath base path '/actuator'
26-08-24.22:19:55.700 [main            ] INFO  Http11NioProtocol      - Starting ProtocolHandler ["http-nio-8080"]
26-08-24.22:19:55.709 [main            ] INFO  TomcatWebServer        - Tomcat started on port(s): 8080 (http) with context path ''
26-08-24.22:19:55.711 [main            ] INFO  CachingConnectionFactory - Attempting to connect to: [192.144.234.86:5672]
26-08-24.22:19:55.914 [main            ] INFO  CachingConnectionFactory - Created new connection: rabbitConnectionFactory#681311a7:0/SimpleConnection@4b1b2255 [delegate=amqp://admin@192.144.234.86:5672/, localPort= 51767]
26-08-24.22:19:58.209 [main            ] INFO  Application            - Started Application in 8.696 seconds (JVM running for 9.527)
26-08-24.22:19:58.670 [RMI TCP Connection(2)-192.168.73.1] INFO  [/]                    - Initializing Spring DispatcherServlet 'dispatcherServlet'
26-08-24.22:19:58.670 [RMI TCP Connection(2)-192.168.73.1] INFO  DispatcherServlet      - Initializing Servlet 'dispatcherServlet'
26-08-24.22:19:58.672 [RMI TCP Connection(2)-192.168.73.1] INFO  DispatcherServlet      - Completed initialization in 1 ms
26-08-24.22:19:58.700 [RMI TCP Connection(1)-192.168.73.1] INFO  HikariDataSource       - HikariPool-1 - Starting...
26-08-24.22:19:58.858 [RMI TCP Connection(1)-192.168.73.1] INFO  HikariDataSource       - HikariPool-1 - Start completed.
26-08-24.22:20:00.091 [scheduling-1    ] INFO  GroupBuyNotifyJob      - 成团通知兜底任务完成 result:{"retryCount":0,"successCount":0,"waitCount":0,"errorCount":0}
26-08-24.22:20:00.094 [scheduling-1    ] INFO  ProductionOrderJob     - 开始执行生产需求单任务
26-08-24.22:20:01.641 [http-nio-8080-exec-1] INFO  ProductController      - 查询商品详情开始 id:1
26-08-24.22:20:01.703 [http-nio-8080-exec-1] INFO  ProductController      - 查询商品详情完成 id:1
26-08-24.22:20:01.729 [http-nio-8080-exec-2] INFO  ProductController      - 查询商品详情开始 id:1
26-08-24.22:20:01.753 [http-nio-8080-exec-3] INFO  GroupBuyController     - 拼团试算开始 request:GroupBuyTrialRequest(userId=null, activityId=10001, productId=1)
26-08-24.22:20:01.767 [http-nio-8080-exec-3] INFO  SwitchNode             - 拼团商品查询试算服务-SwitchNode userId:null requestParameter:{"activityId":10001,"productId":1}
26-08-24.22:20:01.780 [http-nio-8080-exec-2] INFO  ProductController      - 查询商品详情完成 id:1
26-08-24.22:20:01.784 [http-nio-8080-exec-4] INFO  GroupBuyController     - 拼团试算开始 request:GroupBuyTrialRequest(userId=null, activityId=10001, productId=1)
26-08-24.22:20:01.784 [http-nio-8080-exec-4] INFO  SwitchNode             - 拼团商品查询试算服务-SwitchNode userId:null requestParameter:{"activityId":10001,"productId":1}
26-08-24.22:20:01.849 [http-nio-8080-exec-4] INFO  MarketNode             - 拼团商品查询 活动配置、商品 试算服务-MarketNode userId:null 异步线程加载数据「GroupBuyActivityEntity、ProductAggregate」完成
26-08-24.22:20:01.850 [http-nio-8080-exec-3] INFO  MarketNode             - 拼团商品查询 活动配置、商品 试算服务-MarketNode userId:null 异步线程加载数据「GroupBuyActivityEntity、ProductAggregate」完成
26-08-24.22:20:01.911 [http-nio-8080-exec-4] INFO  ZKCalculateService     - 优惠策略折扣计算:0
26-08-24.22:20:01.911 [http-nio-8080-exec-3] INFO  ZKCalculateService     - 优惠策略折扣计算:0
26-08-24.22:20:01.911 [http-nio-8080-exec-4] INFO  EndNode                - 拼团商品查询试算服务-EndNode userId:null requestParameter:{"activityId":10001,"productId":1}
26-08-24.22:20:01.911 [http-nio-8080-exec-3] INFO  EndNode                - 拼团商品查询试算服务-EndNode userId:null requestParameter:{"activityId":10001,"productId":1}
26-08-24.22:20:01.913 [http-nio-8080-exec-3] INFO  GroupBuyController     - 拼团试算完成 userId:null activityId:10001 payPrice:90.000
26-08-24.22:20:01.913 [http-nio-8080-exec-4] INFO  GroupBuyController     - 拼团试算完成 userId:null activityId:10001 payPrice:90.000
26-08-24.22:20:13.898 [http-nio-8080-exec-5] INFO  ProductController      - 分页查询商品列表开始 request:ProductPageRequest(pageNo=1, pageSize=20, name=null, sku=null, categoryId=null, status=null)
26-08-24.22:20:13.917 [http-nio-8080-exec-5] INFO  ProductController      - 分页查询商品列表完成 total:1
26-08-24.22:20:13.921 [http-nio-8080-exec-6] INFO  ProductController      - 分页查询商品列表开始 request:ProductPageRequest(pageNo=1, pageSize=20, name=null, sku=null, categoryId=null, status=null)
26-08-24.22:20:13.921 [http-nio-8080-exec-7] INFO  GroupBuyController     - 拼团试算开始 request:GroupBuyTrialRequest(userId=null, activityId=10001, productId=1)
26-08-24.22:20:13.921 [http-nio-8080-exec-7] INFO  SwitchNode             - 拼团商品查询试算服务-SwitchNode userId:null requestParameter:{"activityId":10001,"productId":1}
26-08-24.22:20:13.926 [http-nio-8080-exec-6] INFO  ProductController      - 分页查询商品列表完成 total:1
26-08-24.22:20:13.931 [http-nio-8080-exec-8] INFO  GroupBuyController     - 拼团试算开始 request:GroupBuyTrialRequest(userId=null, activityId=10001, productId=1)
26-08-24.22:20:13.931 [http-nio-8080-exec-8] INFO  SwitchNode             - 拼团商品查询试算服务-SwitchNode userId:null requestParameter:{"activityId":10001,"productId":1}
26-08-24.22:20:13.953 [http-nio-8080-exec-7] INFO  MarketNode             - 拼团商品查询 活动配置、商品 试算服务-MarketNode userId:null 异步线程加载数据「GroupBuyActivityEntity、ProductAggregate」完成
26-08-24.22:20:13.960 [http-nio-8080-exec-8] INFO  MarketNode             - 拼团商品查询 活动配置、商品 试算服务-MarketNode userId:null 异步线程加载数据「GroupBuyActivityEntity、ProductAggregate」完成
26-08-24.22:20:13.984 [http-nio-8080-exec-7] INFO  ZKCalculateService     - 优惠策略折扣计算:0
26-08-24.22:20:13.984 [http-nio-8080-exec-7] INFO  EndNode                - 拼团商品查询试算服务-EndNode userId:null requestParameter:{"activityId":10001,"productId":1}
26-08-24.22:20:13.985 [http-nio-8080-exec-7] INFO  GroupBuyController     - 拼团试算完成 userId:null activityId:10001 payPrice:90.000
26-08-24.22:20:13.988 [http-nio-8080-exec-8] INFO  ZKCalculateService     - 优惠策略折扣计算:0
26-08-24.22:20:13.989 [http-nio-8080-exec-8] INFO  EndNode                - 拼团商品查询试算服务-EndNode userId:null requestParameter:{"activityId":10001,"productId":1}
26-08-24.22:20:13.989 [http-nio-8080-exec-8] INFO  GroupBuyController     - 拼团试算完成 userId:null activityId:10001 payPrice:90.000
26-08-24.22:20:32.810 [http-nio-8080-exec-9] INFO  ProductController      - 分页查询商品列表开始 request:ProductPageRequest(pageNo=1, pageSize=20, name=null, sku=null, categoryId=null, status=null)
26-08-24.22:20:32.815 [http-nio-8080-exec-9] INFO  ProductController      - 分页查询商品列表完成 total:1
26-08-24.22:20:32.820 [http-nio-8080-exec-10] INFO  ProductController      - 分页查询商品列表开始 request:ProductPageRequest(pageNo=1, pageSize=20, name=null, sku=null, categoryId=null, status=null)
26-08-24.22:20:32.825 [http-nio-8080-exec-1] INFO  GroupBuyController     - 拼团试算开始 request:GroupBuyTrialRequest(userId=null, activityId=10001, productId=1)
26-08-24.22:20:32.826 [http-nio-8080-exec-1] INFO  SwitchNode             - 拼团商品查询试算服务-SwitchNode userId:null requestParameter:{"activityId":10001,"productId":1}
26-08-24.22:20:32.829 [http-nio-8080-exec-10] INFO  ProductController      - 分页查询商品列表完成 total:1
26-08-24.22:20:32.833 [http-nio-8080-exec-2] INFO  GroupBuyController     - 拼团试算开始 request:GroupBuyTrialRequest(userId=null, activityId=10001, productId=1)
26-08-24.22:20:32.834 [http-nio-8080-exec-2] INFO  SwitchNode             - 拼团商品查询试算服务-SwitchNode userId:null requestParameter:{"activityId":10001,"productId":1}
26-08-24.22:20:32.946 [http-nio-8080-exec-2] INFO  MarketNode             - 拼团商品查询 活动配置、商品 试算服务-MarketNode userId:null 异步线程加载数据「GroupBuyActivityEntity、ProductAggregate」完成
26-08-24.22:20:32.946 [http-nio-8080-exec-1] INFO  MarketNode             - 拼团商品查询 活动配置、商品 试算服务-MarketNode userId:null 异步线程加载数据「GroupBuyActivityEntity、ProductAggregate」完成
26-08-24.22:20:32.976 [http-nio-8080-exec-1] INFO  ZKCalculateService     - 优惠策略折扣计算:0
26-08-24.22:20:32.976 [http-nio-8080-exec-2] INFO  ZKCalculateService     - 优惠策略折扣计算:0
26-08-24.22:20:32.976 [http-nio-8080-exec-1] INFO  EndNode                - 拼团商品查询试算服务-EndNode userId:null requestParameter:{"activityId":10001,"productId":1}
26-08-24.22:20:32.976 [http-nio-8080-exec-2] INFO  EndNode                - 拼团商品查询试算服务-EndNode userId:null requestParameter:{"activityId":10001,"productId":1}
26-08-24.22:20:32.976 [http-nio-8080-exec-1] INFO  GroupBuyController     - 拼团试算完成 userId:null activityId:10001 payPrice:90.000
26-08-24.22:20:32.976 [http-nio-8080-exec-2] INFO  GroupBuyController     - 拼团试算完成 userId:null activityId:10001 payPrice:90.000
26-08-24.22:20:42.072 [org.springframework.amqp.rabbit.RabbitListenerEndpointContainer#0-2] INFO  SimpleMessageListenerContainer - Waiting for workers to finish.
26-08-24.22:20:42.112 [org.springframework.amqp.rabbit.RabbitListenerEndpointContainer#1-2] INFO  SimpleMessageListenerContainer - Waiting for workers to finish.
26-08-24.22:20:42.140 [org.springframework.amqp.rabbit.RabbitListenerEndpointContainer#2-2] INFO  SimpleMessageListenerContainer - Waiting for workers to finish.
26-08-24.22:20:42.172 [org.springframework.amqp.rabbit.RabbitListenerEndpointContainer#3-2] INFO  SimpleMessageListenerContainer - Waiting for workers to finish.
26-08-24.22:20:42.283 [org.springframework.amqp.rabbit.RabbitListenerEndpointContainer#1-2] INFO  SimpleMessageListenerContainer - Successfully waited for workers to finish.
26-08-24.22:20:42.491 [org.springframework.amqp.rabbit.RabbitListenerEndpointContainer#2-2] INFO  SimpleMessageListenerContainer - Successfully waited for workers to finish.
26-08-24.22:20:42.648 [org.springframework.amqp.rabbit.RabbitListenerEndpointContainer#3-2] INFO  SimpleMessageListenerContainer - Successfully waited for workers to finish.
26-08-24.22:20:42.910 [org.springframework.amqp.rabbit.RabbitListenerEndpointContainer#0-2] INFO  SimpleMessageListenerContainer - Successfully waited for workers to finish.
26-08-24.22:20:43.152 [SpringApplicationShutdownHook] INFO  SimpleMessageListenerContainer - Shutdown ignored - container is already stopped
26-08-24.22:20:43.153 [SpringApplicationShutdownHook] INFO  SimpleMessageListenerContainer - Shutdown ignored - container is already stopped
26-08-24.22:20:43.153 [SpringApplicationShutdownHook] INFO  SimpleMessageListenerContainer - Shutdown ignored - container is already stopped
26-08-24.22:20:43.153 [SpringApplicationShutdownHook] INFO  SimpleMessageListenerContainer - Shutdown ignored - container is already stopped
26-08-24.22:20:43.268 [SpringApplicationShutdownHook] INFO  HikariDataSource       - HikariPool-1 - Shutdown initiated...
26-08-24.22:20:43.279 [SpringApplicationShutdownHook] INFO  HikariDataSource       - HikariPool-1 - Shutdown completed.
