26-07-31.09:24:59.385 [background-preinit] INFO  Version                - HV000001: Hibernate Validator 6.2.5.Final
26-07-31.09:24:59.391 [main            ] INFO  Application            - Starting Application using Java 11.0.31 on ASUS with PID 28888 (D:\code\s-pay-mall-ddd-cc\s-pay-mall-ddd-app\target\classes started by 13267 in D:\code\s-pay-mall-ddd-cc)
26-07-31.09:24:59.391 [main            ] INFO  Application            - The following 1 profile is active: "dev"
26-07-31.09:25:00.307 [main            ] INFO  RepositoryConfigurationDelegate - Multiple Spring Data modules found, entering strict repository configuration mode
26-07-31.09:25:00.310 [main            ] INFO  RepositoryConfigurationDelegate - Bootstrapping Spring Data Redis repositories in DEFAULT mode.
26-07-31.09:25:00.362 [main            ] INFO  RepositoryConfigurationDelegate - Finished Spring Data repository scanning in 36 ms. Found 0 Redis repository interfaces.
26-07-31.09:25:01.586 [main            ] INFO  TomcatWebServer        - Tomcat initialized with port(s): 8080 (http)
26-07-31.09:25:01.597 [main            ] INFO  Http11NioProtocol      - Initializing ProtocolHandler ["http-nio-8080"]
26-07-31.09:25:01.598 [main            ] INFO  StandardService        - Starting service [Tomcat]
26-07-31.09:25:01.598 [main            ] INFO  StandardEngine         - Starting Servlet engine: [Apache Tomcat/9.0.75]
26-07-31.09:25:01.732 [main            ] INFO  [/]                    - Initializing Spring embedded WebApplicationContext
26-07-31.09:25:01.732 [main            ] INFO  ServletWebServerApplicationContext - Root WebApplicationContext: initialization completed in 2299 ms
26-07-31.09:25:02.891 [main            ] INFO  Version                - Redisson 3.26.0
26-07-31.09:25:03.518 [redisson-netty-1-5] INFO  ConnectionsHolder      - 1 connections initialized for localhost/127.0.0.1:6379
26-07-31.09:25:03.607 [redisson-netty-1-20] INFO  ConnectionsHolder      - 24 connections initialized for localhost/127.0.0.1:6379
26-07-31.09:25:04.010 [main            ] INFO  EndpointLinksResolver  - Exposing 1 endpoint(s) beneath base path '/actuator'
26-07-31.09:25:04.030 [main            ] INFO  Http11NioProtocol      - Starting ProtocolHandler ["http-nio-8080"]
26-07-31.09:25:04.040 [main            ] INFO  TomcatWebServer        - Tomcat started on port(s): 8080 (http) with context path ''
26-07-31.09:25:04.054 [main            ] INFO  Application            - Started Application in 5.191 seconds (JVM running for 5.667)
26-07-31.09:25:06.031 [scheduling-1    ] INFO  HikariDataSource       - HikariPool-1 - Starting...
26-07-31.09:25:06.275 [scheduling-1    ] INFO  HikariDataSource       - HikariPool-1 - Start completed.
26-07-31.09:25:11.397 [http-nio-8080-exec-3] INFO  [/]                    - Initializing Spring DispatcherServlet 'dispatcherServlet'
26-07-31.09:25:11.397 [http-nio-8080-exec-3] INFO  DispatcherServlet      - Initializing Servlet 'dispatcherServlet'
26-07-31.09:25:11.399 [http-nio-8080-exec-3] INFO  DispatcherServlet      - Completed initialization in 2 ms
26-07-31.09:30:00.005 [scheduling-1    ] INFO  TimeoutCloseOrderJob   - 定时任务，超时30分钟订单关闭，暂无超时未支付订单 orderIds is null
26-07-31.09:33:07.296 [SpringApplicationShutdownHook] INFO  HikariDataSource       - HikariPool-1 - Shutdown initiated...
26-07-31.09:33:07.308 [SpringApplicationShutdownHook] INFO  HikariDataSource       - HikariPool-1 - Shutdown completed.
26-07-31.09:33:11.182 [main            ] INFO  Application            - Starting Application using Java 11.0.31 on ASUS with PID 38856 (D:\code\s-pay-mall-ddd-cc\s-pay-mall-ddd-app\target\classes started by 13267 in D:\code\s-pay-mall-ddd-cc)
26-07-31.09:33:11.182 [background-preinit] INFO  Version                - HV000001: Hibernate Validator 6.2.5.Final
26-07-31.09:33:11.184 [main            ] INFO  Application            - The following 1 profile is active: "dev"
26-07-31.09:33:11.948 [main            ] INFO  RepositoryConfigurationDelegate - Multiple Spring Data modules found, entering strict repository configuration mode
26-07-31.09:33:11.949 [main            ] INFO  RepositoryConfigurationDelegate - Bootstrapping Spring Data Redis repositories in DEFAULT mode.
26-07-31.09:33:11.990 [main            ] INFO  RepositoryConfigurationDelegate - Finished Spring Data repository scanning in 29 ms. Found 0 Redis repository interfaces.
26-07-31.09:33:12.703 [main            ] INFO  TomcatWebServer        - Tomcat initialized with port(s): 8080 (http)
26-07-31.09:33:12.713 [main            ] INFO  Http11NioProtocol      - Initializing ProtocolHandler ["http-nio-8080"]
26-07-31.09:33:12.713 [main            ] INFO  StandardService        - Starting service [Tomcat]
26-07-31.09:33:12.713 [main            ] INFO  StandardEngine         - Starting Servlet engine: [Apache Tomcat/9.0.75]
26-07-31.09:33:12.839 [main            ] INFO  [/]                    - Initializing Spring embedded WebApplicationContext
26-07-31.09:33:12.839 [main            ] INFO  ServletWebServerApplicationContext - Root WebApplicationContext: initialization completed in 1621 ms
26-07-31.09:33:13.812 [main            ] INFO  Version                - Redisson 3.26.0
26-07-31.09:33:14.315 [redisson-netty-1-5] INFO  ConnectionsHolder      - 1 connections initialized for localhost/127.0.0.1:6379
26-07-31.09:33:14.385 [redisson-netty-1-20] INFO  ConnectionsHolder      - 24 connections initialized for localhost/127.0.0.1:6379
26-07-31.09:33:14.662 [main            ] INFO  EndpointLinksResolver  - Exposing 1 endpoint(s) beneath base path '/actuator'
26-07-31.09:33:14.679 [main            ] INFO  Http11NioProtocol      - Starting ProtocolHandler ["http-nio-8080"]
26-07-31.09:33:14.686 [main            ] INFO  TomcatWebServer        - Tomcat started on port(s): 8080 (http) with context path ''
26-07-31.09:33:14.701 [main            ] INFO  Application            - Started Application in 3.928 seconds (JVM running for 4.289)
26-07-31.09:33:15.030 [scheduling-1    ] INFO  HikariDataSource       - HikariPool-1 - Starting...
26-07-31.09:33:15.278 [scheduling-1    ] INFO  HikariDataSource       - HikariPool-1 - Start completed.
26-07-31.09:33:24.201 [http-nio-8080-exec-2] INFO  [/]                    - Initializing Spring DispatcherServlet 'dispatcherServlet'
26-07-31.09:33:24.201 [http-nio-8080-exec-2] INFO  DispatcherServlet      - Initializing Servlet 'dispatcherServlet'
26-07-31.09:33:24.202 [http-nio-8080-exec-2] INFO  DispatcherServlet      - Completed initialization in 1 ms
26-07-31.09:33:24.255 [http-nio-8080-exec-2] INFO  MaterialStockController - 查询原料库存详情开始 id:1
26-07-31.09:33:24.265 [http-nio-8080-exec-2] INFO  MaterialStockController - 查询原料库存详情完成 id:1
26-07-31.09:33:43.173 [http-nio-8080-exec-5] INFO  MaterialTypeController - 查询原料分类详情开始 id:1
26-07-31.09:33:43.213 [http-nio-8080-exec-5] INFO  MaterialTypeController - 查询原料分类详情完成 id:1
26-07-31.09:40:00.015 [scheduling-1    ] INFO  TimeoutCloseOrderJob   - 定时任务，超时30分钟订单关闭，暂无超时未支付订单 orderIds is null
26-07-31.09:46:58.430 [HikariPool-1 housekeeper] WARN  HikariPool             - HikariPool-1 - Thread starvation or clock leap detected (housekeeper delta=3m12s860ms92µs200ns).
26-07-31.09:50:00.010 [scheduling-1    ] INFO  TimeoutCloseOrderJob   - 定时任务，超时30分钟订单关闭，暂无超时未支付订单 orderIds is null
26-07-31.09:59:11.028 [SpringApplicationShutdownHook] INFO  HikariDataSource       - HikariPool-1 - Shutdown initiated...
26-07-31.09:59:11.044 [SpringApplicationShutdownHook] INFO  HikariDataSource       - HikariPool-1 - Shutdown completed.
26-07-31.09:59:16.314 [main            ] INFO  Application            - Starting Application using Java 11.0.31 on ASUS with PID 35084 (D:\code\s-pay-mall-ddd-cc\s-pay-mall-ddd-app\target\classes started by 13267 in D:\code\s-pay-mall-ddd-cc)
26-07-31.09:59:16.314 [background-preinit] INFO  Version                - HV000001: Hibernate Validator 6.2.5.Final
26-07-31.09:59:16.317 [main            ] INFO  Application            - The following 1 profile is active: "dev"
26-07-31.09:59:17.262 [main            ] INFO  RepositoryConfigurationDelegate - Multiple Spring Data modules found, entering strict repository configuration mode
26-07-31.09:59:17.264 [main            ] INFO  RepositoryConfigurationDelegate - Bootstrapping Spring Data Redis repositories in DEFAULT mode.
26-07-31.09:59:17.305 [main            ] INFO  RepositoryConfigurationDelegate - Finished Spring Data repository scanning in 30 ms. Found 0 Redis repository interfaces.
26-07-31.09:59:18.062 [main            ] INFO  TomcatWebServer        - Tomcat initialized with port(s): 8080 (http)
26-07-31.09:59:18.070 [main            ] INFO  Http11NioProtocol      - Initializing ProtocolHandler ["http-nio-8080"]
26-07-31.09:59:18.070 [main            ] INFO  StandardService        - Starting service [Tomcat]
26-07-31.09:59:18.070 [main            ] INFO  StandardEngine         - Starting Servlet engine: [Apache Tomcat/9.0.75]
26-07-31.09:59:18.197 [main            ] INFO  [/]                    - Initializing Spring embedded WebApplicationContext
26-07-31.09:59:18.197 [main            ] INFO  ServletWebServerApplicationContext - Root WebApplicationContext: initialization completed in 1834 ms
26-07-31.09:59:19.205 [main            ] INFO  Version                - Redisson 3.26.0
26-07-31.09:59:19.721 [redisson-netty-1-6] INFO  ConnectionsHolder      - 1 connections initialized for localhost/127.0.0.1:6379
26-07-31.09:59:19.794 [redisson-netty-1-20] INFO  ConnectionsHolder      - 24 connections initialized for localhost/127.0.0.1:6379
26-07-31.09:59:20.070 [main            ] INFO  EndpointLinksResolver  - Exposing 1 endpoint(s) beneath base path '/actuator'
26-07-31.09:59:20.089 [main            ] INFO  Http11NioProtocol      - Starting ProtocolHandler ["http-nio-8080"]
26-07-31.09:59:20.099 [main            ] INFO  TomcatWebServer        - Tomcat started on port(s): 8080 (http) with context path ''
26-07-31.09:59:20.111 [main            ] INFO  Application            - Started Application in 4.276 seconds (JVM running for 4.672)
26-07-31.09:59:21.030 [scheduling-1    ] INFO  HikariDataSource       - HikariPool-1 - Starting...
26-07-31.09:59:21.242 [scheduling-1    ] INFO  HikariDataSource       - HikariPool-1 - Start completed.
26-07-31.09:59:24.894 [http-nio-8080-exec-3] INFO  [/]                    - Initializing Spring DispatcherServlet 'dispatcherServlet'
26-07-31.09:59:24.895 [http-nio-8080-exec-3] INFO  DispatcherServlet      - Initializing Servlet 'dispatcherServlet'
26-07-31.09:59:24.897 [http-nio-8080-exec-3] INFO  DispatcherServlet      - Completed initialization in 2 ms
26-07-31.09:59:25.057 [http-nio-8080-exec-3] INFO  MaterialStockController - 人工原料出库开始 id:1 request:MaterialStockQuantityRequest(quantity=20, reason=生产领料)
26-07-31.09:59:25.093 [http-nio-8080-exec-3] INFO  MaterialStockController - 人工原料出库完成 id:1
26-07-31.09:59:37.055 [http-nio-8080-exec-5] INFO  MaterialStockController - 人工原料出库开始 id:1 request:MaterialStockQuantityRequest(quantity=20, reason=生产领料)
26-07-31.09:59:37.062 [http-nio-8080-exec-5] INFO  MaterialStockController - 人工原料出库完成 id:1
26-07-31.10:00:00.014 [scheduling-1    ] INFO  TimeoutCloseOrderJob   - 定时任务，超时30分钟订单关闭，暂无超时未支付订单 orderIds is null
26-07-31.10:03:55.743 [SpringApplicationShutdownHook] INFO  HikariDataSource       - HikariPool-1 - Shutdown initiated...
26-07-31.10:03:55.757 [SpringApplicationShutdownHook] INFO  HikariDataSource       - HikariPool-1 - Shutdown completed.
26-07-31.10:04:00.362 [background-preinit] INFO  Version                - HV000001: Hibernate Validator 6.2.5.Final
26-07-31.10:04:00.364 [main            ] INFO  Application            - Starting Application using Java 11.0.31 on ASUS with PID 16876 (D:\code\s-pay-mall-ddd-cc\s-pay-mall-ddd-app\target\classes started by 13267 in D:\code\s-pay-mall-ddd-cc)
26-07-31.10:04:00.364 [main            ] INFO  Application            - The following 1 profile is active: "dev"
26-07-31.10:04:01.249 [main            ] INFO  RepositoryConfigurationDelegate - Multiple Spring Data modules found, entering strict repository configuration mode
26-07-31.10:04:01.251 [main            ] INFO  RepositoryConfigurationDelegate - Bootstrapping Spring Data Redis repositories in DEFAULT mode.
26-07-31.10:04:01.292 [main            ] INFO  RepositoryConfigurationDelegate - Finished Spring Data repository scanning in 30 ms. Found 0 Redis repository interfaces.
26-07-31.10:04:02.111 [main            ] INFO  TomcatWebServer        - Tomcat initialized with port(s): 8080 (http)
26-07-31.10:04:02.117 [main            ] INFO  Http11NioProtocol      - Initializing ProtocolHandler ["http-nio-8080"]
26-07-31.10:04:02.119 [main            ] INFO  StandardService        - Starting service [Tomcat]
26-07-31.10:04:02.119 [main            ] INFO  StandardEngine         - Starting Servlet engine: [Apache Tomcat/9.0.75]
26-07-31.10:04:02.244 [main            ] INFO  [/]                    - Initializing Spring embedded WebApplicationContext
26-07-31.10:04:02.244 [main            ] INFO  ServletWebServerApplicationContext - Root WebApplicationContext: initialization completed in 1840 ms
26-07-31.10:04:03.273 [main            ] INFO  Version                - Redisson 3.26.0
26-07-31.10:04:03.866 [redisson-netty-1-5] INFO  ConnectionsHolder      - 1 connections initialized for localhost/127.0.0.1:6379
26-07-31.10:04:03.943 [redisson-netty-1-20] INFO  ConnectionsHolder      - 24 connections initialized for localhost/127.0.0.1:6379
26-07-31.10:04:04.234 [main            ] INFO  EndpointLinksResolver  - Exposing 1 endpoint(s) beneath base path '/actuator'
26-07-31.10:04:04.251 [main            ] INFO  Http11NioProtocol      - Starting ProtocolHandler ["http-nio-8080"]
26-07-31.10:04:04.262 [main            ] INFO  TomcatWebServer        - Tomcat started on port(s): 8080 (http) with context path ''
26-07-31.10:04:04.275 [main            ] INFO  Application            - Started Application in 4.364 seconds (JVM running for 4.902)
26-07-31.10:04:06.033 [scheduling-1    ] INFO  HikariDataSource       - HikariPool-1 - Starting...
26-07-31.10:04:06.257 [scheduling-1    ] INFO  HikariDataSource       - HikariPool-1 - Start completed.
26-07-31.10:04:07.505 [http-nio-8080-exec-2] INFO  [/]                    - Initializing Spring DispatcherServlet 'dispatcherServlet'
26-07-31.10:04:07.506 [http-nio-8080-exec-2] INFO  DispatcherServlet      - Initializing Servlet 'dispatcherServlet'
26-07-31.10:04:07.507 [http-nio-8080-exec-2] INFO  DispatcherServlet      - Completed initialization in 1 ms
26-07-31.10:04:07.659 [http-nio-8080-exec-2] INFO  MaterialStockController - 人工原料出库开始 id:1 request:MaterialStockQuantityRequest(quantity=20, reason=生产领料)
26-07-31.10:04:07.678 [http-nio-8080-exec-2] INFO  MaterialStockController - 人工原料出库完成 id:1 availableQty:210.00 totalQty:210.00
26-07-31.10:10:00.011 [scheduling-1    ] INFO  TimeoutCloseOrderJob   - 定时任务，超时30分钟订单关闭，暂无超时未支付订单 orderIds is null
26-07-31.10:11:52.025 [SpringApplicationShutdownHook] INFO  HikariDataSource       - HikariPool-1 - Shutdown initiated...
26-07-31.10:11:52.036 [SpringApplicationShutdownHook] INFO  HikariDataSource       - HikariPool-1 - Shutdown completed.
26-07-31.10:11:55.753 [main            ] INFO  Application            - Starting Application using Java 11.0.31 on ASUS with PID 23160 (D:\code\s-pay-mall-ddd-cc\s-pay-mall-ddd-app\target\classes started by 13267 in D:\code\s-pay-mall-ddd-cc)
26-07-31.10:11:55.755 [background-preinit] INFO  Version                - HV000001: Hibernate Validator 6.2.5.Final
26-07-31.10:11:55.756 [main            ] INFO  Application            - The following 1 profile is active: "dev"
26-07-31.10:11:56.558 [main            ] INFO  RepositoryConfigurationDelegate - Multiple Spring Data modules found, entering strict repository configuration mode
26-07-31.10:11:56.560 [main            ] INFO  RepositoryConfigurationDelegate - Bootstrapping Spring Data Redis repositories in DEFAULT mode.
26-07-31.10:11:56.597 [main            ] INFO  RepositoryConfigurationDelegate - Finished Spring Data repository scanning in 28 ms. Found 0 Redis repository interfaces.
26-07-31.10:11:57.390 [main            ] INFO  TomcatWebServer        - Tomcat initialized with port(s): 8080 (http)
26-07-31.10:11:57.398 [main            ] INFO  Http11NioProtocol      - Initializing ProtocolHandler ["http-nio-8080"]
26-07-31.10:11:57.398 [main            ] INFO  StandardService        - Starting service [Tomcat]
26-07-31.10:11:57.398 [main            ] INFO  StandardEngine         - Starting Servlet engine: [Apache Tomcat/9.0.75]
26-07-31.10:11:57.514 [main            ] INFO  [/]                    - Initializing Spring embedded WebApplicationContext
26-07-31.10:11:57.514 [main            ] INFO  ServletWebServerApplicationContext - Root WebApplicationContext: initialization completed in 1719 ms
26-07-31.10:11:58.475 [main            ] INFO  Version                - Redisson 3.26.0
26-07-31.10:11:59.037 [redisson-netty-1-6] INFO  ConnectionsHolder      - 1 connections initialized for localhost/127.0.0.1:6379
26-07-31.10:11:59.106 [redisson-netty-1-20] INFO  ConnectionsHolder      - 24 connections initialized for localhost/127.0.0.1:6379
26-07-31.10:11:59.402 [main            ] INFO  EndpointLinksResolver  - Exposing 1 endpoint(s) beneath base path '/actuator'
26-07-31.10:11:59.421 [main            ] INFO  Http11NioProtocol      - Starting ProtocolHandler ["http-nio-8080"]
26-07-31.10:11:59.430 [main            ] INFO  TomcatWebServer        - Tomcat started on port(s): 8080 (http) with context path ''
26-07-31.10:11:59.443 [main            ] INFO  Application            - Started Application in 4.12 seconds (JVM running for 4.537)
26-07-31.10:12:00.030 [scheduling-1    ] INFO  HikariDataSource       - HikariPool-1 - Starting...
26-07-31.10:12:00.218 [scheduling-1    ] INFO  HikariDataSource       - HikariPool-1 - Start completed.
26-07-31.10:12:04.445 [http-nio-8080-exec-1] INFO  [/]                    - Initializing Spring DispatcherServlet 'dispatcherServlet'
26-07-31.10:12:04.445 [http-nio-8080-exec-1] INFO  DispatcherServlet      - Initializing Servlet 'dispatcherServlet'
26-07-31.10:12:04.446 [http-nio-8080-exec-1] INFO  DispatcherServlet      - Completed initialization in 1 ms
26-07-31.10:12:04.592 [http-nio-8080-exec-1] INFO  MaterialStockController - 人工原料出库开始 id:1 request:MaterialStockQuantityRequest(quantity=20, reason=生产领料)
26-07-31.10:12:04.608 [http-nio-8080-exec-1] INFO  MaterialStockController - 人工原料出库完成 id:1 availableQty:190.00 totalQty:190.00
26-07-31.10:12:22.581 [SpringApplicationShutdownHook] INFO  HikariDataSource       - HikariPool-1 - Shutdown initiated...
26-07-31.10:12:22.591 [SpringApplicationShutdownHook] INFO  HikariDataSource       - HikariPool-1 - Shutdown completed.
26-07-31.10:12:25.568 [main            ] INFO  Application            - Starting Application using Java 11.0.31 on ASUS with PID 39648 (D:\code\s-pay-mall-ddd-cc\s-pay-mall-ddd-app\target\classes started by 13267 in D:\code\s-pay-mall-ddd-cc)
26-07-31.10:12:25.568 [background-preinit] INFO  Version                - HV000001: Hibernate Validator 6.2.5.Final
26-07-31.10:12:25.570 [main            ] INFO  Application            - The following 1 profile is active: "dev"
26-07-31.10:12:26.395 [main            ] INFO  RepositoryConfigurationDelegate - Multiple Spring Data modules found, entering strict repository configuration mode
26-07-31.10:12:26.396 [main            ] INFO  RepositoryConfigurationDelegate - Bootstrapping Spring Data Redis repositories in DEFAULT mode.
26-07-31.10:12:26.441 [main            ] INFO  RepositoryConfigurationDelegate - Finished Spring Data repository scanning in 33 ms. Found 0 Redis repository interfaces.
26-07-31.10:12:27.227 [main            ] INFO  TomcatWebServer        - Tomcat initialized with port(s): 8080 (http)
26-07-31.10:12:27.233 [main            ] INFO  Http11NioProtocol      - Initializing ProtocolHandler ["http-nio-8080"]
26-07-31.10:12:27.233 [main            ] INFO  StandardService        - Starting service [Tomcat]
26-07-31.10:12:27.233 [main            ] INFO  StandardEngine         - Starting Servlet engine: [Apache Tomcat/9.0.75]
26-07-31.10:12:27.342 [main            ] INFO  [/]                    - Initializing Spring embedded WebApplicationContext
26-07-31.10:12:27.342 [main            ] INFO  ServletWebServerApplicationContext - Root WebApplicationContext: initialization completed in 1738 ms
26-07-31.10:12:28.349 [main            ] INFO  Version                - Redisson 3.26.0
26-07-31.10:12:29.018 [redisson-netty-1-6] INFO  ConnectionsHolder      - 1 connections initialized for localhost/127.0.0.1:6379
26-07-31.10:12:29.111 [redisson-netty-1-20] INFO  ConnectionsHolder      - 24 connections initialized for localhost/127.0.0.1:6379
26-07-31.10:12:29.384 [main            ] INFO  EndpointLinksResolver  - Exposing 1 endpoint(s) beneath base path '/actuator'
26-07-31.10:12:29.400 [main            ] INFO  Http11NioProtocol      - Starting ProtocolHandler ["http-nio-8080"]
26-07-31.10:12:29.409 [main            ] INFO  TomcatWebServer        - Tomcat started on port(s): 8080 (http) with context path ''
26-07-31.10:12:29.422 [main            ] INFO  Application            - Started Application in 4.252 seconds (JVM running for 4.61)
26-07-31.10:12:30.030 [scheduling-1    ] INFO  HikariDataSource       - HikariPool-1 - Starting...
26-07-31.10:12:30.184 [scheduling-1    ] INFO  HikariDataSource       - HikariPool-1 - Start completed.
26-07-31.10:12:34.823 [http-nio-8080-exec-4] INFO  [/]                    - Initializing Spring DispatcherServlet 'dispatcherServlet'
26-07-31.10:12:34.824 [http-nio-8080-exec-4] INFO  DispatcherServlet      - Initializing Servlet 'dispatcherServlet'
26-07-31.10:12:34.824 [http-nio-8080-exec-4] INFO  DispatcherServlet      - Completed initialization in 0 ms
26-07-31.10:12:34.978 [http-nio-8080-exec-4] INFO  MaterialStockController - 人工原料出库开始 id:1 request:MaterialStockQuantityRequest(quantity=20, reason=生产领料)
26-07-31.10:12:34.996 [http-nio-8080-exec-4] INFO  MaterialStockController - 人工原料出库完成 id:1 availableQty:170.00 totalQty:170.00
26-07-31.10:20:00.006 [scheduling-1    ] INFO  TimeoutCloseOrderJob   - 定时任务，超时30分钟订单关闭，暂无超时未支付订单 orderIds is null
26-07-31.10:23:31.643 [SpringApplicationShutdownHook] INFO  HikariDataSource       - HikariPool-1 - Shutdown initiated...
26-07-31.10:23:31.653 [SpringApplicationShutdownHook] INFO  HikariDataSource       - HikariPool-1 - Shutdown completed.
26-07-31.10:23:36.936 [main            ] INFO  Application            - Starting Application using Java 11.0.31 on ASUS with PID 23472 (D:\code\s-pay-mall-ddd-cc\s-pay-mall-ddd-app\target\classes started by 13267 in D:\code\s-pay-mall-ddd-cc)
26-07-31.10:23:36.936 [background-preinit] INFO  Version                - HV000001: Hibernate Validator 6.2.5.Final
26-07-31.10:23:36.939 [main            ] INFO  Application            - The following 1 profile is active: "dev"
26-07-31.10:23:37.723 [main            ] INFO  RepositoryConfigurationDelegate - Multiple Spring Data modules found, entering strict repository configuration mode
26-07-31.10:23:37.725 [main            ] INFO  RepositoryConfigurationDelegate - Bootstrapping Spring Data Redis repositories in DEFAULT mode.
26-07-31.10:23:37.763 [main            ] INFO  RepositoryConfigurationDelegate - Finished Spring Data repository scanning in 29 ms. Found 0 Redis repository interfaces.
26-07-31.10:23:38.614 [main            ] INFO  TomcatWebServer        - Tomcat initialized with port(s): 8080 (http)
26-07-31.10:23:38.623 [main            ] INFO  Http11NioProtocol      - Initializing ProtocolHandler ["http-nio-8080"]
26-07-31.10:23:38.624 [main            ] INFO  StandardService        - Starting service [Tomcat]
26-07-31.10:23:38.624 [main            ] INFO  StandardEngine         - Starting Servlet engine: [Apache Tomcat/9.0.75]
26-07-31.10:23:38.750 [main            ] INFO  [/]                    - Initializing Spring embedded WebApplicationContext
26-07-31.10:23:38.750 [main            ] INFO  ServletWebServerApplicationContext - Root WebApplicationContext: initialization completed in 1776 ms
26-07-31.10:23:39.723 [main            ] INFO  Version                - Redisson 3.26.0
26-07-31.10:23:40.264 [redisson-netty-1-5] INFO  ConnectionsHolder      - 1 connections initialized for localhost/127.0.0.1:6379
26-07-31.10:23:40.328 [redisson-netty-1-20] INFO  ConnectionsHolder      - 24 connections initialized for localhost/127.0.0.1:6379
26-07-31.10:23:40.587 [main            ] INFO  EndpointLinksResolver  - Exposing 1 endpoint(s) beneath base path '/actuator'
26-07-31.10:23:40.602 [main            ] INFO  Http11NioProtocol      - Starting ProtocolHandler ["http-nio-8080"]
26-07-31.10:23:40.612 [main            ] INFO  TomcatWebServer        - Tomcat started on port(s): 8080 (http) with context path ''
26-07-31.10:23:40.624 [main            ] INFO  Application            - Started Application in 4.105 seconds (JVM running for 4.476)
26-07-31.10:23:42.030 [scheduling-1    ] INFO  HikariDataSource       - HikariPool-1 - Starting...
26-07-31.10:23:42.238 [scheduling-1    ] INFO  HikariDataSource       - HikariPool-1 - Start completed.
26-07-31.10:23:50.048 [http-nio-8080-exec-2] INFO  [/]                    - Initializing Spring DispatcherServlet 'dispatcherServlet'
26-07-31.10:23:50.049 [http-nio-8080-exec-2] INFO  DispatcherServlet      - Initializing Servlet 'dispatcherServlet'
26-07-31.10:23:50.051 [http-nio-8080-exec-2] INFO  DispatcherServlet      - Completed initialization in 2 ms
26-07-31.10:23:50.114 [http-nio-8080-exec-2] ERROR GlobalExceptionHandler - 系统异常
org.springframework.web.method.annotation.MethodArgumentTypeMismatchException: Failed to convert value of type 'java.lang.String' to required type 'java.lang.Long'; nested exception is java.lang.NumberFormatException: For input string: "query"
	at org.springframework.web.method.annotation.AbstractNamedValueMethodArgumentResolver.resolveArgument(AbstractNamedValueMethodArgumentResolver.java:133)
	at org.springframework.web.method.support.HandlerMethodArgumentResolverComposite.resolveArgument(HandlerMethodArgumentResolverComposite.java:122)
	at org.springframework.web.method.support.InvocableHandlerMethod.getMethodArgumentValues(InvocableHandlerMethod.java:179)
	at org.springframework.web.method.support.InvocableHandlerMethod.invokeForRequest(InvocableHandlerMethod.java:146)
	at org.springframework.web.servlet.mvc.method.annotation.ServletInvocableHandlerMethod.invokeAndHandle(ServletInvocableHandlerMethod.java:117)
	at org.springframework.web.servlet.mvc.method.annotation.RequestMappingHandlerAdapter.invokeHandlerMethod(RequestMappingHandlerAdapter.java:895)
	at org.springframework.web.servlet.mvc.method.annotation.RequestMappingHandlerAdapter.handleInternal(RequestMappingHandlerAdapter.java:808)
	at org.springframework.web.servlet.mvc.method.AbstractHandlerMethodAdapter.handle(AbstractHandlerMethodAdapter.java:87)
	at org.springframework.web.servlet.DispatcherServlet.doDispatch(DispatcherServlet.java:1072)
	at org.springframework.web.servlet.DispatcherServlet.doService(DispatcherServlet.java:965)
	at org.springframework.web.servlet.FrameworkServlet.processRequest(FrameworkServlet.java:1006)
	at org.springframework.web.servlet.FrameworkServlet.doGet(FrameworkServlet.java:898)
	at javax.servlet.http.HttpServlet.service(HttpServlet.java:529)
	at org.springframework.web.servlet.FrameworkServlet.service(FrameworkServlet.java:883)
	at javax.servlet.http.HttpServlet.service(HttpServlet.java:623)
	at org.apache.catalina.core.ApplicationFilterChain.internalDoFilter(ApplicationFilterChain.java:209)
	at org.apache.catalina.core.ApplicationFilterChain.doFilter(ApplicationFilterChain.java:153)
	at org.apache.tomcat.websocket.server.WsFilter.doFilter(WsFilter.java:51)
	at org.apache.catalina.core.ApplicationFilterChain.internalDoFilter(ApplicationFilterChain.java:178)
	at org.apache.catalina.core.ApplicationFilterChain.doFilter(ApplicationFilterChain.java:153)
	at org.springframework.web.filter.RequestContextFilter.doFilterInternal(RequestContextFilter.java:100)
	at org.springframework.web.filter.OncePerRequestFilter.doFilter(OncePerRequestFilter.java:117)
	at org.apache.catalina.core.ApplicationFilterChain.internalDoFilter(ApplicationFilterChain.java:178)
	at org.apache.catalina.core.ApplicationFilterChain.doFilter(ApplicationFilterChain.java:153)
	at org.springframework.web.filter.FormContentFilter.doFilterInternal(FormContentFilter.java:93)
	at org.springframework.web.filter.OncePerRequestFilter.doFilter(OncePerRequestFilter.java:117)
	at org.apache.catalina.core.ApplicationFilterChain.internalDoFilter(ApplicationFilterChain.java:178)
	at org.apache.catalina.core.ApplicationFilterChain.doFilter(ApplicationFilterChain.java:153)
	at org.springframework.boot.actuate.metrics.web.servlet.WebMvcMetricsFilter.doFilterInternal(WebMvcMetricsFilter.java:96)
	at org.springframework.web.filter.OncePerRequestFilter.doFilter(OncePerRequestFilter.java:117)
	at org.apache.catalina.core.ApplicationFilterChain.internalDoFilter(ApplicationFilterChain.java:178)
	at org.apache.catalina.core.ApplicationFilterChain.doFilter(ApplicationFilterChain.java:153)
	at org.springframework.web.filter.CharacterEncodingFilter.doFilterInternal(CharacterEncodingFilter.java:201)
	at org.springframework.web.filter.OncePerRequestFilter.doFilter(OncePerRequestFilter.java:117)
	at org.apache.catalina.core.ApplicationFilterChain.internalDoFilter(ApplicationFilterChain.java:178)
	at org.apache.catalina.core.ApplicationFilterChain.doFilter(ApplicationFilterChain.java:153)
	at org.apache.catalina.core.StandardWrapperValve.invoke(StandardWrapperValve.java:167)
	at org.apache.catalina.core.StandardContextValve.invoke(StandardContextValve.java:90)
	at org.apache.catalina.authenticator.AuthenticatorBase.invoke(AuthenticatorBase.java:481)
	at org.apache.catalina.core.StandardHostValve.invoke(StandardHostValve.java:130)
	at org.apache.catalina.valves.ErrorReportValve.invoke(ErrorReportValve.java:93)
	at org.apache.catalina.core.StandardEngineValve.invoke(StandardEngineValve.java:74)
	at org.apache.catalina.connector.CoyoteAdapter.service(CoyoteAdapter.java:343)
	at org.apache.coyote.http11.Http11Processor.service(Http11Processor.java:390)
	at org.apache.coyote.AbstractProcessorLight.process(AbstractProcessorLight.java:63)
	at org.apache.coyote.AbstractProtocol$ConnectionHandler.process(AbstractProtocol.java:926)
	at org.apache.tomcat.util.net.NioEndpoint$SocketProcessor.doRun(NioEndpoint.java:1791)
	at org.apache.tomcat.util.net.SocketProcessorBase.run(SocketProcessorBase.java:52)
	at org.apache.tomcat.util.threads.ThreadPoolExecutor.runWorker(ThreadPoolExecutor.java:1191)
	at org.apache.tomcat.util.threads.ThreadPoolExecutor$Worker.run(ThreadPoolExecutor.java:659)
	at org.apache.tomcat.util.threads.TaskThread$WrappingRunnable.run(TaskThread.java:61)
	at java.base/java.lang.Thread.run(Thread.java:829)
Caused by: java.lang.NumberFormatException: For input string: "query"
	at java.base/java.lang.NumberFormatException.forInputString(NumberFormatException.java:65)
	at java.base/java.lang.Long.parseLong(Long.java:692)
	at java.base/java.lang.Long.valueOf(Long.java:1144)
	at org.springframework.util.NumberUtils.parseNumber(NumberUtils.java:214)
	at org.springframework.beans.propertyeditors.CustomNumberEditor.setAsText(CustomNumberEditor.java:115)
	at org.springframework.beans.TypeConverterDelegate.doConvertTextValue(TypeConverterDelegate.java:429)
	at org.springframework.beans.TypeConverterDelegate.doConvertValue(TypeConverterDelegate.java:402)
	at org.springframework.beans.TypeConverterDelegate.convertIfNecessary(TypeConverterDelegate.java:155)
	at org.springframework.beans.TypeConverterSupport.convertIfNecessary(TypeConverterSupport.java:73)
	at org.springframework.beans.TypeConverterSupport.convertIfNecessary(TypeConverterSupport.java:53)
	at org.springframework.validation.DataBinder.convertIfNecessary(DataBinder.java:729)
	at org.springframework.web.method.annotation.AbstractNamedValueMethodArgumentResolver.resolveArgument(AbstractNamedValueMethodArgumentResolver.java:125)
	... 51 common frames omitted
26-07-31.10:24:24.350 [http-nio-8080-exec-4] INFO  MaterialStockController - 原料入库开始 request:MaterialStockInboundRequest(materialId=1, storageAddress=A区-原料架-01, inboundQty=100, reason=采购进货)
26-07-31.10:24:24.366 [http-nio-8080-exec-4] INFO  MaterialStockController - 原料入库完成 materialId:1 storageAddress:A区-原料架-01
26-07-31.10:24:32.491 [http-nio-8080-exec-5] INFO  MaterialStockController - 原料入库开始 request:MaterialStockInboundRequest(materialId=1, storageAddress=A区-原料架-01, inboundQty=100, reason=采购进货)
26-07-31.10:24:32.497 [http-nio-8080-exec-5] INFO  MaterialStockController - 原料入库完成 materialId:1 storageAddress:A区-原料架-01
26-07-31.10:24:59.376 [http-nio-8080-exec-8] INFO  MaterialStockController - 人工原料调库开始 id:1 request:MaterialStockInboundRequest(materialId=1, storageAddress=A区-原料架-01, inboundQty=100, reason=采购进货)
26-07-31.10:24:59.387 [http-nio-8080-exec-8] INFO  MaterialStockController - 人工原料调库完成 id:1 availableQty:470.00 totalQty:470.00
26-07-31.10:25:42.388 [http-nio-8080-exec-7] INFO  MaterialStockController - 人工原料调库开始 id:1 request:MaterialStockInboundRequest(materialId=1, storageAddress=A区-原料架-01-044, inboundQty=100, reason=采购进货)
26-07-31.10:25:42.394 [http-nio-8080-exec-7] INFO  MaterialStockController - 人工原料调库完成 id:1 availableQty:570.00 totalQty:570.00
26-07-31.10:26:07.680 [SpringApplicationShutdownHook] INFO  HikariDataSource       - HikariPool-1 - Shutdown initiated...
26-07-31.10:26:07.693 [SpringApplicationShutdownHook] INFO  HikariDataSource       - HikariPool-1 - Shutdown completed.
26-07-31.10:26:10.579 [background-preinit] INFO  Version                - HV000001: Hibernate Validator 6.2.5.Final
26-07-31.10:26:10.579 [main            ] INFO  Application            - Starting Application using Java 11.0.31 on ASUS with PID 38484 (D:\code\s-pay-mall-ddd-cc\s-pay-mall-ddd-app\target\classes started by 13267 in D:\code\s-pay-mall-ddd-cc)
26-07-31.10:26:10.582 [main            ] INFO  Application            - The following 1 profile is active: "dev"
26-07-31.10:26:11.348 [main            ] INFO  RepositoryConfigurationDelegate - Multiple Spring Data modules found, entering strict repository configuration mode
26-07-31.10:26:11.351 [main            ] INFO  RepositoryConfigurationDelegate - Bootstrapping Spring Data Redis repositories in DEFAULT mode.
26-07-31.10:26:11.393 [main            ] INFO  RepositoryConfigurationDelegate - Finished Spring Data repository scanning in 32 ms. Found 0 Redis repository interfaces.
26-07-31.10:26:12.156 [main            ] INFO  TomcatWebServer        - Tomcat initialized with port(s): 8080 (http)
26-07-31.10:26:12.162 [main            ] INFO  Http11NioProtocol      - Initializing ProtocolHandler ["http-nio-8080"]
26-07-31.10:26:12.163 [main            ] INFO  StandardService        - Starting service [Tomcat]
26-07-31.10:26:12.163 [main            ] INFO  StandardEngine         - Starting Servlet engine: [Apache Tomcat/9.0.75]
26-07-31.10:26:12.272 [main            ] INFO  [/]                    - Initializing Spring embedded WebApplicationContext
26-07-31.10:26:12.272 [main            ] INFO  ServletWebServerApplicationContext - Root WebApplicationContext: initialization completed in 1654 ms
26-07-31.10:26:13.141 [main            ] INFO  Version                - Redisson 3.26.0
26-07-31.10:26:13.691 [redisson-netty-1-5] INFO  ConnectionsHolder      - 1 connections initialized for localhost/127.0.0.1:6379
26-07-31.10:26:13.767 [redisson-netty-1-20] INFO  ConnectionsHolder      - 24 connections initialized for localhost/127.0.0.1:6379
26-07-31.10:26:14.108 [main            ] INFO  EndpointLinksResolver  - Exposing 1 endpoint(s) beneath base path '/actuator'
26-07-31.10:26:14.134 [main            ] INFO  Http11NioProtocol      - Starting ProtocolHandler ["http-nio-8080"]
26-07-31.10:26:14.143 [main            ] INFO  TomcatWebServer        - Tomcat started on port(s): 8080 (http) with context path ''
26-07-31.10:26:14.157 [main            ] INFO  Application            - Started Application in 3.966 seconds (JVM running for 4.319)
26-07-31.10:26:14.912 [http-nio-8080-exec-2] INFO  [/]                    - Initializing Spring DispatcherServlet 'dispatcherServlet'
26-07-31.10:26:14.912 [http-nio-8080-exec-2] INFO  DispatcherServlet      - Initializing Servlet 'dispatcherServlet'
26-07-31.10:26:14.915 [http-nio-8080-exec-2] INFO  DispatcherServlet      - Completed initialization in 0 ms
26-07-31.10:26:15.025 [scheduling-1    ] INFO  HikariDataSource       - HikariPool-1 - Starting...
26-07-31.10:26:15.080 [http-nio-8080-exec-2] INFO  MaterialStockController - 人工原料调库开始 id:1 request:MaterialStockInboundRequest(materialId=1, storageAddress=A区-原料架-01-044, inboundQty=100, reason=采购进货)
26-07-31.10:26:15.219 [scheduling-1    ] INFO  HikariDataSource       - HikariPool-1 - Start completed.
26-07-31.10:26:15.257 [http-nio-8080-exec-2] INFO  MaterialStockController - 人工原料调库完成 id:1 availableQty:100.00 totalQty:100
26-07-31.10:28:57.267 [SpringApplicationShutdownHook] INFO  HikariDataSource       - HikariPool-1 - Shutdown initiated...
26-07-31.10:28:57.279 [SpringApplicationShutdownHook] INFO  HikariDataSource       - HikariPool-1 - Shutdown completed.
26-07-31.10:29:01.679 [background-preinit] INFO  Version                - HV000001: Hibernate Validator 6.2.5.Final
26-07-31.10:29:01.679 [main            ] INFO  Application            - Starting Application using Java 11.0.31 on ASUS with PID 16876 (D:\code\s-pay-mall-ddd-cc\s-pay-mall-ddd-app\target\classes started by 13267 in D:\code\s-pay-mall-ddd-cc)
26-07-31.10:29:01.681 [main            ] INFO  Application            - The following 1 profile is active: "dev"
26-07-31.10:29:02.494 [main            ] INFO  RepositoryConfigurationDelegate - Multiple Spring Data modules found, entering strict repository configuration mode
26-07-31.10:29:02.495 [main            ] INFO  RepositoryConfigurationDelegate - Bootstrapping Spring Data Redis repositories in DEFAULT mode.
26-07-31.10:29:02.534 [main            ] INFO  RepositoryConfigurationDelegate - Finished Spring Data repository scanning in 29 ms. Found 0 Redis repository interfaces.
26-07-31.10:29:03.290 [main            ] INFO  TomcatWebServer        - Tomcat initialized with port(s): 8080 (http)
26-07-31.10:29:03.296 [main            ] INFO  Http11NioProtocol      - Initializing ProtocolHandler ["http-nio-8080"]
26-07-31.10:29:03.296 [main            ] INFO  StandardService        - Starting service [Tomcat]
26-07-31.10:29:03.296 [main            ] INFO  StandardEngine         - Starting Servlet engine: [Apache Tomcat/9.0.75]
26-07-31.10:29:03.405 [main            ] INFO  [/]                    - Initializing Spring embedded WebApplicationContext
26-07-31.10:29:03.405 [main            ] INFO  ServletWebServerApplicationContext - Root WebApplicationContext: initialization completed in 1690 ms
26-07-31.10:29:04.422 [main            ] INFO  Version                - Redisson 3.26.0
26-07-31.10:29:04.990 [redisson-netty-1-6] INFO  ConnectionsHolder      - 1 connections initialized for localhost/127.0.0.1:6379
26-07-31.10:29:05.054 [redisson-netty-1-20] INFO  ConnectionsHolder      - 24 connections initialized for localhost/127.0.0.1:6379
26-07-31.10:29:05.315 [main            ] INFO  EndpointLinksResolver  - Exposing 1 endpoint(s) beneath base path '/actuator'
26-07-31.10:29:05.332 [main            ] INFO  Http11NioProtocol      - Starting ProtocolHandler ["http-nio-8080"]
26-07-31.10:29:05.341 [main            ] INFO  TomcatWebServer        - Tomcat started on port(s): 8080 (http) with context path ''
26-07-31.10:29:05.354 [main            ] INFO  Application            - Started Application in 4.073 seconds (JVM running for 4.456)
26-07-31.10:29:06.027 [scheduling-1    ] INFO  HikariDataSource       - HikariPool-1 - Starting...
26-07-31.10:29:06.201 [scheduling-1    ] INFO  HikariDataSource       - HikariPool-1 - Start completed.
26-07-31.10:29:08.898 [http-nio-8080-exec-2] INFO  [/]                    - Initializing Spring DispatcherServlet 'dispatcherServlet'
26-07-31.10:29:08.898 [http-nio-8080-exec-2] INFO  DispatcherServlet      - Initializing Servlet 'dispatcherServlet'
26-07-31.10:29:08.900 [http-nio-8080-exec-2] INFO  DispatcherServlet      - Completed initialization in 2 ms
26-07-31.10:29:09.047 [http-nio-8080-exec-2] INFO  MaterialStockController - 人工原料调库开始 id:1 request:MaterialStockInboundRequest(materialId=10086, storageAddress=A区-原料架-01-044, inboundQty=100, reason=采购进货)
26-07-31.10:29:09.063 [http-nio-8080-exec-2] INFO  MaterialStockController - 人工原料调库完成 id:1 availableQty:100.00 totalQty:100
26-07-31.10:30:00.016 [scheduling-1    ] INFO  TimeoutCloseOrderJob   - 定时任务，超时30分钟订单关闭，暂无超时未支付订单 orderIds is null
26-07-31.10:35:19.323 [SpringApplicationShutdownHook] INFO  HikariDataSource       - HikariPool-1 - Shutdown initiated...
26-07-31.10:35:19.335 [SpringApplicationShutdownHook] INFO  HikariDataSource       - HikariPool-1 - Shutdown completed.
26-07-31.10:35:22.656 [main            ] INFO  Application            - Starting Application using Java 11.0.31 on ASUS with PID 38448 (D:\code\s-pay-mall-ddd-cc\s-pay-mall-ddd-app\target\classes started by 13267 in D:\code\s-pay-mall-ddd-cc)
26-07-31.10:35:22.656 [background-preinit] INFO  Version                - HV000001: Hibernate Validator 6.2.5.Final
26-07-31.10:35:22.659 [main            ] INFO  Application            - The following 1 profile is active: "dev"
26-07-31.10:35:23.458 [main            ] INFO  RepositoryConfigurationDelegate - Multiple Spring Data modules found, entering strict repository configuration mode
26-07-31.10:35:23.460 [main            ] INFO  RepositoryConfigurationDelegate - Bootstrapping Spring Data Redis repositories in DEFAULT mode.
26-07-31.10:35:23.501 [main            ] INFO  RepositoryConfigurationDelegate - Finished Spring Data repository scanning in 32 ms. Found 0 Redis repository interfaces.
26-07-31.10:35:24.267 [main            ] INFO  TomcatWebServer        - Tomcat initialized with port(s): 8080 (http)
26-07-31.10:35:24.276 [main            ] INFO  Http11NioProtocol      - Initializing ProtocolHandler ["http-nio-8080"]
26-07-31.10:35:24.276 [main            ] INFO  StandardService        - Starting service [Tomcat]
26-07-31.10:35:24.277 [main            ] INFO  StandardEngine         - Starting Servlet engine: [Apache Tomcat/9.0.75]
26-07-31.10:35:24.396 [main            ] INFO  [/]                    - Initializing Spring embedded WebApplicationContext
26-07-31.10:35:24.396 [main            ] INFO  ServletWebServerApplicationContext - Root WebApplicationContext: initialization completed in 1705 ms
26-07-31.10:35:25.360 [main            ] INFO  Version                - Redisson 3.26.0
26-07-31.10:35:25.939 [redisson-netty-1-5] INFO  ConnectionsHolder      - 1 connections initialized for localhost/127.0.0.1:6379
26-07-31.10:35:26.011 [redisson-netty-1-20] INFO  ConnectionsHolder      - 24 connections initialized for localhost/127.0.0.1:6379
26-07-31.10:35:26.284 [main            ] INFO  EndpointLinksResolver  - Exposing 1 endpoint(s) beneath base path '/actuator'
26-07-31.10:35:26.302 [main            ] INFO  Http11NioProtocol      - Starting ProtocolHandler ["http-nio-8080"]
26-07-31.10:35:26.310 [main            ] INFO  TomcatWebServer        - Tomcat started on port(s): 8080 (http) with context path ''
26-07-31.10:35:26.324 [main            ] INFO  Application            - Started Application in 4.091 seconds (JVM running for 4.46)
26-07-31.10:35:27.032 [scheduling-1    ] INFO  HikariDataSource       - HikariPool-1 - Starting...
26-07-31.10:35:27.237 [scheduling-1    ] INFO  HikariDataSource       - HikariPool-1 - Start completed.
26-07-31.10:35:27.573 [http-nio-8080-exec-3] INFO  [/]                    - Initializing Spring DispatcherServlet 'dispatcherServlet'
26-07-31.10:35:27.574 [http-nio-8080-exec-3] INFO  DispatcherServlet      - Initializing Servlet 'dispatcherServlet'
26-07-31.10:35:27.574 [http-nio-8080-exec-3] INFO  DispatcherServlet      - Completed initialization in 0 ms
26-07-31.10:35:27.730 [http-nio-8080-exec-3] INFO  MaterialStockController - 人工原料调库开始 id:1 request:MaterialStockInboundRequest(materialId=10086, storageAddress=A区-原料架-01-044, inboundQty=100, reason=采购进货)
26-07-31.10:35:32.232 [http-nio-8080-exec-2] INFO  MaterialStockController - 人工原料调库开始 id:1 request:MaterialStockInboundRequest(materialId=2, storageAddress=A区-原料架-01-044, inboundQty=100, reason=采购进货)
26-07-31.10:35:36.114 [http-nio-8080-exec-4] INFO  MaterialStockController - 人工原料调库开始 id:1 request:MaterialStockInboundRequest(materialId=1, storageAddress=A区-原料架-01-044, inboundQty=100, reason=采购进货)
26-07-31.10:35:36.135 [http-nio-8080-exec-4] INFO  MaterialStockController - 人工原料调库完成 id:1 availableQty:100.00 totalQty:100
26-07-31.10:40:00.017 [scheduling-1    ] INFO  TimeoutCloseOrderJob   - 定时任务，超时30分钟订单关闭，暂无超时未支付订单 orderIds is null
26-07-31.10:45:37.527 [SpringApplicationShutdownHook] INFO  HikariDataSource       - HikariPool-1 - Shutdown initiated...
26-07-31.10:45:37.539 [SpringApplicationShutdownHook] INFO  HikariDataSource       - HikariPool-1 - Shutdown completed.
26-07-31.10:45:40.995 [main            ] INFO  Application            - Starting Application using Java 11.0.31 on ASUS with PID 27004 (D:\code\s-pay-mall-ddd-cc\s-pay-mall-ddd-app\target\classes started by 13267 in D:\code\s-pay-mall-ddd-cc)
26-07-31.10:45:40.996 [background-preinit] INFO  Version                - HV000001: Hibernate Validator 6.2.5.Final
26-07-31.10:45:40.998 [main            ] INFO  Application            - The following 1 profile is active: "dev"
26-07-31.10:45:42.037 [main            ] INFO  RepositoryConfigurationDelegate - Multiple Spring Data modules found, entering strict repository configuration mode
26-07-31.10:45:42.040 [main            ] INFO  RepositoryConfigurationDelegate - Bootstrapping Spring Data Redis repositories in DEFAULT mode.
26-07-31.10:45:42.092 [main            ] INFO  RepositoryConfigurationDelegate - Finished Spring Data repository scanning in 37 ms. Found 0 Redis repository interfaces.
26-07-31.10:45:43.045 [main            ] INFO  TomcatWebServer        - Tomcat initialized with port(s): 8080 (http)
26-07-31.10:45:43.054 [main            ] INFO  Http11NioProtocol      - Initializing ProtocolHandler ["http-nio-8080"]
26-07-31.10:45:43.055 [main            ] INFO  StandardService        - Starting service [Tomcat]
26-07-31.10:45:43.055 [main            ] INFO  StandardEngine         - Starting Servlet engine: [Apache Tomcat/9.0.75]
26-07-31.10:45:43.272 [main            ] INFO  [/]                    - Initializing Spring embedded WebApplicationContext
26-07-31.10:45:43.272 [main            ] INFO  ServletWebServerApplicationContext - Root WebApplicationContext: initialization completed in 2236 ms
26-07-31.10:45:44.356 [main            ] INFO  Version                - Redisson 3.26.0
26-07-31.10:45:44.929 [redisson-netty-1-5] INFO  ConnectionsHolder      - 1 connections initialized for localhost/127.0.0.1:6379
26-07-31.10:45:44.996 [redisson-netty-1-20] INFO  ConnectionsHolder      - 24 connections initialized for localhost/127.0.0.1:6379
26-07-31.10:45:45.275 [main            ] INFO  EndpointLinksResolver  - Exposing 1 endpoint(s) beneath base path '/actuator'
26-07-31.10:45:45.294 [main            ] INFO  Http11NioProtocol      - Starting ProtocolHandler ["http-nio-8080"]
26-07-31.10:45:45.304 [main            ] INFO  TomcatWebServer        - Tomcat started on port(s): 8080 (http) with context path ''
26-07-31.10:45:45.323 [main            ] INFO  Application            - Started Application in 4.77 seconds (JVM running for 5.161)
26-07-31.10:45:47.309 [http-nio-8080-exec-2] INFO  [/]                    - Initializing Spring DispatcherServlet 'dispatcherServlet'
26-07-31.10:45:47.309 [http-nio-8080-exec-2] INFO  DispatcherServlet      - Initializing Servlet 'dispatcherServlet'
26-07-31.10:45:47.310 [http-nio-8080-exec-2] INFO  DispatcherServlet      - Completed initialization in 0 ms
26-07-31.10:45:47.463 [http-nio-8080-exec-2] INFO  MaterialStockController - 锁定原料库存开始 id:1 request:MaterialStockQuantityRequest(quantity=10, reason=预占生产原料)
26-07-31.10:45:47.478 [http-nio-8080-exec-2] INFO  HikariDataSource       - HikariPool-1 - Starting...
26-07-31.10:45:47.699 [http-nio-8080-exec-2] INFO  HikariDataSource       - HikariPool-1 - Start completed.
26-07-31.10:45:47.738 [http-nio-8080-exec-2] INFO  MaterialStockController - 锁定原料库存完成 id:1
26-07-31.10:50:00.011 [scheduling-1    ] INFO  TimeoutCloseOrderJob   - 定时任务，超时30分钟订单关闭，暂无超时未支付订单 orderIds is null
26-07-31.10:50:15.077 [SpringApplicationShutdownHook] INFO  HikariDataSource       - HikariPool-1 - Shutdown initiated...
26-07-31.10:50:15.088 [SpringApplicationShutdownHook] INFO  HikariDataSource       - HikariPool-1 - Shutdown completed.
26-07-31.10:50:18.882 [main            ] INFO  Application            - Starting Application using Java 11.0.31 on ASUS with PID 21132 (D:\code\s-pay-mall-ddd-cc\s-pay-mall-ddd-app\target\classes started by 13267 in D:\code\s-pay-mall-ddd-cc)
26-07-31.10:50:18.884 [background-preinit] INFO  Version                - HV000001: Hibernate Validator 6.2.5.Final
26-07-31.10:50:18.885 [main            ] INFO  Application            - The following 1 profile is active: "dev"
26-07-31.10:50:19.779 [main            ] INFO  RepositoryConfigurationDelegate - Multiple Spring Data modules found, entering strict repository configuration mode
26-07-31.10:50:19.780 [main            ] INFO  RepositoryConfigurationDelegate - Bootstrapping Spring Data Redis repositories in DEFAULT mode.
26-07-31.10:50:19.830 [main            ] INFO  RepositoryConfigurationDelegate - Finished Spring Data repository scanning in 35 ms. Found 0 Redis repository interfaces.
26-07-31.10:50:20.720 [main            ] INFO  TomcatWebServer        - Tomcat initialized with port(s): 8080 (http)
26-07-31.10:50:20.729 [main            ] INFO  Http11NioProtocol      - Initializing ProtocolHandler ["http-nio-8080"]
26-07-31.10:50:20.729 [main            ] INFO  StandardService        - Starting service [Tomcat]
26-07-31.10:50:20.729 [main            ] INFO  StandardEngine         - Starting Servlet engine: [Apache Tomcat/9.0.75]
26-07-31.10:50:20.846 [main            ] INFO  [/]                    - Initializing Spring embedded WebApplicationContext
26-07-31.10:50:20.846 [main            ] INFO  ServletWebServerApplicationContext - Root WebApplicationContext: initialization completed in 1928 ms
26-07-31.10:50:21.809 [main            ] INFO  Version                - Redisson 3.26.0
26-07-31.10:50:22.381 [redisson-netty-1-5] INFO  ConnectionsHolder      - 1 connections initialized for localhost/127.0.0.1:6379
26-07-31.10:50:22.469 [redisson-netty-1-20] INFO  ConnectionsHolder      - 24 connections initialized for localhost/127.0.0.1:6379
26-07-31.10:50:22.765 [main            ] INFO  EndpointLinksResolver  - Exposing 1 endpoint(s) beneath base path '/actuator'
26-07-31.10:50:22.786 [main            ] INFO  Http11NioProtocol      - Starting ProtocolHandler ["http-nio-8080"]
26-07-31.10:50:22.796 [main            ] INFO  TomcatWebServer        - Tomcat started on port(s): 8080 (http) with context path ''
26-07-31.10:50:22.811 [main            ] INFO  Application            - Started Application in 4.331 seconds (JVM running for 4.688)
26-07-31.10:50:24.029 [scheduling-1    ] INFO  HikariDataSource       - HikariPool-1 - Starting...
26-07-31.10:50:24.175 [scheduling-1    ] INFO  HikariDataSource       - HikariPool-1 - Start completed.
26-07-31.10:50:29.576 [http-nio-8080-exec-2] INFO  [/]                    - Initializing Spring DispatcherServlet 'dispatcherServlet'
26-07-31.10:50:29.577 [http-nio-8080-exec-2] INFO  DispatcherServlet      - Initializing Servlet 'dispatcherServlet'
26-07-31.10:50:29.578 [http-nio-8080-exec-2] INFO  DispatcherServlet      - Completed initialization in 1 ms
26-07-31.10:58:26.078 [SpringApplicationShutdownHook] INFO  HikariDataSource       - HikariPool-1 - Shutdown initiated...
26-07-31.10:58:26.088 [SpringApplicationShutdownHook] INFO  HikariDataSource       - HikariPool-1 - Shutdown completed.
26-07-31.10:58:31.482 [main            ] INFO  Application            - Starting Application using Java 11.0.31 on ASUS with PID 6944 (D:\code\s-pay-mall-ddd-cc\s-pay-mall-ddd-app\target\classes started by 13267 in D:\code\s-pay-mall-ddd-cc)
26-07-31.10:58:31.483 [background-preinit] INFO  Version                - HV000001: Hibernate Validator 6.2.5.Final
26-07-31.10:58:31.484 [main            ] INFO  Application            - The following 1 profile is active: "dev"
26-07-31.10:58:32.277 [main            ] INFO  RepositoryConfigurationDelegate - Multiple Spring Data modules found, entering strict repository configuration mode
26-07-31.10:58:32.280 [main            ] INFO  RepositoryConfigurationDelegate - Bootstrapping Spring Data Redis repositories in DEFAULT mode.
26-07-31.10:58:32.325 [main            ] INFO  RepositoryConfigurationDelegate - Finished Spring Data repository scanning in 34 ms. Found 0 Redis repository interfaces.
26-07-31.10:58:33.156 [main            ] INFO  TomcatWebServer        - Tomcat initialized with port(s): 8080 (http)
26-07-31.10:58:33.162 [main            ] INFO  Http11NioProtocol      - Initializing ProtocolHandler ["http-nio-8080"]
26-07-31.10:58:33.163 [main            ] INFO  StandardService        - Starting service [Tomcat]
26-07-31.10:58:33.163 [main            ] INFO  StandardEngine         - Starting Servlet engine: [Apache Tomcat/9.0.75]
26-07-31.10:58:33.278 [main            ] INFO  [/]                    - Initializing Spring embedded WebApplicationContext
26-07-31.10:58:33.278 [main            ] INFO  ServletWebServerApplicationContext - Root WebApplicationContext: initialization completed in 1762 ms
26-07-31.10:58:34.245 [main            ] INFO  Version                - Redisson 3.26.0
26-07-31.10:58:34.848 [redisson-netty-1-5] INFO  ConnectionsHolder      - 1 connections initialized for localhost/127.0.0.1:6379
26-07-31.10:58:34.934 [redisson-netty-1-20] INFO  ConnectionsHolder      - 24 connections initialized for localhost/127.0.0.1:6379
26-07-31.10:58:35.213 [main            ] INFO  EndpointLinksResolver  - Exposing 1 endpoint(s) beneath base path '/actuator'
26-07-31.10:58:35.229 [main            ] INFO  Http11NioProtocol      - Starting ProtocolHandler ["http-nio-8080"]
26-07-31.10:58:35.238 [main            ] INFO  TomcatWebServer        - Tomcat started on port(s): 8080 (http) with context path ''
26-07-31.10:58:35.250 [main            ] INFO  Application            - Started Application in 4.162 seconds (JVM running for 4.52)
26-07-31.10:58:36.026 [scheduling-1    ] INFO  HikariDataSource       - HikariPool-1 - Starting...
26-07-31.10:58:36.174 [scheduling-1    ] INFO  HikariDataSource       - HikariPool-1 - Start completed.
26-07-31.10:58:40.993 [http-nio-8080-exec-2] INFO  [/]                    - Initializing Spring DispatcherServlet 'dispatcherServlet'
26-07-31.10:58:40.993 [http-nio-8080-exec-2] INFO  DispatcherServlet      - Initializing Servlet 'dispatcherServlet'
26-07-31.10:58:40.994 [http-nio-8080-exec-2] INFO  DispatcherServlet      - Completed initialization in 1 ms
26-07-31.10:58:41.157 [http-nio-8080-exec-2] INFO  MaterialStockController - 流水线原料出库开始 id:1 request:MaterialStockQuantityRequest(quantity=10, reason=确认生产消耗)
26-07-31.10:58:51.433 [http-nio-8080-exec-3] INFO  MaterialStockController - 锁定原料库存开始 id:1 request:MaterialStockQuantityRequest(quantity=10, reason=预占生产原料)
26-07-31.10:58:51.440 [http-nio-8080-exec-3] INFO  MaterialStockController - 锁定原料库存完成 id:1
26-07-31.10:58:53.844 [http-nio-8080-exec-4] INFO  MaterialStockController - 流水线原料出库开始 id:1 request:MaterialStockQuantityRequest(quantity=10, reason=确认生产消耗)
26-07-31.10:58:53.850 [http-nio-8080-exec-4] INFO  MaterialStockController - 流水线原料出库完成 id:1 lockedQty:0.00 totalQty:90.00
26-07-31.11:00:00.009 [scheduling-1    ] INFO  TimeoutCloseOrderJob   - 定时任务，超时30分钟订单关闭，暂无超时未支付订单 orderIds is null
26-07-31.11:10:00.008 [scheduling-1    ] INFO  TimeoutCloseOrderJob   - 定时任务，超时30分钟订单关闭，暂无超时未支付订单 orderIds is null
26-07-31.11:20:00.005 [scheduling-1    ] INFO  TimeoutCloseOrderJob   - 定时任务，超时30分钟订单关闭，暂无超时未支付订单 orderIds is null
26-07-31.11:30:00.007 [scheduling-1    ] INFO  TimeoutCloseOrderJob   - 定时任务，超时30分钟订单关闭，暂无超时未支付订单 orderIds is null
26-07-31.11:40:00.006 [scheduling-1    ] INFO  TimeoutCloseOrderJob   - 定时任务，超时30分钟订单关闭，暂无超时未支付订单 orderIds is null
26-07-31.11:50:00.004 [scheduling-1    ] INFO  TimeoutCloseOrderJob   - 定时任务，超时30分钟订单关闭，暂无超时未支付订单 orderIds is null
26-07-31.12:00:00.011 [scheduling-1    ] INFO  TimeoutCloseOrderJob   - 定时任务，超时30分钟订单关闭，暂无超时未支付订单 orderIds is null
26-07-31.12:10:00.004 [scheduling-1    ] INFO  TimeoutCloseOrderJob   - 定时任务，超时30分钟订单关闭，暂无超时未支付订单 orderIds is null
26-07-31.12:20:00.006 [scheduling-1    ] INFO  TimeoutCloseOrderJob   - 定时任务，超时30分钟订单关闭，暂无超时未支付订单 orderIds is null
26-07-31.12:30:00.010 [scheduling-1    ] INFO  TimeoutCloseOrderJob   - 定时任务，超时30分钟订单关闭，暂无超时未支付订单 orderIds is null
26-07-31.12:40:00.003 [scheduling-1    ] INFO  TimeoutCloseOrderJob   - 定时任务，超时30分钟订单关闭，暂无超时未支付订单 orderIds is null
26-07-31.12:50:00.014 [scheduling-1    ] INFO  TimeoutCloseOrderJob   - 定时任务，超时30分钟订单关闭，暂无超时未支付订单 orderIds is null
26-07-31.13:00:00.009 [scheduling-1    ] INFO  TimeoutCloseOrderJob   - 定时任务，超时30分钟订单关闭，暂无超时未支付订单 orderIds is null
26-07-31.13:10:00.017 [scheduling-1    ] INFO  TimeoutCloseOrderJob   - 定时任务，超时30分钟订单关闭，暂无超时未支付订单 orderIds is null
26-07-31.13:20:00.003 [scheduling-1    ] INFO  TimeoutCloseOrderJob   - 定时任务，超时30分钟订单关闭，暂无超时未支付订单 orderIds is null
26-07-31.13:30:00.010 [scheduling-1    ] INFO  TimeoutCloseOrderJob   - 定时任务，超时30分钟订单关闭，暂无超时未支付订单 orderIds is null
26-07-31.13:40:00.014 [scheduling-1    ] INFO  TimeoutCloseOrderJob   - 定时任务，超时30分钟订单关闭，暂无超时未支付订单 orderIds is null
26-07-31.13:50:00.004 [scheduling-1    ] INFO  TimeoutCloseOrderJob   - 定时任务，超时30分钟订单关闭，暂无超时未支付订单 orderIds is null
26-07-31.14:00:00.011 [scheduling-1    ] INFO  TimeoutCloseOrderJob   - 定时任务，超时30分钟订单关闭，暂无超时未支付订单 orderIds is null
26-07-31.14:10:00.011 [scheduling-1    ] INFO  TimeoutCloseOrderJob   - 定时任务，超时30分钟订单关闭，暂无超时未支付订单 orderIds is null
26-07-31.14:20:00.002 [scheduling-1    ] INFO  TimeoutCloseOrderJob   - 定时任务，超时30分钟订单关闭，暂无超时未支付订单 orderIds is null
26-07-31.14:30:00.009 [scheduling-1    ] INFO  TimeoutCloseOrderJob   - 定时任务，超时30分钟订单关闭，暂无超时未支付订单 orderIds is null
26-07-31.14:40:00.016 [scheduling-1    ] INFO  TimeoutCloseOrderJob   - 定时任务，超时30分钟订单关闭，暂无超时未支付订单 orderIds is null
26-07-31.14:50:00.006 [scheduling-1    ] INFO  TimeoutCloseOrderJob   - 定时任务，超时30分钟订单关闭，暂无超时未支付订单 orderIds is null
26-07-31.14:55:47.871 [HikariPool-1 housekeeper] WARN  HikariPool             - HikariPool-1 - Thread starvation or clock leap detected (housekeeper delta=4m37s893ms81µs200ns).
26-07-31.15:00:00.009 [scheduling-1    ] INFO  TimeoutCloseOrderJob   - 定时任务，超时30分钟订单关闭，暂无超时未支付订单 orderIds is null
26-07-31.15:10:00.009 [scheduling-1    ] INFO  TimeoutCloseOrderJob   - 定时任务，超时30分钟订单关闭，暂无超时未支付订单 orderIds is null
26-07-31.15:20:00.004 [scheduling-1    ] INFO  TimeoutCloseOrderJob   - 定时任务，超时30分钟订单关闭，暂无超时未支付订单 orderIds is null
26-07-31.15:30:00.008 [scheduling-1    ] INFO  TimeoutCloseOrderJob   - 定时任务，超时30分钟订单关闭，暂无超时未支付订单 orderIds is null
26-07-31.15:32:05.564 [SpringApplicationShutdownHook] INFO  HikariDataSource       - HikariPool-1 - Shutdown initiated...
26-07-31.15:32:05.573 [SpringApplicationShutdownHook] INFO  HikariDataSource       - HikariPool-1 - Shutdown completed.
26-07-31.15:32:11.986 [main            ] INFO  Application            - Starting Application using Java 11.0.31 on ASUS with PID 21280 (D:\code\s-pay-mall-ddd-cc\s-pay-mall-ddd-app\target\classes started by 13267 in D:\code\s-pay-mall-ddd-cc)
26-07-31.15:32:11.989 [main            ] INFO  Application            - The following 1 profile is active: "dev"
26-07-31.15:32:11.990 [background-preinit] INFO  Version                - HV000001: Hibernate Validator 6.2.5.Final
26-07-31.15:32:12.893 [main            ] INFO  RepositoryConfigurationDelegate - Multiple Spring Data modules found, entering strict repository configuration mode
26-07-31.15:32:12.895 [main            ] INFO  RepositoryConfigurationDelegate - Bootstrapping Spring Data Redis repositories in DEFAULT mode.
26-07-31.15:32:12.941 [main            ] INFO  RepositoryConfigurationDelegate - Finished Spring Data repository scanning in 34 ms. Found 0 Redis repository interfaces.
26-07-31.15:32:13.769 [main            ] INFO  TomcatWebServer        - Tomcat initialized with port(s): 8080 (http)
26-07-31.15:32:13.777 [main            ] INFO  Http11NioProtocol      - Initializing ProtocolHandler ["http-nio-8080"]
26-07-31.15:32:13.778 [main            ] INFO  StandardService        - Starting service [Tomcat]
26-07-31.15:32:13.778 [main            ] INFO  StandardEngine         - Starting Servlet engine: [Apache Tomcat/9.0.75]
26-07-31.15:32:13.905 [main            ] INFO  [/]                    - Initializing Spring embedded WebApplicationContext
26-07-31.15:32:13.905 [main            ] INFO  ServletWebServerApplicationContext - Root WebApplicationContext: initialization completed in 1880 ms
26-07-31.15:32:14.945 [main            ] INFO  Version                - Redisson 3.26.0
26-07-31.15:32:15.544 [redisson-netty-1-5] INFO  ConnectionsHolder      - 1 connections initialized for localhost/127.0.0.1:6379
26-07-31.15:32:15.619 [redisson-netty-1-20] INFO  ConnectionsHolder      - 24 connections initialized for localhost/127.0.0.1:6379
26-07-31.15:32:15.910 [main            ] INFO  EndpointLinksResolver  - Exposing 1 endpoint(s) beneath base path '/actuator'
26-07-31.15:32:15.927 [main            ] INFO  Http11NioProtocol      - Starting ProtocolHandler ["http-nio-8080"]
26-07-31.15:32:15.936 [main            ] INFO  TomcatWebServer        - Tomcat started on port(s): 8080 (http) with context path ''
26-07-31.15:32:15.949 [main            ] INFO  Application            - Started Application in 4.406 seconds (JVM running for 4.8)
26-07-31.15:32:18.029 [scheduling-1    ] INFO  HikariDataSource       - HikariPool-1 - Starting...
26-07-31.15:32:18.382 [scheduling-1    ] INFO  HikariDataSource       - HikariPool-1 - Start completed.
26-07-31.15:33:22.777 [http-nio-8080-exec-2] INFO  [/]                    - Initializing Spring DispatcherServlet 'dispatcherServlet'
26-07-31.15:33:22.778 [http-nio-8080-exec-2] INFO  DispatcherServlet      - Initializing Servlet 'dispatcherServlet'
26-07-31.15:33:22.779 [http-nio-8080-exec-2] INFO  DispatcherServlet      - Completed initialization in 1 ms
26-07-31.15:33:22.943 [http-nio-8080-exec-2] INFO  MaterialStockController - 原料入库开始 request:MaterialStockInboundRequest(materialId=1, storageAddress=A区-原料架-02, inboundQty=100, reason=采购进货)
26-07-31.15:33:22.993 [http-nio-8080-exec-2] INFO  MaterialStockController - 原料入库完成 materialId:1 storageAddress:A区-原料架-02
26-07-31.15:38:15.083 [http-nio-8080-exec-5] INFO  MaterialStockAllocationController - 创建原料库存分配单开始 request:MaterialStockAllocationCreateRequest(requestStockId=1, quantity=60, reason=测试跨库分配)
26-07-31.15:38:15.127 [http-nio-8080-exec-5] INFO  MaterialStockAllocationController - 创建原料库存分配单完成 allocationNo:MSA202607311538153041 requestStockId:1 quantity:60
26-07-31.15:40:00.019 [scheduling-1    ] INFO  TimeoutCloseOrderJob   - 定时任务，超时30分钟订单关闭，暂无超时未支付订单 orderIds is null
26-07-31.15:48:17.877 [SpringApplicationShutdownHook] INFO  HikariDataSource       - HikariPool-1 - Shutdown initiated...
26-07-31.15:48:17.888 [SpringApplicationShutdownHook] INFO  HikariDataSource       - HikariPool-1 - Shutdown completed.
26-07-31.15:56:12.012 [background-preinit] INFO  Version                - HV000001: Hibernate Validator 6.2.5.Final
26-07-31.15:56:12.016 [main            ] INFO  Application            - Starting Application using Java 11.0.31 on ASUS with PID 15312 (D:\code\s-pay-mall-ddd-cc\s-pay-mall-ddd-app\target\classes started by 13267 in D:\code\s-pay-mall-ddd-cc)
26-07-31.15:56:12.017 [main            ] INFO  Application            - The following 1 profile is active: "dev"
26-07-31.15:56:13.040 [main            ] INFO  RepositoryConfigurationDelegate - Multiple Spring Data modules found, entering strict repository configuration mode
26-07-31.15:56:13.043 [main            ] INFO  RepositoryConfigurationDelegate - Bootstrapping Spring Data Redis repositories in DEFAULT mode.
26-07-31.15:56:13.090 [main            ] INFO  RepositoryConfigurationDelegate - Finished Spring Data repository scanning in 32 ms. Found 0 Redis repository interfaces.
26-07-31.15:56:13.921 [main            ] INFO  TomcatWebServer        - Tomcat initialized with port(s): 8080 (http)
26-07-31.15:56:13.930 [main            ] INFO  Http11NioProtocol      - Initializing ProtocolHandler ["http-nio-8080"]
26-07-31.15:56:13.931 [main            ] INFO  StandardService        - Starting service [Tomcat]
26-07-31.15:56:13.931 [main            ] INFO  StandardEngine         - Starting Servlet engine: [Apache Tomcat/9.0.75]
26-07-31.15:56:14.048 [main            ] INFO  [/]                    - Initializing Spring embedded WebApplicationContext
26-07-31.15:56:14.048 [main            ] INFO  ServletWebServerApplicationContext - Root WebApplicationContext: initialization completed in 1989 ms
26-07-31.15:56:15.075 [main            ] INFO  Version                - Redisson 3.26.0
26-07-31.15:56:15.661 [redisson-netty-1-6] INFO  ConnectionsHolder      - 1 connections initialized for localhost/127.0.0.1:6379
26-07-31.15:56:15.730 [redisson-netty-1-20] INFO  ConnectionsHolder      - 24 connections initialized for localhost/127.0.0.1:6379
26-07-31.15:56:16.025 [main            ] INFO  EndpointLinksResolver  - Exposing 1 endpoint(s) beneath base path '/actuator'
26-07-31.15:56:16.043 [main            ] INFO  Http11NioProtocol      - Starting ProtocolHandler ["http-nio-8080"]
26-07-31.15:56:16.053 [main            ] INFO  TomcatWebServer        - Tomcat started on port(s): 8080 (http) with context path ''
26-07-31.15:56:16.066 [main            ] INFO  Application            - Started Application in 4.513 seconds (JVM running for 4.937)
26-07-31.15:56:18.025 [scheduling-1    ] INFO  HikariDataSource       - HikariPool-1 - Starting...
26-07-31.15:56:18.187 [scheduling-1    ] INFO  HikariDataSource       - HikariPool-1 - Start completed.
26-07-31.15:57:42.373 [http-nio-8080-exec-2] INFO  [/]                    - Initializing Spring DispatcherServlet 'dispatcherServlet'
26-07-31.15:57:42.373 [http-nio-8080-exec-2] INFO  DispatcherServlet      - Initializing Servlet 'dispatcherServlet'
26-07-31.15:57:42.374 [http-nio-8080-exec-2] INFO  DispatcherServlet      - Completed initialization in 1 ms
26-07-31.15:57:42.390 [http-nio-8080-exec-2] ERROR GlobalExceptionHandler - 系统异常
org.springframework.web.HttpRequestMethodNotSupportedException: Request method 'POST' not supported
	at org.springframework.web.servlet.mvc.method.RequestMappingInfoHandlerMapping.handleNoMatch(RequestMappingInfoHandlerMapping.java:260)
	at org.springframework.web.servlet.handler.AbstractHandlerMethodMapping.lookupHandlerMethod(AbstractHandlerMethodMapping.java:442)
	at org.springframework.web.servlet.handler.AbstractHandlerMethodMapping.getHandlerInternal(AbstractHandlerMethodMapping.java:383)
	at org.springframework.web.servlet.mvc.method.RequestMappingInfoHandlerMapping.getHandlerInternal(RequestMappingInfoHandlerMapping.java:125)
	at org.springframework.web.servlet.mvc.method.RequestMappingInfoHandlerMapping.getHandlerInternal(RequestMappingInfoHandlerMapping.java:67)
	at org.springframework.web.servlet.handler.AbstractHandlerMapping.getHandler(AbstractHandlerMapping.java:498)
	at org.springframework.web.servlet.DispatcherServlet.getHandler(DispatcherServlet.java:1266)
	at org.springframework.web.servlet.DispatcherServlet.doDispatch(DispatcherServlet.java:1048)
	at org.springframework.web.servlet.DispatcherServlet.doService(DispatcherServlet.java:965)
	at org.springframework.web.servlet.FrameworkServlet.processRequest(FrameworkServlet.java:1006)
	at org.springframework.web.servlet.FrameworkServlet.doPost(FrameworkServlet.java:909)
	at javax.servlet.http.HttpServlet.service(HttpServlet.java:555)
	at org.springframework.web.servlet.FrameworkServlet.service(FrameworkServlet.java:883)
	at javax.servlet.http.HttpServlet.service(HttpServlet.java:623)
	at org.apache.catalina.core.ApplicationFilterChain.internalDoFilter(ApplicationFilterChain.java:209)
	at org.apache.catalina.core.ApplicationFilterChain.doFilter(ApplicationFilterChain.java:153)
	at org.apache.tomcat.websocket.server.WsFilter.doFilter(WsFilter.java:51)
	at org.apache.catalina.core.ApplicationFilterChain.internalDoFilter(ApplicationFilterChain.java:178)
	at org.apache.catalina.core.ApplicationFilterChain.doFilter(ApplicationFilterChain.java:153)
	at org.springframework.web.filter.RequestContextFilter.doFilterInternal(RequestContextFilter.java:100)
	at org.springframework.web.filter.OncePerRequestFilter.doFilter(OncePerRequestFilter.java:117)
	at org.apache.catalina.core.ApplicationFilterChain.internalDoFilter(ApplicationFilterChain.java:178)
	at org.apache.catalina.core.ApplicationFilterChain.doFilter(ApplicationFilterChain.java:153)
	at org.springframework.web.filter.FormContentFilter.doFilterInternal(FormContentFilter.java:93)
	at org.springframework.web.filter.OncePerRequestFilter.doFilter(OncePerRequestFilter.java:117)
	at org.apache.catalina.core.ApplicationFilterChain.internalDoFilter(ApplicationFilterChain.java:178)
	at org.apache.catalina.core.ApplicationFilterChain.doFilter(ApplicationFilterChain.java:153)
	at org.springframework.boot.actuate.metrics.web.servlet.WebMvcMetricsFilter.doFilterInternal(WebMvcMetricsFilter.java:96)
	at org.springframework.web.filter.OncePerRequestFilter.doFilter(OncePerRequestFilter.java:117)
	at org.apache.catalina.core.ApplicationFilterChain.internalDoFilter(ApplicationFilterChain.java:178)
	at org.apache.catalina.core.ApplicationFilterChain.doFilter(ApplicationFilterChain.java:153)
	at org.springframework.web.filter.CharacterEncodingFilter.doFilterInternal(CharacterEncodingFilter.java:201)
	at org.springframework.web.filter.OncePerRequestFilter.doFilter(OncePerRequestFilter.java:117)
	at org.apache.catalina.core.ApplicationFilterChain.internalDoFilter(ApplicationFilterChain.java:178)
	at org.apache.catalina.core.ApplicationFilterChain.doFilter(ApplicationFilterChain.java:153)
	at org.apache.catalina.core.StandardWrapperValve.invoke(StandardWrapperValve.java:167)
	at org.apache.catalina.core.StandardContextValve.invoke(StandardContextValve.java:90)
	at org.apache.catalina.authenticator.AuthenticatorBase.invoke(AuthenticatorBase.java:481)
	at org.apache.catalina.core.StandardHostValve.invoke(StandardHostValve.java:130)
	at org.apache.catalina.valves.ErrorReportValve.invoke(ErrorReportValve.java:93)
	at org.apache.catalina.core.StandardEngineValve.invoke(StandardEngineValve.java:74)
	at org.apache.catalina.connector.CoyoteAdapter.service(CoyoteAdapter.java:343)
	at org.apache.coyote.http11.Http11Processor.service(Http11Processor.java:390)
	at org.apache.coyote.AbstractProcessorLight.process(AbstractProcessorLight.java:63)
	at org.apache.coyote.AbstractProtocol$ConnectionHandler.process(AbstractProtocol.java:926)
	at org.apache.tomcat.util.net.NioEndpoint$SocketProcessor.doRun(NioEndpoint.java:1791)
	at org.apache.tomcat.util.net.SocketProcessorBase.run(SocketProcessorBase.java:52)
	at org.apache.tomcat.util.threads.ThreadPoolExecutor.runWorker(ThreadPoolExecutor.java:1191)
	at org.apache.tomcat.util.threads.ThreadPoolExecutor$Worker.run(ThreadPoolExecutor.java:659)
	at org.apache.tomcat.util.threads.TaskThread$WrappingRunnable.run(TaskThread.java:61)
	at java.base/java.lang.Thread.run(Thread.java:829)
26-07-31.15:57:51.195 [http-nio-8080-exec-4] INFO  MaterialStockAllocationController - 查询原料库存分配单详情开始 allocationNo:1
26-07-31.15:57:51.202 [http-nio-8080-exec-4] INFO  MaterialStockAllocationController - 查询原料库存分配单详情完成 allocationNo：1
26-07-31.15:58:16.532 [SpringApplicationShutdownHook] INFO  HikariDataSource       - HikariPool-1 - Shutdown initiated...
26-07-31.15:58:16.543 [SpringApplicationShutdownHook] INFO  HikariDataSource       - HikariPool-1 - Shutdown completed.
26-07-31.15:58:19.189 [main            ] INFO  Application            - Starting Application using Java 11.0.31 on ASUS with PID 22320 (D:\code\s-pay-mall-ddd-cc\s-pay-mall-ddd-app\target\classes started by 13267 in D:\code\s-pay-mall-ddd-cc)
26-07-31.15:58:19.189 [background-preinit] INFO  Version                - HV000001: Hibernate Validator 6.2.5.Final
26-07-31.15:58:19.193 [main            ] INFO  Application            - The following 1 profile is active: "dev"
26-07-31.15:58:19.960 [main            ] INFO  RepositoryConfigurationDelegate - Multiple Spring Data modules found, entering strict repository configuration mode
26-07-31.15:58:19.961 [main            ] INFO  RepositoryConfigurationDelegate - Bootstrapping Spring Data Redis repositories in DEFAULT mode.
26-07-31.15:58:20.008 [main            ] INFO  RepositoryConfigurationDelegate - Finished Spring Data repository scanning in 34 ms. Found 0 Redis repository interfaces.
26-07-31.15:58:20.793 [main            ] INFO  TomcatWebServer        - Tomcat initialized with port(s): 8080 (http)
26-07-31.15:58:20.925 [main            ] INFO  ServletWebServerApplicationContext - Root WebApplicationContext: initialization completed in 1692 ms
26-07-31.15:58:21.891 [main            ] INFO  Version                - Redisson 3.26.0
26-07-31.15:58:22.429 [redisson-netty-1-6] INFO  ConnectionsHolder      - 1 connections initialized for localhost/127.0.0.1:6379
26-07-31.15:58:22.496 [redisson-netty-1-20] INFO  ConnectionsHolder      - 24 connections initialized for localhost/127.0.0.1:6379
26-07-31.15:58:22.807 [main            ] INFO  EndpointLinksResolver  - Exposing 1 endpoint(s) beneath base path '/actuator'
26-07-31.15:58:22.836 [main            ] INFO  TomcatWebServer        - Tomcat started on port(s): 8080 (http) with context path ''
26-07-31.15:58:22.849 [main            ] INFO  Application            - Started Application in 4.171 seconds (JVM running for 4.941)
26-07-31.15:58:30.765 [background-preinit] INFO  Version                - HV000001: Hibernate Validator 6.2.5.Final
26-07-31.15:58:30.764 [main            ] INFO  Application            - Starting Application using Java 11.0.31 on ASUS with PID 15224 (D:\code\s-pay-mall-ddd-cc\s-pay-mall-ddd-app\target\classes started by 13267 in D:\code\s-pay-mall-ddd-cc)
26-07-31.15:58:30.767 [main            ] INFO  Application            - The following 1 profile is active: "dev"
26-07-31.15:58:31.617 [main            ] INFO  RepositoryConfigurationDelegate - Multiple Spring Data modules found, entering strict repository configuration mode
26-07-31.15:58:31.618 [main            ] INFO  RepositoryConfigurationDelegate - Bootstrapping Spring Data Redis repositories in DEFAULT mode.
26-07-31.15:58:31.665 [main            ] INFO  RepositoryConfigurationDelegate - Finished Spring Data repository scanning in 36 ms. Found 0 Redis repository interfaces.
26-07-31.15:58:32.475 [main            ] INFO  TomcatWebServer        - Tomcat initialized with port(s): 8080 (http)
26-07-31.15:58:32.483 [main            ] INFO  Http11NioProtocol      - Initializing ProtocolHandler ["http-nio-8080"]
26-07-31.15:58:32.483 [main            ] INFO  StandardService        - Starting service [Tomcat]
26-07-31.15:58:32.483 [main            ] INFO  StandardEngine         - Starting Servlet engine: [Apache Tomcat/9.0.75]
26-07-31.15:58:32.617 [main            ] INFO  [/]                    - Initializing Spring embedded WebApplicationContext
26-07-31.15:58:32.617 [main            ] INFO  ServletWebServerApplicationContext - Root WebApplicationContext: initialization completed in 1808 ms
26-07-31.15:58:33.689 [main            ] INFO  Version                - Redisson 3.26.0
26-07-31.15:58:34.320 [redisson-netty-1-5] INFO  ConnectionsHolder      - 1 connections initialized for localhost/127.0.0.1:6379
26-07-31.15:58:34.443 [redisson-netty-1-20] INFO  ConnectionsHolder      - 24 connections initialized for localhost/127.0.0.1:6379
26-07-31.15:58:34.855 [main            ] INFO  EndpointLinksResolver  - Exposing 1 endpoint(s) beneath base path '/actuator'
26-07-31.15:58:34.879 [main            ] INFO  Http11NioProtocol      - Starting ProtocolHandler ["http-nio-8080"]
26-07-31.15:58:34.890 [main            ] INFO  TomcatWebServer        - Tomcat started on port(s): 8080 (http) with context path ''
26-07-31.15:58:34.905 [main            ] INFO  Application            - Started Application in 4.631 seconds (JVM running for 5.128)
26-07-31.15:58:36.031 [scheduling-1    ] INFO  HikariDataSource       - HikariPool-1 - Starting...
26-07-31.15:58:36.216 [scheduling-1    ] INFO  HikariDataSource       - HikariPool-1 - Start completed.
26-07-31.15:58:36.527 [http-nio-8080-exec-3] INFO  [/]                    - Initializing Spring DispatcherServlet 'dispatcherServlet'
26-07-31.15:58:36.528 [http-nio-8080-exec-3] INFO  DispatcherServlet      - Initializing Servlet 'dispatcherServlet'
26-07-31.15:58:36.530 [http-nio-8080-exec-3] INFO  DispatcherServlet      - Completed initialization in 2 ms
26-07-31.15:58:36.649 [http-nio-8080-exec-3] INFO  MaterialStockAllocationController - 查询原料库存分配单详情开始 allocationNo:1
26-07-31.15:59:25.569 [HikariPool-1 housekeeper] WARN  HikariPool             - HikariPool-1 - Thread starvation or clock leap detected (housekeeper delta=49s245ms147µs700ns).
26-07-31.15:59:25.580 [http-nio-8080-exec-3] INFO  MaterialStockAllocationController - 查询原料库存分配单详情完成 allocationNo：1
26-07-31.15:59:25.921 [SpringApplicationShutdownHook] INFO  HikariDataSource       - HikariPool-1 - Shutdown initiated...
26-07-31.15:59:25.935 [SpringApplicationShutdownHook] INFO  HikariDataSource       - HikariPool-1 - Shutdown completed.
26-07-31.15:59:28.165 [background-preinit] INFO  Version                - HV000001: Hibernate Validator 6.2.5.Final
26-07-31.15:59:28.168 [main            ] INFO  Application            - Starting Application using Java 11.0.31 on ASUS with PID 14324 (D:\code\s-pay-mall-ddd-cc\s-pay-mall-ddd-app\target\classes started by 13267 in D:\code\s-pay-mall-ddd-cc)
26-07-31.15:59:28.169 [main            ] INFO  Application            - The following 1 profile is active: "dev"
26-07-31.15:59:29.123 [main            ] INFO  RepositoryConfigurationDelegate - Multiple Spring Data modules found, entering strict repository configuration mode
26-07-31.15:59:29.124 [main            ] INFO  RepositoryConfigurationDelegate - Bootstrapping Spring Data Redis repositories in DEFAULT mode.
26-07-31.15:59:29.173 [main            ] INFO  RepositoryConfigurationDelegate - Finished Spring Data repository scanning in 36 ms. Found 0 Redis repository interfaces.
26-07-31.15:59:30.067 [main            ] INFO  TomcatWebServer        - Tomcat initialized with port(s): 8080 (http)
26-07-31.15:59:30.076 [main            ] INFO  Http11NioProtocol      - Initializing ProtocolHandler ["http-nio-8080"]
26-07-31.15:59:30.076 [main            ] INFO  StandardService        - Starting service [Tomcat]
26-07-31.15:59:30.076 [main            ] INFO  StandardEngine         - Starting Servlet engine: [Apache Tomcat/9.0.75]
26-07-31.15:59:30.266 [main            ] INFO  [/]                    - Initializing Spring embedded WebApplicationContext
26-07-31.15:59:30.266 [main            ] INFO  ServletWebServerApplicationContext - Root WebApplicationContext: initialization completed in 2055 ms
26-07-31.15:59:31.450 [main            ] INFO  Version                - Redisson 3.26.0
26-07-31.15:59:32.014 [redisson-netty-1-5] INFO  ConnectionsHolder      - 1 connections initialized for localhost/127.0.0.1:6379
26-07-31.15:59:32.092 [redisson-netty-1-20] INFO  ConnectionsHolder      - 24 connections initialized for localhost/127.0.0.1:6379
26-07-31.15:59:32.420 [main            ] INFO  EndpointLinksResolver  - Exposing 1 endpoint(s) beneath base path '/actuator'
26-07-31.15:59:32.439 [main            ] INFO  Http11NioProtocol      - Starting ProtocolHandler ["http-nio-8080"]
26-07-31.15:59:32.449 [main            ] INFO  TomcatWebServer        - Tomcat started on port(s): 8080 (http) with context path ''
26-07-31.15:59:32.462 [main            ] INFO  Application            - Started Application in 4.782 seconds (JVM running for 5.344)
26-07-31.15:59:33.021 [scheduling-1    ] INFO  HikariDataSource       - HikariPool-1 - Starting...
26-07-31.15:59:33.212 [scheduling-1    ] INFO  HikariDataSource       - HikariPool-1 - Start completed.
26-07-31.15:59:33.295 [http-nio-8080-exec-2] INFO  [/]                    - Initializing Spring DispatcherServlet 'dispatcherServlet'
26-07-31.15:59:33.295 [http-nio-8080-exec-2] INFO  DispatcherServlet      - Initializing Servlet 'dispatcherServlet'
26-07-31.15:59:33.297 [http-nio-8080-exec-2] INFO  DispatcherServlet      - Completed initialization in 2 ms
26-07-31.15:59:33.424 [http-nio-8080-exec-2] INFO  MaterialStockAllocationController - 查询原料库存分配单详情开始 allocationNo:1
26-07-31.15:59:43.323 [http-nio-8080-exec-2] INFO  MaterialStockAllocationController - 查询原料库存分配单详情完成 allocationNo：1
26-07-31.15:59:59.278 [SpringApplicationShutdownHook] INFO  HikariDataSource       - HikariPool-1 - Shutdown initiated...
26-07-31.15:59:59.290 [SpringApplicationShutdownHook] INFO  HikariDataSource       - HikariPool-1 - Shutdown completed.
26-07-31.16:01:02.393 [background-preinit] INFO  Version                - HV000001: Hibernate Validator 6.2.5.Final
26-07-31.16:01:02.393 [main            ] INFO  Application            - Starting Application using Java 11.0.31 on ASUS with PID 26520 (D:\code\s-pay-mall-ddd-cc\s-pay-mall-ddd-app\target\classes started by 13267 in D:\code\s-pay-mall-ddd-cc)
26-07-31.16:01:02.397 [main            ] INFO  Application            - The following 1 profile is active: "dev"
26-07-31.16:01:03.235 [main            ] INFO  RepositoryConfigurationDelegate - Multiple Spring Data modules found, entering strict repository configuration mode
26-07-31.16:01:03.236 [main            ] INFO  RepositoryConfigurationDelegate - Bootstrapping Spring Data Redis repositories in DEFAULT mode.
26-07-31.16:01:03.282 [main            ] INFO  RepositoryConfigurationDelegate - Finished Spring Data repository scanning in 35 ms. Found 0 Redis repository interfaces.
26-07-31.16:01:04.091 [main            ] INFO  TomcatWebServer        - Tomcat initialized with port(s): 8080 (http)
26-07-31.16:01:04.099 [main            ] INFO  Http11NioProtocol      - Initializing ProtocolHandler ["http-nio-8080"]
26-07-31.16:01:04.100 [main            ] INFO  StandardService        - Starting service [Tomcat]
26-07-31.16:01:04.100 [main            ] INFO  StandardEngine         - Starting Servlet engine: [Apache Tomcat/9.0.75]
26-07-31.16:01:04.231 [main            ] INFO  [/]                    - Initializing Spring embedded WebApplicationContext
26-07-31.16:01:04.231 [main            ] INFO  ServletWebServerApplicationContext - Root WebApplicationContext: initialization completed in 1794 ms
26-07-31.16:01:05.260 [main            ] INFO  Version                - Redisson 3.26.0
26-07-31.16:01:05.820 [redisson-netty-1-5] INFO  ConnectionsHolder      - 1 connections initialized for localhost/127.0.0.1:6379
26-07-31.16:01:05.895 [redisson-netty-1-20] INFO  ConnectionsHolder      - 24 connections initialized for localhost/127.0.0.1:6379
26-07-31.16:01:06.209 [main            ] INFO  EndpointLinksResolver  - Exposing 1 endpoint(s) beneath base path '/actuator'
26-07-31.16:01:06.229 [main            ] INFO  Http11NioProtocol      - Starting ProtocolHandler ["http-nio-8080"]
26-07-31.16:01:06.238 [main            ] INFO  TomcatWebServer        - Tomcat started on port(s): 8080 (http) with context path ''
26-07-31.16:01:06.251 [main            ] INFO  Application            - Started Application in 4.326 seconds (JVM running for 4.794)
26-07-31.16:01:09.031 [scheduling-1    ] INFO  HikariDataSource       - HikariPool-1 - Starting...
26-07-31.16:01:09.247 [scheduling-1    ] INFO  HikariDataSource       - HikariPool-1 - Start completed.
26-07-31.16:01:10.209 [http-nio-8080-exec-2] INFO  [/]                    - Initializing Spring DispatcherServlet 'dispatcherServlet'
26-07-31.16:01:10.209 [http-nio-8080-exec-2] INFO  DispatcherServlet      - Initializing Servlet 'dispatcherServlet'
26-07-31.16:01:10.210 [http-nio-8080-exec-2] INFO  DispatcherServlet      - Completed initialization in 1 ms
26-07-31.16:01:10.329 [http-nio-8080-exec-2] INFO  MaterialStockAllocationController - 查询原料库存分配单详情开始 allocationNo:1
26-07-31.16:05:40.840 [HikariPool-1 housekeeper] WARN  HikariPool             - HikariPool-1 - Thread starvation or clock leap detected (housekeeper delta=4m31s484ms139µs).
26-07-31.16:05:40.842 [http-nio-8080-exec-2] INFO  MaterialStockAllocationController - 查询原料库存分配单详情完成 allocationNo：1
26-07-31.16:05:41.170 [redisson-netty-1-4] ERROR ErrorsLoggingHandler   - Exception occured. Channel: [id: 0x6f82ece4, L:/127.0.0.1:49913 - R:localhost/127.0.0.1:6379]
java.io.IOException: 远程主机强迫关闭了一个现有的连接。
	at java.base/sun.nio.ch.SocketDispatcher.read0(Native Method)
	at java.base/sun.nio.ch.SocketDispatcher.read(SocketDispatcher.java:43)
	at java.base/sun.nio.ch.IOUtil.readIntoNativeBuffer(IOUtil.java:276)
	at java.base/sun.nio.ch.IOUtil.read(IOUtil.java:233)
	at java.base/sun.nio.ch.IOUtil.read(IOUtil.java:223)
	at java.base/sun.nio.ch.SocketChannelImpl.read(SocketChannelImpl.java:356)
	at io.netty.buffer.PooledByteBuf.setBytes(PooledByteBuf.java:256)
	at io.netty.buffer.AbstractByteBuf.writeBytes(AbstractByteBuf.java:1132)
	at io.netty.channel.socket.nio.NioSocketChannel.doReadBytes(NioSocketChannel.java:357)
	at io.netty.channel.nio.AbstractNioByteChannel$NioByteUnsafe.read(AbstractNioByteChannel.java:151)
	at io.netty.channel.nio.NioEventLoop.processSelectedKey(NioEventLoop.java:788)
	at io.netty.channel.nio.NioEventLoop.processSelectedKeysOptimized(NioEventLoop.java:724)
	at io.netty.channel.nio.NioEventLoop.processSelectedKeys(NioEventLoop.java:650)
	at io.netty.channel.nio.NioEventLoop.run(NioEventLoop.java:562)
	at io.netty.util.concurrent.SingleThreadEventExecutor$4.run(SingleThreadEventExecutor.java:997)
	at io.netty.util.internal.ThreadExecutorMap$2.run(ThreadExecutorMap.java:74)
	at io.netty.util.concurrent.FastThreadLocalRunnable.run(FastThreadLocalRunnable.java:30)
	at java.base/java.lang.Thread.run(Thread.java:829)
26-07-31.16:05:41.185 [SpringApplicationShutdownHook] INFO  HikariDataSource       - HikariPool-1 - Shutdown initiated...
26-07-31.16:05:41.197 [SpringApplicationShutdownHook] INFO  HikariDataSource       - HikariPool-1 - Shutdown completed.
26-07-31.16:05:45.517 [main            ] INFO  Application            - Starting Application using Java 11.0.31 on ASUS with PID 11440 (D:\code\s-pay-mall-ddd-cc\s-pay-mall-ddd-app\target\classes started by 13267 in D:\code\s-pay-mall-ddd-cc)
26-07-31.16:05:45.517 [background-preinit] INFO  Version                - HV000001: Hibernate Validator 6.2.5.Final
26-07-31.16:05:45.520 [main            ] INFO  Application            - The following 1 profile is active: "dev"
26-07-31.16:05:46.377 [main            ] INFO  RepositoryConfigurationDelegate - Multiple Spring Data modules found, entering strict repository configuration mode
26-07-31.16:05:46.379 [main            ] INFO  RepositoryConfigurationDelegate - Bootstrapping Spring Data Redis repositories in DEFAULT mode.
26-07-31.16:05:46.431 [main            ] INFO  RepositoryConfigurationDelegate - Finished Spring Data repository scanning in 38 ms. Found 0 Redis repository interfaces.
26-07-31.16:05:47.332 [main            ] INFO  TomcatWebServer        - Tomcat initialized with port(s): 8080 (http)
26-07-31.16:05:47.342 [main            ] INFO  Http11NioProtocol      - Initializing ProtocolHandler ["http-nio-8080"]
26-07-31.16:05:47.343 [main            ] INFO  StandardService        - Starting service [Tomcat]
26-07-31.16:05:47.343 [main            ] INFO  StandardEngine         - Starting Servlet engine: [Apache Tomcat/9.0.75]
26-07-31.16:05:47.498 [main            ] INFO  [/]                    - Initializing Spring embedded WebApplicationContext
26-07-31.16:05:47.499 [main            ] INFO  ServletWebServerApplicationContext - Root WebApplicationContext: initialization completed in 1942 ms
26-07-31.16:05:48.515 [main            ] INFO  Version                - Redisson 3.26.0
26-07-31.16:05:49.062 [redisson-netty-1-5] INFO  ConnectionsHolder      - 1 connections initialized for localhost/127.0.0.1:6379
26-07-31.16:05:49.170 [redisson-netty-1-20] INFO  ConnectionsHolder      - 24 connections initialized for localhost/127.0.0.1:6379
26-07-31.16:05:49.472 [main            ] INFO  EndpointLinksResolver  - Exposing 1 endpoint(s) beneath base path '/actuator'
26-07-31.16:05:49.492 [main            ] INFO  Http11NioProtocol      - Starting ProtocolHandler ["http-nio-8080"]
26-07-31.16:05:49.502 [main            ] INFO  TomcatWebServer        - Tomcat started on port(s): 8080 (http) with context path ''
26-07-31.16:05:49.516 [main            ] INFO  Application            - Started Application in 4.551 seconds (JVM running for 5.013)
26-07-31.16:05:51.030 [scheduling-1    ] INFO  HikariDataSource       - HikariPool-1 - Starting...
26-07-31.16:05:51.225 [scheduling-1    ] INFO  HikariDataSource       - HikariPool-1 - Start completed.
26-07-31.16:05:55.081 [http-nio-8080-exec-2] INFO  [/]                    - Initializing Spring DispatcherServlet 'dispatcherServlet'
26-07-31.16:05:55.081 [http-nio-8080-exec-2] INFO  DispatcherServlet      - Initializing Servlet 'dispatcherServlet'
26-07-31.16:05:55.083 [http-nio-8080-exec-2] INFO  DispatcherServlet      - Completed initialization in 2 ms
26-07-31.16:05:55.206 [http-nio-8080-exec-2] INFO  MaterialStockAllocationController - 查询原料库存分配单详情开始 allocationNo:MSA202607311538153041
26-07-31.16:06:45.153 [http-nio-8080-exec-2] INFO  MaterialStockAllocationController - 查询原料库存分配单详情完成 allocationNo：MSA202607311538153041
26-07-31.16:07:05.582 [SpringApplicationShutdownHook] INFO  HikariDataSource       - HikariPool-1 - Shutdown initiated...
26-07-31.16:07:05.593 [SpringApplicationShutdownHook] INFO  HikariDataSource       - HikariPool-1 - Shutdown completed.
26-07-31.16:07:19.127 [main            ] INFO  Application            - Starting Application using Java 11.0.31 on ASUS with PID 14348 (D:\code\s-pay-mall-ddd-cc\s-pay-mall-ddd-app\target\classes started by 13267 in D:\code\s-pay-mall-ddd-cc)
26-07-31.16:07:19.127 [background-preinit] INFO  Version                - HV000001: Hibernate Validator 6.2.5.Final
26-07-31.16:07:19.129 [main            ] INFO  Application            - The following 1 profile is active: "dev"
26-07-31.16:07:19.889 [main            ] INFO  RepositoryConfigurationDelegate - Multiple Spring Data modules found, entering strict repository configuration mode
26-07-31.16:07:19.891 [main            ] INFO  RepositoryConfigurationDelegate - Bootstrapping Spring Data Redis repositories in DEFAULT mode.
26-07-31.16:07:19.934 [main            ] INFO  RepositoryConfigurationDelegate - Finished Spring Data repository scanning in 33 ms. Found 0 Redis repository interfaces.
26-07-31.16:07:20.698 [main            ] INFO  TomcatWebServer        - Tomcat initialized with port(s): 8080 (http)
26-07-31.16:07:20.704 [main            ] INFO  Http11NioProtocol      - Initializing ProtocolHandler ["http-nio-8080"]
26-07-31.16:07:20.705 [main            ] INFO  StandardService        - Starting service [Tomcat]
26-07-31.16:07:20.705 [main            ] INFO  StandardEngine         - Starting Servlet engine: [Apache Tomcat/9.0.75]
26-07-31.16:07:20.812 [main            ] INFO  [/]                    - Initializing Spring embedded WebApplicationContext
26-07-31.16:07:20.812 [main            ] INFO  ServletWebServerApplicationContext - Root WebApplicationContext: initialization completed in 1649 ms
26-07-31.16:07:21.750 [main            ] INFO  Version                - Redisson 3.26.0
26-07-31.16:07:22.297 [redisson-netty-1-5] INFO  ConnectionsHolder      - 1 connections initialized for localhost/127.0.0.1:6379
26-07-31.16:07:22.377 [redisson-netty-1-20] INFO  ConnectionsHolder      - 24 connections initialized for localhost/127.0.0.1:6379
26-07-31.16:07:22.638 [main            ] INFO  EndpointLinksResolver  - Exposing 1 endpoint(s) beneath base path '/actuator'
26-07-31.16:07:22.653 [main            ] INFO  Http11NioProtocol      - Starting ProtocolHandler ["http-nio-8080"]
26-07-31.16:07:22.662 [main            ] INFO  TomcatWebServer        - Tomcat started on port(s): 8080 (http) with context path ''
26-07-31.16:07:22.673 [main            ] INFO  Application            - Started Application in 3.942 seconds (JVM running for 4.29)
26-07-31.16:07:24.033 [scheduling-1    ] INFO  HikariDataSource       - HikariPool-1 - Starting...
26-07-31.16:07:24.191 [scheduling-1    ] INFO  HikariDataSource       - HikariPool-1 - Start completed.
26-07-31.16:07:26.181 [http-nio-8080-exec-3] INFO  [/]                    - Initializing Spring DispatcherServlet 'dispatcherServlet'
26-07-31.16:07:26.181 [http-nio-8080-exec-3] INFO  DispatcherServlet      - Initializing Servlet 'dispatcherServlet'
26-07-31.16:07:26.182 [http-nio-8080-exec-3] INFO  DispatcherServlet      - Completed initialization in 0 ms
26-07-31.16:07:26.289 [http-nio-8080-exec-3] INFO  MaterialStockAllocationController - 查询原料库存分配单详情开始 allocationNo:MSA202607311538153041
26-07-31.16:07:26.304 [http-nio-8080-exec-3] INFO  MaterialStockAllocationController - 查询原料库存分配单详情完成 allocationNo：MSA202607311538153041
26-07-31.16:10:00.018 [scheduling-1    ] INFO  TimeoutCloseOrderJob   - 定时任务，超时30分钟订单关闭，暂无超时未支付订单 orderIds is null
26-07-31.16:20:00.013 [scheduling-1    ] INFO  TimeoutCloseOrderJob   - 定时任务，超时30分钟订单关闭，暂无超时未支付订单 orderIds is null
26-07-31.16:25:42.310 [HikariPool-1 housekeeper] WARN  HikariPool             - HikariPool-1 - Thread starvation or clock leap detected (housekeeper delta=2m17s720ms461µs400ns).
26-07-31.16:30:00.012 [scheduling-1    ] INFO  TimeoutCloseOrderJob   - 定时任务，超时30分钟订单关闭，暂无超时未支付订单 orderIds is null
26-07-31.16:40:00.004 [scheduling-1    ] INFO  TimeoutCloseOrderJob   - 定时任务，超时30分钟订单关闭，暂无超时未支付订单 orderIds is null
26-07-31.16:41:26.179 [SpringApplicationShutdownHook] INFO  HikariDataSource       - HikariPool-1 - Shutdown initiated...
26-07-31.16:41:26.196 [SpringApplicationShutdownHook] INFO  HikariDataSource       - HikariPool-1 - Shutdown completed.
26-07-31.16:42:42.051 [main            ] INFO  Application            - Starting Application using Java 11.0.31 on ASUS with PID 35020 (D:\code\s-pay-mall-ddd-cc\s-pay-mall-ddd-app\target\classes started by 13267 in D:\code\s-pay-mall-ddd-cc)
26-07-31.16:42:42.053 [background-preinit] INFO  Version                - HV000001: Hibernate Validator 6.2.5.Final
26-07-31.16:42:42.053 [main            ] INFO  Application            - The following 1 profile is active: "dev"
26-07-31.16:42:42.934 [main            ] INFO  RepositoryConfigurationDelegate - Multiple Spring Data modules found, entering strict repository configuration mode
26-07-31.16:42:42.936 [main            ] INFO  RepositoryConfigurationDelegate - Bootstrapping Spring Data Redis repositories in DEFAULT mode.
26-07-31.16:42:42.983 [main            ] INFO  RepositoryConfigurationDelegate - Finished Spring Data repository scanning in 36 ms. Found 0 Redis repository interfaces.
26-07-31.16:42:44.041 [main            ] INFO  TomcatWebServer        - Tomcat initialized with port(s): 8080 (http)
26-07-31.16:42:44.049 [main            ] INFO  Http11NioProtocol      - Initializing ProtocolHandler ["http-nio-8080"]
26-07-31.16:42:44.049 [main            ] INFO  StandardService        - Starting service [Tomcat]
26-07-31.16:42:44.050 [main            ] INFO  StandardEngine         - Starting Servlet engine: [Apache Tomcat/9.0.75]
26-07-31.16:42:44.174 [main            ] INFO  [/]                    - Initializing Spring embedded WebApplicationContext
26-07-31.16:42:44.174 [main            ] INFO  ServletWebServerApplicationContext - Root WebApplicationContext: initialization completed in 2085 ms
26-07-31.16:42:45.339 [main            ] INFO  Version                - Redisson 3.26.0
26-07-31.16:42:45.943 [redisson-netty-1-5] INFO  ConnectionsHolder      - 1 connections initialized for localhost/127.0.0.1:6379
26-07-31.16:42:46.020 [redisson-netty-1-20] INFO  ConnectionsHolder      - 24 connections initialized for localhost/127.0.0.1:6379
26-07-31.16:42:46.320 [main            ] INFO  EndpointLinksResolver  - Exposing 1 endpoint(s) beneath base path '/actuator'
26-07-31.16:42:46.340 [main            ] INFO  Http11NioProtocol      - Starting ProtocolHandler ["http-nio-8080"]
26-07-31.16:42:46.349 [main            ] INFO  TomcatWebServer        - Tomcat started on port(s): 8080 (http) with context path ''
26-07-31.16:42:46.364 [main            ] INFO  Application            - Started Application in 4.733 seconds (JVM running for 5.152)
26-07-31.16:42:48.021 [scheduling-1    ] INFO  HikariDataSource       - HikariPool-1 - Starting...
26-07-31.16:42:48.220 [scheduling-1    ] INFO  HikariDataSource       - HikariPool-1 - Start completed.
26-07-31.16:44:16.589 [http-nio-8080-exec-2] INFO  [/]                    - Initializing Spring DispatcherServlet 'dispatcherServlet'
26-07-31.16:44:16.589 [http-nio-8080-exec-2] INFO  DispatcherServlet      - Initializing Servlet 'dispatcherServlet'
26-07-31.16:44:16.590 [http-nio-8080-exec-2] INFO  DispatcherServlet      - Completed initialization in 1 ms
26-07-31.16:44:16.703 [http-nio-8080-exec-2] INFO  MaterialStockAllocationController - 原料库存分配单-按ID查询原料库存分配单详情开始 id:1
26-07-31.16:44:16.734 [http-nio-8080-exec-2] INFO  MaterialStockAllocationController - 原料库存分配单-按ID查询原料库存分配单详情完成 id:1
26-07-31.16:45:52.523 [http-nio-8080-exec-3] INFO  MaterialStockAllocationController - 原料库存分配单-锁定原料库存分配单开始 allocationNo:MSA202607311538153041
26-07-31.16:45:52.558 [http-nio-8080-exec-3] INFO  MaterialStockAllocationController - 原料库存分配单-锁定原料库存分配单完成 allocationNo:MSA202607311538153041
26-07-31.16:45:59.876 [http-nio-8080-exec-6] INFO  MaterialStockAllocationController - 原料库存分配单-锁定原料库存分配单开始 allocationNo:MSA202607311538153041
26-07-31.16:50:00.002 [scheduling-1    ] INFO  TimeoutCloseOrderJob   - 定时任务，超时30分钟订单关闭，暂无超时未支付订单 orderIds is null
26-07-31.16:51:26.950 [SpringApplicationShutdownHook] INFO  HikariDataSource       - HikariPool-1 - Shutdown initiated...
26-07-31.16:51:26.961 [SpringApplicationShutdownHook] INFO  HikariDataSource       - HikariPool-1 - Shutdown completed.
26-07-31.16:51:30.680 [background-preinit] INFO  Version                - HV000001: Hibernate Validator 6.2.5.Final
26-07-31.16:51:30.679 [main            ] INFO  Application            - Starting Application using Java 11.0.31 on ASUS with PID 37160 (D:\code\s-pay-mall-ddd-cc\s-pay-mall-ddd-app\target\classes started by 13267 in D:\code\s-pay-mall-ddd-cc)
26-07-31.16:51:30.682 [main            ] INFO  Application            - The following 1 profile is active: "dev"
26-07-31.16:51:31.501 [main            ] INFO  RepositoryConfigurationDelegate - Multiple Spring Data modules found, entering strict repository configuration mode
26-07-31.16:51:31.502 [main            ] INFO  RepositoryConfigurationDelegate - Bootstrapping Spring Data Redis repositories in DEFAULT mode.
26-07-31.16:51:31.548 [main            ] INFO  RepositoryConfigurationDelegate - Finished Spring Data repository scanning in 34 ms. Found 0 Redis repository interfaces.
26-07-31.16:51:32.323 [main            ] INFO  TomcatWebServer        - Tomcat initialized with port(s): 8080 (http)
26-07-31.16:51:32.329 [main            ] INFO  Http11NioProtocol      - Initializing ProtocolHandler ["http-nio-8080"]
26-07-31.16:51:32.330 [main            ] INFO  StandardService        - Starting service [Tomcat]
26-07-31.16:51:32.330 [main            ] INFO  StandardEngine         - Starting Servlet engine: [Apache Tomcat/9.0.75]
26-07-31.16:51:32.450 [main            ] INFO  [/]                    - Initializing Spring embedded WebApplicationContext
26-07-31.16:51:32.450 [main            ] INFO  ServletWebServerApplicationContext - Root WebApplicationContext: initialization completed in 1730 ms
26-07-31.16:51:33.346 [main            ] INFO  Version                - Redisson 3.26.0
26-07-31.16:51:33.899 [redisson-netty-1-5] INFO  ConnectionsHolder      - 1 connections initialized for localhost/127.0.0.1:6379
26-07-31.16:51:33.962 [redisson-netty-1-20] INFO  ConnectionsHolder      - 24 connections initialized for localhost/127.0.0.1:6379
26-07-31.16:51:34.246 [main            ] INFO  EndpointLinksResolver  - Exposing 1 endpoint(s) beneath base path '/actuator'
26-07-31.16:51:34.262 [main            ] INFO  Http11NioProtocol      - Starting ProtocolHandler ["http-nio-8080"]
26-07-31.16:51:34.271 [main            ] INFO  TomcatWebServer        - Tomcat started on port(s): 8080 (http) with context path ''
26-07-31.16:51:34.283 [main            ] INFO  Application            - Started Application in 3.976 seconds (JVM running for 4.339)
26-07-31.16:51:36.031 [scheduling-1    ] INFO  HikariDataSource       - HikariPool-1 - Starting...
26-07-31.16:51:36.173 [scheduling-1    ] INFO  HikariDataSource       - HikariPool-1 - Start completed.
26-07-31.16:51:59.762 [http-nio-8080-exec-2] INFO  [/]                    - Initializing Spring DispatcherServlet 'dispatcherServlet'
26-07-31.16:51:59.762 [http-nio-8080-exec-2] INFO  DispatcherServlet      - Initializing Servlet 'dispatcherServlet'
26-07-31.16:51:59.763 [http-nio-8080-exec-2] INFO  DispatcherServlet      - Completed initialization in 1 ms
26-07-31.16:51:59.876 [http-nio-8080-exec-2] INFO  MaterialStockAllocationController - 释放原料库存分配单开始 allocationNo:MSA202607311538153041
26-07-31.16:52:13.901 [SpringApplicationShutdownHook] INFO  HikariDataSource       - HikariPool-1 - Shutdown initiated...
26-07-31.16:52:13.912 [SpringApplicationShutdownHook] INFO  HikariDataSource       - HikariPool-1 - Shutdown completed.
26-07-31.16:52:17.075 [main            ] INFO  Application            - Starting Application using Java 11.0.31 on ASUS with PID 19464 (D:\code\s-pay-mall-ddd-cc\s-pay-mall-ddd-app\target\classes started by 13267 in D:\code\s-pay-mall-ddd-cc)
26-07-31.16:52:17.077 [background-preinit] INFO  Version                - HV000001: Hibernate Validator 6.2.5.Final
26-07-31.16:52:17.077 [main            ] INFO  Application            - The following 1 profile is active: "dev"
26-07-31.16:52:17.873 [main            ] INFO  RepositoryConfigurationDelegate - Multiple Spring Data modules found, entering strict repository configuration mode
26-07-31.16:52:17.875 [main            ] INFO  RepositoryConfigurationDelegate - Bootstrapping Spring Data Redis repositories in DEFAULT mode.
26-07-31.16:52:17.914 [main            ] INFO  RepositoryConfigurationDelegate - Finished Spring Data repository scanning in 30 ms. Found 0 Redis repository interfaces.
26-07-31.16:52:18.661 [main            ] INFO  TomcatWebServer        - Tomcat initialized with port(s): 8080 (http)
26-07-31.16:52:18.667 [main            ] INFO  Http11NioProtocol      - Initializing ProtocolHandler ["http-nio-8080"]
26-07-31.16:52:18.667 [main            ] INFO  StandardService        - Starting service [Tomcat]
26-07-31.16:52:18.667 [main            ] INFO  StandardEngine         - Starting Servlet engine: [Apache Tomcat/9.0.75]
26-07-31.16:52:18.772 [main            ] INFO  [/]                    - Initializing Spring embedded WebApplicationContext
26-07-31.16:52:18.772 [main            ] INFO  ServletWebServerApplicationContext - Root WebApplicationContext: initialization completed in 1663 ms
26-07-31.16:52:19.663 [main            ] INFO  Version                - Redisson 3.26.0
26-07-31.16:52:20.196 [redisson-netty-1-5] INFO  ConnectionsHolder      - 1 connections initialized for localhost/127.0.0.1:6379
26-07-31.16:52:20.258 [redisson-netty-1-20] INFO  ConnectionsHolder      - 24 connections initialized for localhost/127.0.0.1:6379
26-07-31.16:52:20.502 [main            ] INFO  EndpointLinksResolver  - Exposing 1 endpoint(s) beneath base path '/actuator'
26-07-31.16:52:20.518 [main            ] INFO  Http11NioProtocol      - Starting ProtocolHandler ["http-nio-8080"]
26-07-31.16:52:20.526 [main            ] INFO  TomcatWebServer        - Tomcat started on port(s): 8080 (http) with context path ''
26-07-31.16:52:20.538 [main            ] INFO  Application            - Started Application in 3.836 seconds (JVM running for 4.186)
26-07-31.16:52:21.016 [scheduling-1    ] INFO  HikariDataSource       - HikariPool-1 - Starting...
26-07-31.16:52:21.163 [scheduling-1    ] INFO  HikariDataSource       - HikariPool-1 - Start completed.
26-07-31.16:52:26.428 [http-nio-8080-exec-2] INFO  [/]                    - Initializing Spring DispatcherServlet 'dispatcherServlet'
26-07-31.16:52:26.428 [http-nio-8080-exec-2] INFO  DispatcherServlet      - Initializing Servlet 'dispatcherServlet'
26-07-31.16:52:26.430 [http-nio-8080-exec-2] INFO  DispatcherServlet      - Completed initialization in 2 ms
26-07-31.16:52:26.541 [http-nio-8080-exec-2] INFO  MaterialStockAllocationController - 释放原料库存分配单开始 allocationNo:MSA202607311538153041
26-07-31.16:52:26.579 [http-nio-8080-exec-2] INFO  MaterialStockAllocationController - 原料库存分配单-释放原料库存分配单完成 allocationNo:MSA202607311538153041
26-07-31.16:59:46.877 [SpringApplicationShutdownHook] INFO  HikariDataSource       - HikariPool-1 - Shutdown initiated...
26-07-31.16:59:46.888 [SpringApplicationShutdownHook] INFO  HikariDataSource       - HikariPool-1 - Shutdown completed.
26-07-31.16:59:50.075 [main            ] INFO  Application            - Starting Application using Java 11.0.31 on ASUS with PID 17876 (D:\code\s-pay-mall-ddd-cc\s-pay-mall-ddd-app\target\classes started by 13267 in D:\code\s-pay-mall-ddd-cc)
26-07-31.16:59:50.077 [background-preinit] INFO  Version                - HV000001: Hibernate Validator 6.2.5.Final
26-07-31.16:59:50.077 [main            ] INFO  Application            - The following 1 profile is active: "dev"
26-07-31.16:59:50.841 [main            ] INFO  RepositoryConfigurationDelegate - Multiple Spring Data modules found, entering strict repository configuration mode
26-07-31.16:59:50.843 [main            ] INFO  RepositoryConfigurationDelegate - Bootstrapping Spring Data Redis repositories in DEFAULT mode.
26-07-31.16:59:50.887 [main            ] INFO  RepositoryConfigurationDelegate - Finished Spring Data repository scanning in 33 ms. Found 0 Redis repository interfaces.
26-07-31.16:59:51.656 [main            ] INFO  TomcatWebServer        - Tomcat initialized with port(s): 8080 (http)
26-07-31.16:59:51.663 [main            ] INFO  Http11NioProtocol      - Initializing ProtocolHandler ["http-nio-8080"]
26-07-31.16:59:51.663 [main            ] INFO  StandardService        - Starting service [Tomcat]
26-07-31.16:59:51.664 [main            ] INFO  StandardEngine         - Starting Servlet engine: [Apache Tomcat/9.0.75]
26-07-31.16:59:51.781 [main            ] INFO  [/]                    - Initializing Spring embedded WebApplicationContext
26-07-31.16:59:51.781 [main            ] INFO  ServletWebServerApplicationContext - Root WebApplicationContext: initialization completed in 1671 ms
26-07-31.16:59:52.702 [main            ] INFO  Version                - Redisson 3.26.0
26-07-31.16:59:53.231 [redisson-netty-1-5] INFO  ConnectionsHolder      - 1 connections initialized for localhost/127.0.0.1:6379
26-07-31.16:59:53.294 [redisson-netty-1-20] INFO  ConnectionsHolder      - 24 connections initialized for localhost/127.0.0.1:6379
26-07-31.16:59:53.541 [main            ] INFO  EndpointLinksResolver  - Exposing 1 endpoint(s) beneath base path '/actuator'
26-07-31.16:59:53.558 [main            ] INFO  Http11NioProtocol      - Starting ProtocolHandler ["http-nio-8080"]
26-07-31.16:59:53.565 [main            ] INFO  TomcatWebServer        - Tomcat started on port(s): 8080 (http) with context path ''
26-07-31.16:59:53.578 [main            ] INFO  Application            - Started Application in 3.889 seconds (JVM running for 4.254)
26-07-31.16:59:54.016 [scheduling-1    ] INFO  HikariDataSource       - HikariPool-1 - Starting...
26-07-31.16:59:54.176 [scheduling-1    ] INFO  HikariDataSource       - HikariPool-1 - Start completed.
26-07-31.16:59:58.104 [http-nio-8080-exec-2] INFO  [/]                    - Initializing Spring DispatcherServlet 'dispatcherServlet'
26-07-31.16:59:58.106 [http-nio-8080-exec-2] INFO  DispatcherServlet      - Initializing Servlet 'dispatcherServlet'
26-07-31.16:59:58.106 [http-nio-8080-exec-2] INFO  DispatcherServlet      - Completed initialization in 0 ms
26-07-31.16:59:58.225 [http-nio-8080-exec-2] INFO  MaterialStockAllocationController - 释放原料库存分配单开始 allocationNo:MSA202607311538153041
26-07-31.17:00:00.010 [scheduling-1    ] INFO  TimeoutCloseOrderJob   - 定时任务，超时30分钟订单关闭，暂无超时未支付订单 orderIds is null
26-07-31.17:01:17.786 [SpringApplicationShutdownHook] INFO  HikariDataSource       - HikariPool-1 - Shutdown initiated...
26-07-31.17:01:17.802 [SpringApplicationShutdownHook] INFO  HikariDataSource       - HikariPool-1 - Shutdown completed.
26-07-31.17:01:21.265 [main            ] INFO  Application            - Starting Application using Java 11.0.31 on ASUS with PID 31524 (D:\code\s-pay-mall-ddd-cc\s-pay-mall-ddd-app\target\classes started by 13267 in D:\code\s-pay-mall-ddd-cc)
26-07-31.17:01:21.266 [background-preinit] INFO  Version                - HV000001: Hibernate Validator 6.2.5.Final
26-07-31.17:01:21.267 [main            ] INFO  Application            - The following 1 profile is active: "dev"
26-07-31.17:01:22.052 [main            ] INFO  RepositoryConfigurationDelegate - Multiple Spring Data modules found, entering strict repository configuration mode
26-07-31.17:01:22.053 [main            ] INFO  RepositoryConfigurationDelegate - Bootstrapping Spring Data Redis repositories in DEFAULT mode.
26-07-31.17:01:22.098 [main            ] INFO  RepositoryConfigurationDelegate - Finished Spring Data repository scanning in 33 ms. Found 0 Redis repository interfaces.
26-07-31.17:01:22.889 [main            ] INFO  TomcatWebServer        - Tomcat initialized with port(s): 8080 (http)
26-07-31.17:01:22.894 [main            ] INFO  Http11NioProtocol      - Initializing ProtocolHandler ["http-nio-8080"]
26-07-31.17:01:22.894 [main            ] INFO  StandardService        - Starting service [Tomcat]
26-07-31.17:01:22.894 [main            ] INFO  StandardEngine         - Starting Servlet engine: [Apache Tomcat/9.0.75]
26-07-31.17:01:23.012 [main            ] INFO  [/]                    - Initializing Spring embedded WebApplicationContext
26-07-31.17:01:23.014 [main            ] INFO  ServletWebServerApplicationContext - Root WebApplicationContext: initialization completed in 1707 ms
26-07-31.17:01:23.956 [main            ] INFO  Version                - Redisson 3.26.0
26-07-31.17:01:24.501 [redisson-netty-1-5] INFO  ConnectionsHolder      - 1 connections initialized for localhost/127.0.0.1:6379
26-07-31.17:01:24.567 [redisson-netty-1-20] INFO  ConnectionsHolder      - 24 connections initialized for localhost/127.0.0.1:6379
26-07-31.17:01:24.910 [main            ] INFO  EndpointLinksResolver  - Exposing 1 endpoint(s) beneath base path '/actuator'
26-07-31.17:01:24.932 [main            ] INFO  Http11NioProtocol      - Starting ProtocolHandler ["http-nio-8080"]
26-07-31.17:01:24.944 [main            ] INFO  TomcatWebServer        - Tomcat started on port(s): 8080 (http) with context path ''
26-07-31.17:01:24.961 [main            ] INFO  Application            - Started Application in 4.088 seconds (JVM running for 4.441)
26-07-31.17:01:27.018 [scheduling-1    ] INFO  HikariDataSource       - HikariPool-1 - Starting...
26-07-31.17:01:27.166 [scheduling-1    ] INFO  HikariDataSource       - HikariPool-1 - Start completed.
26-07-31.17:01:28.525 [http-nio-8080-exec-2] INFO  [/]                    - Initializing Spring DispatcherServlet 'dispatcherServlet'
26-07-31.17:01:28.525 [http-nio-8080-exec-2] INFO  DispatcherServlet      - Initializing Servlet 'dispatcherServlet'
26-07-31.17:01:28.526 [http-nio-8080-exec-2] INFO  DispatcherServlet      - Completed initialization in 1 ms
26-07-31.17:01:28.635 [http-nio-8080-exec-2] INFO  MaterialStockAllocationController - 释放原料库存分配单开始 allocationNo:MSA202607311538153041
26-07-31.17:01:50.310 [SpringApplicationShutdownHook] INFO  HikariDataSource       - HikariPool-1 - Shutdown initiated...
26-07-31.17:01:50.320 [SpringApplicationShutdownHook] INFO  HikariDataSource       - HikariPool-1 - Shutdown completed.
26-07-31.17:02:43.855 [main            ] INFO  Application            - Starting Application using Java 11.0.31 on ASUS with PID 16860 (D:\code\s-pay-mall-ddd-cc\s-pay-mall-ddd-app\target\classes started by 13267 in D:\code\s-pay-mall-ddd-cc)
26-07-31.17:02:43.855 [background-preinit] INFO  Version                - HV000001: Hibernate Validator 6.2.5.Final
26-07-31.17:02:43.859 [main            ] INFO  Application            - The following 1 profile is active: "dev"
26-07-31.17:02:45.285 [main            ] INFO  RepositoryConfigurationDelegate - Multiple Spring Data modules found, entering strict repository configuration mode
26-07-31.17:02:45.287 [main            ] INFO  RepositoryConfigurationDelegate - Bootstrapping Spring Data Redis repositories in DEFAULT mode.
26-07-31.17:02:45.344 [main            ] INFO  RepositoryConfigurationDelegate - Finished Spring Data repository scanning in 45 ms. Found 0 Redis repository interfaces.
26-07-31.17:02:46.646 [main            ] INFO  TomcatWebServer        - Tomcat initialized with port(s): 8080 (http)
26-07-31.17:02:46.654 [main            ] INFO  Http11NioProtocol      - Initializing ProtocolHandler ["http-nio-8080"]
26-07-31.17:02:46.654 [main            ] INFO  StandardService        - Starting service [Tomcat]
26-07-31.17:02:46.654 [main            ] INFO  StandardEngine         - Starting Servlet engine: [Apache Tomcat/9.0.75]
26-07-31.17:02:46.800 [main            ] INFO  [/]                    - Initializing Spring embedded WebApplicationContext
26-07-31.17:02:46.800 [main            ] INFO  ServletWebServerApplicationContext - Root WebApplicationContext: initialization completed in 2895 ms
26-07-31.17:02:48.229 [main            ] INFO  Version                - Redisson 3.26.0
26-07-31.17:02:49.033 [redisson-netty-1-5] INFO  ConnectionsHolder      - 1 connections initialized for localhost/127.0.0.1:6379
26-07-31.17:02:49.133 [redisson-netty-1-20] INFO  ConnectionsHolder      - 24 connections initialized for localhost/127.0.0.1:6379
26-07-31.17:02:49.572 [main            ] INFO  EndpointLinksResolver  - Exposing 1 endpoint(s) beneath base path '/actuator'
26-07-31.17:02:49.602 [main            ] INFO  Http11NioProtocol      - Starting ProtocolHandler ["http-nio-8080"]
26-07-31.17:02:49.627 [main            ] INFO  TomcatWebServer        - Tomcat started on port(s): 8080 (http) with context path ''
26-07-31.17:02:49.658 [main            ] INFO  Application            - Started Application in 6.385 seconds (JVM running for 6.9)
26-07-31.17:02:51.034 [scheduling-1    ] INFO  HikariDataSource       - HikariPool-1 - Starting...
26-07-31.17:02:51.364 [scheduling-1    ] INFO  HikariDataSource       - HikariPool-1 - Start completed.
26-07-31.17:02:56.549 [http-nio-8080-exec-3] INFO  [/]                    - Initializing Spring DispatcherServlet 'dispatcherServlet'
26-07-31.17:02:56.549 [http-nio-8080-exec-3] INFO  DispatcherServlet      - Initializing Servlet 'dispatcherServlet'
26-07-31.17:02:56.553 [http-nio-8080-exec-3] INFO  DispatcherServlet      - Completed initialization in 4 ms
26-07-31.17:02:56.690 [http-nio-8080-exec-3] INFO  MaterialStockAllocationController - 释放原料库存分配单开始 allocationNo:MSA202607311538153041
26-07-31.17:04:39.277 [SpringApplicationShutdownHook] INFO  HikariDataSource       - HikariPool-1 - Shutdown initiated...
26-07-31.17:04:39.287 [SpringApplicationShutdownHook] INFO  HikariDataSource       - HikariPool-1 - Shutdown completed.
26-07-31.17:04:42.748 [background-preinit] INFO  Version                - HV000001: Hibernate Validator 6.2.5.Final
26-07-31.17:04:42.748 [main            ] INFO  Application            - Starting Application using Java 11.0.31 on ASUS with PID 13432 (D:\code\s-pay-mall-ddd-cc\s-pay-mall-ddd-app\target\classes started by 13267 in D:\code\s-pay-mall-ddd-cc)
26-07-31.17:04:42.750 [main            ] INFO  Application            - The following 1 profile is active: "dev"
26-07-31.17:04:43.540 [main            ] INFO  RepositoryConfigurationDelegate - Multiple Spring Data modules found, entering strict repository configuration mode
26-07-31.17:04:43.541 [main            ] INFO  RepositoryConfigurationDelegate - Bootstrapping Spring Data Redis repositories in DEFAULT mode.
26-07-31.17:04:43.585 [main            ] INFO  RepositoryConfigurationDelegate - Finished Spring Data repository scanning in 34 ms. Found 0 Redis repository interfaces.
26-07-31.17:04:44.365 [main            ] INFO  TomcatWebServer        - Tomcat initialized with port(s): 8080 (http)
26-07-31.17:04:44.371 [main            ] INFO  Http11NioProtocol      - Initializing ProtocolHandler ["http-nio-8080"]
26-07-31.17:04:44.371 [main            ] INFO  StandardService        - Starting service [Tomcat]
26-07-31.17:04:44.371 [main            ] INFO  StandardEngine         - Starting Servlet engine: [Apache Tomcat/9.0.75]
26-07-31.17:04:44.478 [main            ] INFO  [/]                    - Initializing Spring embedded WebApplicationContext
26-07-31.17:04:44.479 [main            ] INFO  ServletWebServerApplicationContext - Root WebApplicationContext: initialization completed in 1694 ms
26-07-31.17:04:45.404 [main            ] INFO  Version                - Redisson 3.26.0
26-07-31.17:04:45.942 [redisson-netty-1-5] INFO  ConnectionsHolder      - 1 connections initialized for localhost/127.0.0.1:6379
26-07-31.17:04:46.005 [redisson-netty-1-20] INFO  ConnectionsHolder      - 24 connections initialized for localhost/127.0.0.1:6379
26-07-31.17:04:46.260 [main            ] INFO  EndpointLinksResolver  - Exposing 1 endpoint(s) beneath base path '/actuator'
26-07-31.17:04:46.277 [main            ] INFO  Http11NioProtocol      - Starting ProtocolHandler ["http-nio-8080"]
26-07-31.17:04:46.285 [main            ] INFO  TomcatWebServer        - Tomcat started on port(s): 8080 (http) with context path ''
26-07-31.17:04:46.297 [main            ] INFO  Application            - Started Application in 3.951 seconds (JVM running for 4.339)
26-07-31.17:04:48.029 [scheduling-1    ] INFO  HikariDataSource       - HikariPool-1 - Starting...
26-07-31.17:04:48.182 [scheduling-1    ] INFO  HikariDataSource       - HikariPool-1 - Start completed.
26-07-31.17:04:50.086 [http-nio-8080-exec-3] INFO  [/]                    - Initializing Spring DispatcherServlet 'dispatcherServlet'
26-07-31.17:04:50.087 [http-nio-8080-exec-3] INFO  DispatcherServlet      - Initializing Servlet 'dispatcherServlet'
26-07-31.17:04:50.089 [http-nio-8080-exec-3] INFO  DispatcherServlet      - Completed initialization in 2 ms
26-07-31.17:04:50.211 [http-nio-8080-exec-3] INFO  MaterialStockAllocationController - 释放原料库存分配单开始 allocationNo:MSA202607311538153041
26-07-31.17:04:50.263 [http-nio-8080-exec-3] INFO  MaterialStockAllocationController - 原料库存分配单-释放原料库存分配单完成 allocationNo:MSA202607311538153041
26-07-31.17:10:00.017 [scheduling-1    ] INFO  TimeoutCloseOrderJob   - 定时任务，超时30分钟订单关闭，暂无超时未支付订单 orderIds is null
26-07-31.17:14:32.537 [http-nio-8080-exec-5] INFO  MaterialStockAllocationController - 原料库存分配单-锁定原料库存分配单开始 allocationNo:MSA202607311538153041
26-07-31.17:15:26.574 [http-nio-8080-exec-6] INFO  MaterialStockAllocationController - 原料库存分配单-锁定原料库存分配单开始 allocationNo:MSA202607311538153041
26-07-31.17:15:26.588 [http-nio-8080-exec-6] INFO  MaterialStockAllocationController - 原料库存分配单-锁定原料库存分配单完成 allocationNo:MSA202607311538153041
26-07-31.17:15:42.637 [http-nio-8080-exec-9] INFO  MaterialStockAllocationController - 释放原料库存分配单开始 allocationNo:MSA202607311538153041
26-07-31.17:17:43.250 [SpringApplicationShutdownHook] INFO  HikariDataSource       - HikariPool-1 - Shutdown initiated...
26-07-31.17:17:43.263 [SpringApplicationShutdownHook] INFO  HikariDataSource       - HikariPool-1 - Shutdown completed.
26-07-31.17:17:46.717 [main            ] INFO  Application            - Starting Application using Java 11.0.31 on ASUS with PID 39280 (D:\code\s-pay-mall-ddd-cc\s-pay-mall-ddd-app\target\classes started by 13267 in D:\code\s-pay-mall-ddd-cc)
26-07-31.17:17:46.719 [background-preinit] INFO  Version                - HV000001: Hibernate Validator 6.2.5.Final
26-07-31.17:17:46.719 [main            ] INFO  Application            - The following 1 profile is active: "dev"
26-07-31.17:17:47.561 [main            ] INFO  RepositoryConfigurationDelegate - Multiple Spring Data modules found, entering strict repository configuration mode
26-07-31.17:17:47.562 [main            ] INFO  RepositoryConfigurationDelegate - Bootstrapping Spring Data Redis repositories in DEFAULT mode.
26-07-31.17:17:47.606 [main            ] INFO  RepositoryConfigurationDelegate - Finished Spring Data repository scanning in 33 ms. Found 0 Redis repository interfaces.
26-07-31.17:17:48.441 [main            ] INFO  TomcatWebServer        - Tomcat initialized with port(s): 8080 (http)
26-07-31.17:17:48.449 [main            ] INFO  Http11NioProtocol      - Initializing ProtocolHandler ["http-nio-8080"]
26-07-31.17:17:48.451 [main            ] INFO  StandardService        - Starting service [Tomcat]
26-07-31.17:17:48.451 [main            ] INFO  StandardEngine         - Starting Servlet engine: [Apache Tomcat/9.0.75]
26-07-31.17:17:48.569 [main            ] INFO  [/]                    - Initializing Spring embedded WebApplicationContext
26-07-31.17:17:48.569 [main            ] INFO  ServletWebServerApplicationContext - Root WebApplicationContext: initialization completed in 1815 ms
26-07-31.17:17:49.523 [main            ] INFO  Version                - Redisson 3.26.0
26-07-31.17:17:50.120 [redisson-netty-1-5] INFO  ConnectionsHolder      - 1 connections initialized for localhost/127.0.0.1:6379
26-07-31.17:17:50.195 [redisson-netty-1-20] INFO  ConnectionsHolder      - 24 connections initialized for localhost/127.0.0.1:6379
26-07-31.17:17:50.543 [main            ] INFO  EndpointLinksResolver  - Exposing 1 endpoint(s) beneath base path '/actuator'
26-07-31.17:17:50.565 [main            ] INFO  Http11NioProtocol      - Starting ProtocolHandler ["http-nio-8080"]
26-07-31.17:17:50.574 [main            ] INFO  TomcatWebServer        - Tomcat started on port(s): 8080 (http) with context path ''
26-07-31.17:17:50.587 [main            ] INFO  Application            - Started Application in 4.26 seconds (JVM running for 4.629)
26-07-31.17:17:51.019 [scheduling-1    ] INFO  HikariDataSource       - HikariPool-1 - Starting...
26-07-31.17:17:51.179 [scheduling-1    ] INFO  HikariDataSource       - HikariPool-1 - Start completed.
26-07-31.17:17:51.864 [http-nio-8080-exec-2] INFO  [/]                    - Initializing Spring DispatcherServlet 'dispatcherServlet'
26-07-31.17:17:51.864 [http-nio-8080-exec-2] INFO  DispatcherServlet      - Initializing Servlet 'dispatcherServlet'
26-07-31.17:17:51.865 [http-nio-8080-exec-2] INFO  DispatcherServlet      - Completed initialization in 1 ms
26-07-31.17:17:51.992 [http-nio-8080-exec-2] INFO  MaterialStockAllocationController - 释放原料库存分配单开始 allocationNo:MSA202607311538153041
26-07-31.17:17:52.033 [http-nio-8080-exec-2] INFO  MaterialStockAllocationController - 原料库存分配单-释放原料库存分配单完成 allocationNo:MSA202607311538153041
26-07-31.17:18:10.289 [http-nio-8080-exec-3] INFO  MaterialStockAllocationController - 原料库存分配单-锁定原料库存分配单开始 allocationNo:MSA202607311538153041
26-07-31.17:18:10.301 [http-nio-8080-exec-3] INFO  MaterialStockAllocationController - 原料库存分配单-锁定原料库存分配单完成 allocationNo:MSA202607311538153041
26-07-31.17:18:52.796 [http-nio-8080-exec-4] INFO  MaterialStockAllocationController - 释放原料库存分配单开始 allocationNo:MSA202607311538153041
26-07-31.17:18:52.806 [http-nio-8080-exec-4] INFO  MaterialStockAllocationController - 原料库存分配单-释放原料库存分配单完成 allocationNo:MSA202607311538153041
26-07-31.17:20:00.008 [scheduling-1    ] INFO  TimeoutCloseOrderJob   - 定时任务，超时30分钟订单关闭，暂无超时未支付订单 orderIds is null
26-07-31.17:20:00.445 [http-nio-8080-exec-7] INFO  MaterialStockAllocationController - 创建原料库存分配单开始 request:MaterialStockAllocationCreateRequest(requestStockId=1, quantity=60, reason=测试跨库分配)
26-07-31.17:20:39.689 [http-nio-8080-exec-8] INFO  MaterialStockAllocationController - 创建原料库存分配单开始 request:MaterialStockAllocationCreateRequest(requestStockId=1, quantity=60, reason=测试跨库分配)
26-07-31.17:21:47.580 [http-nio-8080-exec-1] INFO  MaterialStockAllocationController - 原料库存分配单-锁定原料库存分配单开始 allocationNo:MSA202607311538153041
26-07-31.17:21:55.366 [http-nio-8080-exec-2] INFO  MaterialStockAllocationController - 原料库存分配单-锁定原料库存分配单开始 allocationNo:MSA202607311538153041
26-07-31.17:22:07.508 [http-nio-8080-exec-3] INFO  MaterialStockAllocationController - 释放原料库存分配单开始 allocationNo:MSA202607311538153041
26-07-31.17:23:06.992 [http-nio-8080-exec-4] INFO  MaterialStockAllocationController - 创建原料库存分配单开始 request:MaterialStockAllocationCreateRequest(requestStockId=1, quantity=60, reason=测试跨库分配)
26-07-31.17:23:37.138 [http-nio-8080-exec-5] INFO  MaterialStockController - 原料入库开始 request:MaterialStockInboundRequest(materialId=1, storageAddress=A区-原料架-01, inboundQty=50, reason=采购进货)
26-07-31.17:23:37.150 [http-nio-8080-exec-5] INFO  MaterialStockController - 原料入库完成 materialId:1 storageAddress:A区-原料架-01
26-07-31.17:23:57.160 [http-nio-8080-exec-6] INFO  MaterialStockController - 原料入库开始 request:MaterialStockInboundRequest(materialId=1, storageAddress=A区-原料架-02, inboundQty=100, reason=采购进货)
26-07-31.17:23:57.166 [http-nio-8080-exec-6] INFO  MaterialStockController - 原料入库完成 materialId:1 storageAddress:A区-原料架-02
26-07-31.17:24:33.972 [http-nio-8080-exec-7] INFO  MaterialStockAllocationController - 创建原料库存分配单开始 request:MaterialStockAllocationCreateRequest(requestStockId=1, quantity=60, reason=测试跨库分配)
26-07-31.17:30:00.005 [scheduling-1    ] INFO  TimeoutCloseOrderJob   - 定时任务，超时30分钟订单关闭，暂无超时未支付订单 orderIds is null
26-07-31.17:47:08.235 [scheduling-1    ] INFO  TimeoutCloseOrderJob   - 定时任务，超时30分钟订单关闭，暂无超时未支付订单 orderIds is null
26-07-31.17:47:13.398 [HikariPool-1 housekeeper] WARN  HikariPool             - HikariPool-1 - Thread starvation or clock leap detected (housekeeper delta=17m21s938ms911µs).
26-07-31.18:00:57.651 [scheduling-1    ] INFO  TimeoutCloseOrderJob   - 定时任务，超时30分钟订单关闭，暂无超时未支付订单 orderIds is null
26-07-31.18:00:58.846 [HikariPool-1 housekeeper] WARN  HikariPool             - HikariPool-1 - Thread starvation or clock leap detected (housekeeper delta=13m45s448ms183µs900ns).
26-07-31.18:10:00.006 [scheduling-1    ] INFO  TimeoutCloseOrderJob   - 定时任务，超时30分钟订单关闭，暂无超时未支付订单 orderIds is null
26-07-31.18:20:00.014 [scheduling-1    ] INFO  TimeoutCloseOrderJob   - 定时任务，超时30分钟订单关闭，暂无超时未支付订单 orderIds is null
26-07-31.18:30:00.008 [scheduling-1    ] INFO  TimeoutCloseOrderJob   - 定时任务，超时30分钟订单关闭，暂无超时未支付订单 orderIds is null
26-07-31.20:26:08.000 [HikariPool-1 housekeeper] WARN  HikariPool             - HikariPool-1 - Thread starvation or clock leap detected (housekeeper delta=1h50m38s563ms766µs900ns).
26-07-31.20:26:08.559 [scheduling-1    ] INFO  TimeoutCloseOrderJob   - 定时任务，超时30分钟订单关闭，暂无超时未支付订单 orderIds is null
26-07-31.20:26:18.026 [SpringApplicationShutdownHook] INFO  HikariDataSource       - HikariPool-1 - Shutdown initiated...
26-07-31.20:26:18.037 [SpringApplicationShutdownHook] INFO  HikariDataSource       - HikariPool-1 - Shutdown completed.
