26-07-28.16:00:44.791 [main            ] INFO  Application            - Starting Application using Java 11.0.31 on ASUS with PID 11604 (D:\code\s-pay-mall-ddd-cc\s-pay-mall-ddd-app\target\classes started by 13267 in D:\code\s-pay-mall-ddd-cc)
26-07-28.16:00:44.795 [main            ] INFO  Application            - The following 1 profile is active: "dev"
26-07-28.16:00:45.748 [main            ] INFO  RepositoryConfigurationDelegate - Multiple Spring Data modules found, entering strict repository configuration mode
26-07-28.16:00:45.749 [main            ] INFO  RepositoryConfigurationDelegate - Bootstrapping Spring Data Redis repositories in DEFAULT mode.
26-07-28.16:00:45.787 [main            ] INFO  RepositoryConfigurationDelegate - Finished Spring Data repository scanning in 21 ms. Found 0 Redis repository interfaces.
26-07-28.16:00:46.599 [main            ] INFO  TomcatWebServer        - Tomcat initialized with port(s): 8080 (http)
26-07-28.16:00:46.608 [main            ] INFO  Http11NioProtocol      - Initializing ProtocolHandler ["http-nio-8080"]
26-07-28.16:00:46.608 [main            ] INFO  StandardService        - Starting service [Tomcat]
26-07-28.16:00:46.609 [main            ] INFO  StandardEngine         - Starting Servlet engine: [Apache Tomcat/9.0.75]
26-07-28.16:00:46.757 [main            ] INFO  [/]                    - Initializing Spring embedded WebApplicationContext
26-07-28.16:00:46.758 [main            ] INFO  ServletWebServerApplicationContext - Root WebApplicationContext: initialization completed in 1913 ms
26-07-28.16:00:47.705 [main            ] INFO  Version                - Redisson 3.26.0
26-07-28.16:00:48.285 [redisson-netty-1-5] INFO  ConnectionsHolder      - 1 connections initialized for localhost/127.0.0.1:6379
26-07-28.16:00:48.364 [redisson-netty-1-20] INFO  ConnectionsHolder      - 24 connections initialized for localhost/127.0.0.1:6379
26-07-28.16:00:48.699 [main            ] INFO  EndpointLinksResolver  - Exposing 1 endpoint(s) beneath base path '/actuator'
26-07-28.16:00:48.716 [main            ] INFO  Http11NioProtocol      - Starting ProtocolHandler ["http-nio-8080"]
26-07-28.16:00:48.725 [main            ] INFO  TomcatWebServer        - Tomcat started on port(s): 8080 (http) with context path ''
26-07-28.16:00:48.740 [main            ] INFO  Application            - Started Application in 4.477 seconds (JVM running for 5.052)
26-07-28.16:00:51.026 [scheduling-1    ] INFO  HikariDataSource       - HikariPool-1 - Starting...
26-07-28.16:00:51.315 [scheduling-1    ] INFO  HikariDataSource       - HikariPool-1 - Start completed.
26-07-28.16:00:52.516 [scheduling-1    ] ERROR err                    - ErrorScene^_^40004^_^ACQ.TRADE_NOT_EXIST^_^null^_^Windows 11^_^2026-07-28 16:00:52^_^ProtocalMustParams:charset=utf-8&method=alipay.trade.query&sign=TVcucOzdM70DU23QguTMi9yQXPYm00E28pIbg5vllfyDAs8VAkjnI5aJs+hoOL+BOOOH3r9fggoehOjLfJc/V8DY3QvN9adJhsFxs2JyeJPxFqYz5GzWxWvNA3vpFerDW6NeM4nREItuKFWeDzopWsAnoZGgvol/tVZAY3Fk2oXC3QkFQNAqLjO1fhEm7536iEw+aM5BdZPzer9CnL4wkDTdVQX4L3o3zzY28dozIP/CXTl5iot57Gg/8jlzlKA7uBjb1GbQ924x+837fekGft19hjayqUE/xu4qTrE5Q0SDxtK02jUbTekI2qYq9MqEaLFTj1YwcnSFcmn9L+mfJA==&version=1.0&app_id=9021000165677275&sign_type=RSA2&timestamp=2026-07-28 16:00:51^_^ProtocalOptParams:alipay_sdk=alipay-sdk-java-4.38.157.ALL&format=json^_^ApplicationParams:traceId=060d6922178522565250020803502569&biz_content={"out_trade_no":"59214591885269"}^_^Body:{"alipay_trade_query_response":{"msg":"Business Failed","code":"40004","out_trade_no":"59214591885269","sub_msg":"交易不存在","sub_code":"ACQ.TRADE_NOT_EXIST","receipt_amount":"0.00","point_amount":"0.00","buyer_pay_amount":"0.00","invoice_amount":"0.00"},"sign":"IlGZ9x5UhNF2eAqdNMzeNXtVmLVeP4WAHqOs3UIoTeNqOZPSKddjkKWyTMN0yOnmdmvXLs65xA8iLe3vMAOcTv3IRc5Ly+sfXiILXIoyDMo48N1nGL00QjpY712N35H3czuLP1upFRYorbFoh87mPrUkchUunF+PEBdfORFul87T4s2hkFE5Fl1M1wxQAAUDsoOdZiXF4N0VIlZn8XpWkwGhUJTSzC4T5bTxJpGdI0AVbbLy9QZu0eXIaXEtwYSVDV1oFLVBE/DEmKpridtTn9/6ZOtOpBhjgylpbP+J+f2SCp37feezNW+mRc7kxKeaJfjjdbn7pTI1TeynheyWLQ=="}^_^22ms,1075ms,22ms^_^trace_id:060d6922178522565250020803502569
26-07-28.16:00:52.516 [scheduling-1    ] INFO  NoPayNotifyOrderJob    - 检测未接收到或未正确处理的支付回调通知，订单未支付成功 orderId:59214591885269 code:40004 tradeStatus:null
26-07-28.16:00:53.010 [scheduling-1    ] ERROR err                    - ErrorScene^_^40004^_^ACQ.TRADE_NOT_EXIST^_^null^_^Windows 11^_^2026-07-28 16:00:53^_^ProtocalMustParams:charset=utf-8&method=alipay.trade.query&sign=asR08wrflm13iCtfqnF8P58UkdN1gu6WZcI6eZzNL2xRwuqxvtJx4DENbRm/vyNH5I+yL2mcft9lVMjNjs4HunCH5EoKcvCIbNV8WxqiapONSDNHuQv2ADq64eMZus7rq8qXGglqzT6LNQj6+wVmZc+MHYKzeqbWSl1E3ZcEQXUCwxtKiPen7Tsn7ogm40c0veUOdtDrlWim73TGOl8ArsafyZe671iBQnip5b6bqxQM1zQylGwhW/0ykPOUyUa4X03bzjbTRNP5tZgkHVHrnfTWar0BnUTj4PM9iGWOXC36aUOUTLsWQPn0mpgmrPv9kS0gIbaMX71qE6UXGI85TQ==&version=1.0&app_id=9021000165677275&sign_type=RSA2&timestamp=2026-07-28 16:00:52^_^ProtocalOptParams:alipay_sdk=alipay-sdk-java-4.38.157.ALL&format=json^_^ApplicationParams:traceId=060001f3178522565326466272231288&biz_content={"out_trade_no":"63015243383423"}^_^Body:{"alipay_trade_query_response":{"msg":"Business Failed","code":"40004","out_trade_no":"63015243383423","sub_msg":"交易不存在","sub_code":"ACQ.TRADE_NOT_EXIST","receipt_amount":"0.00","point_amount":"0.00","buyer_pay_amount":"0.00","invoice_amount":"0.00"},"sign":"j/BKxEaDkp40hVZnDvR3FjkafML/EKkrgK5tm3o7RpXke6JHNNHQj7dtxjFXrid2kn398BXbOviGV9OREaHEsGkNi7IoyBK1JYReqxxHw+KZz8rrBoqtEmOs09WNzTcKyl/5ieUTw21MI9LZ5QoNI9FiQB3n5vdZv5nJ4536haXV/1ocYO4eOii1Wdd47onG0oGH6w7WLvZT+jP9UP1EcysxWQjk4vfPC2p1W/SB9gAsXt/vZ3hDDoI08AIACsojEfWvD71/4rGQQEyT4naQANCIzeGTzHZEfSOYngieu+N8sDW52hL5yDXMIaHr563fJPxX8LcKEtAYz+SGdbzTrw=="}^_^9ms,474ms,10ms^_^trace_id:060001f3178522565326466272231288
26-07-28.16:00:53.010 [scheduling-1    ] INFO  NoPayNotifyOrderJob    - 检测未接收到或未正确处理的支付回调通知，订单未支付成功 orderId:63015243383423 code:40004 tradeStatus:null
26-07-28.16:00:58.225 [scheduling-1    ] ERROR err                    - 2026-07-28 16:00:58^_^alipay.trade.query^_^null^_^192.168.73.1^_^Windows 11^_^alipay-sdk-java-4.38.157.ALL^_^https://openapi-sandbox.dl.alipaydev.com/gateway.do?charset=utf-8&method=alipay.trade.query&sign=TrnlkLGJdE444ztEJJajmpnaBvqnOabmJyhe1KUQtx5VpJH6sllt4fbhFrSozlPSj6%2FbJeCrICTfa97zFQLoLG7%2FuV3p%2B7IVcxj%2FjIME3Y1%2BOyL8qurCplzofY9QpE0GFoFaWJ0xjMEOG63ODsE0VDrL7WiU7se8sSe0lRiuAWhXoHTPapofYvVJbIwdkXA%2B%2BMmtJWSVb6uTGxgAfB8QarY4AMRrWuo1OQa3rN9MuEJ1qmrEuOGI7ZWwKxqdg8XsE94BnuQqSmgGDPMtkWzOmEvbegIugZtJkjEn4PmfJ8yw0QgQFA%2FXVQd4ueDqyW05tQanBl0hV3M8nthLojayAA%3D%3D&version=1.0&app_id=9021000165677275&sign_type=RSA2&timestamp=2026-07-28+16%3A00%3A53&alipay_sdk=alipay-sdk-java-4.38.157.ALL&format=json^_^^_^<!DOCTYPE HTML PUBLIC "-//IETF//DTD HTML 2.0//EN"> <html> <head><title>504 Gateway Time-out</title></head> <body bgcolor="white"> <h1>504 Gateway Time-out</h1> <p>The gateway did not receive a timely response from the upstream server or application. Sorry for the inconvenience.<br/> Please report this message and include the following information to us.<br/> Thank you very much!</p> <table> <tr> <td>URL:</td> <td>http://openapi-sandbox.dl.alipaydev.com/gateway.do?charset=utf-8&amp;method=alipay.trade.query&amp;sign=TrnlkLGJdE444ztEJJajmpnaBvqnOabmJyhe1KUQtx5VpJH6sllt4fbhFrSozlPSj6%2FbJeCrICTfa97zFQLoLG7%2FuV3p%2B7IVcxj%2FjIME3Y1%2BOyL8qurCplzofY9QpE0GFoFaWJ0xjMEOG63ODsE0VDrL7WiU7se8sSe0lRiuAWhXoHTPapofYvVJbIwdkXA%2B%2BMmtJWSVb6uTGxgAfB8QarY4AMRrWuo1OQa3rN9MuEJ1qmrEuOGI7ZWwKxqdg8XsE94BnuQqSmgGDPMtkWzOmEvbegIugZtJkjEn4PmfJ8yw0QgQFA%2FXVQd4ueDqyW05tQanBl0hV3M8nthLojayAA%3D%3D&amp;version=1.0&amp;app_id=9021000165677275&amp;sign_type=RSA2&amp;timestamp=2026-07-28+16%3A00%3A53&amp;alipay_sdk=alipay-sdk-java-4.38.157.ALL&amp;format=json</td> </tr> <tr> <td>Server:</td> <td>openapi-57.rz21a.sandbox.alipay.net</td> </tr> <tr> <td>Date:</td> <td>2026/07/28 16:00:58</td> </tr> </table> <hr/>Powered by Tengine </body> </html> 
26-07-28.16:00:58.226 [scheduling-1    ] ERROR NoPayNotifyOrderJob    - 检测未接收到或未正确处理的支付回调通知失败
com.alipay.api.AlipayApiException: java.io.IOException: <!DOCTYPE HTML PUBLIC "-//IETF//DTD HTML 2.0//EN">
<html>
<head><title>504 Gateway Time-out</title></head>
<body bgcolor="white">
<h1>504 Gateway Time-out</h1>
<p>The gateway did not receive a timely response from the upstream server or application. Sorry for the inconvenience.<br/>
Please report this message and include the following information to us.<br/>
Thank you very much!</p>
<table>
<tr>
<td>URL:</td>
<td>http://openapi-sandbox.dl.alipaydev.com/gateway.do?charset=utf-8&amp;method=alipay.trade.query&amp;sign=TrnlkLGJdE444ztEJJajmpnaBvqnOabmJyhe1KUQtx5VpJH6sllt4fbhFrSozlPSj6%2FbJeCrICTfa97zFQLoLG7%2FuV3p%2B7IVcxj%2FjIME3Y1%2BOyL8qurCplzofY9QpE0GFoFaWJ0xjMEOG63ODsE0VDrL7WiU7se8sSe0lRiuAWhXoHTPapofYvVJbIwdkXA%2B%2BMmtJWSVb6uTGxgAfB8QarY4AMRrWuo1OQa3rN9MuEJ1qmrEuOGI7ZWwKxqdg8XsE94BnuQqSmgGDPMtkWzOmEvbegIugZtJkjEn4PmfJ8yw0QgQFA%2FXVQd4ueDqyW05tQanBl0hV3M8nthLojayAA%3D%3D&amp;version=1.0&amp;app_id=9021000165677275&amp;sign_type=RSA2&amp;timestamp=2026-07-28+16%3A00%3A53&amp;alipay_sdk=alipay-sdk-java-4.38.157.ALL&amp;format=json</td>
</tr>
<tr>
<td>Server:</td>
<td>openapi-57.rz21a.sandbox.alipay.net</td>
</tr>
<tr>
<td>Date:</td>
<td>2026/07/28 16:00:58</td>
</tr>
</table>
<hr/>Powered by Tengine
</body>
</html>

	at com.alipay.api.AbstractAlipayClient.doPost(AbstractAlipayClient.java:1015)
	at com.alipay.api.AbstractAlipayClient._execute(AbstractAlipayClient.java:921)
	at com.alipay.api.AbstractAlipayClient.execute(AbstractAlipayClient.java:395)
	at com.alipay.api.AbstractAlipayClient.execute(AbstractAlipayClient.java:377)
	at com.alipay.api.AbstractAlipayClient.execute(AbstractAlipayClient.java:372)
	at com.alipay.api.AbstractAlipayClient.execute(AbstractAlipayClient.java:366)
	at cn.bugstack.trigger.job.NoPayNotifyOrderJob.exec(NoPayNotifyOrderJob.java:42)
	at java.base/jdk.internal.reflect.NativeMethodAccessorImpl.invoke0(Native Method)
	at java.base/jdk.internal.reflect.NativeMethodAccessorImpl.invoke(NativeMethodAccessorImpl.java:62)
	at java.base/jdk.internal.reflect.DelegatingMethodAccessorImpl.invoke(DelegatingMethodAccessorImpl.java:43)
	at java.base/java.lang.reflect.Method.invoke(Method.java:566)
	at org.springframework.scheduling.support.ScheduledMethodRunnable.run(ScheduledMethodRunnable.java:84)
	at org.springframework.scheduling.support.DelegatingErrorHandlingRunnable.run(DelegatingErrorHandlingRunnable.java:54)
	at org.springframework.scheduling.concurrent.ReschedulingRunnable.run(ReschedulingRunnable.java:95)
	at java.base/java.util.concurrent.Executors$RunnableAdapter.call(Executors.java:515)
	at java.base/java.util.concurrent.FutureTask.run(FutureTask.java:264)
	at java.base/java.util.concurrent.ScheduledThreadPoolExecutor$ScheduledFutureTask.run(ScheduledThreadPoolExecutor.java:304)
	at java.base/java.util.concurrent.ThreadPoolExecutor.runWorker(ThreadPoolExecutor.java:1128)
	at java.base/java.util.concurrent.ThreadPoolExecutor$Worker.run(ThreadPoolExecutor.java:628)
	at java.base/java.lang.Thread.run(Thread.java:829)
Caused by: java.io.IOException: <!DOCTYPE HTML PUBLIC "-//IETF//DTD HTML 2.0//EN">
<html>
<head><title>504 Gateway Time-out</title></head>
<body bgcolor="white">
<h1>504 Gateway Time-out</h1>
<p>The gateway did not receive a timely response from the upstream server or application. Sorry for the inconvenience.<br/>
Please report this message and include the following information to us.<br/>
Thank you very much!</p>
<table>
<tr>
<td>URL:</td>
<td>http://openapi-sandbox.dl.alipaydev.com/gateway.do?charset=utf-8&amp;method=alipay.trade.query&amp;sign=TrnlkLGJdE444ztEJJajmpnaBvqnOabmJyhe1KUQtx5VpJH6sllt4fbhFrSozlPSj6%2FbJeCrICTfa97zFQLoLG7%2FuV3p%2B7IVcxj%2FjIME3Y1%2BOyL8qurCplzofY9QpE0GFoFaWJ0xjMEOG63ODsE0VDrL7WiU7se8sSe0lRiuAWhXoHTPapofYvVJbIwdkXA%2B%2BMmtJWSVb6uTGxgAfB8QarY4AMRrWuo1OQa3rN9MuEJ1qmrEuOGI7ZWwKxqdg8XsE94BnuQqSmgGDPMtkWzOmEvbegIugZtJkjEn4PmfJ8yw0QgQFA%2FXVQd4ueDqyW05tQanBl0hV3M8nthLojayAA%3D%3D&amp;version=1.0&amp;app_id=9021000165677275&amp;sign_type=RSA2&amp;timestamp=2026-07-28+16%3A00%3A53&amp;alipay_sdk=alipay-sdk-java-4.38.157.ALL&amp;format=json</td>
</tr>
<tr>
<td>Server:</td>
<td>openapi-57.rz21a.sandbox.alipay.net</td>
</tr>
<tr>
<td>Date:</td>
<td>2026/07/28 16:00:58</td>
</tr>
</table>
<hr/>Powered by Tengine
</body>
</html>

	at com.alipay.api.internal.util.WebUtils.getResponseAsString(WebUtils.java:520)
	at com.alipay.api.internal.util.WebUtils.doPost(WebUtils.java:181)
	at com.alipay.api.internal.util.WebUtils.doPost(WebUtils.java:142)
	at com.alipay.api.AbstractAlipayClient.doPost(AbstractAlipayClient.java:1003)
	... 19 common frames omitted
26-07-28.16:01:00.287 [scheduling-1    ] ERROR err                    - ErrorScene^_^40004^_^ACQ.TRADE_NOT_EXIST^_^192.168.73.1^_^Windows 11^_^2026-07-28 16:01:00^_^ProtocalMustParams:charset=utf-8&method=alipay.trade.query&sign=SGu+/ncdunj+5f41Go4CNYrLLeXtcB1YZ54pSyAg90I5JWYrkQLxlhNK1AUPSewlJB6t00tcT0LPOuJbcU9BmnSelIb2mxE7WJqFiziDUIKjV8ubAg6e09TJyAwFpesP7t6mFFYO5p4SfeZwVDypEwTfTyb2c6l8pjo8X3RECNw1eUbxMsxLG6NxpfwrdiVBf66FOzJqfOd8dzz7hGNGB+H4dKGNAgi2Hfq49UWkBzZTuDFkU/5AIUAdc1peJpd4UG6Q+QMi7CQlVm6piskEm0dvHgjuYaZsb4AuYgp4Ame2A8Fa7iuOjaNRQizO0BxIpur5VrmdUsDbaf7wBs7wHw==&version=1.0&app_id=9021000165677275&sign_type=RSA2&timestamp=2026-07-28 16:01:00^_^ProtocalOptParams:alipay_sdk=alipay-sdk-java-4.38.157.ALL&format=json^_^ApplicationParams:traceId=060001f3178522566075566532231288&biz_content={"out_trade_no":"59214591885269"}^_^Body:{"alipay_trade_query_response":{"msg":"Business Failed","code":"40004","out_trade_no":"59214591885269","sub_msg":"交易不存在","sub_code":"ACQ.TRADE_NOT_EXIST","receipt_amount":"0.00","point_amount":"0.00","buyer_pay_amount":"0.00","invoice_amount":"0.00"},"sign":"IlGZ9x5UhNF2eAqdNMzeNXtVmLVeP4WAHqOs3UIoTeNqOZPSKddjkKWyTMN0yOnmdmvXLs65xA8iLe3vMAOcTv3IRc5Ly+sfXiILXIoyDMo48N1nGL00QjpY712N35H3czuLP1upFRYorbFoh87mPrUkchUunF+PEBdfORFul87T4s2hkFE5Fl1M1wxQAAUDsoOdZiXF4N0VIlZn8XpWkwGhUJTSzC4T5bTxJpGdI0AVbbLy9QZu0eXIaXEtwYSVDV1oFLVBE/DEmKpridtTn9/6ZOtOpBhjgylpbP+J+f2SCp37feezNW+mRc7kxKeaJfjjdbn7pTI1TeynheyWLQ=="}^_^13ms,244ms,12ms^_^trace_id:060001f3178522566075566532231288
26-07-28.16:01:00.288 [scheduling-1    ] INFO  NoPayNotifyOrderJob    - 检测未接收到或未正确处理的支付回调通知，订单未支付成功 orderId:59214591885269 code:40004 tradeStatus:null
26-07-28.16:01:00.496 [scheduling-1    ] ERROR err                    - ErrorScene^_^40004^_^ACQ.TRADE_NOT_EXIST^_^192.168.73.1^_^Windows 11^_^2026-07-28 16:01:00^_^ProtocalMustParams:charset=utf-8&method=alipay.trade.query&sign=DYO7Vmcwi2rZOcfMCoK9XIMT3u6Ar2smorVFBHeDhkp7+cWFDX5S4dibgUegyxI7Y3YPS1x/cD6sGeTxN7++sKw5kOjP4sUp9D6kcq327Y0PLAFM0H1nJCkyFZdqgyfXGs1mroKhM8WnXU1hqtRaTpkPO9OGoEPkuEaEW88oxIqQ/YqQ6QMsInDHoYAiRVZ80tSJB0V0EiSCGZhlxahyiHYfFcXZi4pwMsRHcjBhJHuw0ODhszV+GoGFm9GlbKEpgUWgOg0g8t2LSRHVdDU9OL80B8aPN6H4R4TVaqAdxiP/oFEnvlJTdvFvFTW4nu5ayVLHYjylidWGoVe3P3hlGw==&version=1.0&app_id=9021000165677275&sign_type=RSA2&timestamp=2026-07-28 16:01:00^_^ProtocalOptParams:alipay_sdk=alipay-sdk-java-4.38.157.ALL&format=json^_^ApplicationParams:traceId=060001f3178522566102066572231288&biz_content={"out_trade_no":"63015243383423"}^_^Body:{"alipay_trade_query_response":{"msg":"Business Failed","code":"40004","out_trade_no":"63015243383423","sub_msg":"交易不存在","sub_code":"ACQ.TRADE_NOT_EXIST","receipt_amount":"0.00","point_amount":"0.00","buyer_pay_amount":"0.00","invoice_amount":"0.00"},"sign":"j/BKxEaDkp40hVZnDvR3FjkafML/EKkrgK5tm3o7RpXke6JHNNHQj7dtxjFXrid2kn398BXbOviGV9OREaHEsGkNi7IoyBK1JYReqxxHw+KZz8rrBoqtEmOs09WNzTcKyl/5ieUTw21MI9LZ5QoNI9FiQB3n5vdZv5nJ4536haXV/1ocYO4eOii1Wdd47onG0oGH6w7WLvZT+jP9UP1EcysxWQjk4vfPC2p1W/SB9gAsXt/vZ3hDDoI08AIACsojEfWvD71/4rGQQEyT4naQANCIzeGTzHZEfSOYngieu+N8sDW52hL5yDXMIaHr563fJPxX8LcKEtAYz+SGdbzTrw=="}^_^9ms,190ms,9ms^_^trace_id:060001f3178522566102066572231288
26-07-28.16:01:00.496 [scheduling-1    ] INFO  NoPayNotifyOrderJob    - 检测未接收到或未正确处理的支付回调通知，订单未支付成功 orderId:63015243383423 code:40004 tradeStatus:null
26-07-28.16:01:00.885 [scheduling-1    ] ERROR err                    - ErrorScene^_^40004^_^ACQ.TRADE_NOT_EXIST^_^192.168.73.1^_^Windows 11^_^2026-07-28 16:01:00^_^ProtocalMustParams:charset=utf-8&method=alipay.trade.query&sign=ZUi7PDIV/Ucd0ckHuFVYhBkixpLHpSnzIVBOGFT38pIokybxLJEE9mFnwesAmDSBwPLhUwqQTKYgXXAfj1b3zgz5ACCFzjHO3x6pYmYErkA0747ax/K3PaQ7xfnp7i+FUJxoBxTRtHvPihN7e4Ymp0V3H39paSjuyd5V7Y5JNln+nHaIfOfYQK/cjE0i93BgSeQb6D4gYAVO7GXRAANYXqc7btA2I3YOnM0Wl1fmoR906xBkEsZEOpknrJEakZESmtGgN2/y4+1Wx5bk7CMlRVkbfUQXBhFDEAVKPFIAw9iUsmqtb2KA/yhcHAHrsdQypMqbZPRO5B3K+urvl1yQTg==&version=1.0&app_id=9021000165677275&sign_type=RSA2&timestamp=2026-07-28 16:01:00^_^ProtocalOptParams:alipay_sdk=alipay-sdk-java-4.38.157.ALL&format=json^_^ApplicationParams:traceId=06002c4e178522566122834481578980&biz_content={"out_trade_no":"05687486819141"}^_^Body:{"alipay_trade_query_response":{"msg":"Business Failed","code":"40004","out_trade_no":"05687486819141","sub_msg":"交易不存在","sub_code":"ACQ.TRADE_NOT_EXIST","receipt_amount":"0.00","point_amount":"0.00","buyer_pay_amount":"0.00","invoice_amount":"0.00"},"sign":"X8+5Q6lbdoyyrQqpUwxTqfCXdBXg7ThJc2U+u8qezqbw+E5fcgtCqABatoc1r72W+dsojv3i6bkcvvMz3DRr5ahBjxU4gwSWCgz4TBIO+/iTBt57VZmROgv9LqvWSmIQTYHEWA0iBdvVQ8wabF8mzeGODzJcDm0eGuZrLQUuAfb7EsMddzf5Fpsu5TpWoCkIHAS+8CRG2vFJn8fHca0ezh5NORm72mkk1XJRvcuT3PelFHmTo+8KP5OR7ez/2fuIcdGiAD+b2i3e+sfFqMTeUrSfNpunUyXCuTC+ottvD15QxCFhRNfVkTvbOhatQUPyKDv4sjFTxoXvcC8oVH1r9Q=="}^_^9ms,370ms,9ms^_^trace_id:06002c4e178522566122834481578980
26-07-28.16:01:00.885 [scheduling-1    ] INFO  NoPayNotifyOrderJob    - 检测未接收到或未正确处理的支付回调通知，订单未支付成功 orderId:05687486819141 code:40004 tradeStatus:null
26-07-28.16:01:03.558 [scheduling-1    ] ERROR err                    - ErrorScene^_^40004^_^ACQ.TRADE_NOT_EXIST^_^192.168.73.1^_^Windows 11^_^2026-07-28 16:01:03^_^ProtocalMustParams:charset=utf-8&method=alipay.trade.query&sign=N6FV4HwVZ7YkQUkZ5BsohNa7i/uHX01fLYCRWUftGmK2imlLr+M4+LHPSXd3Pc6VRWwL8AZQ/FxCdZeA3C7QnusFe56vqD+EsutNkdG6dxwx6v3GkDoBsrnAhx5ieZAawXIiqWodX9tfkbYK889F3dy97I5XO7n3Sfh2XBOp4zdtc9mwJTFK7uYP/twWAUnXz4eedge20c5ehHZsSwW0CngiiV3GtQLOO2Bzb2KC27bNtbNBzKVIGg2WyeIfUPK2P2tid0YDbyvfwIsZU+1Suy3fnmDeO08QsmVTGegCCM0WPmZPwrrducQJbfk3uta12CVGODQBBjjFDg2zTuz8Zg==&version=1.0&app_id=9021000165677275&sign_type=RSA2&timestamp=2026-07-28 16:01:03^_^ProtocalOptParams:alipay_sdk=alipay-sdk-java-4.38.157.ALL&format=json^_^ApplicationParams:traceId=060d6922178522566374421283502569&biz_content={"out_trade_no":"59214591885269"}^_^Body:{"alipay_trade_query_response":{"msg":"Business Failed","code":"40004","out_trade_no":"59214591885269","sub_msg":"交易不存在","sub_code":"ACQ.TRADE_NOT_EXIST","receipt_amount":"0.00","point_amount":"0.00","buyer_pay_amount":"0.00","invoice_amount":"0.00"},"sign":"IlGZ9x5UhNF2eAqdNMzeNXtVmLVeP4WAHqOs3UIoTeNqOZPSKddjkKWyTMN0yOnmdmvXLs65xA8iLe3vMAOcTv3IRc5Ly+sfXiILXIoyDMo48N1nGL00QjpY712N35H3czuLP1upFRYorbFoh87mPrUkchUunF+PEBdfORFul87T4s2hkFE5Fl1M1wxQAAUDsoOdZiXF4N0VIlZn8XpWkwGhUJTSzC4T5bTxJpGdI0AVbbLy9QZu0eXIaXEtwYSVDV1oFLVBE/DEmKpridtTn9/6ZOtOpBhjgylpbP+J+f2SCp37feezNW+mRc7kxKeaJfjjdbn7pTI1TeynheyWLQ=="}^_^9ms,531ms,9ms^_^trace_id:060d6922178522566374421283502569
26-07-28.16:01:03.558 [scheduling-1    ] INFO  NoPayNotifyOrderJob    - 检测未接收到或未正确处理的支付回调通知，订单未支付成功 orderId:59214591885269 code:40004 tradeStatus:null
26-07-28.16:01:03.863 [scheduling-1    ] ERROR err                    - ErrorScene^_^40004^_^ACQ.TRADE_NOT_EXIST^_^192.168.73.1^_^Windows 11^_^2026-07-28 16:01:03^_^ProtocalMustParams:charset=utf-8&method=alipay.trade.query&sign=cqNmE1PV9nLL7RQElz+cu01Brq8g3zVr4CUqXzWZCWoFVOn5VbrqZtQsJj8SoZTnikrMZXQ3kg75egu3RLVWSOQhoE22kikG5ggCdnVUucHgQigTXzg+fB8BURpskGQ47APiTbfNIRZStzc5LQGWpHSXIFXeRa3JwY0+wnl2lOPEmcPgMeg9Cut41/r/w/tnQB7P68VfFzI2Ep7WdG//cMGLAFTYKtQKnLxMPOoHwux6RIBuXJNbvVVWPqp7T5hBlE+o5VeRo/17Q1FgEqtyzFnaXybu1sEN9sir7xjkzMfF1OUJeriZA8wf0Fr0eTnWR2eVyx3Dzmb0gDVWv1JbCw==&version=1.0&app_id=9021000165677275&sign_type=RSA2&timestamp=2026-07-28 16:01:03^_^ProtocalOptParams:alipay_sdk=alipay-sdk-java-4.38.157.ALL&format=json^_^ApplicationParams:traceId=060d6922178522566430021323502569&biz_content={"out_trade_no":"63015243383423"}^_^Body:{"alipay_trade_query_response":{"msg":"Business Failed","code":"40004","out_trade_no":"63015243383423","sub_msg":"交易不存在","sub_code":"ACQ.TRADE_NOT_EXIST","receipt_amount":"0.00","point_amount":"0.00","buyer_pay_amount":"0.00","invoice_amount":"0.00"},"sign":"j/BKxEaDkp40hVZnDvR3FjkafML/EKkrgK5tm3o7RpXke6JHNNHQj7dtxjFXrid2kn398BXbOviGV9OREaHEsGkNi7IoyBK1JYReqxxHw+KZz8rrBoqtEmOs09WNzTcKyl/5ieUTw21MI9LZ5QoNI9FiQB3n5vdZv5nJ4536haXV/1ocYO4eOii1Wdd47onG0oGH6w7WLvZT+jP9UP1EcysxWQjk4vfPC2p1W/SB9gAsXt/vZ3hDDoI08AIACsojEfWvD71/4rGQQEyT4naQANCIzeGTzHZEfSOYngieu+N8sDW52hL5yDXMIaHr563fJPxX8LcKEtAYz+SGdbzTrw=="}^_^8ms,288ms,9ms^_^trace_id:060d6922178522566430021323502569
26-07-28.16:01:03.863 [scheduling-1    ] INFO  NoPayNotifyOrderJob    - 检测未接收到或未正确处理的支付回调通知，订单未支付成功 orderId:63015243383423 code:40004 tradeStatus:null
26-07-28.16:01:04.274 [scheduling-1    ] ERROR err                    - ErrorScene^_^40004^_^ACQ.TRADE_NOT_EXIST^_^192.168.73.1^_^Windows 11^_^2026-07-28 16:01:04^_^ProtocalMustParams:charset=utf-8&method=alipay.trade.query&sign=IO0NBmuKaWTbM1c6INVA1llLmx22v2whLZY2jobE/CyCZ/6mOefwC7VBCkCs2B/zu75/gkuyJYO8iQ/Y6/8KBjwvcu/cTlLgSYoHTM9lxyhFwLDprpSA7hfU8dBmjjVw5BlUeDsc9iRTb4GKeBbLU0FC3q4aka3v37BuRrIki4CNpxbk4tVz4Cd5CZ2CvQvf+joY/tO1aKdxHsPDabGG+nv3Ot4034zr+dpXN4vvhnio442TlJs9rIm04WPX52lsRja8hh5xGndVQXWYctdKHfKtmYrZstKh1a9ce7MVoY6rFmV3W156vjxUSHNzGqfAm0mDhGjRmTdEHLfTiK8/rA==&version=1.0&app_id=9021000165677275&sign_type=RSA2&timestamp=2026-07-28 16:01:03^_^ProtocalOptParams:alipay_sdk=alipay-sdk-java-4.38.157.ALL&format=json^_^ApplicationParams:traceId=06020e08178522566460340992433085&biz_content={"out_trade_no":"05687486819141"}^_^Body:{"alipay_trade_query_response":{"msg":"Business Failed","code":"40004","out_trade_no":"05687486819141","sub_msg":"交易不存在","sub_code":"ACQ.TRADE_NOT_EXIST","receipt_amount":"0.00","point_amount":"0.00","buyer_pay_amount":"0.00","invoice_amount":"0.00"},"sign":"X8+5Q6lbdoyyrQqpUwxTqfCXdBXg7ThJc2U+u8qezqbw+E5fcgtCqABatoc1r72W+dsojv3i6bkcvvMz3DRr5ahBjxU4gwSWCgz4TBIO+/iTBt57VZmROgv9LqvWSmIQTYHEWA0iBdvVQ8wabF8mzeGODzJcDm0eGuZrLQUuAfb7EsMddzf5Fpsu5TpWoCkIHAS+8CRG2vFJn8fHca0ezh5NORm72mkk1XJRvcuT3PelFHmTo+8KP5OR7ez/2fuIcdGiAD+b2i3e+sfFqMTeUrSfNpunUyXCuTC+ottvD15QxCFhRNfVkTvbOhatQUPyKDv4sjFTxoXvcC8oVH1r9Q=="}^_^8ms,393ms,9ms^_^trace_id:06020e08178522566460340992433085
26-07-28.16:01:04.274 [scheduling-1    ] INFO  NoPayNotifyOrderJob    - 检测未接收到或未正确处理的支付回调通知，订单未支付成功 orderId:05687486819141 code:40004 tradeStatus:null
26-07-28.16:01:11.126 [scheduling-1    ] ERROR err                    - 2026-07-28 16:01:11^_^alipay.trade.query^_^null^_^192.168.73.1^_^Windows 11^_^alipay-sdk-java-4.38.157.ALL^_^https://openapi-sandbox.dl.alipaydev.com/gateway.do?charset=utf-8&method=alipay.trade.query&sign=E7VleiuHb%2BnLOqoGJAucHhkPFVbzEH0lFpoCEavpor0eAyjomQds9jRdMfn3fD%2FAJ1Y1dRrhHGrjgcMJSzWr3gfrnElQoP42pf7cEr4eke7JI6%2Bx%2FSBSxwe3AE%2FSj6C5tnkx50rDTjGgqgR49x3WxMOOQ4ydUcxOFq2UTdT%2B%2BOekVNJCBBbedrQoo12Og2J7GaGwNGuZMgP6Wcqr2HxVJI5KxB4xhhnopqmUFnZhOo7qxr5nz6v6qQFbIKyIyp8kRHQpkDbwC0ClN4LkOBllfNC7tKMwBGixz8D81zpXgr89n8K%2B3fOZepiHJMBuDU98wxDYi%2F7Ho3NdoF5vlKtiXQ%3D%3D&version=1.0&app_id=9021000165677275&sign_type=RSA2&timestamp=2026-07-28+16%3A01%3A06&alipay_sdk=alipay-sdk-java-4.38.157.ALL&format=json^_^^_^<!DOCTYPE HTML PUBLIC "-//IETF//DTD HTML 2.0//EN"> <html> <head><title>504 Gateway Time-out</title></head> <body bgcolor="white"> <h1>504 Gateway Time-out</h1> <p>The gateway did not receive a timely response from the upstream server or application. Sorry for the inconvenience.<br/> Please report this message and include the following information to us.<br/> Thank you very much!</p> <table> <tr> <td>URL:</td> <td>http://openapi-sandbox.dl.alipaydev.com/gateway.do?charset=utf-8&amp;method=alipay.trade.query&amp;sign=E7VleiuHb%2BnLOqoGJAucHhkPFVbzEH0lFpoCEavpor0eAyjomQds9jRdMfn3fD%2FAJ1Y1dRrhHGrjgcMJSzWr3gfrnElQoP42pf7cEr4eke7JI6%2Bx%2FSBSxwe3AE%2FSj6C5tnkx50rDTjGgqgR49x3WxMOOQ4ydUcxOFq2UTdT%2B%2BOekVNJCBBbedrQoo12Og2J7GaGwNGuZMgP6Wcqr2HxVJI5KxB4xhhnopqmUFnZhOo7qxr5nz6v6qQFbIKyIyp8kRHQpkDbwC0ClN4LkOBllfNC7tKMwBGixz8D81zpXgr89n8K%2B3fOZepiHJMBuDU98wxDYi%2F7Ho3NdoF5vlKtiXQ%3D%3D&amp;version=1.0&amp;app_id=9021000165677275&amp;sign_type=RSA2&amp;timestamp=2026-07-28+16%3A01%3A06&amp;alipay_sdk=alipay-sdk-java-4.38.157.ALL&amp;format=json</td> </tr> <tr> <td>Server:</td> <td>openapi-57.rz21a.sandbox.alipay.net</td> </tr> <tr> <td>Date:</td> <td>2026/07/28 16:01:11</td> </tr> </table> <hr/>Powered by Tengine </body> </html> 
26-07-28.16:01:11.126 [scheduling-1    ] ERROR NoPayNotifyOrderJob    - 检测未接收到或未正确处理的支付回调通知失败
com.alipay.api.AlipayApiException: java.io.IOException: <!DOCTYPE HTML PUBLIC "-//IETF//DTD HTML 2.0//EN">
<html>
<head><title>504 Gateway Time-out</title></head>
<body bgcolor="white">
<h1>504 Gateway Time-out</h1>
<p>The gateway did not receive a timely response from the upstream server or application. Sorry for the inconvenience.<br/>
Please report this message and include the following information to us.<br/>
Thank you very much!</p>
<table>
<tr>
<td>URL:</td>
<td>http://openapi-sandbox.dl.alipaydev.com/gateway.do?charset=utf-8&amp;method=alipay.trade.query&amp;sign=E7VleiuHb%2BnLOqoGJAucHhkPFVbzEH0lFpoCEavpor0eAyjomQds9jRdMfn3fD%2FAJ1Y1dRrhHGrjgcMJSzWr3gfrnElQoP42pf7cEr4eke7JI6%2Bx%2FSBSxwe3AE%2FSj6C5tnkx50rDTjGgqgR49x3WxMOOQ4ydUcxOFq2UTdT%2B%2BOekVNJCBBbedrQoo12Og2J7GaGwNGuZMgP6Wcqr2HxVJI5KxB4xhhnopqmUFnZhOo7qxr5nz6v6qQFbIKyIyp8kRHQpkDbwC0ClN4LkOBllfNC7tKMwBGixz8D81zpXgr89n8K%2B3fOZepiHJMBuDU98wxDYi%2F7Ho3NdoF5vlKtiXQ%3D%3D&amp;version=1.0&amp;app_id=9021000165677275&amp;sign_type=RSA2&amp;timestamp=2026-07-28+16%3A01%3A06&amp;alipay_sdk=alipay-sdk-java-4.38.157.ALL&amp;format=json</td>
</tr>
<tr>
<td>Server:</td>
<td>openapi-57.rz21a.sandbox.alipay.net</td>
</tr>
<tr>
<td>Date:</td>
<td>2026/07/28 16:01:11</td>
</tr>
</table>
<hr/>Powered by Tengine
</body>
</html>

	at com.alipay.api.AbstractAlipayClient.doPost(AbstractAlipayClient.java:1015)
	at com.alipay.api.AbstractAlipayClient._execute(AbstractAlipayClient.java:921)
	at com.alipay.api.AbstractAlipayClient.execute(AbstractAlipayClient.java:395)
	at com.alipay.api.AbstractAlipayClient.execute(AbstractAlipayClient.java:377)
	at com.alipay.api.AbstractAlipayClient.execute(AbstractAlipayClient.java:372)
	at com.alipay.api.AbstractAlipayClient.execute(AbstractAlipayClient.java:366)
	at cn.bugstack.trigger.job.NoPayNotifyOrderJob.exec(NoPayNotifyOrderJob.java:42)
	at java.base/jdk.internal.reflect.NativeMethodAccessorImpl.invoke0(Native Method)
	at java.base/jdk.internal.reflect.NativeMethodAccessorImpl.invoke(NativeMethodAccessorImpl.java:62)
	at java.base/jdk.internal.reflect.DelegatingMethodAccessorImpl.invoke(DelegatingMethodAccessorImpl.java:43)
	at java.base/java.lang.reflect.Method.invoke(Method.java:566)
	at org.springframework.scheduling.support.ScheduledMethodRunnable.run(ScheduledMethodRunnable.java:84)
	at org.springframework.scheduling.support.DelegatingErrorHandlingRunnable.run(DelegatingErrorHandlingRunnable.java:54)
	at org.springframework.scheduling.concurrent.ReschedulingRunnable.run(ReschedulingRunnable.java:95)
	at java.base/java.util.concurrent.Executors$RunnableAdapter.call(Executors.java:515)
	at java.base/java.util.concurrent.FutureTask.run(FutureTask.java:264)
	at java.base/java.util.concurrent.ScheduledThreadPoolExecutor$ScheduledFutureTask.run(ScheduledThreadPoolExecutor.java:304)
	at java.base/java.util.concurrent.ThreadPoolExecutor.runWorker(ThreadPoolExecutor.java:1128)
	at java.base/java.util.concurrent.ThreadPoolExecutor$Worker.run(ThreadPoolExecutor.java:628)
	at java.base/java.lang.Thread.run(Thread.java:829)
Caused by: java.io.IOException: <!DOCTYPE HTML PUBLIC "-//IETF//DTD HTML 2.0//EN">
<html>
<head><title>504 Gateway Time-out</title></head>
<body bgcolor="white">
<h1>504 Gateway Time-out</h1>
<p>The gateway did not receive a timely response from the upstream server or application. Sorry for the inconvenience.<br/>
Please report this message and include the following information to us.<br/>
Thank you very much!</p>
<table>
<tr>
<td>URL:</td>
<td>http://openapi-sandbox.dl.alipaydev.com/gateway.do?charset=utf-8&amp;method=alipay.trade.query&amp;sign=E7VleiuHb%2BnLOqoGJAucHhkPFVbzEH0lFpoCEavpor0eAyjomQds9jRdMfn3fD%2FAJ1Y1dRrhHGrjgcMJSzWr3gfrnElQoP42pf7cEr4eke7JI6%2Bx%2FSBSxwe3AE%2FSj6C5tnkx50rDTjGgqgR49x3WxMOOQ4ydUcxOFq2UTdT%2B%2BOekVNJCBBbedrQoo12Og2J7GaGwNGuZMgP6Wcqr2HxVJI5KxB4xhhnopqmUFnZhOo7qxr5nz6v6qQFbIKyIyp8kRHQpkDbwC0ClN4LkOBllfNC7tKMwBGixz8D81zpXgr89n8K%2B3fOZepiHJMBuDU98wxDYi%2F7Ho3NdoF5vlKtiXQ%3D%3D&amp;version=1.0&amp;app_id=9021000165677275&amp;sign_type=RSA2&amp;timestamp=2026-07-28+16%3A01%3A06&amp;alipay_sdk=alipay-sdk-java-4.38.157.ALL&amp;format=json</td>
</tr>
<tr>
<td>Server:</td>
<td>openapi-57.rz21a.sandbox.alipay.net</td>
</tr>
<tr>
<td>Date:</td>
<td>2026/07/28 16:01:11</td>
</tr>
</table>
<hr/>Powered by Tengine
</body>
</html>

	at com.alipay.api.internal.util.WebUtils.getResponseAsString(WebUtils.java:520)
	at com.alipay.api.internal.util.WebUtils.doPost(WebUtils.java:181)
	at com.alipay.api.internal.util.WebUtils.doPost(WebUtils.java:142)
	at com.alipay.api.AbstractAlipayClient.doPost(AbstractAlipayClient.java:1003)
	... 19 common frames omitted
26-07-28.16:01:12.362 [scheduling-1    ] ERROR err                    - ErrorScene^_^40004^_^ACQ.TRADE_NOT_EXIST^_^192.168.73.1^_^Windows 11^_^2026-07-28 16:01:12^_^ProtocalMustParams:charset=utf-8&method=alipay.trade.query&sign=er6xH3EF2jp/2I7aeJt731oJQV9hUCnR+c/LXS2b8U9txiiShaEr/RhmRPmlGY7BbR2TOAX4B+APNDmWSFY8hsk8aFsRK3y0LyoyJhGq95QjWZu1GcajYreaA2AEEa0/eTwzMP7JxzzDlHWpBlaDR7ROy2a/SneYCJDbk43brS7DneQJ9hUoPigweyds/KtZMq1yNYS9p79LDJBKnt0/Gb9XUA2LGpiyAH6mDOhBQcO7Uhmc1jvXXC1JFP9r+xxVI7zMDstUR2R0BIrQBkNBEba33ZjI4vWQdb0evRGfwA4nkUgPtgJdC6hxDUWrMxlBtlgd05GJiwEvWLtkxtw3mA==&version=1.0&app_id=9021000165677275&sign_type=RSA2&timestamp=2026-07-28 16:01:12^_^ProtocalOptParams:alipay_sdk=alipay-sdk-java-4.38.157.ALL&format=json^_^ApplicationParams:traceId=060d663d178522567276228838178&biz_content={"out_trade_no":"59214591885269"}^_^Body:{"alipay_trade_query_response":{"msg":"Business Failed","code":"40004","out_trade_no":"59214591885269","sub_msg":"交易不存在","sub_code":"ACQ.TRADE_NOT_EXIST","receipt_amount":"0.00","point_amount":"0.00","buyer_pay_amount":"0.00","invoice_amount":"0.00"},"sign":"IlGZ9x5UhNF2eAqdNMzeNXtVmLVeP4WAHqOs3UIoTeNqOZPSKddjkKWyTMN0yOnmdmvXLs65xA8iLe3vMAOcTv3IRc5Ly+sfXiILXIoyDMo48N1nGL00QjpY712N35H3czuLP1upFRYorbFoh87mPrUkchUunF+PEBdfORFul87T4s2hkFE5Fl1M1wxQAAUDsoOdZiXF4N0VIlZn8XpWkwGhUJTSzC4T5bTxJpGdI0AVbbLy9QZu0eXIaXEtwYSVDV1oFLVBE/DEmKpridtTn9/6ZOtOpBhjgylpbP+J+f2SCp37feezNW+mRc7kxKeaJfjjdbn7pTI1TeynheyWLQ=="}^_^8ms,327ms,9ms^_^trace_id:060d663d178522567276228838178
26-07-28.16:01:12.362 [scheduling-1    ] INFO  NoPayNotifyOrderJob    - 检测未接收到或未正确处理的支付回调通知，订单未支付成功 orderId:59214591885269 code:40004 tradeStatus:null
26-07-28.16:01:12.673 [scheduling-1    ] ERROR err                    - ErrorScene^_^40004^_^ACQ.TRADE_NOT_EXIST^_^192.168.73.1^_^Windows 11^_^2026-07-28 16:01:12^_^ProtocalMustParams:charset=utf-8&method=alipay.trade.query&sign=cmkhPYCYbuwxyimJP42YthMiHaAw+rkLBkZ4gUtwkJHiYqUZRvqvv0FUAS+ix4klPd9rwnag1NeIcv3ezMHz0l8hDADnL6Ox092/JZ2ealCCDIuhC97OIR50m/lWPaApcIxiAGEGYCyllQekI7oyER+F33QeesLjNQf6O20e3i290e6h6/bHbeI0n/VuzmMJQ37X+Iz3nRUbmA7XJ60fYVIuhr8RHIm8wkdlJjRmhQbJNC7GpP/YKUC1674v6qbYv9ushvgYJfIhCm8LjDXtId8dmtCkOj2sPcNaqRTThj0n+RrXUqXZYORvMJ9Ko1I/ScDGS3cZcn8ilHi0FB2cmA==&version=1.0&app_id=9021000165677275&sign_type=RSA2&timestamp=2026-07-28 16:01:12^_^ProtocalOptParams:alipay_sdk=alipay-sdk-java-4.38.157.ALL&format=json^_^ApplicationParams:traceId=060d6922178522567310521783502569&biz_content={"out_trade_no":"63015243383423"}^_^Body:{"alipay_trade_query_response":{"msg":"Business Failed","code":"40004","out_trade_no":"63015243383423","sub_msg":"交易不存在","sub_code":"ACQ.TRADE_NOT_EXIST","receipt_amount":"0.00","point_amount":"0.00","buyer_pay_amount":"0.00","invoice_amount":"0.00"},"sign":"j/BKxEaDkp40hVZnDvR3FjkafML/EKkrgK5tm3o7RpXke6JHNNHQj7dtxjFXrid2kn398BXbOviGV9OREaHEsGkNi7IoyBK1JYReqxxHw+KZz8rrBoqtEmOs09WNzTcKyl/5ieUTw21MI9LZ5QoNI9FiQB3n5vdZv5nJ4536haXV/1ocYO4eOii1Wdd47onG0oGH6w7WLvZT+jP9UP1EcysxWQjk4vfPC2p1W/SB9gAsXt/vZ3hDDoI08AIACsojEfWvD71/4rGQQEyT4naQANCIzeGTzHZEfSOYngieu+N8sDW52hL5yDXMIaHr563fJPxX8LcKEtAYz+SGdbzTrw=="}^_^10ms,290ms,11ms^_^trace_id:060d6922178522567310521783502569
26-07-28.16:01:12.673 [scheduling-1    ] INFO  NoPayNotifyOrderJob    - 检测未接收到或未正确处理的支付回调通知，订单未支付成功 orderId:63015243383423 code:40004 tradeStatus:null
26-07-28.16:01:12.724 [http-nio-8080-exec-1] INFO  [/]                    - Initializing Spring DispatcherServlet 'dispatcherServlet'
26-07-28.16:01:12.724 [http-nio-8080-exec-1] INFO  DispatcherServlet      - Initializing Servlet 'dispatcherServlet'
26-07-28.16:01:12.725 [http-nio-8080-exec-1] INFO  DispatcherServlet      - Completed initialization in 1 ms
26-07-28.16:01:12.980 [scheduling-1    ] ERROR err                    - ErrorScene^_^40004^_^ACQ.TRADE_NOT_EXIST^_^192.168.73.1^_^Windows 11^_^2026-07-28 16:01:12^_^ProtocalMustParams:charset=utf-8&method=alipay.trade.query&sign=GYWhykdvr7GQguIQK/m1s4+2Wd01hYWqt9m+gPRl6heH6xh+09LobI5+WjEEcnkVJ96qDRrUMKGGYqpwVyNrAJ7mMqvo4V6t0P5KSoV6H1RxGDxfpONr4QNDoAaCg3RpAL2wi/6xXBok2KBUZftzkKzCyXZGFNfZ/N4zJUdyTtHC3HTNMol6jax9XwdtAMzberEkEEtds+nExpcg8HmZ8tmuhVEG4IXqlo8S4BPa+kME9YBCkiQ4RSBQzTFUnFiyBLs/E/eon4SVk6ipnSynSw5Q25D9iFauUMq/hbFimOlP+7Lz16PgPyWRIsUROksGpMd3PXxxO3VfkQB/M/Yzlg==&version=1.0&app_id=9021000165677275&sign_type=RSA2&timestamp=2026-07-28 16:01:12^_^ProtocalOptParams:alipay_sdk=alipay-sdk-java-4.38.157.ALL&format=json^_^ApplicationParams:traceId=060001f3178522567340467022231288&biz_content={"out_trade_no":"05687486819141"}^_^Body:{"alipay_trade_query_response":{"msg":"Business Failed","code":"40004","out_trade_no":"05687486819141","sub_msg":"交易不存在","sub_code":"ACQ.TRADE_NOT_EXIST","receipt_amount":"0.00","point_amount":"0.00","buyer_pay_amount":"0.00","invoice_amount":"0.00"},"sign":"X8+5Q6lbdoyyrQqpUwxTqfCXdBXg7ThJc2U+u8qezqbw+E5fcgtCqABatoc1r72W+dsojv3i6bkcvvMz3DRr5ahBjxU4gwSWCgz4TBIO+/iTBt57VZmROgv9LqvWSmIQTYHEWA0iBdvVQ8wabF8mzeGODzJcDm0eGuZrLQUuAfb7EsMddzf5Fpsu5TpWoCkIHAS+8CRG2vFJn8fHca0ezh5NORm72mkk1XJRvcuT3PelFHmTo+8KP5OR7ez/2fuIcdGiAD+b2i3e+sfFqMTeUrSfNpunUyXCuTC+ottvD15QxCFhRNfVkTvbOhatQUPyKDv4sjFTxoXvcC8oVH1r9Q=="}^_^10ms,287ms,9ms^_^trace_id:060001f3178522567340467022231288
26-07-28.16:01:12.980 [scheduling-1    ] INFO  NoPayNotifyOrderJob    - 检测未接收到或未正确处理的支付回调通知，订单未支付成功 orderId:05687486819141 code:40004 tradeStatus:null
26-07-28.16:01:14.095 [http-nio-8080-exec-1] INFO  LoginController        - weixin_qrcode_ticket:gQEA8DwAAAAAAAAAAS5odHRwOi8vd2VpeGluLnFxLmNvbS9xLzAydVFKR1p6NVpjRHQxTGFLZjFHMWsAAgTKYWhqAwQAjScA
26-07-28.16:01:17.127 [http-nio-8080-exec-2] INFO  LoginController        - 扫描检测登录结果 ticket:gQEA8DwAAAAAAAAAAS5odHRwOi8vd2VpeGluLnFxLmNvbS9xLzAydVFKR1p6NVpjRHQxTGFLZjFHMWsAAgTKYWhqAwQAjScA openidToken:null
26-07-28.16:01:20.124 [http-nio-8080-exec-3] INFO  LoginController        - 扫描检测登录结果 ticket:gQEA8DwAAAAAAAAAAS5odHRwOi8vd2VpeGluLnFxLmNvbS9xLzAydVFKR1p6NVpjRHQxTGFLZjFHMWsAAgTKYWhqAwQAjScA openidToken:null
26-07-28.16:01:20.239 [scheduling-1    ] ERROR err                    - 2026-07-28 16:01:20^_^alipay.trade.query^_^null^_^192.168.73.1^_^Windows 11^_^alipay-sdk-java-4.38.157.ALL^_^https://openapi-sandbox.dl.alipaydev.com/gateway.do?charset=utf-8&method=alipay.trade.query&sign=CT3yXSIPIvde%2BZ4X06rdaHi5IeA%2B9%2FpvNV4AMw%2FiA3WoiVZp69Yg93VnDRNadU64qr11cpzy2sK%2BPFuLm9TbpRUGslyyeNBgYlJ1CzAJowQR%2FfgGa3hoSdnpkTBVufhCDpTr6HlDsypday9XnoHA52%2BJDGIRrOXvRR%2FAsi84JJZPm9%2BrgNbgykLCqquKETBsivZ%2BR7JcK12aWDsgyVO9IpOKVWpzf%2Fy61zhezsJjh54g3qsYNi0A0ZT5hZWAO9nsr4O85CfJM%2FTxkicOVmzo7DYA3fduaWbaMWT6gbQJd4n3S3zZLkoTrZzkmkEe1IrDKbw1iM3KVlT4Ri6gpmsrJA%3D%3D&version=1.0&app_id=9021000165677275&sign_type=RSA2&timestamp=2026-07-28+16%3A01%3A15&alipay_sdk=alipay-sdk-java-4.38.157.ALL&format=json^_^^_^<!DOCTYPE HTML PUBLIC "-//IETF//DTD HTML 2.0//EN"> <html> <head><title>504 Gateway Time-out</title></head> <body bgcolor="white"> <h1>504 Gateway Time-out</h1> <p>The gateway did not receive a timely response from the upstream server or application. Sorry for the inconvenience.<br/> Please report this message and include the following information to us.<br/> Thank you very much!</p> <table> <tr> <td>URL:</td> <td>http://openapi-sandbox.dl.alipaydev.com/gateway.do?charset=utf-8&amp;method=alipay.trade.query&amp;sign=CT3yXSIPIvde%2BZ4X06rdaHi5IeA%2B9%2FpvNV4AMw%2FiA3WoiVZp69Yg93VnDRNadU64qr11cpzy2sK%2BPFuLm9TbpRUGslyyeNBgYlJ1CzAJowQR%2FfgGa3hoSdnpkTBVufhCDpTr6HlDsypday9XnoHA52%2BJDGIRrOXvRR%2FAsi84JJZPm9%2BrgNbgykLCqquKETBsivZ%2BR7JcK12aWDsgyVO9IpOKVWpzf%2Fy61zhezsJjh54g3qsYNi0A0ZT5hZWAO9nsr4O85CfJM%2FTxkicOVmzo7DYA3fduaWbaMWT6gbQJd4n3S3zZLkoTrZzkmkEe1IrDKbw1iM3KVlT4Ri6gpmsrJA%3D%3D&amp;version=1.0&amp;app_id=9021000165677275&amp;sign_type=RSA2&amp;timestamp=2026-07-28+16%3A01%3A15&amp;alipay_sdk=alipay-sdk-java-4.38.157.ALL&amp;format=json</td> </tr> <tr> <td>Server:</td> <td>openapi-55.rz21a.sandbox.alipay.net</td> </tr> <tr> <td>Date:</td> <td>2026/07/28 16:01:20</td> </tr> </table> <hr/>Powered by Tengine </body> </html> 
26-07-28.16:01:20.240 [scheduling-1    ] ERROR NoPayNotifyOrderJob    - 检测未接收到或未正确处理的支付回调通知失败
com.alipay.api.AlipayApiException: java.io.IOException: <!DOCTYPE HTML PUBLIC "-//IETF//DTD HTML 2.0//EN">
<html>
<head><title>504 Gateway Time-out</title></head>
<body bgcolor="white">
<h1>504 Gateway Time-out</h1>
<p>The gateway did not receive a timely response from the upstream server or application. Sorry for the inconvenience.<br/>
Please report this message and include the following information to us.<br/>
Thank you very much!</p>
<table>
<tr>
<td>URL:</td>
<td>http://openapi-sandbox.dl.alipaydev.com/gateway.do?charset=utf-8&amp;method=alipay.trade.query&amp;sign=CT3yXSIPIvde%2BZ4X06rdaHi5IeA%2B9%2FpvNV4AMw%2FiA3WoiVZp69Yg93VnDRNadU64qr11cpzy2sK%2BPFuLm9TbpRUGslyyeNBgYlJ1CzAJowQR%2FfgGa3hoSdnpkTBVufhCDpTr6HlDsypday9XnoHA52%2BJDGIRrOXvRR%2FAsi84JJZPm9%2BrgNbgykLCqquKETBsivZ%2BR7JcK12aWDsgyVO9IpOKVWpzf%2Fy61zhezsJjh54g3qsYNi0A0ZT5hZWAO9nsr4O85CfJM%2FTxkicOVmzo7DYA3fduaWbaMWT6gbQJd4n3S3zZLkoTrZzkmkEe1IrDKbw1iM3KVlT4Ri6gpmsrJA%3D%3D&amp;version=1.0&amp;app_id=9021000165677275&amp;sign_type=RSA2&amp;timestamp=2026-07-28+16%3A01%3A15&amp;alipay_sdk=alipay-sdk-java-4.38.157.ALL&amp;format=json</td>
</tr>
<tr>
<td>Server:</td>
<td>openapi-55.rz21a.sandbox.alipay.net</td>
</tr>
<tr>
<td>Date:</td>
<td>2026/07/28 16:01:20</td>
</tr>
</table>
<hr/>Powered by Tengine
</body>
</html>

	at com.alipay.api.AbstractAlipayClient.doPost(AbstractAlipayClient.java:1015)
	at com.alipay.api.AbstractAlipayClient._execute(AbstractAlipayClient.java:921)
	at com.alipay.api.AbstractAlipayClient.execute(AbstractAlipayClient.java:395)
	at com.alipay.api.AbstractAlipayClient.execute(AbstractAlipayClient.java:377)
	at com.alipay.api.AbstractAlipayClient.execute(AbstractAlipayClient.java:372)
	at com.alipay.api.AbstractAlipayClient.execute(AbstractAlipayClient.java:366)
	at cn.bugstack.trigger.job.NoPayNotifyOrderJob.exec(NoPayNotifyOrderJob.java:42)
	at java.base/jdk.internal.reflect.NativeMethodAccessorImpl.invoke0(Native Method)
	at java.base/jdk.internal.reflect.NativeMethodAccessorImpl.invoke(NativeMethodAccessorImpl.java:62)
	at java.base/jdk.internal.reflect.DelegatingMethodAccessorImpl.invoke(DelegatingMethodAccessorImpl.java:43)
	at java.base/java.lang.reflect.Method.invoke(Method.java:566)
	at org.springframework.scheduling.support.ScheduledMethodRunnable.run(ScheduledMethodRunnable.java:84)
	at org.springframework.scheduling.support.DelegatingErrorHandlingRunnable.run(DelegatingErrorHandlingRunnable.java:54)
	at org.springframework.scheduling.concurrent.ReschedulingRunnable.run(ReschedulingRunnable.java:95)
	at java.base/java.util.concurrent.Executors$RunnableAdapter.call(Executors.java:515)
	at java.base/java.util.concurrent.FutureTask.run(FutureTask.java:264)
	at java.base/java.util.concurrent.ScheduledThreadPoolExecutor$ScheduledFutureTask.run(ScheduledThreadPoolExecutor.java:304)
	at java.base/java.util.concurrent.ThreadPoolExecutor.runWorker(ThreadPoolExecutor.java:1128)
	at java.base/java.util.concurrent.ThreadPoolExecutor$Worker.run(ThreadPoolExecutor.java:628)
	at java.base/java.lang.Thread.run(Thread.java:829)
Caused by: java.io.IOException: <!DOCTYPE HTML PUBLIC "-//IETF//DTD HTML 2.0//EN">
<html>
<head><title>504 Gateway Time-out</title></head>
<body bgcolor="white">
<h1>504 Gateway Time-out</h1>
<p>The gateway did not receive a timely response from the upstream server or application. Sorry for the inconvenience.<br/>
Please report this message and include the following information to us.<br/>
Thank you very much!</p>
<table>
<tr>
<td>URL:</td>
<td>http://openapi-sandbox.dl.alipaydev.com/gateway.do?charset=utf-8&amp;method=alipay.trade.query&amp;sign=CT3yXSIPIvde%2BZ4X06rdaHi5IeA%2B9%2FpvNV4AMw%2FiA3WoiVZp69Yg93VnDRNadU64qr11cpzy2sK%2BPFuLm9TbpRUGslyyeNBgYlJ1CzAJowQR%2FfgGa3hoSdnpkTBVufhCDpTr6HlDsypday9XnoHA52%2BJDGIRrOXvRR%2FAsi84JJZPm9%2BrgNbgykLCqquKETBsivZ%2BR7JcK12aWDsgyVO9IpOKVWpzf%2Fy61zhezsJjh54g3qsYNi0A0ZT5hZWAO9nsr4O85CfJM%2FTxkicOVmzo7DYA3fduaWbaMWT6gbQJd4n3S3zZLkoTrZzkmkEe1IrDKbw1iM3KVlT4Ri6gpmsrJA%3D%3D&amp;version=1.0&amp;app_id=9021000165677275&amp;sign_type=RSA2&amp;timestamp=2026-07-28+16%3A01%3A15&amp;alipay_sdk=alipay-sdk-java-4.38.157.ALL&amp;format=json</td>
</tr>
<tr>
<td>Server:</td>
<td>openapi-55.rz21a.sandbox.alipay.net</td>
</tr>
<tr>
<td>Date:</td>
<td>2026/07/28 16:01:20</td>
</tr>
</table>
<hr/>Powered by Tengine
</body>
</html>

	at com.alipay.api.internal.util.WebUtils.getResponseAsString(WebUtils.java:520)
	at com.alipay.api.internal.util.WebUtils.doPost(WebUtils.java:181)
	at com.alipay.api.internal.util.WebUtils.doPost(WebUtils.java:142)
	at com.alipay.api.AbstractAlipayClient.doPost(AbstractAlipayClient.java:1003)
	... 19 common frames omitted
26-07-28.16:01:21.284 [scheduling-1    ] ERROR err                    - ErrorScene^_^40004^_^ACQ.TRADE_NOT_EXIST^_^192.168.73.1^_^Windows 11^_^2026-07-28 16:01:21^_^ProtocalMustParams:charset=utf-8&method=alipay.trade.query&sign=hKN1TcW2qO0oPzJEVQ0LJHlR9o3QrlM+8bW8gLLHLwUzkzCnPSY4J1y9U6QMVD16LcaqvJUyXzYbj1Dv8sYzubIeFfBqliirh0qshJxDRUEsVZ2iPI4CgiM/Il23hJlgNuzvzlnc5PIlYr5SZj/muq9XZakpFUX9gt0OgA5gOuS3y0FpMEJBUyFhHMqc4el+TW6Tn8VCrLXbTy05L1RXTUwzNqWpjkX1cntZJPCR9POG+P2dLI1dUdRTKSWKrgefJd7LkoW3CDuXirVtTjcvKuT6Pwep8e2wnTSoDjNjQrsjdnDX9+u9jnO1b9mr006GM+I17RmQOR8UUsaKV5jaGQ==&version=1.0&app_id=9021000165677275&sign_type=RSA2&timestamp=2026-07-28 16:01:21^_^ProtocalOptParams:alipay_sdk=alipay-sdk-java-4.38.157.ALL&format=json^_^ApplicationParams:traceId=06020e08178522568174341802433085&biz_content={"out_trade_no":"59214591885269"}^_^Body:{"alipay_trade_query_response":{"msg":"Business Failed","code":"40004","out_trade_no":"59214591885269","sub_msg":"交易不存在","sub_code":"ACQ.TRADE_NOT_EXIST","receipt_amount":"0.00","point_amount":"0.00","buyer_pay_amount":"0.00","invoice_amount":"0.00"},"sign":"IlGZ9x5UhNF2eAqdNMzeNXtVmLVeP4WAHqOs3UIoTeNqOZPSKddjkKWyTMN0yOnmdmvXLs65xA8iLe3vMAOcTv3IRc5Ly+sfXiILXIoyDMo48N1nGL00QjpY712N35H3czuLP1upFRYorbFoh87mPrUkchUunF+PEBdfORFul87T4s2hkFE5Fl1M1wxQAAUDsoOdZiXF4N0VIlZn8XpWkwGhUJTSzC4T5bTxJpGdI0AVbbLy9QZu0eXIaXEtwYSVDV1oFLVBE/DEmKpridtTn9/6ZOtOpBhjgylpbP+J+f2SCp37feezNW+mRc7kxKeaJfjjdbn7pTI1TeynheyWLQ=="}^_^9ms,250ms,16ms^_^trace_id:06020e08178522568174341802433085
26-07-28.16:01:21.284 [scheduling-1    ] INFO  NoPayNotifyOrderJob    - 检测未接收到或未正确处理的支付回调通知，订单未支付成功 orderId:59214591885269 code:40004 tradeStatus:null
26-07-28.16:01:21.580 [scheduling-1    ] ERROR err                    - ErrorScene^_^40004^_^ACQ.TRADE_NOT_EXIST^_^192.168.73.1^_^Windows 11^_^2026-07-28 16:01:21^_^ProtocalMustParams:charset=utf-8&method=alipay.trade.query&sign=dpl4yJrqo/GsCBFoA/UuEZtIfaF+uyCBlIq8XhefADshQAosu9OHpXZJF2L0TtI14iFf8g2EZ4o0g9+es9FuDIqPfx1BC/DtG6D0Nr+pv1cTyLqcdUFS9OPZ+BoEmEFmxNgbq4+NehPjiKpeyQIIzFgTGERlmpB5nD9/M7888tE4gPl18byxFjTjyLy7AOQUzb/1fzFt4ihF8nSx42RH1ctSBItKF+xwnjhQL0lzz1y10GRpv819UyL46g8S4J6ROQgTslyoRx5OrQAloRs6qS7aIhiYH26gWe7ikWiGq2kxwLIgxdSDf8SRnmT0qYSD0UcMqeqG6tCHqWmEC4glOg==&version=1.0&app_id=9021000165677275&sign_type=RSA2&timestamp=2026-07-28 16:01:21^_^ProtocalOptParams:alipay_sdk=alipay-sdk-java-4.38.157.ALL&format=json^_^ApplicationParams:traceId=060d663d178522568202029268178&biz_content={"out_trade_no":"63015243383423"}^_^Body:{"alipay_trade_query_response":{"msg":"Business Failed","code":"40004","out_trade_no":"63015243383423","sub_msg":"交易不存在","sub_code":"ACQ.TRADE_NOT_EXIST","receipt_amount":"0.00","point_amount":"0.00","buyer_pay_amount":"0.00","invoice_amount":"0.00"},"sign":"j/BKxEaDkp40hVZnDvR3FjkafML/EKkrgK5tm3o7RpXke6JHNNHQj7dtxjFXrid2kn398BXbOviGV9OREaHEsGkNi7IoyBK1JYReqxxHw+KZz8rrBoqtEmOs09WNzTcKyl/5ieUTw21MI9LZ5QoNI9FiQB3n5vdZv5nJ4536haXV/1ocYO4eOii1Wdd47onG0oGH6w7WLvZT+jP9UP1EcysxWQjk4vfPC2p1W/SB9gAsXt/vZ3hDDoI08AIACsojEfWvD71/4rGQQEyT4naQANCIzeGTzHZEfSOYngieu+N8sDW52hL5yDXMIaHr563fJPxX8LcKEtAYz+SGdbzTrw=="}^_^10ms,276ms,10ms^_^trace_id:060d663d178522568202029268178
26-07-28.16:01:21.580 [scheduling-1    ] INFO  NoPayNotifyOrderJob    - 检测未接收到或未正确处理的支付回调通知，订单未支付成功 orderId:63015243383423 code:40004 tradeStatus:null
26-07-28.16:01:23.116 [http-nio-8080-exec-4] INFO  LoginController        - 扫描检测登录结果 ticket:gQEA8DwAAAAAAAAAAS5odHRwOi8vd2VpeGluLnFxLmNvbS9xLzAydVFKR1p6NVpjRHQxTGFLZjFHMWsAAgTKYWhqAwQAjScA openidToken:null
26-07-28.16:01:26.126 [http-nio-8080-exec-5] INFO  LoginController        - 扫描检测登录结果 ticket:gQEA8DwAAAAAAAAAAS5odHRwOi8vd2VpeGluLnFxLmNvbS9xLzAydVFKR1p6NVpjRHQxTGFLZjFHMWsAAgTKYWhqAwQAjScA openidToken:null
26-07-28.16:01:26.790 [scheduling-1    ] ERROR err                    - 2026-07-28 16:01:26^_^alipay.trade.query^_^null^_^192.168.73.1^_^Windows 11^_^alipay-sdk-java-4.38.157.ALL^_^https://openapi-sandbox.dl.alipaydev.com/gateway.do?charset=utf-8&method=alipay.trade.query&sign=jjTPLeYmw9RhqG8Neq80LXUUrdKGzjEihrcV0tqsaSL9qpy2CMrQtG3L7CQBW3hnDKi9%2FgBvNUMm1lBVeSYaBc6C2uiqebZBu%2BjFrApZOAJa3FucKIYFyzEfDqjvEyOzUPWvL96xfEygVjwbJ0bfBZUq%2BgFF5v1Xj3Id6ESLdNhE%2F3R9ojGrZ0ljQ9Q0SHYVU%2FZusIhwosTNdapyYEyubCytgUJ%2FH0fyhNGfJndLxikfcym%2FfjK%2FBHIZHNEmLXkE2a2RIzkpDcGi7NpVlm4sI7kNej3ld0D7GfhpbnQy6t2jO0ZkVtvThQu%2Bnzw0QHau6v6sI2uJ0i0DVjac2qV%2Bpw%3D%3D&version=1.0&app_id=9021000165677275&sign_type=RSA2&timestamp=2026-07-28+16%3A01%3A21&alipay_sdk=alipay-sdk-java-4.38.157.ALL&format=json^_^^_^<!DOCTYPE HTML PUBLIC "-//IETF//DTD HTML 2.0//EN"> <html> <head><title>504 Gateway Time-out</title></head> <body bgcolor="white"> <h1>504 Gateway Time-out</h1> <p>The gateway did not receive a timely response from the upstream server or application. Sorry for the inconvenience.<br/> Please report this message and include the following information to us.<br/> Thank you very much!</p> <table> <tr> <td>URL:</td> <td>http://openapi-sandbox.dl.alipaydev.com/gateway.do?charset=utf-8&amp;method=alipay.trade.query&amp;sign=jjTPLeYmw9RhqG8Neq80LXUUrdKGzjEihrcV0tqsaSL9qpy2CMrQtG3L7CQBW3hnDKi9%2FgBvNUMm1lBVeSYaBc6C2uiqebZBu%2BjFrApZOAJa3FucKIYFyzEfDqjvEyOzUPWvL96xfEygVjwbJ0bfBZUq%2BgFF5v1Xj3Id6ESLdNhE%2F3R9ojGrZ0ljQ9Q0SHYVU%2FZusIhwosTNdapyYEyubCytgUJ%2FH0fyhNGfJndLxikfcym%2FfjK%2FBHIZHNEmLXkE2a2RIzkpDcGi7NpVlm4sI7kNej3ld0D7GfhpbnQy6t2jO0ZkVtvThQu%2Bnzw0QHau6v6sI2uJ0i0DVjac2qV%2Bpw%3D%3D&amp;version=1.0&amp;app_id=9021000165677275&amp;sign_type=RSA2&amp;timestamp=2026-07-28+16%3A01%3A21&amp;alipay_sdk=alipay-sdk-java-4.38.157.ALL&amp;format=json</td> </tr> <tr> <td>Server:</td> <td>openapi-55.rz21a.sandbox.alipay.net</td> </tr> <tr> <td>Date:</td> <td>2026/07/28 16:01:27</td> </tr> </table> <hr/>Powered by Tengine </body> </html> 
26-07-28.16:01:26.790 [scheduling-1    ] ERROR NoPayNotifyOrderJob    - 检测未接收到或未正确处理的支付回调通知失败
com.alipay.api.AlipayApiException: java.io.IOException: <!DOCTYPE HTML PUBLIC "-//IETF//DTD HTML 2.0//EN">
<html>
<head><title>504 Gateway Time-out</title></head>
<body bgcolor="white">
<h1>504 Gateway Time-out</h1>
<p>The gateway did not receive a timely response from the upstream server or application. Sorry for the inconvenience.<br/>
Please report this message and include the following information to us.<br/>
Thank you very much!</p>
<table>
<tr>
<td>URL:</td>
<td>http://openapi-sandbox.dl.alipaydev.com/gateway.do?charset=utf-8&amp;method=alipay.trade.query&amp;sign=jjTPLeYmw9RhqG8Neq80LXUUrdKGzjEihrcV0tqsaSL9qpy2CMrQtG3L7CQBW3hnDKi9%2FgBvNUMm1lBVeSYaBc6C2uiqebZBu%2BjFrApZOAJa3FucKIYFyzEfDqjvEyOzUPWvL96xfEygVjwbJ0bfBZUq%2BgFF5v1Xj3Id6ESLdNhE%2F3R9ojGrZ0ljQ9Q0SHYVU%2FZusIhwosTNdapyYEyubCytgUJ%2FH0fyhNGfJndLxikfcym%2FfjK%2FBHIZHNEmLXkE2a2RIzkpDcGi7NpVlm4sI7kNej3ld0D7GfhpbnQy6t2jO0ZkVtvThQu%2Bnzw0QHau6v6sI2uJ0i0DVjac2qV%2Bpw%3D%3D&amp;version=1.0&amp;app_id=9021000165677275&amp;sign_type=RSA2&amp;timestamp=2026-07-28+16%3A01%3A21&amp;alipay_sdk=alipay-sdk-java-4.38.157.ALL&amp;format=json</td>
</tr>
<tr>
<td>Server:</td>
<td>openapi-55.rz21a.sandbox.alipay.net</td>
</tr>
<tr>
<td>Date:</td>
<td>2026/07/28 16:01:27</td>
</tr>
</table>
<hr/>Powered by Tengine
</body>
</html>

	at com.alipay.api.AbstractAlipayClient.doPost(AbstractAlipayClient.java:1015)
	at com.alipay.api.AbstractAlipayClient._execute(AbstractAlipayClient.java:921)
	at com.alipay.api.AbstractAlipayClient.execute(AbstractAlipayClient.java:395)
	at com.alipay.api.AbstractAlipayClient.execute(AbstractAlipayClient.java:377)
	at com.alipay.api.AbstractAlipayClient.execute(AbstractAlipayClient.java:372)
	at com.alipay.api.AbstractAlipayClient.execute(AbstractAlipayClient.java:366)
	at cn.bugstack.trigger.job.NoPayNotifyOrderJob.exec(NoPayNotifyOrderJob.java:42)
	at java.base/jdk.internal.reflect.NativeMethodAccessorImpl.invoke0(Native Method)
	at java.base/jdk.internal.reflect.NativeMethodAccessorImpl.invoke(NativeMethodAccessorImpl.java:62)
	at java.base/jdk.internal.reflect.DelegatingMethodAccessorImpl.invoke(DelegatingMethodAccessorImpl.java:43)
	at java.base/java.lang.reflect.Method.invoke(Method.java:566)
	at org.springframework.scheduling.support.ScheduledMethodRunnable.run(ScheduledMethodRunnable.java:84)
	at org.springframework.scheduling.support.DelegatingErrorHandlingRunnable.run(DelegatingErrorHandlingRunnable.java:54)
	at org.springframework.scheduling.concurrent.ReschedulingRunnable.run(ReschedulingRunnable.java:95)
	at java.base/java.util.concurrent.Executors$RunnableAdapter.call(Executors.java:515)
	at java.base/java.util.concurrent.FutureTask.run(FutureTask.java:264)
	at java.base/java.util.concurrent.ScheduledThreadPoolExecutor$ScheduledFutureTask.run(ScheduledThreadPoolExecutor.java:304)
	at java.base/java.util.concurrent.ThreadPoolExecutor.runWorker(ThreadPoolExecutor.java:1128)
	at java.base/java.util.concurrent.ThreadPoolExecutor$Worker.run(ThreadPoolExecutor.java:628)
	at java.base/java.lang.Thread.run(Thread.java:829)
Caused by: java.io.IOException: <!DOCTYPE HTML PUBLIC "-//IETF//DTD HTML 2.0//EN">
<html>
<head><title>504 Gateway Time-out</title></head>
<body bgcolor="white">
<h1>504 Gateway Time-out</h1>
<p>The gateway did not receive a timely response from the upstream server or application. Sorry for the inconvenience.<br/>
Please report this message and include the following information to us.<br/>
Thank you very much!</p>
<table>
<tr>
<td>URL:</td>
<td>http://openapi-sandbox.dl.alipaydev.com/gateway.do?charset=utf-8&amp;method=alipay.trade.query&amp;sign=jjTPLeYmw9RhqG8Neq80LXUUrdKGzjEihrcV0tqsaSL9qpy2CMrQtG3L7CQBW3hnDKi9%2FgBvNUMm1lBVeSYaBc6C2uiqebZBu%2BjFrApZOAJa3FucKIYFyzEfDqjvEyOzUPWvL96xfEygVjwbJ0bfBZUq%2BgFF5v1Xj3Id6ESLdNhE%2F3R9ojGrZ0ljQ9Q0SHYVU%2FZusIhwosTNdapyYEyubCytgUJ%2FH0fyhNGfJndLxikfcym%2FfjK%2FBHIZHNEmLXkE2a2RIzkpDcGi7NpVlm4sI7kNej3ld0D7GfhpbnQy6t2jO0ZkVtvThQu%2Bnzw0QHau6v6sI2uJ0i0DVjac2qV%2Bpw%3D%3D&amp;version=1.0&amp;app_id=9021000165677275&amp;sign_type=RSA2&amp;timestamp=2026-07-28+16%3A01%3A21&amp;alipay_sdk=alipay-sdk-java-4.38.157.ALL&amp;format=json</td>
</tr>
<tr>
<td>Server:</td>
<td>openapi-55.rz21a.sandbox.alipay.net</td>
</tr>
<tr>
<td>Date:</td>
<td>2026/07/28 16:01:27</td>
</tr>
</table>
<hr/>Powered by Tengine
</body>
</html>

	at com.alipay.api.internal.util.WebUtils.getResponseAsString(WebUtils.java:520)
	at com.alipay.api.internal.util.WebUtils.doPost(WebUtils.java:181)
	at com.alipay.api.internal.util.WebUtils.doPost(WebUtils.java:142)
	at com.alipay.api.AbstractAlipayClient.doPost(AbstractAlipayClient.java:1003)
	... 19 common frames omitted
26-07-28.16:01:27.317 [scheduling-1    ] ERROR err                    - ErrorScene^_^40004^_^ACQ.TRADE_NOT_EXIST^_^192.168.73.1^_^Windows 11^_^2026-07-28 16:01:27^_^ProtocalMustParams:charset=utf-8&method=alipay.trade.query&sign=STQ/SYG68xiPOlKpusg7jywsdd6sXZXD6lGPtKF2h9S4ljV1+rkG7PAifqECMVW4Mgs59IxwsLlpTyKk5S1NYAUWaBBc98Bf76Bcqy7JrQZouUzJ4eylSLQrLXhXQsOy8DrohK2RVfFfHgPyMUGVZ2+3pZB5yw6gSxwpkLrAwE1cu/HBz+vrA1JWpWy0aa1mb7+1gt4DhYBTdGB8Tgb4xDp4Mr49a8qSKjQ0Vs10qnAodU56hkYtq5SxdhEmBs/zemwIqThNLUQwwl4AjBXhp9QZLCSi2b3o/gKpuQ8uoU2xmHFP1eO3KempCWxG/TDUMophZwVhOgCp9i7B8hmmIw==&version=1.0&app_id=9021000165677275&sign_type=RSA2&timestamp=2026-07-28 16:01:27^_^ProtocalOptParams:alipay_sdk=alipay-sdk-java-4.38.157.ALL&format=json^_^ApplicationParams:traceId=06020e08178522568774742062433085&biz_content={"out_trade_no":"59214591885269"}^_^Body:{"alipay_trade_query_response":{"msg":"Business Failed","code":"40004","out_trade_no":"59214591885269","sub_msg":"交易不存在","sub_code":"ACQ.TRADE_NOT_EXIST","receipt_amount":"0.00","point_amount":"0.00","buyer_pay_amount":"0.00","invoice_amount":"0.00"},"sign":"IlGZ9x5UhNF2eAqdNMzeNXtVmLVeP4WAHqOs3UIoTeNqOZPSKddjkKWyTMN0yOnmdmvXLs65xA8iLe3vMAOcTv3IRc5Ly+sfXiILXIoyDMo48N1nGL00QjpY712N35H3czuLP1upFRYorbFoh87mPrUkchUunF+PEBdfORFul87T4s2hkFE5Fl1M1wxQAAUDsoOdZiXF4N0VIlZn8XpWkwGhUJTSzC4T5bTxJpGdI0AVbbLy9QZu0eXIaXEtwYSVDV1oFLVBE/DEmKpridtTn9/6ZOtOpBhjgylpbP+J+f2SCp37feezNW+mRc7kxKeaJfjjdbn7pTI1TeynheyWLQ=="}^_^17ms,287ms,8ms^_^trace_id:06020e08178522568774742062433085
26-07-28.16:01:27.317 [scheduling-1    ] INFO  NoPayNotifyOrderJob    - 检测未接收到或未正确处理的支付回调通知，订单未支付成功 orderId:59214591885269 code:40004 tradeStatus:null
26-07-28.16:01:27.621 [scheduling-1    ] ERROR err                    - ErrorScene^_^40004^_^ACQ.TRADE_NOT_EXIST^_^192.168.73.1^_^Windows 11^_^2026-07-28 16:01:27^_^ProtocalMustParams:charset=utf-8&method=alipay.trade.query&sign=hHq8F+2HWzSfH7Gpn8yGOJknYgu7tvSzQ7rgRf0Z41a8ffI+0vtEYVLISB9VcLvbp+9Dkag4KKFsJAqqBuqCFFXU4IuAeQHW6MzSZLlqAwhVLnddOoqjss98kB5Ogc52ref6NMLpRKJRourEO6OMzBaBwyBLQN7f9KJrdd+SvLDql6sCWxmG27VQj4vrgl2OLCdvQitAcNxNOTcJ22U9U9lY95DfHLBwO9GTkG0/cukrszH15BFw+BMQkz1GsLHgeMwN1LzZZ0U/O+WvFmMDDV2E6NlnzX/9SMbEFpEIxJTCq1GFjbRee9s/f1JNJF4YMEXdlDksIhBo2igQ7meMDg==&version=1.0&app_id=9021000165677275&sign_type=RSA2&timestamp=2026-07-28 16:01:27^_^ProtocalOptParams:alipay_sdk=alipay-sdk-java-4.38.157.ALL&format=json^_^ApplicationParams:traceId=060d6922178522568806122483502569&biz_content={"out_trade_no":"63015243383423"}^_^Body:{"alipay_trade_query_response":{"msg":"Business Failed","code":"40004","out_trade_no":"63015243383423","sub_msg":"交易不存在","sub_code":"ACQ.TRADE_NOT_EXIST","receipt_amount":"0.00","point_amount":"0.00","buyer_pay_amount":"0.00","invoice_amount":"0.00"},"sign":"j/BKxEaDkp40hVZnDvR3FjkafML/EKkrgK5tm3o7RpXke6JHNNHQj7dtxjFXrid2kn398BXbOviGV9OREaHEsGkNi7IoyBK1JYReqxxHw+KZz8rrBoqtEmOs09WNzTcKyl/5ieUTw21MI9LZ5QoNI9FiQB3n5vdZv5nJ4536haXV/1ocYO4eOii1Wdd47onG0oGH6w7WLvZT+jP9UP1EcysxWQjk4vfPC2p1W/SB9gAsXt/vZ3hDDoI08AIACsojEfWvD71/4rGQQEyT4naQANCIzeGTzHZEfSOYngieu+N8sDW52hL5yDXMIaHr563fJPxX8LcKEtAYz+SGdbzTrw=="}^_^10ms,279ms,10ms^_^trace_id:060d6922178522568806122483502569
26-07-28.16:01:27.621 [scheduling-1    ] INFO  NoPayNotifyOrderJob    - 检测未接收到或未正确处理的支付回调通知，订单未支付成功 orderId:63015243383423 code:40004 tradeStatus:null
26-07-28.16:01:29.117 [http-nio-8080-exec-6] INFO  LoginController        - 扫描检测登录结果 ticket:gQEA8DwAAAAAAAAAAS5odHRwOi8vd2VpeGluLnFxLmNvbS9xLzAydVFKR1p6NVpjRHQxTGFLZjFHMWsAAgTKYWhqAwQAjScA openidToken:null
26-07-28.16:01:32.121 [http-nio-8080-exec-7] INFO  LoginController        - 扫描检测登录结果 ticket:gQEA8DwAAAAAAAAAAS5odHRwOi8vd2VpeGluLnFxLmNvbS9xLzAydVFKR1p6NVpjRHQxTGFLZjFHMWsAAgTKYWhqAwQAjScA openidToken:null
26-07-28.16:01:32.835 [scheduling-1    ] ERROR err                    - 2026-07-28 16:01:32^_^alipay.trade.query^_^null^_^192.168.73.1^_^Windows 11^_^alipay-sdk-java-4.38.157.ALL^_^https://openapi-sandbox.dl.alipaydev.com/gateway.do?charset=utf-8&method=alipay.trade.query&sign=kRNl%2FPvKo%2F6U4bSU20T1VRkTqzEQ4OLjqscgG8j4nWo08Zwskv0sN%2BYCpx1qFwih12N9CgifXXSfxaOXSlCHt9RVDNC7Ta0zihJnOVB30dWSU6GkJxwy4LibbXeaLhCkTgkJ6H4GhZ8NdSLNISJoFUHyrU2UJnYeZay2j5I8esAqHj6JxAQAs0EkbpwDB93Pc1%2BZdYqQ9qKTgUifYtGEt2Kcf5B6iqYk9MQdNuY2WRStBmgyZxwsOD7JJR7iKFAvj6TJuC4fC7M%2BSpZXEhzKuJywYOQQYMvmQ9w2ESQMnmiVCIRY0MyajmxT35YLYGWg1xQmr%2Bo6KpqxbekBIWj%2Bow%3D%3D&version=1.0&app_id=9021000165677275&sign_type=RSA2&timestamp=2026-07-28+16%3A01%3A27&alipay_sdk=alipay-sdk-java-4.38.157.ALL&format=json^_^^_^<!DOCTYPE HTML PUBLIC "-//IETF//DTD HTML 2.0//EN"> <html> <head><title>504 Gateway Time-out</title></head> <body bgcolor="white"> <h1>504 Gateway Time-out</h1> <p>The gateway did not receive a timely response from the upstream server or application. Sorry for the inconvenience.<br/> Please report this message and include the following information to us.<br/> Thank you very much!</p> <table> <tr> <td>URL:</td> <td>http://openapi-sandbox.dl.alipaydev.com/gateway.do?charset=utf-8&amp;method=alipay.trade.query&amp;sign=kRNl%2FPvKo%2F6U4bSU20T1VRkTqzEQ4OLjqscgG8j4nWo08Zwskv0sN%2BYCpx1qFwih12N9CgifXXSfxaOXSlCHt9RVDNC7Ta0zihJnOVB30dWSU6GkJxwy4LibbXeaLhCkTgkJ6H4GhZ8NdSLNISJoFUHyrU2UJnYeZay2j5I8esAqHj6JxAQAs0EkbpwDB93Pc1%2BZdYqQ9qKTgUifYtGEt2Kcf5B6iqYk9MQdNuY2WRStBmgyZxwsOD7JJR7iKFAvj6TJuC4fC7M%2BSpZXEhzKuJywYOQQYMvmQ9w2ESQMnmiVCIRY0MyajmxT35YLYGWg1xQmr%2Bo6KpqxbekBIWj%2Bow%3D%3D&amp;version=1.0&amp;app_id=9021000165677275&amp;sign_type=RSA2&amp;timestamp=2026-07-28+16%3A01%3A27&amp;alipay_sdk=alipay-sdk-java-4.38.157.ALL&amp;format=json</td> </tr> <tr> <td>Server:</td> <td>openapi-57.rz21a.sandbox.alipay.net</td> </tr> <tr> <td>Date:</td> <td>2026/07/28 16:01:33</td> </tr> </table> <hr/>Powered by Tengine </body> </html> 
26-07-28.16:01:32.835 [scheduling-1    ] ERROR NoPayNotifyOrderJob    - 检测未接收到或未正确处理的支付回调通知失败
com.alipay.api.AlipayApiException: java.io.IOException: <!DOCTYPE HTML PUBLIC "-//IETF//DTD HTML 2.0//EN">
<html>
<head><title>504 Gateway Time-out</title></head>
<body bgcolor="white">
<h1>504 Gateway Time-out</h1>
<p>The gateway did not receive a timely response from the upstream server or application. Sorry for the inconvenience.<br/>
Please report this message and include the following information to us.<br/>
Thank you very much!</p>
<table>
<tr>
<td>URL:</td>
<td>http://openapi-sandbox.dl.alipaydev.com/gateway.do?charset=utf-8&amp;method=alipay.trade.query&amp;sign=kRNl%2FPvKo%2F6U4bSU20T1VRkTqzEQ4OLjqscgG8j4nWo08Zwskv0sN%2BYCpx1qFwih12N9CgifXXSfxaOXSlCHt9RVDNC7Ta0zihJnOVB30dWSU6GkJxwy4LibbXeaLhCkTgkJ6H4GhZ8NdSLNISJoFUHyrU2UJnYeZay2j5I8esAqHj6JxAQAs0EkbpwDB93Pc1%2BZdYqQ9qKTgUifYtGEt2Kcf5B6iqYk9MQdNuY2WRStBmgyZxwsOD7JJR7iKFAvj6TJuC4fC7M%2BSpZXEhzKuJywYOQQYMvmQ9w2ESQMnmiVCIRY0MyajmxT35YLYGWg1xQmr%2Bo6KpqxbekBIWj%2Bow%3D%3D&amp;version=1.0&amp;app_id=9021000165677275&amp;sign_type=RSA2&amp;timestamp=2026-07-28+16%3A01%3A27&amp;alipay_sdk=alipay-sdk-java-4.38.157.ALL&amp;format=json</td>
</tr>
<tr>
<td>Server:</td>
<td>openapi-57.rz21a.sandbox.alipay.net</td>
</tr>
<tr>
<td>Date:</td>
<td>2026/07/28 16:01:33</td>
</tr>
</table>
<hr/>Powered by Tengine
</body>
</html>

	at com.alipay.api.AbstractAlipayClient.doPost(AbstractAlipayClient.java:1015)
	at com.alipay.api.AbstractAlipayClient._execute(AbstractAlipayClient.java:921)
	at com.alipay.api.AbstractAlipayClient.execute(AbstractAlipayClient.java:395)
	at com.alipay.api.AbstractAlipayClient.execute(AbstractAlipayClient.java:377)
	at com.alipay.api.AbstractAlipayClient.execute(AbstractAlipayClient.java:372)
	at com.alipay.api.AbstractAlipayClient.execute(AbstractAlipayClient.java:366)
	at cn.bugstack.trigger.job.NoPayNotifyOrderJob.exec(NoPayNotifyOrderJob.java:42)
	at java.base/jdk.internal.reflect.NativeMethodAccessorImpl.invoke0(Native Method)
	at java.base/jdk.internal.reflect.NativeMethodAccessorImpl.invoke(NativeMethodAccessorImpl.java:62)
	at java.base/jdk.internal.reflect.DelegatingMethodAccessorImpl.invoke(DelegatingMethodAccessorImpl.java:43)
	at java.base/java.lang.reflect.Method.invoke(Method.java:566)
	at org.springframework.scheduling.support.ScheduledMethodRunnable.run(ScheduledMethodRunnable.java:84)
	at org.springframework.scheduling.support.DelegatingErrorHandlingRunnable.run(DelegatingErrorHandlingRunnable.java:54)
	at org.springframework.scheduling.concurrent.ReschedulingRunnable.run(ReschedulingRunnable.java:95)
	at java.base/java.util.concurrent.Executors$RunnableAdapter.call(Executors.java:515)
	at java.base/java.util.concurrent.FutureTask.run(FutureTask.java:264)
	at java.base/java.util.concurrent.ScheduledThreadPoolExecutor$ScheduledFutureTask.run(ScheduledThreadPoolExecutor.java:304)
	at java.base/java.util.concurrent.ThreadPoolExecutor.runWorker(ThreadPoolExecutor.java:1128)
	at java.base/java.util.concurrent.ThreadPoolExecutor$Worker.run(ThreadPoolExecutor.java:628)
	at java.base/java.lang.Thread.run(Thread.java:829)
Caused by: java.io.IOException: <!DOCTYPE HTML PUBLIC "-//IETF//DTD HTML 2.0//EN">
<html>
<head><title>504 Gateway Time-out</title></head>
<body bgcolor="white">
<h1>504 Gateway Time-out</h1>
<p>The gateway did not receive a timely response from the upstream server or application. Sorry for the inconvenience.<br/>
Please report this message and include the following information to us.<br/>
Thank you very much!</p>
<table>
<tr>
<td>URL:</td>
<td>http://openapi-sandbox.dl.alipaydev.com/gateway.do?charset=utf-8&amp;method=alipay.trade.query&amp;sign=kRNl%2FPvKo%2F6U4bSU20T1VRkTqzEQ4OLjqscgG8j4nWo08Zwskv0sN%2BYCpx1qFwih12N9CgifXXSfxaOXSlCHt9RVDNC7Ta0zihJnOVB30dWSU6GkJxwy4LibbXeaLhCkTgkJ6H4GhZ8NdSLNISJoFUHyrU2UJnYeZay2j5I8esAqHj6JxAQAs0EkbpwDB93Pc1%2BZdYqQ9qKTgUifYtGEt2Kcf5B6iqYk9MQdNuY2WRStBmgyZxwsOD7JJR7iKFAvj6TJuC4fC7M%2BSpZXEhzKuJywYOQQYMvmQ9w2ESQMnmiVCIRY0MyajmxT35YLYGWg1xQmr%2Bo6KpqxbekBIWj%2Bow%3D%3D&amp;version=1.0&amp;app_id=9021000165677275&amp;sign_type=RSA2&amp;timestamp=2026-07-28+16%3A01%3A27&amp;alipay_sdk=alipay-sdk-java-4.38.157.ALL&amp;format=json</td>
</tr>
<tr>
<td>Server:</td>
<td>openapi-57.rz21a.sandbox.alipay.net</td>
</tr>
<tr>
<td>Date:</td>
<td>2026/07/28 16:01:33</td>
</tr>
</table>
<hr/>Powered by Tengine
</body>
</html>

	at com.alipay.api.internal.util.WebUtils.getResponseAsString(WebUtils.java:520)
	at com.alipay.api.internal.util.WebUtils.doPost(WebUtils.java:181)
	at com.alipay.api.internal.util.WebUtils.doPost(WebUtils.java:142)
	at com.alipay.api.AbstractAlipayClient.doPost(AbstractAlipayClient.java:1003)
	... 19 common frames omitted
26-07-28.16:01:35.117 [http-nio-8080-exec-8] INFO  LoginController        - 扫描检测登录结果 ticket:gQEA8DwAAAAAAAAAAS5odHRwOi8vd2VpeGluLnFxLmNvbS9xLzAydVFKR1p6NVpjRHQxTGFLZjFHMWsAAgTKYWhqAwQAjScA openidToken:null
26-07-28.16:01:38.162 [scheduling-1    ] ERROR err                    - 2026-07-28 16:01:38^_^alipay.trade.query^_^null^_^192.168.73.1^_^Windows 11^_^alipay-sdk-java-4.38.157.ALL^_^https://openapi-sandbox.dl.alipaydev.com/gateway.do?charset=utf-8&method=alipay.trade.query&sign=gK4MR9PQl%2B6nnSz5EXzpoG%2Fv7TfhDUULQ8AV%2FAGzwrh1XW2mViFYlQg6tMpSXwP1Ij0eNJCM07mETshQOTMsi8uHCnfhPvHFxmiBp5Nl%2F3h2e4J7j4TYZCHoI6BhMEkeQDEY2wScMeEkrsjhUWH9TNO4OLlkFjW7gF5q7kOmNhGpiAtYZLO7T4sSg9iWsz1y1TUIKXy70ENj2dhAKheB5Bo5TDsQaP4lMFGGwCiKoFFNymZMNap8py9YpHeVRCbGdA4%2BWZt1BkakiFSkzk8mc2C%2F%2F330xFCuC%2F0k4ZokHiKHg%2Fffaihq6kmJk%2FrIkiLFDos14CNJ2oqZbuDe2TVwGA%3D%3D&version=1.0&app_id=9021000165677275&sign_type=RSA2&timestamp=2026-07-28+16%3A01%3A33&alipay_sdk=alipay-sdk-java-4.38.157.ALL&format=json^_^^_^<!DOCTYPE HTML PUBLIC "-//IETF//DTD HTML 2.0//EN"> <html> <head><title>504 Gateway Time-out</title></head> <body bgcolor="white"> <h1>504 Gateway Time-out</h1> <p>The gateway did not receive a timely response from the upstream server or application. Sorry for the inconvenience.<br/> Please report this message and include the following information to us.<br/> Thank you very much!</p> <table> <tr> <td>URL:</td> <td>http://openapi-sandbox.dl.alipaydev.com/gateway.do?charset=utf-8&amp;method=alipay.trade.query&amp;sign=gK4MR9PQl%2B6nnSz5EXzpoG%2Fv7TfhDUULQ8AV%2FAGzwrh1XW2mViFYlQg6tMpSXwP1Ij0eNJCM07mETshQOTMsi8uHCnfhPvHFxmiBp5Nl%2F3h2e4J7j4TYZCHoI6BhMEkeQDEY2wScMeEkrsjhUWH9TNO4OLlkFjW7gF5q7kOmNhGpiAtYZLO7T4sSg9iWsz1y1TUIKXy70ENj2dhAKheB5Bo5TDsQaP4lMFGGwCiKoFFNymZMNap8py9YpHeVRCbGdA4%2BWZt1BkakiFSkzk8mc2C%2F%2F330xFCuC%2F0k4ZokHiKHg%2Fffaihq6kmJk%2FrIkiLFDos14CNJ2oqZbuDe2TVwGA%3D%3D&amp;version=1.0&amp;app_id=9021000165677275&amp;sign_type=RSA2&amp;timestamp=2026-07-28+16%3A01%3A33&amp;alipay_sdk=alipay-sdk-java-4.38.157.ALL&amp;format=json</td> </tr> <tr> <td>Server:</td> <td>openapi-57.rz21a.sandbox.alipay.net</td> </tr> <tr> <td>Date:</td> <td>2026/07/28 16:01:38</td> </tr> </table> <hr/>Powered by Tengine </body> </html> 
26-07-28.16:01:38.163 [scheduling-1    ] ERROR NoPayNotifyOrderJob    - 检测未接收到或未正确处理的支付回调通知失败
com.alipay.api.AlipayApiException: java.io.IOException: <!DOCTYPE HTML PUBLIC "-//IETF//DTD HTML 2.0//EN">
<html>
<head><title>504 Gateway Time-out</title></head>
<body bgcolor="white">
<h1>504 Gateway Time-out</h1>
<p>The gateway did not receive a timely response from the upstream server or application. Sorry for the inconvenience.<br/>
Please report this message and include the following information to us.<br/>
Thank you very much!</p>
<table>
<tr>
<td>URL:</td>
<td>http://openapi-sandbox.dl.alipaydev.com/gateway.do?charset=utf-8&amp;method=alipay.trade.query&amp;sign=gK4MR9PQl%2B6nnSz5EXzpoG%2Fv7TfhDUULQ8AV%2FAGzwrh1XW2mViFYlQg6tMpSXwP1Ij0eNJCM07mETshQOTMsi8uHCnfhPvHFxmiBp5Nl%2F3h2e4J7j4TYZCHoI6BhMEkeQDEY2wScMeEkrsjhUWH9TNO4OLlkFjW7gF5q7kOmNhGpiAtYZLO7T4sSg9iWsz1y1TUIKXy70ENj2dhAKheB5Bo5TDsQaP4lMFGGwCiKoFFNymZMNap8py9YpHeVRCbGdA4%2BWZt1BkakiFSkzk8mc2C%2F%2F330xFCuC%2F0k4ZokHiKHg%2Fffaihq6kmJk%2FrIkiLFDos14CNJ2oqZbuDe2TVwGA%3D%3D&amp;version=1.0&amp;app_id=9021000165677275&amp;sign_type=RSA2&amp;timestamp=2026-07-28+16%3A01%3A33&amp;alipay_sdk=alipay-sdk-java-4.38.157.ALL&amp;format=json</td>
</tr>
<tr>
<td>Server:</td>
<td>openapi-57.rz21a.sandbox.alipay.net</td>
</tr>
<tr>
<td>Date:</td>
<td>2026/07/28 16:01:38</td>
</tr>
</table>
<hr/>Powered by Tengine
</body>
</html>

	at com.alipay.api.AbstractAlipayClient.doPost(AbstractAlipayClient.java:1015)
	at com.alipay.api.AbstractAlipayClient._execute(AbstractAlipayClient.java:921)
	at com.alipay.api.AbstractAlipayClient.execute(AbstractAlipayClient.java:395)
	at com.alipay.api.AbstractAlipayClient.execute(AbstractAlipayClient.java:377)
	at com.alipay.api.AbstractAlipayClient.execute(AbstractAlipayClient.java:372)
	at com.alipay.api.AbstractAlipayClient.execute(AbstractAlipayClient.java:366)
	at cn.bugstack.trigger.job.NoPayNotifyOrderJob.exec(NoPayNotifyOrderJob.java:42)
	at java.base/jdk.internal.reflect.NativeMethodAccessorImpl.invoke0(Native Method)
	at java.base/jdk.internal.reflect.NativeMethodAccessorImpl.invoke(NativeMethodAccessorImpl.java:62)
	at java.base/jdk.internal.reflect.DelegatingMethodAccessorImpl.invoke(DelegatingMethodAccessorImpl.java:43)
	at java.base/java.lang.reflect.Method.invoke(Method.java:566)
	at org.springframework.scheduling.support.ScheduledMethodRunnable.run(ScheduledMethodRunnable.java:84)
	at org.springframework.scheduling.support.DelegatingErrorHandlingRunnable.run(DelegatingErrorHandlingRunnable.java:54)
	at org.springframework.scheduling.concurrent.ReschedulingRunnable.run(ReschedulingRunnable.java:95)
	at java.base/java.util.concurrent.Executors$RunnableAdapter.call(Executors.java:515)
	at java.base/java.util.concurrent.FutureTask.run(FutureTask.java:264)
	at java.base/java.util.concurrent.ScheduledThreadPoolExecutor$ScheduledFutureTask.run(ScheduledThreadPoolExecutor.java:304)
	at java.base/java.util.concurrent.ThreadPoolExecutor.runWorker(ThreadPoolExecutor.java:1128)
	at java.base/java.util.concurrent.ThreadPoolExecutor$Worker.run(ThreadPoolExecutor.java:628)
	at java.base/java.lang.Thread.run(Thread.java:829)
Caused by: java.io.IOException: <!DOCTYPE HTML PUBLIC "-//IETF//DTD HTML 2.0//EN">
<html>
<head><title>504 Gateway Time-out</title></head>
<body bgcolor="white">
<h1>504 Gateway Time-out</h1>
<p>The gateway did not receive a timely response from the upstream server or application. Sorry for the inconvenience.<br/>
Please report this message and include the following information to us.<br/>
Thank you very much!</p>
<table>
<tr>
<td>URL:</td>
<td>http://openapi-sandbox.dl.alipaydev.com/gateway.do?charset=utf-8&amp;method=alipay.trade.query&amp;sign=gK4MR9PQl%2B6nnSz5EXzpoG%2Fv7TfhDUULQ8AV%2FAGzwrh1XW2mViFYlQg6tMpSXwP1Ij0eNJCM07mETshQOTMsi8uHCnfhPvHFxmiBp5Nl%2F3h2e4J7j4TYZCHoI6BhMEkeQDEY2wScMeEkrsjhUWH9TNO4OLlkFjW7gF5q7kOmNhGpiAtYZLO7T4sSg9iWsz1y1TUIKXy70ENj2dhAKheB5Bo5TDsQaP4lMFGGwCiKoFFNymZMNap8py9YpHeVRCbGdA4%2BWZt1BkakiFSkzk8mc2C%2F%2F330xFCuC%2F0k4ZokHiKHg%2Fffaihq6kmJk%2FrIkiLFDos14CNJ2oqZbuDe2TVwGA%3D%3D&amp;version=1.0&amp;app_id=9021000165677275&amp;sign_type=RSA2&amp;timestamp=2026-07-28+16%3A01%3A33&amp;alipay_sdk=alipay-sdk-java-4.38.157.ALL&amp;format=json</td>
</tr>
<tr>
<td>Server:</td>
<td>openapi-57.rz21a.sandbox.alipay.net</td>
</tr>
<tr>
<td>Date:</td>
<td>2026/07/28 16:01:38</td>
</tr>
</table>
<hr/>Powered by Tengine
</body>
</html>

	at com.alipay.api.internal.util.WebUtils.getResponseAsString(WebUtils.java:520)
	at com.alipay.api.internal.util.WebUtils.doPost(WebUtils.java:181)
	at com.alipay.api.internal.util.WebUtils.doPost(WebUtils.java:142)
	at com.alipay.api.AbstractAlipayClient.doPost(AbstractAlipayClient.java:1003)
	... 19 common frames omitted
26-07-28.16:01:39.222 [scheduling-1    ] ERROR err                    - ErrorScene^_^40004^_^ACQ.TRADE_NOT_EXIST^_^192.168.73.1^_^Windows 11^_^2026-07-28 16:01:39^_^ProtocalMustParams:charset=utf-8&method=alipay.trade.query&sign=F8PCLUuQrJE3VWJFiyHoxqCTFAd0pZHPzcq0HPC9268uTk0upHNqHoZYwYm5PPb3e1JmJQgGZjylpt0Tki0OXf5t/wT/YYNCUGHDARH6lRX83HGhuaAhfdc4F6ZD5BmJm+gjRP77Cp4Pg7953PtIEFJ6wSEXJsj/MyGFRuuy6JeD4+zAy+rfb2egWK0cZ5XjuyYQCY29/cYNpPYje2XJDh79So3EcXZUq61Va9qGyP7hgxDRyfe5usfHjlS4QkKwWtm8gfiZ73JmAJB21CeaceDYSW0jx3w7/VuaW6lk2l7TYJCPi2Dz8JJatqll69B1WDOVoJT5sZSDayc2KM0b/w==&version=1.0&app_id=9021000165677275&sign_type=RSA2&timestamp=2026-07-28 16:01:39^_^ProtocalOptParams:alipay_sdk=alipay-sdk-java-4.38.157.ALL&format=json^_^ApplicationParams:traceId=060d6922178522569975922823502569&biz_content={"out_trade_no":"59214591885269"}^_^Body:{"alipay_trade_query_response":{"msg":"Business Failed","code":"40004","out_trade_no":"59214591885269","sub_msg":"交易不存在","sub_code":"ACQ.TRADE_NOT_EXIST","receipt_amount":"0.00","point_amount":"0.00","buyer_pay_amount":"0.00","invoice_amount":"0.00"},"sign":"IlGZ9x5UhNF2eAqdNMzeNXtVmLVeP4WAHqOs3UIoTeNqOZPSKddjkKWyTMN0yOnmdmvXLs65xA8iLe3vMAOcTv3IRc5Ly+sfXiILXIoyDMo48N1nGL00QjpY712N35H3czuLP1upFRYorbFoh87mPrUkchUunF+PEBdfORFul87T4s2hkFE5Fl1M1wxQAAUDsoOdZiXF4N0VIlZn8XpWkwGhUJTSzC4T5bTxJpGdI0AVbbLy9QZu0eXIaXEtwYSVDV1oFLVBE/DEmKpridtTn9/6ZOtOpBhjgylpbP+J+f2SCp37feezNW+mRc7kxKeaJfjjdbn7pTI1TeynheyWLQ=="}^_^13ms,183ms,13ms^_^trace_id:060d6922178522569975922823502569
26-07-28.16:01:39.226 [scheduling-1    ] INFO  NoPayNotifyOrderJob    - 检测未接收到或未正确处理的支付回调通知，订单未支付成功 orderId:59214591885269 code:40004 tradeStatus:null
26-07-28.16:01:44.405 [scheduling-1    ] ERROR err                    - 2026-07-28 16:01:44^_^alipay.trade.query^_^null^_^192.168.73.1^_^Windows 11^_^alipay-sdk-java-4.38.157.ALL^_^https://openapi-sandbox.dl.alipaydev.com/gateway.do?charset=utf-8&method=alipay.trade.query&sign=Cj1tWLTFMjj4YjaKtXfybguNO4RIM%2BX6cV%2BQCMQtXg5OQ43y2MdK%2FdA6eJ%2FELAX5hGg9OWcXksMhb9chj53h5YzouHZwGIp%2FWk2DbPj%2BPmW%2BO9FFP2wbLgNl52sADxopNJi2rT21RptsR7LKb%2FqbwYG1fEbyjKO8Fj%2FgZBg649HqGmpxtUpNmsDtuUIFcL4wamDD36kE879ValU8KBXKl5e%2BnY3dNtRL3VcC9VPozBxpckw7OXdqBi%2F4y5ceYkCypvQqbl42SmTQi8npCIUBStibiQL0DfnFt%2FbeeSDVbbeLbY9zrkhTksoChCQlf9BBEvKdN9C5uRkkvZw0jaBUZA%3D%3D&version=1.0&app_id=9021000165677275&sign_type=RSA2&timestamp=2026-07-28+16%3A01%3A39&alipay_sdk=alipay-sdk-java-4.38.157.ALL&format=json^_^^_^<!DOCTYPE HTML PUBLIC "-//IETF//DTD HTML 2.0//EN"> <html> <head><title>504 Gateway Time-out</title></head> <body bgcolor="white"> <h1>504 Gateway Time-out</h1> <p>The gateway did not receive a timely response from the upstream server or application. Sorry for the inconvenience.<br/> Please report this message and include the following information to us.<br/> Thank you very much!</p> <table> <tr> <td>URL:</td> <td>http://openapi-sandbox.dl.alipaydev.com/gateway.do?charset=utf-8&amp;method=alipay.trade.query&amp;sign=Cj1tWLTFMjj4YjaKtXfybguNO4RIM%2BX6cV%2BQCMQtXg5OQ43y2MdK%2FdA6eJ%2FELAX5hGg9OWcXksMhb9chj53h5YzouHZwGIp%2FWk2DbPj%2BPmW%2BO9FFP2wbLgNl52sADxopNJi2rT21RptsR7LKb%2FqbwYG1fEbyjKO8Fj%2FgZBg649HqGmpxtUpNmsDtuUIFcL4wamDD36kE879ValU8KBXKl5e%2BnY3dNtRL3VcC9VPozBxpckw7OXdqBi%2F4y5ceYkCypvQqbl42SmTQi8npCIUBStibiQL0DfnFt%2FbeeSDVbbeLbY9zrkhTksoChCQlf9BBEvKdN9C5uRkkvZw0jaBUZA%3D%3D&amp;version=1.0&amp;app_id=9021000165677275&amp;sign_type=RSA2&amp;timestamp=2026-07-28+16%3A01%3A39&amp;alipay_sdk=alipay-sdk-java-4.38.157.ALL&amp;format=json</td> </tr> <tr> <td>Server:</td> <td>openapi-57.rz21a.sandbox.alipay.net</td> </tr> <tr> <td>Date:</td> <td>2026/07/28 16:01:44</td> </tr> </table> <hr/>Powered by Tengine </body> </html> 
26-07-28.16:01:44.405 [scheduling-1    ] ERROR NoPayNotifyOrderJob    - 检测未接收到或未正确处理的支付回调通知失败
com.alipay.api.AlipayApiException: java.io.IOException: <!DOCTYPE HTML PUBLIC "-//IETF//DTD HTML 2.0//EN">
<html>
<head><title>504 Gateway Time-out</title></head>
<body bgcolor="white">
<h1>504 Gateway Time-out</h1>
<p>The gateway did not receive a timely response from the upstream server or application. Sorry for the inconvenience.<br/>
Please report this message and include the following information to us.<br/>
Thank you very much!</p>
<table>
<tr>
<td>URL:</td>
<td>http://openapi-sandbox.dl.alipaydev.com/gateway.do?charset=utf-8&amp;method=alipay.trade.query&amp;sign=Cj1tWLTFMjj4YjaKtXfybguNO4RIM%2BX6cV%2BQCMQtXg5OQ43y2MdK%2FdA6eJ%2FELAX5hGg9OWcXksMhb9chj53h5YzouHZwGIp%2FWk2DbPj%2BPmW%2BO9FFP2wbLgNl52sADxopNJi2rT21RptsR7LKb%2FqbwYG1fEbyjKO8Fj%2FgZBg649HqGmpxtUpNmsDtuUIFcL4wamDD36kE879ValU8KBXKl5e%2BnY3dNtRL3VcC9VPozBxpckw7OXdqBi%2F4y5ceYkCypvQqbl42SmTQi8npCIUBStibiQL0DfnFt%2FbeeSDVbbeLbY9zrkhTksoChCQlf9BBEvKdN9C5uRkkvZw0jaBUZA%3D%3D&amp;version=1.0&amp;app_id=9021000165677275&amp;sign_type=RSA2&amp;timestamp=2026-07-28+16%3A01%3A39&amp;alipay_sdk=alipay-sdk-java-4.38.157.ALL&amp;format=json</td>
</tr>
<tr>
<td>Server:</td>
<td>openapi-57.rz21a.sandbox.alipay.net</td>
</tr>
<tr>
<td>Date:</td>
<td>2026/07/28 16:01:44</td>
</tr>
</table>
<hr/>Powered by Tengine
</body>
</html>

	at com.alipay.api.AbstractAlipayClient.doPost(AbstractAlipayClient.java:1015)
	at com.alipay.api.AbstractAlipayClient._execute(AbstractAlipayClient.java:921)
	at com.alipay.api.AbstractAlipayClient.execute(AbstractAlipayClient.java:395)
	at com.alipay.api.AbstractAlipayClient.execute(AbstractAlipayClient.java:377)
	at com.alipay.api.AbstractAlipayClient.execute(AbstractAlipayClient.java:372)
	at com.alipay.api.AbstractAlipayClient.execute(AbstractAlipayClient.java:366)
	at cn.bugstack.trigger.job.NoPayNotifyOrderJob.exec(NoPayNotifyOrderJob.java:42)
	at java.base/jdk.internal.reflect.NativeMethodAccessorImpl.invoke0(Native Method)
	at java.base/jdk.internal.reflect.NativeMethodAccessorImpl.invoke(NativeMethodAccessorImpl.java:62)
	at java.base/jdk.internal.reflect.DelegatingMethodAccessorImpl.invoke(DelegatingMethodAccessorImpl.java:43)
	at java.base/java.lang.reflect.Method.invoke(Method.java:566)
	at org.springframework.scheduling.support.ScheduledMethodRunnable.run(ScheduledMethodRunnable.java:84)
	at org.springframework.scheduling.support.DelegatingErrorHandlingRunnable.run(DelegatingErrorHandlingRunnable.java:54)
	at org.springframework.scheduling.concurrent.ReschedulingRunnable.run(ReschedulingRunnable.java:95)
	at java.base/java.util.concurrent.Executors$RunnableAdapter.call(Executors.java:515)
	at java.base/java.util.concurrent.FutureTask.run(FutureTask.java:264)
	at java.base/java.util.concurrent.ScheduledThreadPoolExecutor$ScheduledFutureTask.run(ScheduledThreadPoolExecutor.java:304)
	at java.base/java.util.concurrent.ThreadPoolExecutor.runWorker(ThreadPoolExecutor.java:1128)
	at java.base/java.util.concurrent.ThreadPoolExecutor$Worker.run(ThreadPoolExecutor.java:628)
	at java.base/java.lang.Thread.run(Thread.java:829)
Caused by: java.io.IOException: <!DOCTYPE HTML PUBLIC "-//IETF//DTD HTML 2.0//EN">
<html>
<head><title>504 Gateway Time-out</title></head>
<body bgcolor="white">
<h1>504 Gateway Time-out</h1>
<p>The gateway did not receive a timely response from the upstream server or application. Sorry for the inconvenience.<br/>
Please report this message and include the following information to us.<br/>
Thank you very much!</p>
<table>
<tr>
<td>URL:</td>
<td>http://openapi-sandbox.dl.alipaydev.com/gateway.do?charset=utf-8&amp;method=alipay.trade.query&amp;sign=Cj1tWLTFMjj4YjaKtXfybguNO4RIM%2BX6cV%2BQCMQtXg5OQ43y2MdK%2FdA6eJ%2FELAX5hGg9OWcXksMhb9chj53h5YzouHZwGIp%2FWk2DbPj%2BPmW%2BO9FFP2wbLgNl52sADxopNJi2rT21RptsR7LKb%2FqbwYG1fEbyjKO8Fj%2FgZBg649HqGmpxtUpNmsDtuUIFcL4wamDD36kE879ValU8KBXKl5e%2BnY3dNtRL3VcC9VPozBxpckw7OXdqBi%2F4y5ceYkCypvQqbl42SmTQi8npCIUBStibiQL0DfnFt%2FbeeSDVbbeLbY9zrkhTksoChCQlf9BBEvKdN9C5uRkkvZw0jaBUZA%3D%3D&amp;version=1.0&amp;app_id=9021000165677275&amp;sign_type=RSA2&amp;timestamp=2026-07-28+16%3A01%3A39&amp;alipay_sdk=alipay-sdk-java-4.38.157.ALL&amp;format=json</td>
</tr>
<tr>
<td>Server:</td>
<td>openapi-57.rz21a.sandbox.alipay.net</td>
</tr>
<tr>
<td>Date:</td>
<td>2026/07/28 16:01:44</td>
</tr>
</table>
<hr/>Powered by Tengine
</body>
</html>

	at com.alipay.api.internal.util.WebUtils.getResponseAsString(WebUtils.java:520)
	at com.alipay.api.internal.util.WebUtils.doPost(WebUtils.java:181)
	at com.alipay.api.internal.util.WebUtils.doPost(WebUtils.java:142)
	at com.alipay.api.AbstractAlipayClient.doPost(AbstractAlipayClient.java:1003)
	... 19 common frames omitted
26-07-28.16:01:56.506 [scheduling-1    ] ERROR err                    - ErrorScene^_^40004^_^ACQ.TRADE_NOT_EXIST^_^192.168.73.1^_^Windows 11^_^2026-07-28 16:01:56^_^ProtocalMustParams:charset=utf-8&method=alipay.trade.query&sign=nDzSJ4YteRWFqAIr2ocN+lWSmvYvHWrZzGiFakev0dWi3AmK4bgTxs0pdQTZcuAo+5f63uiZqmNwjRILP/OQejef5VZzgyIpELY6XNGlq+VRn+cWON/2Kjs9r3N1gDylm3F7Lf99UmFkRL8xWP88qKtsqmp8mhipAoAiDbmXsxRglfDCVkcqM52WQ8SKZCAi+HQPwjcgpr0GWTzh2i9L+6OGhYbO9M3V9DrB304bV8qUpnAoMzAFetXQAFLFv+tnFtZpzUEHzRG0wM+s5TKYDZSQ8lBjO1Xy2ZbVajqttO+GCfWgWUiwNxFUHSJ/8cyAv7BG2Ie/6eBUwmiSWvyQWw==&version=1.0&app_id=9021000165677275&sign_type=RSA2&timestamp=2026-07-28 16:01:45^_^ProtocalOptParams:alipay_sdk=alipay-sdk-java-4.38.157.ALL&format=json^_^ApplicationParams:traceId=06002c4e178522571698036541578980&biz_content={"out_trade_no":"59214591885269"}^_^Body:{"alipay_trade_query_response":{"msg":"Business Failed","code":"40004","out_trade_no":"59214591885269","sub_msg":"交易不存在","sub_code":"ACQ.TRADE_NOT_EXIST","receipt_amount":"0.00","point_amount":"0.00","buyer_pay_amount":"0.00","invoice_amount":"0.00"},"sign":"IlGZ9x5UhNF2eAqdNMzeNXtVmLVeP4WAHqOs3UIoTeNqOZPSKddjkKWyTMN0yOnmdmvXLs65xA8iLe3vMAOcTv3IRc5Ly+sfXiILXIoyDMo48N1nGL00QjpY712N35H3czuLP1upFRYorbFoh87mPrUkchUunF+PEBdfORFul87T4s2hkFE5Fl1M1wxQAAUDsoOdZiXF4N0VIlZn8XpWkwGhUJTSzC4T5bTxJpGdI0AVbbLy9QZu0eXIaXEtwYSVDV1oFLVBE/DEmKpridtTn9/6ZOtOpBhjgylpbP+J+f2SCp37feezNW+mRc7kxKeaJfjjdbn7pTI1TeynheyWLQ=="}^_^8ms,11478ms,12ms^_^trace_id:06002c4e178522571698036541578980
26-07-28.16:01:56.506 [scheduling-1    ] INFO  NoPayNotifyOrderJob    - 检测未接收到或未正确处理的支付回调通知，订单未支付成功 orderId:59214591885269 code:40004 tradeStatus:null
26-07-28.16:02:01.695 [scheduling-1    ] ERROR err                    - 2026-07-28 16:02:01^_^alipay.trade.query^_^null^_^192.168.73.1^_^Windows 11^_^alipay-sdk-java-4.38.157.ALL^_^https://openapi-sandbox.dl.alipaydev.com/gateway.do?charset=utf-8&method=alipay.trade.query&sign=ld0Vn%2FK2GyZzLC0D33pyZQmhnT9BZRzr1O2cOlEe1JKqR%2FO8v8MsmyxJklRxhAn1MMi2Mnex1Ilk25H0IVPbOw9NMI7QCusTTpsx8bTEwpxyGGgYKPP8DIIhcy2AyePD0wUF06kWwmP5i4ftahyvCGLytk91lhO08NAs%2B1iSpyPB3MtAgFM9xB5Cmje0VLAR6xPsen%2BZ%2FFzyfvZBBLbKkqjn0KGaSQT8DxqnDVh3fGrpZNc58ckXmYDv%2BILinbWYf15dYMEJWBJs464p3QSOzm5QsGav2VCB%2BnSWywgyAMg3lw9TD%2BDW3XiYwZe8ccb8zjsEAuNi2wv1S9Z3xHlhHw%3D%3D&version=1.0&app_id=9021000165677275&sign_type=RSA2&timestamp=2026-07-28+16%3A01%3A56&alipay_sdk=alipay-sdk-java-4.38.157.ALL&format=json^_^^_^<!DOCTYPE HTML PUBLIC "-//IETF//DTD HTML 2.0//EN"> <html> <head><title>504 Gateway Time-out</title></head> <body bgcolor="white"> <h1>504 Gateway Time-out</h1> <p>The gateway did not receive a timely response from the upstream server or application. Sorry for the inconvenience.<br/> Please report this message and include the following information to us.<br/> Thank you very much!</p> <table> <tr> <td>URL:</td> <td>http://openapi-sandbox.dl.alipaydev.com/gateway.do?charset=utf-8&amp;method=alipay.trade.query&amp;sign=ld0Vn%2FK2GyZzLC0D33pyZQmhnT9BZRzr1O2cOlEe1JKqR%2FO8v8MsmyxJklRxhAn1MMi2Mnex1Ilk25H0IVPbOw9NMI7QCusTTpsx8bTEwpxyGGgYKPP8DIIhcy2AyePD0wUF06kWwmP5i4ftahyvCGLytk91lhO08NAs%2B1iSpyPB3MtAgFM9xB5Cmje0VLAR6xPsen%2BZ%2FFzyfvZBBLbKkqjn0KGaSQT8DxqnDVh3fGrpZNc58ckXmYDv%2BILinbWYf15dYMEJWBJs464p3QSOzm5QsGav2VCB%2BnSWywgyAMg3lw9TD%2BDW3XiYwZe8ccb8zjsEAuNi2wv1S9Z3xHlhHw%3D%3D&amp;version=1.0&amp;app_id=9021000165677275&amp;sign_type=RSA2&amp;timestamp=2026-07-28+16%3A01%3A56&amp;alipay_sdk=alipay-sdk-java-4.38.157.ALL&amp;format=json</td> </tr> <tr> <td>Server:</td> <td>openapi-55.rz21a.sandbox.alipay.net</td> </tr> <tr> <td>Date:</td> <td>2026/07/28 16:02:02</td> </tr> </table> <hr/>Powered by Tengine </body> </html> 
26-07-28.16:02:01.695 [scheduling-1    ] ERROR NoPayNotifyOrderJob    - 检测未接收到或未正确处理的支付回调通知失败
com.alipay.api.AlipayApiException: java.io.IOException: <!DOCTYPE HTML PUBLIC "-//IETF//DTD HTML 2.0//EN">
<html>
<head><title>504 Gateway Time-out</title></head>
<body bgcolor="white">
<h1>504 Gateway Time-out</h1>
<p>The gateway did not receive a timely response from the upstream server or application. Sorry for the inconvenience.<br/>
Please report this message and include the following information to us.<br/>
Thank you very much!</p>
<table>
<tr>
<td>URL:</td>
<td>http://openapi-sandbox.dl.alipaydev.com/gateway.do?charset=utf-8&amp;method=alipay.trade.query&amp;sign=ld0Vn%2FK2GyZzLC0D33pyZQmhnT9BZRzr1O2cOlEe1JKqR%2FO8v8MsmyxJklRxhAn1MMi2Mnex1Ilk25H0IVPbOw9NMI7QCusTTpsx8bTEwpxyGGgYKPP8DIIhcy2AyePD0wUF06kWwmP5i4ftahyvCGLytk91lhO08NAs%2B1iSpyPB3MtAgFM9xB5Cmje0VLAR6xPsen%2BZ%2FFzyfvZBBLbKkqjn0KGaSQT8DxqnDVh3fGrpZNc58ckXmYDv%2BILinbWYf15dYMEJWBJs464p3QSOzm5QsGav2VCB%2BnSWywgyAMg3lw9TD%2BDW3XiYwZe8ccb8zjsEAuNi2wv1S9Z3xHlhHw%3D%3D&amp;version=1.0&amp;app_id=9021000165677275&amp;sign_type=RSA2&amp;timestamp=2026-07-28+16%3A01%3A56&amp;alipay_sdk=alipay-sdk-java-4.38.157.ALL&amp;format=json</td>
</tr>
<tr>
<td>Server:</td>
<td>openapi-55.rz21a.sandbox.alipay.net</td>
</tr>
<tr>
<td>Date:</td>
<td>2026/07/28 16:02:02</td>
</tr>
</table>
<hr/>Powered by Tengine
</body>
</html>

	at com.alipay.api.AbstractAlipayClient.doPost(AbstractAlipayClient.java:1015)
	at com.alipay.api.AbstractAlipayClient._execute(AbstractAlipayClient.java:921)
	at com.alipay.api.AbstractAlipayClient.execute(AbstractAlipayClient.java:395)
	at com.alipay.api.AbstractAlipayClient.execute(AbstractAlipayClient.java:377)
	at com.alipay.api.AbstractAlipayClient.execute(AbstractAlipayClient.java:372)
	at com.alipay.api.AbstractAlipayClient.execute(AbstractAlipayClient.java:366)
	at cn.bugstack.trigger.job.NoPayNotifyOrderJob.exec(NoPayNotifyOrderJob.java:42)
	at java.base/jdk.internal.reflect.NativeMethodAccessorImpl.invoke0(Native Method)
	at java.base/jdk.internal.reflect.NativeMethodAccessorImpl.invoke(NativeMethodAccessorImpl.java:62)
	at java.base/jdk.internal.reflect.DelegatingMethodAccessorImpl.invoke(DelegatingMethodAccessorImpl.java:43)
	at java.base/java.lang.reflect.Method.invoke(Method.java:566)
	at org.springframework.scheduling.support.ScheduledMethodRunnable.run(ScheduledMethodRunnable.java:84)
	at org.springframework.scheduling.support.DelegatingErrorHandlingRunnable.run(DelegatingErrorHandlingRunnable.java:54)
	at org.springframework.scheduling.concurrent.ReschedulingRunnable.run(ReschedulingRunnable.java:95)
	at java.base/java.util.concurrent.Executors$RunnableAdapter.call(Executors.java:515)
	at java.base/java.util.concurrent.FutureTask.run(FutureTask.java:264)
	at java.base/java.util.concurrent.ScheduledThreadPoolExecutor$ScheduledFutureTask.run(ScheduledThreadPoolExecutor.java:304)
	at java.base/java.util.concurrent.ThreadPoolExecutor.runWorker(ThreadPoolExecutor.java:1128)
	at java.base/java.util.concurrent.ThreadPoolExecutor$Worker.run(ThreadPoolExecutor.java:628)
	at java.base/java.lang.Thread.run(Thread.java:829)
Caused by: java.io.IOException: <!DOCTYPE HTML PUBLIC "-//IETF//DTD HTML 2.0//EN">
<html>
<head><title>504 Gateway Time-out</title></head>
<body bgcolor="white">
<h1>504 Gateway Time-out</h1>
<p>The gateway did not receive a timely response from the upstream server or application. Sorry for the inconvenience.<br/>
Please report this message and include the following information to us.<br/>
Thank you very much!</p>
<table>
<tr>
<td>URL:</td>
<td>http://openapi-sandbox.dl.alipaydev.com/gateway.do?charset=utf-8&amp;method=alipay.trade.query&amp;sign=ld0Vn%2FK2GyZzLC0D33pyZQmhnT9BZRzr1O2cOlEe1JKqR%2FO8v8MsmyxJklRxhAn1MMi2Mnex1Ilk25H0IVPbOw9NMI7QCusTTpsx8bTEwpxyGGgYKPP8DIIhcy2AyePD0wUF06kWwmP5i4ftahyvCGLytk91lhO08NAs%2B1iSpyPB3MtAgFM9xB5Cmje0VLAR6xPsen%2BZ%2FFzyfvZBBLbKkqjn0KGaSQT8DxqnDVh3fGrpZNc58ckXmYDv%2BILinbWYf15dYMEJWBJs464p3QSOzm5QsGav2VCB%2BnSWywgyAMg3lw9TD%2BDW3XiYwZe8ccb8zjsEAuNi2wv1S9Z3xHlhHw%3D%3D&amp;version=1.0&amp;app_id=9021000165677275&amp;sign_type=RSA2&amp;timestamp=2026-07-28+16%3A01%3A56&amp;alipay_sdk=alipay-sdk-java-4.38.157.ALL&amp;format=json</td>
</tr>
<tr>
<td>Server:</td>
<td>openapi-55.rz21a.sandbox.alipay.net</td>
</tr>
<tr>
<td>Date:</td>
<td>2026/07/28 16:02:02</td>
</tr>
</table>
<hr/>Powered by Tengine
</body>
</html>

	at com.alipay.api.internal.util.WebUtils.getResponseAsString(WebUtils.java:520)
	at com.alipay.api.internal.util.WebUtils.doPost(WebUtils.java:181)
	at com.alipay.api.internal.util.WebUtils.doPost(WebUtils.java:142)
	at com.alipay.api.AbstractAlipayClient.doPost(AbstractAlipayClient.java:1003)
	... 19 common frames omitted
26-07-28.16:02:02.124 [SpringApplicationShutdownHook] INFO  HikariDataSource       - HikariPool-1 - Shutdown initiated...
26-07-28.16:02:02.136 [SpringApplicationShutdownHook] INFO  HikariDataSource       - HikariPool-1 - Shutdown completed.
26-07-28.16:02:04.045 [main            ] INFO  Application            - Starting Application using Java 11.0.31 on ASUS with PID 7652 (D:\code\s-pay-mall-ddd-cc\s-pay-mall-ddd-app\target\classes started by 13267 in D:\code\s-pay-mall-ddd-cc)
26-07-28.16:02:04.046 [main            ] INFO  Application            - The following 1 profile is active: "dev"
26-07-28.16:02:04.777 [main            ] INFO  RepositoryConfigurationDelegate - Multiple Spring Data modules found, entering strict repository configuration mode
26-07-28.16:02:04.778 [main            ] INFO  RepositoryConfigurationDelegate - Bootstrapping Spring Data Redis repositories in DEFAULT mode.
26-07-28.16:02:04.807 [main            ] INFO  RepositoryConfigurationDelegate - Finished Spring Data repository scanning in 16 ms. Found 0 Redis repository interfaces.
26-07-28.16:02:05.575 [main            ] INFO  TomcatWebServer        - Tomcat initialized with port(s): 8080 (http)
26-07-28.16:02:05.583 [main            ] INFO  Http11NioProtocol      - Initializing ProtocolHandler ["http-nio-8080"]
26-07-28.16:02:05.583 [main            ] INFO  StandardService        - Starting service [Tomcat]
26-07-28.16:02:05.584 [main            ] INFO  StandardEngine         - Starting Servlet engine: [Apache Tomcat/9.0.75]
26-07-28.16:02:05.706 [main            ] INFO  [/]                    - Initializing Spring embedded WebApplicationContext
26-07-28.16:02:05.706 [main            ] INFO  ServletWebServerApplicationContext - Root WebApplicationContext: initialization completed in 1626 ms
26-07-28.16:02:06.461 [main            ] INFO  Version                - Redisson 3.26.0
26-07-28.16:02:06.982 [redisson-netty-1-5] INFO  ConnectionsHolder      - 1 connections initialized for localhost/127.0.0.1:6379
26-07-28.16:02:07.041 [redisson-netty-1-20] INFO  ConnectionsHolder      - 24 connections initialized for localhost/127.0.0.1:6379
26-07-28.16:02:07.312 [main            ] INFO  EndpointLinksResolver  - Exposing 1 endpoint(s) beneath base path '/actuator'
26-07-28.16:02:07.327 [main            ] INFO  Http11NioProtocol      - Starting ProtocolHandler ["http-nio-8080"]
26-07-28.16:02:07.336 [main            ] INFO  TomcatWebServer        - Tomcat started on port(s): 8080 (http) with context path ''
26-07-28.16:02:07.348 [main            ] INFO  Application            - Started Application in 3.695 seconds (JVM running for 4.088)
26-07-28.16:02:09.019 [scheduling-1    ] INFO  HikariDataSource       - HikariPool-1 - Starting...
26-07-28.16:02:09.160 [scheduling-1    ] INFO  HikariDataSource       - HikariPool-1 - Start completed.
26-07-28.16:02:09.720 [scheduling-1    ] ERROR err                    - ErrorScene^_^40004^_^ACQ.TRADE_NOT_EXIST^_^null^_^Windows 11^_^2026-07-28 16:02:09^_^ProtocalMustParams:charset=utf-8&method=alipay.trade.query&sign=PqpZ5VhlhUpDM9HW7CaiN3LIvdYP/AxphSSkFMjCQ+QpIpochmJV/IbmFAwMyBiQFEvrJ+NVHgJzMa9nMXw5PL9uQFQQoKdfhNS4Kl9evPHFhDO8FGfUEf3tGJxMLLiRul5F4ztNC70ArCporKZjigXeXEocJNYVXeggWbeyOTPyF5KktcA+etqk5QjfLcYNg/EShqmzU6GaTrEU9XLae/vAQ28ADrc0M5gf2Ku1W8Z7bJljwnd/g0U4+feMLcwNPIuYShFUo5YbkG6ko8Xzhbidw4s7CKlSY55zZ3tp6q8sl73vopIZVR+vZNuXQZwUH4jOf5hr8La7dgZc7yE1zA==&version=1.0&app_id=9021000165677275&sign_type=RSA2&timestamp=2026-07-28 16:02:09^_^ProtocalOptParams:alipay_sdk=alipay-sdk-java-4.38.157.ALL&format=json^_^ApplicationParams:traceId=06020e08178522573021743932433085&biz_content={"out_trade_no":"59214591885269"}^_^Body:{"alipay_trade_query_response":{"msg":"Business Failed","code":"40004","out_trade_no":"59214591885269","sub_msg":"交易不存在","sub_code":"ACQ.TRADE_NOT_EXIST","receipt_amount":"0.00","point_amount":"0.00","buyer_pay_amount":"0.00","invoice_amount":"0.00"},"sign":"IlGZ9x5UhNF2eAqdNMzeNXtVmLVeP4WAHqOs3UIoTeNqOZPSKddjkKWyTMN0yOnmdmvXLs65xA8iLe3vMAOcTv3IRc5Ly+sfXiILXIoyDMo48N1nGL00QjpY712N35H3czuLP1upFRYorbFoh87mPrUkchUunF+PEBdfORFul87T4s2hkFE5Fl1M1wxQAAUDsoOdZiXF4N0VIlZn8XpWkwGhUJTSzC4T5bTxJpGdI0AVbbLy9QZu0eXIaXEtwYSVDV1oFLVBE/DEmKpridtTn9/6ZOtOpBhjgylpbP+J+f2SCp37feezNW+mRc7kxKeaJfjjdbn7pTI1TeynheyWLQ=="}^_^17ms,499ms,20ms^_^trace_id:06020e08178522573021743932433085
26-07-28.16:02:09.720 [scheduling-1    ] INFO  NoPayNotifyOrderJob    - 检测未接收到或未正确处理的支付回调通知，订单未支付成功 orderId:59214591885269 code:40004 tradeStatus:null
26-07-28.16:02:10.013 [scheduling-1    ] ERROR err                    - ErrorScene^_^40004^_^ACQ.TRADE_NOT_EXIST^_^null^_^Windows 11^_^2026-07-28 16:02:10^_^ProtocalMustParams:charset=utf-8&method=alipay.trade.query&sign=PYMukG4rR9boY0BU1agH71lk7bXhPOaBIM53ZIlFJ0hVvlcZRjv7ywbo0j4Cmx2EsOrxGjLWlxVGqR6+qeCg5d/syIvnWRH9OhianP/WyZWmTQbx/lDCAEr6CdM9MZOeF7B5rMg8N28c6VVAKY+miN6uswj1WJL6ywTQfkcoY2D77PgbbRNqMTOTx4WLschbgd3kerN1QuHn3wzOw+OE4+EX991oIRBc6qtmp7/BxE/mEh39XgvwzXjkJHWX09Fksd8vGZp9gYJOFE1pfvaJmN8PD2e32xdZRcowg43PiUFx53e3uf4YMrEnUgH0XjLkCKJrtJnf6GQLqoohAXWOVw==&version=1.0&app_id=9021000165677275&sign_type=RSA2&timestamp=2026-07-28 16:02:09^_^ProtocalOptParams:alipay_sdk=alipay-sdk-java-4.38.157.ALL&format=json^_^ApplicationParams:traceId=06020e08178522573047843942433085&biz_content={"out_trade_no":"63015243383423"}^_^Body:{"alipay_trade_query_response":{"msg":"Business Failed","code":"40004","out_trade_no":"63015243383423","sub_msg":"交易不存在","sub_code":"ACQ.TRADE_NOT_EXIST","receipt_amount":"0.00","point_amount":"0.00","buyer_pay_amount":"0.00","invoice_amount":"0.00"},"sign":"j/BKxEaDkp40hVZnDvR3FjkafML/EKkrgK5tm3o7RpXke6JHNNHQj7dtxjFXrid2kn398BXbOviGV9OREaHEsGkNi7IoyBK1JYReqxxHw+KZz8rrBoqtEmOs09WNzTcKyl/5ieUTw21MI9LZ5QoNI9FiQB3n5vdZv5nJ4536haXV/1ocYO4eOii1Wdd47onG0oGH6w7WLvZT+jP9UP1EcysxWQjk4vfPC2p1W/SB9gAsXt/vZ3hDDoI08AIACsojEfWvD71/4rGQQEyT4naQANCIzeGTzHZEfSOYngieu+N8sDW52hL5yDXMIaHr563fJPxX8LcKEtAYz+SGdbzTrw=="}^_^8ms,276ms,9ms^_^trace_id:06020e08178522573047843942433085
26-07-28.16:02:10.013 [scheduling-1    ] INFO  NoPayNotifyOrderJob    - 检测未接收到或未正确处理的支付回调通知，订单未支付成功 orderId:63015243383423 code:40004 tradeStatus:null
26-07-28.16:02:10.219 [scheduling-1    ] ERROR err                    - ErrorScene^_^40004^_^ACQ.TRADE_NOT_EXIST^_^null^_^Windows 11^_^2026-07-28 16:02:10^_^ProtocalMustParams:charset=utf-8&method=alipay.trade.query&sign=CT5U0hbPnWgmQzidcpgCLgdfykrEajG6O++R7bLd8kR+TcjobjYxir17E+k25DBrHj3CFSv/+OVDgqyDqFW40vOCcs7LOqEBq9f0tWWhIvcZ2L/Fo/4+knWLlA+JLgXoJ4ul6diVhMV1XCOHoC3OxgD0I6gh+upVuVEe8C7kqGjFSHhcKdbflCU7iubKBWFhnYmqkW7mrnq0EAnWAq8Wih5iOQeJG23ahiBepQnPtkRwYtobgsVUzsVKR6efGPJLWsXRwK4Q2N238ovoD+dw/iZOEemAmXmG5WllmIf6pNG0kX5NTtTZD4NjgEYh7WdTxJH0Jpbxi9luIC9e2E7Gwg==&version=1.0&app_id=9021000165677275&sign_type=RSA2&timestamp=2026-07-28 16:02:10^_^ProtocalOptParams:alipay_sdk=alipay-sdk-java-4.38.157.ALL&format=json^_^ApplicationParams:traceId=060001f3178522573074369572231288&biz_content={"out_trade_no":"05687486819141"}^_^Body:{"alipay_trade_query_response":{"msg":"Business Failed","code":"40004","out_trade_no":"05687486819141","sub_msg":"交易不存在","sub_code":"ACQ.TRADE_NOT_EXIST","receipt_amount":"0.00","point_amount":"0.00","buyer_pay_amount":"0.00","invoice_amount":"0.00"},"sign":"X8+5Q6lbdoyyrQqpUwxTqfCXdBXg7ThJc2U+u8qezqbw+E5fcgtCqABatoc1r72W+dsojv3i6bkcvvMz3DRr5ahBjxU4gwSWCgz4TBIO+/iTBt57VZmROgv9LqvWSmIQTYHEWA0iBdvVQ8wabF8mzeGODzJcDm0eGuZrLQUuAfb7EsMddzf5Fpsu5TpWoCkIHAS+8CRG2vFJn8fHca0ezh5NORm72mkk1XJRvcuT3PelFHmTo+8KP5OR7ez/2fuIcdGiAD+b2i3e+sfFqMTeUrSfNpunUyXCuTC+ottvD15QxCFhRNfVkTvbOhatQUPyKDv4sjFTxoXvcC8oVH1r9Q=="}^_^8ms,189ms,9ms^_^trace_id:060001f3178522573074369572231288
26-07-28.16:02:10.219 [scheduling-1    ] INFO  NoPayNotifyOrderJob    - 检测未接收到或未正确处理的支付回调通知，订单未支付成功 orderId:05687486819141 code:40004 tradeStatus:null
26-07-28.16:02:12.673 [scheduling-1    ] ERROR err                    - ErrorScene^_^40004^_^ACQ.TRADE_NOT_EXIST^_^null^_^Windows 11^_^2026-07-28 16:02:12^_^ProtocalMustParams:charset=utf-8&method=alipay.trade.query&sign=QCemJE6gYS6WBqPb2joPfp64exuOtW2UZJsvYB1z/9dBDsNC+058TsgT0Nw+vVF9tWmjXoYg/ojTo0qjOhEI2V1lW6pBofd56fEkX8lcYJaFOH1FwyKmyoXdfucI9Sa1j24NHgWLDy+ciVc8EYFRmacEEQzQQt0zN+F/edeikzYigWmBzTij+sNh3ZQgIQhWJfnb5rF16RBOyD/dESL6eMQJVN20BUhI8n0cRxuZXF+sNuyQXApz0DsmTJ8NITUEpO5xjq1CXo+7V1s801obiQ7UOW1BEC/+//5Uk0f08NrqTKi0KInQw3nP8SwL+83AjS33MPDw4VCWWdHnPcRAmw==&version=1.0&app_id=9021000165677275&sign_type=RSA2&timestamp=2026-07-28 16:02:12^_^ProtocalOptParams:alipay_sdk=alipay-sdk-java-4.38.157.ALL&format=json^_^ApplicationParams:traceId=060d6922178522573273324283502569&biz_content={"out_trade_no":"59214591885269"}^_^Body:{"alipay_trade_query_response":{"msg":"Business Failed","code":"40004","out_trade_no":"59214591885269","sub_msg":"交易不存在","sub_code":"ACQ.TRADE_NOT_EXIST","receipt_amount":"0.00","point_amount":"0.00","buyer_pay_amount":"0.00","invoice_amount":"0.00"},"sign":"IlGZ9x5UhNF2eAqdNMzeNXtVmLVeP4WAHqOs3UIoTeNqOZPSKddjkKWyTMN0yOnmdmvXLs65xA8iLe3vMAOcTv3IRc5Ly+sfXiILXIoyDMo48N1nGL00QjpY712N35H3czuLP1upFRYorbFoh87mPrUkchUunF+PEBdfORFul87T4s2hkFE5Fl1M1wxQAAUDsoOdZiXF4N0VIlZn8XpWkwGhUJTSzC4T5bTxJpGdI0AVbbLy9QZu0eXIaXEtwYSVDV1oFLVBE/DEmKpridtTn9/6ZOtOpBhjgylpbP+J+f2SCp37feezNW+mRc7kxKeaJfjjdbn7pTI1TeynheyWLQ=="}^_^8ms,648ms,9ms^_^trace_id:060d6922178522573273324283502569
26-07-28.16:02:12.673 [scheduling-1    ] INFO  NoPayNotifyOrderJob    - 检测未接收到或未正确处理的支付回调通知，订单未支付成功 orderId:59214591885269 code:40004 tradeStatus:null
26-07-28.16:02:17.857 [scheduling-1    ] ERROR err                    - 2026-07-28 16:02:17^_^alipay.trade.query^_^null^_^192.168.73.1^_^Windows 11^_^alipay-sdk-java-4.38.157.ALL^_^https://openapi-sandbox.dl.alipaydev.com/gateway.do?charset=utf-8&method=alipay.trade.query&sign=F2jCy5KQYtsNKYen3oDHr70ATvnrgWo5kA3%2B9M1%2FPAmHmMgzP4a94Kp5dQGqjU60lO%2B8QoQ7nyOZ5j%2FkqXZTVZ9sAWGiY1U4yxopPfakLz7MXuyOuBQjXRbzUuqFBOeaOd5t7C6YqvIihm6uNxBtRmp1LEhJtM%2FHOBPg4ixyX3e%2BO5HrPot8NLUODVWfn1has9sHsFg4AMSvD%2BqQy9SiGu%2FsmfAMLl8ijDY%2BXhcw5hEt2K%2BVWlXFG9rEbaC4Mi7bH1zO3Hv0HwD0LNH3P2a2bxVAs2pMXoz%2BDBUY8VRIUf6tZTfnR2DRWQqiZhNXHh41UNKfODtye71%2FxUW94q1rsA%3D%3D&version=1.0&app_id=9021000165677275&sign_type=RSA2&timestamp=2026-07-28+16%3A02%3A12&alipay_sdk=alipay-sdk-java-4.38.157.ALL&format=json^_^^_^<!DOCTYPE HTML PUBLIC "-//IETF//DTD HTML 2.0//EN"> <html> <head><title>504 Gateway Time-out</title></head> <body bgcolor="white"> <h1>504 Gateway Time-out</h1> <p>The gateway did not receive a timely response from the upstream server or application. Sorry for the inconvenience.<br/> Please report this message and include the following information to us.<br/> Thank you very much!</p> <table> <tr> <td>URL:</td> <td>http://openapi-sandbox.dl.alipaydev.com/gateway.do?charset=utf-8&amp;method=alipay.trade.query&amp;sign=F2jCy5KQYtsNKYen3oDHr70ATvnrgWo5kA3%2B9M1%2FPAmHmMgzP4a94Kp5dQGqjU60lO%2B8QoQ7nyOZ5j%2FkqXZTVZ9sAWGiY1U4yxopPfakLz7MXuyOuBQjXRbzUuqFBOeaOd5t7C6YqvIihm6uNxBtRmp1LEhJtM%2FHOBPg4ixyX3e%2BO5HrPot8NLUODVWfn1has9sHsFg4AMSvD%2BqQy9SiGu%2FsmfAMLl8ijDY%2BXhcw5hEt2K%2BVWlXFG9rEbaC4Mi7bH1zO3Hv0HwD0LNH3P2a2bxVAs2pMXoz%2BDBUY8VRIUf6tZTfnR2DRWQqiZhNXHh41UNKfODtye71%2FxUW94q1rsA%3D%3D&amp;version=1.0&amp;app_id=9021000165677275&amp;sign_type=RSA2&amp;timestamp=2026-07-28+16%3A02%3A12&amp;alipay_sdk=alipay-sdk-java-4.38.157.ALL&amp;format=json</td> </tr> <tr> <td>Server:</td> <td>openapi-57.rz21a.sandbox.alipay.net</td> </tr> <tr> <td>Date:</td> <td>2026/07/28 16:02:18</td> </tr> </table> <hr/>Powered by Tengine </body> </html> 
26-07-28.16:02:17.859 [scheduling-1    ] ERROR NoPayNotifyOrderJob    - 检测未接收到或未正确处理的支付回调通知失败
com.alipay.api.AlipayApiException: java.io.IOException: <!DOCTYPE HTML PUBLIC "-//IETF//DTD HTML 2.0//EN">
<html>
<head><title>504 Gateway Time-out</title></head>
<body bgcolor="white">
<h1>504 Gateway Time-out</h1>
<p>The gateway did not receive a timely response from the upstream server or application. Sorry for the inconvenience.<br/>
Please report this message and include the following information to us.<br/>
Thank you very much!</p>
<table>
<tr>
<td>URL:</td>
<td>http://openapi-sandbox.dl.alipaydev.com/gateway.do?charset=utf-8&amp;method=alipay.trade.query&amp;sign=F2jCy5KQYtsNKYen3oDHr70ATvnrgWo5kA3%2B9M1%2FPAmHmMgzP4a94Kp5dQGqjU60lO%2B8QoQ7nyOZ5j%2FkqXZTVZ9sAWGiY1U4yxopPfakLz7MXuyOuBQjXRbzUuqFBOeaOd5t7C6YqvIihm6uNxBtRmp1LEhJtM%2FHOBPg4ixyX3e%2BO5HrPot8NLUODVWfn1has9sHsFg4AMSvD%2BqQy9SiGu%2FsmfAMLl8ijDY%2BXhcw5hEt2K%2BVWlXFG9rEbaC4Mi7bH1zO3Hv0HwD0LNH3P2a2bxVAs2pMXoz%2BDBUY8VRIUf6tZTfnR2DRWQqiZhNXHh41UNKfODtye71%2FxUW94q1rsA%3D%3D&amp;version=1.0&amp;app_id=9021000165677275&amp;sign_type=RSA2&amp;timestamp=2026-07-28+16%3A02%3A12&amp;alipay_sdk=alipay-sdk-java-4.38.157.ALL&amp;format=json</td>
</tr>
<tr>
<td>Server:</td>
<td>openapi-57.rz21a.sandbox.alipay.net</td>
</tr>
<tr>
<td>Date:</td>
<td>2026/07/28 16:02:18</td>
</tr>
</table>
<hr/>Powered by Tengine
</body>
</html>

	at com.alipay.api.AbstractAlipayClient.doPost(AbstractAlipayClient.java:1015)
	at com.alipay.api.AbstractAlipayClient._execute(AbstractAlipayClient.java:921)
	at com.alipay.api.AbstractAlipayClient.execute(AbstractAlipayClient.java:395)
	at com.alipay.api.AbstractAlipayClient.execute(AbstractAlipayClient.java:377)
	at com.alipay.api.AbstractAlipayClient.execute(AbstractAlipayClient.java:372)
	at com.alipay.api.AbstractAlipayClient.execute(AbstractAlipayClient.java:366)
	at cn.bugstack.trigger.job.NoPayNotifyOrderJob.exec(NoPayNotifyOrderJob.java:42)
	at java.base/jdk.internal.reflect.NativeMethodAccessorImpl.invoke0(Native Method)
	at java.base/jdk.internal.reflect.NativeMethodAccessorImpl.invoke(NativeMethodAccessorImpl.java:62)
	at java.base/jdk.internal.reflect.DelegatingMethodAccessorImpl.invoke(DelegatingMethodAccessorImpl.java:43)
	at java.base/java.lang.reflect.Method.invoke(Method.java:566)
	at org.springframework.scheduling.support.ScheduledMethodRunnable.run(ScheduledMethodRunnable.java:84)
	at org.springframework.scheduling.support.DelegatingErrorHandlingRunnable.run(DelegatingErrorHandlingRunnable.java:54)
	at org.springframework.scheduling.concurrent.ReschedulingRunnable.run(ReschedulingRunnable.java:95)
	at java.base/java.util.concurrent.Executors$RunnableAdapter.call(Executors.java:515)
	at java.base/java.util.concurrent.FutureTask.run(FutureTask.java:264)
	at java.base/java.util.concurrent.ScheduledThreadPoolExecutor$ScheduledFutureTask.run(ScheduledThreadPoolExecutor.java:304)
	at java.base/java.util.concurrent.ThreadPoolExecutor.runWorker(ThreadPoolExecutor.java:1128)
	at java.base/java.util.concurrent.ThreadPoolExecutor$Worker.run(ThreadPoolExecutor.java:628)
	at java.base/java.lang.Thread.run(Thread.java:829)
Caused by: java.io.IOException: <!DOCTYPE HTML PUBLIC "-//IETF//DTD HTML 2.0//EN">
<html>
<head><title>504 Gateway Time-out</title></head>
<body bgcolor="white">
<h1>504 Gateway Time-out</h1>
<p>The gateway did not receive a timely response from the upstream server or application. Sorry for the inconvenience.<br/>
Please report this message and include the following information to us.<br/>
Thank you very much!</p>
<table>
<tr>
<td>URL:</td>
<td>http://openapi-sandbox.dl.alipaydev.com/gateway.do?charset=utf-8&amp;method=alipay.trade.query&amp;sign=F2jCy5KQYtsNKYen3oDHr70ATvnrgWo5kA3%2B9M1%2FPAmHmMgzP4a94Kp5dQGqjU60lO%2B8QoQ7nyOZ5j%2FkqXZTVZ9sAWGiY1U4yxopPfakLz7MXuyOuBQjXRbzUuqFBOeaOd5t7C6YqvIihm6uNxBtRmp1LEhJtM%2FHOBPg4ixyX3e%2BO5HrPot8NLUODVWfn1has9sHsFg4AMSvD%2BqQy9SiGu%2FsmfAMLl8ijDY%2BXhcw5hEt2K%2BVWlXFG9rEbaC4Mi7bH1zO3Hv0HwD0LNH3P2a2bxVAs2pMXoz%2BDBUY8VRIUf6tZTfnR2DRWQqiZhNXHh41UNKfODtye71%2FxUW94q1rsA%3D%3D&amp;version=1.0&amp;app_id=9021000165677275&amp;sign_type=RSA2&amp;timestamp=2026-07-28+16%3A02%3A12&amp;alipay_sdk=alipay-sdk-java-4.38.157.ALL&amp;format=json</td>
</tr>
<tr>
<td>Server:</td>
<td>openapi-57.rz21a.sandbox.alipay.net</td>
</tr>
<tr>
<td>Date:</td>
<td>2026/07/28 16:02:18</td>
</tr>
</table>
<hr/>Powered by Tengine
</body>
</html>

	at com.alipay.api.internal.util.WebUtils.getResponseAsString(WebUtils.java:520)
	at com.alipay.api.internal.util.WebUtils.doPost(WebUtils.java:181)
	at com.alipay.api.internal.util.WebUtils.doPost(WebUtils.java:142)
	at com.alipay.api.AbstractAlipayClient.doPost(AbstractAlipayClient.java:1003)
	... 19 common frames omitted
26-07-28.16:02:23.215 [scheduling-1    ] ERROR err                    - 2026-07-28 16:02:23^_^alipay.trade.query^_^null^_^192.168.73.1^_^Windows 11^_^alipay-sdk-java-4.38.157.ALL^_^https://openapi-sandbox.dl.alipaydev.com/gateway.do?charset=utf-8&method=alipay.trade.query&sign=AYcfa9T96ms65XVTHrbt6brxaFabJz97287qOmRTg1qeyQmgIjUhTLPZHcYBGiGdnvxx%2BZknt33Gpu7%2BYSBgm%2BOe1iHeCUhPi7vdNVPHzDWOdH9QQeLcYwY6%2Bd1CqutCyeR9D4%2F9d8h9j%2FQBlBEAdOIMXQrlsP6faa5xoReMeBbT976N0d648zXwID1j0VnhVgLDtsHhhlx25zODU1wPuYWSAVxQdm5YnAhtune7S36GHouj1oxyjm1jf3XDNsdCLK3FqNmdKSFYOzipyDbnN0Q6DJ77cSNtkdfmJVIUiGuQSnbDy29laAz6xJawL2NF5PwDYjBm6Zkn2LG%2FawL8Bg%3D%3D&version=1.0&app_id=9021000165677275&sign_type=RSA2&timestamp=2026-07-28+16%3A02%3A18&alipay_sdk=alipay-sdk-java-4.38.157.ALL&format=json^_^^_^<!DOCTYPE HTML PUBLIC "-//IETF//DTD HTML 2.0//EN"> <html> <head><title>504 Gateway Time-out</title></head> <body bgcolor="white"> <h1>504 Gateway Time-out</h1> <p>The gateway did not receive a timely response from the upstream server or application. Sorry for the inconvenience.<br/> Please report this message and include the following information to us.<br/> Thank you very much!</p> <table> <tr> <td>URL:</td> <td>http://openapi-sandbox.dl.alipaydev.com/gateway.do?charset=utf-8&amp;method=alipay.trade.query&amp;sign=AYcfa9T96ms65XVTHrbt6brxaFabJz97287qOmRTg1qeyQmgIjUhTLPZHcYBGiGdnvxx%2BZknt33Gpu7%2BYSBgm%2BOe1iHeCUhPi7vdNVPHzDWOdH9QQeLcYwY6%2Bd1CqutCyeR9D4%2F9d8h9j%2FQBlBEAdOIMXQrlsP6faa5xoReMeBbT976N0d648zXwID1j0VnhVgLDtsHhhlx25zODU1wPuYWSAVxQdm5YnAhtune7S36GHouj1oxyjm1jf3XDNsdCLK3FqNmdKSFYOzipyDbnN0Q6DJ77cSNtkdfmJVIUiGuQSnbDy29laAz6xJawL2NF5PwDYjBm6Zkn2LG%2FawL8Bg%3D%3D&amp;version=1.0&amp;app_id=9021000165677275&amp;sign_type=RSA2&amp;timestamp=2026-07-28+16%3A02%3A18&amp;alipay_sdk=alipay-sdk-java-4.38.157.ALL&amp;format=json</td> </tr> <tr> <td>Server:</td> <td>openapi-57.rz21a.sandbox.alipay.net</td> </tr> <tr> <td>Date:</td> <td>2026/07/28 16:02:23</td> </tr> </table> <hr/>Powered by Tengine </body> </html> 
26-07-28.16:02:23.215 [scheduling-1    ] ERROR NoPayNotifyOrderJob    - 检测未接收到或未正确处理的支付回调通知失败
com.alipay.api.AlipayApiException: java.io.IOException: <!DOCTYPE HTML PUBLIC "-//IETF//DTD HTML 2.0//EN">
<html>
<head><title>504 Gateway Time-out</title></head>
<body bgcolor="white">
<h1>504 Gateway Time-out</h1>
<p>The gateway did not receive a timely response from the upstream server or application. Sorry for the inconvenience.<br/>
Please report this message and include the following information to us.<br/>
Thank you very much!</p>
<table>
<tr>
<td>URL:</td>
<td>http://openapi-sandbox.dl.alipaydev.com/gateway.do?charset=utf-8&amp;method=alipay.trade.query&amp;sign=AYcfa9T96ms65XVTHrbt6brxaFabJz97287qOmRTg1qeyQmgIjUhTLPZHcYBGiGdnvxx%2BZknt33Gpu7%2BYSBgm%2BOe1iHeCUhPi7vdNVPHzDWOdH9QQeLcYwY6%2Bd1CqutCyeR9D4%2F9d8h9j%2FQBlBEAdOIMXQrlsP6faa5xoReMeBbT976N0d648zXwID1j0VnhVgLDtsHhhlx25zODU1wPuYWSAVxQdm5YnAhtune7S36GHouj1oxyjm1jf3XDNsdCLK3FqNmdKSFYOzipyDbnN0Q6DJ77cSNtkdfmJVIUiGuQSnbDy29laAz6xJawL2NF5PwDYjBm6Zkn2LG%2FawL8Bg%3D%3D&amp;version=1.0&amp;app_id=9021000165677275&amp;sign_type=RSA2&amp;timestamp=2026-07-28+16%3A02%3A18&amp;alipay_sdk=alipay-sdk-java-4.38.157.ALL&amp;format=json</td>
</tr>
<tr>
<td>Server:</td>
<td>openapi-57.rz21a.sandbox.alipay.net</td>
</tr>
<tr>
<td>Date:</td>
<td>2026/07/28 16:02:23</td>
</tr>
</table>
<hr/>Powered by Tengine
</body>
</html>

	at com.alipay.api.AbstractAlipayClient.doPost(AbstractAlipayClient.java:1015)
	at com.alipay.api.AbstractAlipayClient._execute(AbstractAlipayClient.java:921)
	at com.alipay.api.AbstractAlipayClient.execute(AbstractAlipayClient.java:395)
	at com.alipay.api.AbstractAlipayClient.execute(AbstractAlipayClient.java:377)
	at com.alipay.api.AbstractAlipayClient.execute(AbstractAlipayClient.java:372)
	at com.alipay.api.AbstractAlipayClient.execute(AbstractAlipayClient.java:366)
	at cn.bugstack.trigger.job.NoPayNotifyOrderJob.exec(NoPayNotifyOrderJob.java:42)
	at java.base/jdk.internal.reflect.NativeMethodAccessorImpl.invoke0(Native Method)
	at java.base/jdk.internal.reflect.NativeMethodAccessorImpl.invoke(NativeMethodAccessorImpl.java:62)
	at java.base/jdk.internal.reflect.DelegatingMethodAccessorImpl.invoke(DelegatingMethodAccessorImpl.java:43)
	at java.base/java.lang.reflect.Method.invoke(Method.java:566)
	at org.springframework.scheduling.support.ScheduledMethodRunnable.run(ScheduledMethodRunnable.java:84)
	at org.springframework.scheduling.support.DelegatingErrorHandlingRunnable.run(DelegatingErrorHandlingRunnable.java:54)
	at org.springframework.scheduling.concurrent.ReschedulingRunnable.run(ReschedulingRunnable.java:95)
	at java.base/java.util.concurrent.Executors$RunnableAdapter.call(Executors.java:515)
	at java.base/java.util.concurrent.FutureTask.run(FutureTask.java:264)
	at java.base/java.util.concurrent.ScheduledThreadPoolExecutor$ScheduledFutureTask.run(ScheduledThreadPoolExecutor.java:304)
	at java.base/java.util.concurrent.ThreadPoolExecutor.runWorker(ThreadPoolExecutor.java:1128)
	at java.base/java.util.concurrent.ThreadPoolExecutor$Worker.run(ThreadPoolExecutor.java:628)
	at java.base/java.lang.Thread.run(Thread.java:829)
Caused by: java.io.IOException: <!DOCTYPE HTML PUBLIC "-//IETF//DTD HTML 2.0//EN">
<html>
<head><title>504 Gateway Time-out</title></head>
<body bgcolor="white">
<h1>504 Gateway Time-out</h1>
<p>The gateway did not receive a timely response from the upstream server or application. Sorry for the inconvenience.<br/>
Please report this message and include the following information to us.<br/>
Thank you very much!</p>
<table>
<tr>
<td>URL:</td>
<td>http://openapi-sandbox.dl.alipaydev.com/gateway.do?charset=utf-8&amp;method=alipay.trade.query&amp;sign=AYcfa9T96ms65XVTHrbt6brxaFabJz97287qOmRTg1qeyQmgIjUhTLPZHcYBGiGdnvxx%2BZknt33Gpu7%2BYSBgm%2BOe1iHeCUhPi7vdNVPHzDWOdH9QQeLcYwY6%2Bd1CqutCyeR9D4%2F9d8h9j%2FQBlBEAdOIMXQrlsP6faa5xoReMeBbT976N0d648zXwID1j0VnhVgLDtsHhhlx25zODU1wPuYWSAVxQdm5YnAhtune7S36GHouj1oxyjm1jf3XDNsdCLK3FqNmdKSFYOzipyDbnN0Q6DJ77cSNtkdfmJVIUiGuQSnbDy29laAz6xJawL2NF5PwDYjBm6Zkn2LG%2FawL8Bg%3D%3D&amp;version=1.0&amp;app_id=9021000165677275&amp;sign_type=RSA2&amp;timestamp=2026-07-28+16%3A02%3A18&amp;alipay_sdk=alipay-sdk-java-4.38.157.ALL&amp;format=json</td>
</tr>
<tr>
<td>Server:</td>
<td>openapi-57.rz21a.sandbox.alipay.net</td>
</tr>
<tr>
<td>Date:</td>
<td>2026/07/28 16:02:23</td>
</tr>
</table>
<hr/>Powered by Tengine
</body>
</html>

	at com.alipay.api.internal.util.WebUtils.getResponseAsString(WebUtils.java:520)
	at com.alipay.api.internal.util.WebUtils.doPost(WebUtils.java:181)
	at com.alipay.api.internal.util.WebUtils.doPost(WebUtils.java:142)
	at com.alipay.api.AbstractAlipayClient.doPost(AbstractAlipayClient.java:1003)
	... 19 common frames omitted
26-07-28.16:02:24.248 [scheduling-1    ] ERROR err                    - ErrorScene^_^40004^_^ACQ.TRADE_NOT_EXIST^_^192.168.73.1^_^Windows 11^_^2026-07-28 16:02:24^_^ProtocalMustParams:charset=utf-8&method=alipay.trade.query&sign=hvP0woJuFerjen8t7gFvVSQox5H4pJNI+0L/ctVvUmoAjng9x0ZnP7n71lSGeNG3SI4cPNnlZthqKiTcD9H7YKDl6ggscsHcyKfNXADUBUl+6Enz+9B6xJ/XXEm0yoUGSwvDmIf1VupTsGjAoxLhtm+d7ELTfb3A2IgRv7whckwesEZh0tUSrPVwfVRUrsQkudGZrzPpX/5DEJ7pvQlpEpirlV5aTLHdq7EupQq5zWp1VzMDCWriZ7+p6GI4ZjakpLfaTQELp64wspWqVwCzURSw9vLCav3CFOV3xGO9yVNt3ZRtg/EyXkbRYLLyOm8iq40YMy97ZYN4Q+sboAZcSQ==&version=1.0&app_id=9021000165677275&sign_type=RSA2&timestamp=2026-07-28 16:02:24^_^ProtocalOptParams:alipay_sdk=alipay-sdk-java-4.38.157.ALL&format=json^_^ApplicationParams:traceId=06002c4e178522574474738291578980&biz_content={"out_trade_no":"59214591885269"}^_^Body:{"alipay_trade_query_response":{"msg":"Business Failed","code":"40004","out_trade_no":"59214591885269","sub_msg":"交易不存在","sub_code":"ACQ.TRADE_NOT_EXIST","receipt_amount":"0.00","point_amount":"0.00","buyer_pay_amount":"0.00","invoice_amount":"0.00"},"sign":"IlGZ9x5UhNF2eAqdNMzeNXtVmLVeP4WAHqOs3UIoTeNqOZPSKddjkKWyTMN0yOnmdmvXLs65xA8iLe3vMAOcTv3IRc5Ly+sfXiILXIoyDMo48N1nGL00QjpY712N35H3czuLP1upFRYorbFoh87mPrUkchUunF+PEBdfORFul87T4s2hkFE5Fl1M1wxQAAUDsoOdZiXF4N0VIlZn8XpWkwGhUJTSzC4T5bTxJpGdI0AVbbLy9QZu0eXIaXEtwYSVDV1oFLVBE/DEmKpridtTn9/6ZOtOpBhjgylpbP+J+f2SCp37feezNW+mRc7kxKeaJfjjdbn7pTI1TeynheyWLQ=="}^_^9ms,220ms,10ms^_^trace_id:06002c4e178522574474738291578980
26-07-28.16:02:24.248 [scheduling-1    ] INFO  NoPayNotifyOrderJob    - 检测未接收到或未正确处理的支付回调通知，订单未支付成功 orderId:59214591885269 code:40004 tradeStatus:null
26-07-28.16:02:26.779 [http-nio-8080-exec-1] INFO  [/]                    - Initializing Spring DispatcherServlet 'dispatcherServlet'
26-07-28.16:02:26.779 [http-nio-8080-exec-1] INFO  DispatcherServlet      - Initializing Servlet 'dispatcherServlet'
26-07-28.16:02:26.780 [http-nio-8080-exec-1] INFO  DispatcherServlet      - Completed initialization in 1 ms
26-07-28.16:02:27.822 [http-nio-8080-exec-1] INFO  LoginController        - weixin_qrcode_ticket:gQGd7zwAAAAAAAAAAS5odHRwOi8vd2VpeGluLnFxLmNvbS9xLzAycGFITFozNVpjRHQxSWtMZnhHMW0AAgQUYmhqAwQAjScA
26-07-28.16:02:29.359 [scheduling-1    ] ERROR err                    - 2026-07-28 16:02:29^_^alipay.trade.query^_^null^_^192.168.73.1^_^Windows 11^_^alipay-sdk-java-4.38.157.ALL^_^https://openapi-sandbox.dl.alipaydev.com/gateway.do?charset=utf-8&method=alipay.trade.query&sign=K%2FJX8Qhzm6SXucx9FO%2Bx8aWzjYgshUXvYsAZFDJR%2Fs%2FhTknl1Us%2FA1cb5ErAZEHfxOeXCC7w6RKAWAvUXDuepKmd4mnBmJDCQMD2jZkY%2BH14UmvJsU7ccZAc3Mfd8JKETPvGJHf3wWVV6Sty4b1SiGtus3ZHBBSleBHmq%2FdNN3S5%2B5YRze%2FCqRJ6OWqnw2tCoxwwsZajNt9TIsiN5Ud%2B%2B%2FllmfkyZezOQ7mgB%2BmkfQ2qEVLQkQr1zp8jQfvh%2BVhnGQ5Xzety3Sg4bnikyDABBwHFc5qt2dygTfIXuZz3nTtyN6cG4qE%2BykVFEYEr1wat6kM1FICm9fNXp8Syr3sOXw%3D%3D&version=1.0&app_id=9021000165677275&sign_type=RSA2&timestamp=2026-07-28+16%3A02%3A24&alipay_sdk=alipay-sdk-java-4.38.157.ALL&format=json^_^^_^<!DOCTYPE HTML PUBLIC "-//IETF//DTD HTML 2.0//EN"> <html> <head><title>504 Gateway Time-out</title></head> <body bgcolor="white"> <h1>504 Gateway Time-out</h1> <p>The gateway did not receive a timely response from the upstream server or application. Sorry for the inconvenience.<br/> Please report this message and include the following information to us.<br/> Thank you very much!</p> <table> <tr> <td>URL:</td> <td>http://openapi-sandbox.dl.alipaydev.com/gateway.do?charset=utf-8&amp;method=alipay.trade.query&amp;sign=K%2FJX8Qhzm6SXucx9FO%2Bx8aWzjYgshUXvYsAZFDJR%2Fs%2FhTknl1Us%2FA1cb5ErAZEHfxOeXCC7w6RKAWAvUXDuepKmd4mnBmJDCQMD2jZkY%2BH14UmvJsU7ccZAc3Mfd8JKETPvGJHf3wWVV6Sty4b1SiGtus3ZHBBSleBHmq%2FdNN3S5%2B5YRze%2FCqRJ6OWqnw2tCoxwwsZajNt9TIsiN5Ud%2B%2B%2FllmfkyZezOQ7mgB%2BmkfQ2qEVLQkQr1zp8jQfvh%2BVhnGQ5Xzety3Sg4bnikyDABBwHFc5qt2dygTfIXuZz3nTtyN6cG4qE%2BykVFEYEr1wat6kM1FICm9fNXp8Syr3sOXw%3D%3D&amp;version=1.0&amp;app_id=9021000165677275&amp;sign_type=RSA2&amp;timestamp=2026-07-28+16%3A02%3A24&amp;alipay_sdk=alipay-sdk-java-4.38.157.ALL&amp;format=json</td> </tr> <tr> <td>Server:</td> <td>openapi-55.rz21a.sandbox.alipay.net</td> </tr> <tr> <td>Date:</td> <td>2026/07/28 16:02:29</td> </tr> </table> <hr/>Powered by Tengine </body> </html> 
26-07-28.16:02:29.359 [scheduling-1    ] ERROR NoPayNotifyOrderJob    - 检测未接收到或未正确处理的支付回调通知失败
com.alipay.api.AlipayApiException: java.io.IOException: <!DOCTYPE HTML PUBLIC "-//IETF//DTD HTML 2.0//EN">
<html>
<head><title>504 Gateway Time-out</title></head>
<body bgcolor="white">
<h1>504 Gateway Time-out</h1>
<p>The gateway did not receive a timely response from the upstream server or application. Sorry for the inconvenience.<br/>
Please report this message and include the following information to us.<br/>
Thank you very much!</p>
<table>
<tr>
<td>URL:</td>
<td>http://openapi-sandbox.dl.alipaydev.com/gateway.do?charset=utf-8&amp;method=alipay.trade.query&amp;sign=K%2FJX8Qhzm6SXucx9FO%2Bx8aWzjYgshUXvYsAZFDJR%2Fs%2FhTknl1Us%2FA1cb5ErAZEHfxOeXCC7w6RKAWAvUXDuepKmd4mnBmJDCQMD2jZkY%2BH14UmvJsU7ccZAc3Mfd8JKETPvGJHf3wWVV6Sty4b1SiGtus3ZHBBSleBHmq%2FdNN3S5%2B5YRze%2FCqRJ6OWqnw2tCoxwwsZajNt9TIsiN5Ud%2B%2B%2FllmfkyZezOQ7mgB%2BmkfQ2qEVLQkQr1zp8jQfvh%2BVhnGQ5Xzety3Sg4bnikyDABBwHFc5qt2dygTfIXuZz3nTtyN6cG4qE%2BykVFEYEr1wat6kM1FICm9fNXp8Syr3sOXw%3D%3D&amp;version=1.0&amp;app_id=9021000165677275&amp;sign_type=RSA2&amp;timestamp=2026-07-28+16%3A02%3A24&amp;alipay_sdk=alipay-sdk-java-4.38.157.ALL&amp;format=json</td>
</tr>
<tr>
<td>Server:</td>
<td>openapi-55.rz21a.sandbox.alipay.net</td>
</tr>
<tr>
<td>Date:</td>
<td>2026/07/28 16:02:29</td>
</tr>
</table>
<hr/>Powered by Tengine
</body>
</html>

	at com.alipay.api.AbstractAlipayClient.doPost(AbstractAlipayClient.java:1015)
	at com.alipay.api.AbstractAlipayClient._execute(AbstractAlipayClient.java:921)
	at com.alipay.api.AbstractAlipayClient.execute(AbstractAlipayClient.java:395)
	at com.alipay.api.AbstractAlipayClient.execute(AbstractAlipayClient.java:377)
	at com.alipay.api.AbstractAlipayClient.execute(AbstractAlipayClient.java:372)
	at com.alipay.api.AbstractAlipayClient.execute(AbstractAlipayClient.java:366)
	at cn.bugstack.trigger.job.NoPayNotifyOrderJob.exec(NoPayNotifyOrderJob.java:42)
	at java.base/jdk.internal.reflect.NativeMethodAccessorImpl.invoke0(Native Method)
	at java.base/jdk.internal.reflect.NativeMethodAccessorImpl.invoke(NativeMethodAccessorImpl.java:62)
	at java.base/jdk.internal.reflect.DelegatingMethodAccessorImpl.invoke(DelegatingMethodAccessorImpl.java:43)
	at java.base/java.lang.reflect.Method.invoke(Method.java:566)
	at org.springframework.scheduling.support.ScheduledMethodRunnable.run(ScheduledMethodRunnable.java:84)
	at org.springframework.scheduling.support.DelegatingErrorHandlingRunnable.run(DelegatingErrorHandlingRunnable.java:54)
	at org.springframework.scheduling.concurrent.ReschedulingRunnable.run(ReschedulingRunnable.java:95)
	at java.base/java.util.concurrent.Executors$RunnableAdapter.call(Executors.java:515)
	at java.base/java.util.concurrent.FutureTask.run(FutureTask.java:264)
	at java.base/java.util.concurrent.ScheduledThreadPoolExecutor$ScheduledFutureTask.run(ScheduledThreadPoolExecutor.java:304)
	at java.base/java.util.concurrent.ThreadPoolExecutor.runWorker(ThreadPoolExecutor.java:1128)
	at java.base/java.util.concurrent.ThreadPoolExecutor$Worker.run(ThreadPoolExecutor.java:628)
	at java.base/java.lang.Thread.run(Thread.java:829)
Caused by: java.io.IOException: <!DOCTYPE HTML PUBLIC "-//IETF//DTD HTML 2.0//EN">
<html>
<head><title>504 Gateway Time-out</title></head>
<body bgcolor="white">
<h1>504 Gateway Time-out</h1>
<p>The gateway did not receive a timely response from the upstream server or application. Sorry for the inconvenience.<br/>
Please report this message and include the following information to us.<br/>
Thank you very much!</p>
<table>
<tr>
<td>URL:</td>
<td>http://openapi-sandbox.dl.alipaydev.com/gateway.do?charset=utf-8&amp;method=alipay.trade.query&amp;sign=K%2FJX8Qhzm6SXucx9FO%2Bx8aWzjYgshUXvYsAZFDJR%2Fs%2FhTknl1Us%2FA1cb5ErAZEHfxOeXCC7w6RKAWAvUXDuepKmd4mnBmJDCQMD2jZkY%2BH14UmvJsU7ccZAc3Mfd8JKETPvGJHf3wWVV6Sty4b1SiGtus3ZHBBSleBHmq%2FdNN3S5%2B5YRze%2FCqRJ6OWqnw2tCoxwwsZajNt9TIsiN5Ud%2B%2B%2FllmfkyZezOQ7mgB%2BmkfQ2qEVLQkQr1zp8jQfvh%2BVhnGQ5Xzety3Sg4bnikyDABBwHFc5qt2dygTfIXuZz3nTtyN6cG4qE%2BykVFEYEr1wat6kM1FICm9fNXp8Syr3sOXw%3D%3D&amp;version=1.0&amp;app_id=9021000165677275&amp;sign_type=RSA2&amp;timestamp=2026-07-28+16%3A02%3A24&amp;alipay_sdk=alipay-sdk-java-4.38.157.ALL&amp;format=json</td>
</tr>
<tr>
<td>Server:</td>
<td>openapi-55.rz21a.sandbox.alipay.net</td>
</tr>
<tr>
<td>Date:</td>
<td>2026/07/28 16:02:29</td>
</tr>
</table>
<hr/>Powered by Tengine
</body>
</html>

	at com.alipay.api.internal.util.WebUtils.getResponseAsString(WebUtils.java:520)
	at com.alipay.api.internal.util.WebUtils.doPost(WebUtils.java:181)
	at com.alipay.api.internal.util.WebUtils.doPost(WebUtils.java:142)
	at com.alipay.api.AbstractAlipayClient.doPost(AbstractAlipayClient.java:1003)
	... 19 common frames omitted
26-07-28.16:02:30.206 [scheduling-1    ] ERROR err                    - ErrorScene^_^40004^_^ACQ.TRADE_NOT_EXIST^_^192.168.73.1^_^Windows 11^_^2026-07-28 16:02:30^_^ProtocalMustParams:charset=utf-8&method=alipay.trade.query&sign=LfIl+90k4/W4qX/dAzhNkj5GT3kXp20nDqtvELRpNvXNDgiX1yMVF/ChbacBx6DZv6azFoMOmI/nK1DHkJVSTLbPNGeimG1zmgn1H6RbFe5MDmAfH3J/80MNS9t6hpp7Y9jQJaSu7jpOCYPqW7sFKbIWL5QzJ/2SVfO3ysdfFaoiN2jXFBu77KnyzF4e+LNlD5tTQM0ee6PA4b56e7QLh2+3BF0YIm4dso76WonTowBaw78OOdTwm9DwqMw0530+7i+vcSLn006ry7Q98VtZK08312tnRp9Mzzv38Sr16HTZuR0wbgRmy1NPvLddgy7KRrIS44k1eumGz/HLDV64AQ==&version=1.0&app_id=9021000165677275&sign_type=RSA2&timestamp=2026-07-28 16:02:30^_^ProtocalOptParams:alipay_sdk=alipay-sdk-java-4.38.157.ALL&format=json^_^ApplicationParams:traceId=060d6922178522575073725073502569&biz_content={"out_trade_no":"59214591885269"}^_^Body:{"alipay_trade_query_response":{"msg":"Business Failed","code":"40004","out_trade_no":"59214591885269","sub_msg":"交易不存在","sub_code":"ACQ.TRADE_NOT_EXIST","receipt_amount":"0.00","point_amount":"0.00","buyer_pay_amount":"0.00","invoice_amount":"0.00"},"sign":"IlGZ9x5UhNF2eAqdNMzeNXtVmLVeP4WAHqOs3UIoTeNqOZPSKddjkKWyTMN0yOnmdmvXLs65xA8iLe3vMAOcTv3IRc5Ly+sfXiILXIoyDMo48N1nGL00QjpY712N35H3czuLP1upFRYorbFoh87mPrUkchUunF+PEBdfORFul87T4s2hkFE5Fl1M1wxQAAUDsoOdZiXF4N0VIlZn8XpWkwGhUJTSzC4T5bTxJpGdI0AVbbLy9QZu0eXIaXEtwYSVDV1oFLVBE/DEmKpridtTn9/6ZOtOpBhjgylpbP+J+f2SCp37feezNW+mRc7kxKeaJfjjdbn7pTI1TeynheyWLQ=="}^_^7ms,188ms,9ms^_^trace_id:060d6922178522575073725073502569
26-07-28.16:02:30.207 [scheduling-1    ] INFO  NoPayNotifyOrderJob    - 检测未接收到或未正确处理的支付回调通知，订单未支付成功 orderId:59214591885269 code:40004 tradeStatus:null
26-07-28.16:02:30.493 [scheduling-1    ] ERROR err                    - ErrorScene^_^40004^_^ACQ.TRADE_NOT_EXIST^_^192.168.73.1^_^Windows 11^_^2026-07-28 16:02:30^_^ProtocalMustParams:charset=utf-8&method=alipay.trade.query&sign=NY9tXVvjoIZ2AwU1PzhelhusDoMoqKcj+v1jNrtM+vg2RJMo4NCWtC75i6YWbRpqGwL9x+k3sokDF2q6IhDO1cPzGLE4DYEbJT+s9y9yYJ6oSH8sJM7ydZJ8mLreVBhgcTRv0MejZMm7klYWGcwCO+qejWRHqVnjyCqSanu/ALSXhtXmIglBknO3iD4BGwR9XvFwkBmmUL46kTxCkVMtbKUsKLYoeF3HhgnA4iDU6YOArozHfTJefJd19QeukypmhAhz8gImCP7BX7PY2Gu/KuTfbbbVuuZIQL6edUG6GFO4mtwAUN+9nikTjBX97A5FNhmVZJ1p10TwIR5g+N69LA==&version=1.0&app_id=9021000165677275&sign_type=RSA2&timestamp=2026-07-28 16:02:30^_^ProtocalOptParams:alipay_sdk=alipay-sdk-java-4.38.157.ALL&format=json^_^ApplicationParams:traceId=060001f3178522575093370312231288&biz_content={"out_trade_no":"63015243383423"}^_^Body:{"alipay_trade_query_response":{"msg":"Business Failed","code":"40004","out_trade_no":"63015243383423","sub_msg":"交易不存在","sub_code":"ACQ.TRADE_NOT_EXIST","receipt_amount":"0.00","point_amount":"0.00","buyer_pay_amount":"0.00","invoice_amount":"0.00"},"sign":"j/BKxEaDkp40hVZnDvR3FjkafML/EKkrgK5tm3o7RpXke6JHNNHQj7dtxjFXrid2kn398BXbOviGV9OREaHEsGkNi7IoyBK1JYReqxxHw+KZz8rrBoqtEmOs09WNzTcKyl/5ieUTw21MI9LZ5QoNI9FiQB3n5vdZv5nJ4536haXV/1ocYO4eOii1Wdd47onG0oGH6w7WLvZT+jP9UP1EcysxWQjk4vfPC2p1W/SB9gAsXt/vZ3hDDoI08AIACsojEfWvD71/4rGQQEyT4naQANCIzeGTzHZEfSOYngieu+N8sDW52hL5yDXMIaHr563fJPxX8LcKEtAYz+SGdbzTrw=="}^_^7ms,270ms,9ms^_^trace_id:060001f3178522575093370312231288
26-07-28.16:02:30.493 [scheduling-1    ] INFO  NoPayNotifyOrderJob    - 检测未接收到或未正确处理的支付回调通知，订单未支付成功 orderId:63015243383423 code:40004 tradeStatus:null
26-07-28.16:02:30.800 [scheduling-1    ] ERROR err                    - ErrorScene^_^40004^_^ACQ.TRADE_NOT_EXIST^_^192.168.73.1^_^Windows 11^_^2026-07-28 16:02:30^_^ProtocalMustParams:charset=utf-8&method=alipay.trade.query&sign=c2IqaOz8jytttBahAKzBtBHAnyJLAvYy+QAPLUPX3HxDOlG61xfFQULH/foZIIv3pkb8sdgmFeGRFamPn8rTvKhXNR4jYZWRB7ttLXu1nky+Ma0ngc+qZ4K0wcbd+dv3t6bwPnusjPrRYQPKUnb9XEcgtYf5Ecwkjh6+8Xn0ORibiD5HSMStegip/Il1s1G3dDtEHxDuUW+RRF3Tuj1Opgyj0LxFPIv81TFDoYVcCj/G4tN1Q2FEeQj8C+3D3j5kfpawL65WNGS5i005m2B4NB8E8zZs556NBxvebp/4fQxEi8BotrvCsqeyy5hOSlOU23o+p8ahIEsY+izWxgWuEA==&version=1.0&app_id=9021000165677275&sign_type=RSA2&timestamp=2026-07-28 16:02:30^_^ProtocalOptParams:alipay_sdk=alipay-sdk-java-4.38.157.ALL&format=json^_^ApplicationParams:traceId=060001f3178522575122270352231288&biz_content={"out_trade_no":"05687486819141"}^_^Body:{"alipay_trade_query_response":{"msg":"Business Failed","code":"40004","out_trade_no":"05687486819141","sub_msg":"交易不存在","sub_code":"ACQ.TRADE_NOT_EXIST","receipt_amount":"0.00","point_amount":"0.00","buyer_pay_amount":"0.00","invoice_amount":"0.00"},"sign":"X8+5Q6lbdoyyrQqpUwxTqfCXdBXg7ThJc2U+u8qezqbw+E5fcgtCqABatoc1r72W+dsojv3i6bkcvvMz3DRr5ahBjxU4gwSWCgz4TBIO+/iTBt57VZmROgv9LqvWSmIQTYHEWA0iBdvVQ8wabF8mzeGODzJcDm0eGuZrLQUuAfb7EsMddzf5Fpsu5TpWoCkIHAS+8CRG2vFJn8fHca0ezh5NORm72mkk1XJRvcuT3PelFHmTo+8KP5OR7ez/2fuIcdGiAD+b2i3e+sfFqMTeUrSfNpunUyXCuTC+ottvD15QxCFhRNfVkTvbOhatQUPyKDv4sjFTxoXvcC8oVH1r9Q=="}^_^8ms,290ms,9ms^_^trace_id:060001f3178522575122270352231288
26-07-28.16:02:30.800 [scheduling-1    ] INFO  NoPayNotifyOrderJob    - 检测未接收到或未正确处理的支付回调通知，订单未支付成功 orderId:05687486819141 code:40004 tradeStatus:null
26-07-28.16:02:30.851 [http-nio-8080-exec-2] INFO  LoginController        - 扫描检测登录结果 ticket:gQGd7zwAAAAAAAAAAS5odHRwOi8vd2VpeGluLnFxLmNvbS9xLzAycGFITFozNVpjRHQxSWtMZnhHMW0AAgQUYmhqAwQAjScA openidToken:null
26-07-28.16:02:32.244 [http-nio-8080-exec-3] INFO  WeixinPortalController - 接收微信公众号信息请求oxf0n3aZpX_OA8c_g8Wag2qsyf1U开始 <xml><ToUserName><![CDATA[gh_85b4345936d4]]></ToUserName>
<FromUserName><![CDATA[oxf0n3aZpX_OA8c_g8Wag2qsyf1U]]></FromUserName>
<CreateTime>1785225752</CreateTime>
<MsgType><![CDATA[event]]></MsgType>
<Event><![CDATA[SCAN]]></Event>
<EventKey><![CDATA[100601]]></EventKey>
<Ticket><![CDATA[gQGd7zwAAAAAAAAAAS5odHRwOi8vd2VpeGluLnFxLmNvbS9xLzAycGFITFozNVpjRHQxSWtMZnhHMW0AAgQUYmhqAwQAjScA]]></Ticket>
</xml>
26-07-28.16:02:33.215 [scheduling-1    ] ERROR err                    - ErrorScene^_^40004^_^ACQ.TRADE_NOT_EXIST^_^192.168.73.1^_^Windows 11^_^2026-07-28 16:02:33^_^ProtocalMustParams:charset=utf-8&method=alipay.trade.query&sign=N5IT9eUEAuzVX2ROEk+h+XWNQXuBEWlSqbcw7aqllt5cZlKY7VbOXq4vU1t3v+IoXcmTPtFQaOBn0nJuUvEgZV3/8jTuR0G++ELjCyA2qFTCjuzUvD/2bi6BXPnpT25qHJXli7CbVnCEYutVzOqsg12SGVpiGxldmu1rRgOezD6q/R5/o2Q7r++0sOIs2iH2MOHHm/amS6VsrPTyXiMYB0EWDI987NQplwR+T8cUuENKC5SGZe4zRWA+DM+p1+swob3C1iswA/uEID8NQ+RUrkbcAYJcCh/Mrh85yY4sNpdA5RewRNzBrf+XsN9sYl/dSOqoE/cXgxn5CrsVGxtFNQ==&version=1.0&app_id=9021000165677275&sign_type=RSA2&timestamp=2026-07-28 16:02:33^_^ProtocalOptParams:alipay_sdk=alipay-sdk-java-4.38.157.ALL&format=json^_^ApplicationParams:traceId=060001f3178522575374970522231288&biz_content={"out_trade_no":"59214591885269"}^_^Body:{"alipay_trade_query_response":{"msg":"Business Failed","code":"40004","out_trade_no":"59214591885269","sub_msg":"交易不存在","sub_code":"ACQ.TRADE_NOT_EXIST","receipt_amount":"0.00","point_amount":"0.00","buyer_pay_amount":"0.00","invoice_amount":"0.00"},"sign":"IlGZ9x5UhNF2eAqdNMzeNXtVmLVeP4WAHqOs3UIoTeNqOZPSKddjkKWyTMN0yOnmdmvXLs65xA8iLe3vMAOcTv3IRc5Ly+sfXiILXIoyDMo48N1nGL00QjpY712N35H3czuLP1upFRYorbFoh87mPrUkchUunF+PEBdfORFul87T4s2hkFE5Fl1M1wxQAAUDsoOdZiXF4N0VIlZn8XpWkwGhUJTSzC4T5bTxJpGdI0AVbbLy9QZu0eXIaXEtwYSVDV1oFLVBE/DEmKpridtTn9/6ZOtOpBhjgylpbP+J+f2SCp37feezNW+mRc7kxKeaJfjjdbn7pTI1TeynheyWLQ=="}^_^8ms,190ms,10ms^_^trace_id:060001f3178522575374970522231288
26-07-28.16:02:33.215 [scheduling-1    ] INFO  NoPayNotifyOrderJob    - 检测未接收到或未正确处理的支付回调通知，订单未支付成功 orderId:59214591885269 code:40004 tradeStatus:null
26-07-28.16:02:33.468 [scheduling-1    ] ERROR err                    - ErrorScene^_^40004^_^ACQ.TRADE_NOT_EXIST^_^192.168.73.1^_^Windows 11^_^2026-07-28 16:02:33^_^ProtocalMustParams:charset=utf-8&method=alipay.trade.query&sign=KrQPA90zYm36RnMWflssAwJ0Xiw34m7v0nBqYSOE7WBaHgq+RLuRAaMSlcKwWOJ/bYtoOVrpwhslmUgvijQeJUAlXknv+QuDJHoEqv1qSqpT/9/TWX+srslgMD7b1m46T7+b9F6LuX1ZP7nAW4270kfthj3sV4oE2YJ1/EpCixE/do3PkNphm+M2hNfgbljKRAXbdIOelyocu83L1WwyICCIkCshb5rXAGIMBARWLCMpYzMjUFeKc19F2Ld3y4sDE9r9QHkPDbWGLCRCpHEpC4PX7ovE878GdRLR2Z3p019C3X3LdhzkPx8sPIeXuuEseUW1sdnm+3+NUw4WMjJYFg==&version=1.0&app_id=9021000165677275&sign_type=RSA2&timestamp=2026-07-28 16:02:33^_^ProtocalOptParams:alipay_sdk=alipay-sdk-java-4.38.157.ALL&format=json^_^ApplicationParams:traceId=060001f3178522575396670562231288&biz_content={"out_trade_no":"63015243383423"}^_^Body:{"alipay_trade_query_response":{"msg":"Business Failed","code":"40004","out_trade_no":"63015243383423","sub_msg":"交易不存在","sub_code":"ACQ.TRADE_NOT_EXIST","receipt_amount":"0.00","point_amount":"0.00","buyer_pay_amount":"0.00","invoice_amount":"0.00"},"sign":"j/BKxEaDkp40hVZnDvR3FjkafML/EKkrgK5tm3o7RpXke6JHNNHQj7dtxjFXrid2kn398BXbOviGV9OREaHEsGkNi7IoyBK1JYReqxxHw+KZz8rrBoqtEmOs09WNzTcKyl/5ieUTw21MI9LZ5QoNI9FiQB3n5vdZv5nJ4536haXV/1ocYO4eOii1Wdd47onG0oGH6w7WLvZT+jP9UP1EcysxWQjk4vfPC2p1W/SB9gAsXt/vZ3hDDoI08AIACsojEfWvD71/4rGQQEyT4naQANCIzeGTzHZEfSOYngieu+N8sDW52hL5yDXMIaHr563fJPxX8LcKEtAYz+SGdbzTrw=="}^_^11ms,229ms,13ms^_^trace_id:060001f3178522575396670562231288
26-07-28.16:02:33.468 [scheduling-1    ] INFO  NoPayNotifyOrderJob    - 检测未接收到或未正确处理的支付回调通知，订单未支付成功 orderId:63015243383423 code:40004 tradeStatus:null
26-07-28.16:02:33.740 [scheduling-1    ] ERROR err                    - ErrorScene^_^40004^_^ACQ.TRADE_NOT_EXIST^_^192.168.73.1^_^Windows 11^_^2026-07-28 16:02:33^_^ProtocalMustParams:charset=utf-8&method=alipay.trade.query&sign=j4gVLRRx2OqF5M80q8wEWnyXzIxQ+zSgNS4TJgq2fZ7YUPVPa//+DLjt2Bi0N2nCYMHQjbcp0vgZInYahwgBepO+Bozh6XjAek/r0KF8/Eg54Qd6r8DhB409vUwnmBOMe3lSOje9Xg3XjqjXirHK3rDLkxn6WPDWKGwzS4TsNnN/oNbYQorcPIWNpGj4XViOpOPKt+fB8Rp/Q3EJEOi/acj7m8breGaNCrnmAPOpm+Ka+v7UO9/qFoqGaEMfgtXQ5CGTazokBxHAYPJbZ+XzCsXEJyu1D3PvMf5KwFvraNaww6FCtX2jDtvlBD5jewK/VMCxJDir2WFOu/a1E/1CzQ==&version=1.0&app_id=9021000165677275&sign_type=RSA2&timestamp=2026-07-28 16:02:33^_^ProtocalOptParams:alipay_sdk=alipay-sdk-java-4.38.157.ALL&format=json^_^ApplicationParams:traceId=060d663d178522575420632338178&biz_content={"out_trade_no":"05687486819141"}^_^Body:{"alipay_trade_query_response":{"msg":"Business Failed","code":"40004","out_trade_no":"05687486819141","sub_msg":"交易不存在","sub_code":"ACQ.TRADE_NOT_EXIST","receipt_amount":"0.00","point_amount":"0.00","buyer_pay_amount":"0.00","invoice_amount":"0.00"},"sign":"X8+5Q6lbdoyyrQqpUwxTqfCXdBXg7ThJc2U+u8qezqbw+E5fcgtCqABatoc1r72W+dsojv3i6bkcvvMz3DRr5ahBjxU4gwSWCgz4TBIO+/iTBt57VZmROgv9LqvWSmIQTYHEWA0iBdvVQ8wabF8mzeGODzJcDm0eGuZrLQUuAfb7EsMddzf5Fpsu5TpWoCkIHAS+8CRG2vFJn8fHca0ezh5NORm72mkk1XJRvcuT3PelFHmTo+8KP5OR7ez/2fuIcdGiAD+b2i3e+sfFqMTeUrSfNpunUyXCuTC+ottvD15QxCFhRNfVkTvbOhatQUPyKDv4sjFTxoXvcC8oVH1r9Q=="}^_^11ms,248ms,8ms^_^trace_id:060d663d178522575420632338178
26-07-28.16:02:33.740 [scheduling-1    ] INFO  NoPayNotifyOrderJob    - 检测未接收到或未正确处理的支付回调通知，订单未支付成功 orderId:05687486819141 code:40004 tradeStatus:null
26-07-28.16:02:33.760 [http-nio-8080-exec-4] INFO  WeixinPortalController - 接收微信公众号信息请求oxf0n3aZpX_OA8c_g8Wag2qsyf1U开始 <xml><ToUserName><![CDATA[gh_85b4345936d4]]></ToUserName>
<FromUserName><![CDATA[oxf0n3aZpX_OA8c_g8Wag2qsyf1U]]></FromUserName>
<CreateTime>1785225754</CreateTime>
<MsgType><![CDATA[event]]></MsgType>
<Event><![CDATA[TEMPLATESENDJOBFINISH]]></Event>
<MsgID>4624362471359610881</MsgID>
<Status><![CDATA[success]]></Status>
</xml>
26-07-28.16:02:33.765 [http-nio-8080-exec-4] INFO  WeixinPortalController - 接收微信公众号信息请求oxf0n3aZpX_OA8c_g8Wag2qsyf1U完成 <xml><ToUserName><![CDATA[gh_85b4345936d4]]></ToUserName>
<FromUserName><![CDATA[oxf0n3aZpX_OA8c_g8Wag2qsyf1U]]></FromUserName>
<CreateTime>1785225754</CreateTime>
<MsgType><![CDATA[event]]></MsgType>
<Event><![CDATA[TEMPLATESENDJOBFINISH]]></Event>
<MsgID>4624362471359610881</MsgID>
<Status><![CDATA[success]]></Status>
</xml>
26-07-28.16:02:33.765 [http-nio-8080-exec-4] ERROR WeixinPortalController - 接收微信公众号信息请求oxf0n3aZpX_OA8c_g8Wag2qsyf1U失败 <xml><ToUserName><![CDATA[gh_85b4345936d4]]></ToUserName>
<FromUserName><![CDATA[oxf0n3aZpX_OA8c_g8Wag2qsyf1U]]></FromUserName>
<CreateTime>1785225754</CreateTime>
<MsgType><![CDATA[event]]></MsgType>
<Event><![CDATA[TEMPLATESENDJOBFINISH]]></Event>
<MsgID>4624362471359610881</MsgID>
<Status><![CDATA[success]]></Status>
</xml>
java.lang.NullPointerException: null
	at cn.bugstack.trigger.http.WeixinPortalController.post(WeixinPortalController.java:75)
	at java.base/jdk.internal.reflect.NativeMethodAccessorImpl.invoke0(Native Method)
	at java.base/jdk.internal.reflect.NativeMethodAccessorImpl.invoke(NativeMethodAccessorImpl.java:62)
	at java.base/jdk.internal.reflect.DelegatingMethodAccessorImpl.invoke(DelegatingMethodAccessorImpl.java:43)
	at java.base/java.lang.reflect.Method.invoke(Method.java:566)
	at org.springframework.web.method.support.InvocableHandlerMethod.doInvoke(InvocableHandlerMethod.java:205)
	at org.springframework.web.method.support.InvocableHandlerMethod.invokeForRequest(InvocableHandlerMethod.java:150)
	at org.springframework.web.servlet.mvc.method.annotation.ServletInvocableHandlerMethod.invokeAndHandle(ServletInvocableHandlerMethod.java:117)
	at org.springframework.web.servlet.mvc.method.annotation.RequestMappingHandlerAdapter.invokeHandlerMethod(RequestMappingHandlerAdapter.java:895)
	at org.springframework.web.servlet.mvc.method.annotation.RequestMappingHandlerAdapter.handleInternal(RequestMappingHandlerAdapter.java:808)
	at org.springframework.web.servlet.mvc.method.AbstractHandlerMethodAdapter.handle(AbstractHandlerMethodAdapter.java:87)
	at org.springframework.web.servlet.DispatcherServlet.doDispatch(DispatcherServlet.java:1072)
	at org.springframework.web.servlet.DispatcherServlet.doService(DispatcherServlet.java:965)
	at org.springframework.web.servlet.FrameworkServlet.processRequest(FrameworkServlet.java:1006)
	at org.springframework.web.servlet.FrameworkServlet.doPost(FrameworkServlet.java:909)
	at javax.servlet.http.HttpServlet.service(HttpServlet.java:555)
	at org.springframework.web.servlet.FrameworkServlet.service(FrameworkServlet.java:883)
	at javax.servlet.http.HttpServlet.service(HttpServlet.java:623)
	at org.apache.catalina.core.ApplicationFilterChain.internalDoFilter(ApplicationFilterChain.java:209)
	at org.apache.catalina.core.ApplicationFilterChain.doFilter(ApplicationFilterChain.java:153)
	at org.apache.tomcat.websocket.server.WsFilter.doFilter(WsFilter.java:51)
	at org.apache.catalina.core.ApplicationFilterChain.internalDoFilter(ApplicationFilterChain.java:178)
	at org.apache.catalina.core.ApplicationFilterChain.doFilter(ApplicationFilterChain.java:153)
	at org.springframework.web.filter.RequestContextFilter.doFilterInternal(RequestContextFilter.java:100)
	at org.springframework.web.filter.OncePerRequestFilter.doFilter(OncePerRequestFilter.java:117)
	at org.apache.catalina.core.ApplicationFilterChain.internalDoFilter(ApplicationFilterChain.java:178)
	at org.apache.catalina.core.ApplicationFilterChain.doFilter(ApplicationFilterChain.java:153)
	at org.springframework.web.filter.FormContentFilter.doFilterInternal(FormContentFilter.java:93)
	at org.springframework.web.filter.OncePerRequestFilter.doFilter(OncePerRequestFilter.java:117)
	at org.apache.catalina.core.ApplicationFilterChain.internalDoFilter(ApplicationFilterChain.java:178)
	at org.apache.catalina.core.ApplicationFilterChain.doFilter(ApplicationFilterChain.java:153)
	at org.springframework.boot.actuate.metrics.web.servlet.WebMvcMetricsFilter.doFilterInternal(WebMvcMetricsFilter.java:96)
	at org.springframework.web.filter.OncePerRequestFilter.doFilter(OncePerRequestFilter.java:117)
	at org.apache.catalina.core.ApplicationFilterChain.internalDoFilter(ApplicationFilterChain.java:178)
	at org.apache.catalina.core.ApplicationFilterChain.doFilter(ApplicationFilterChain.java:153)
	at org.springframework.web.filter.CharacterEncodingFilter.doFilterInternal(CharacterEncodingFilter.java:201)
	at org.springframework.web.filter.OncePerRequestFilter.doFilter(OncePerRequestFilter.java:117)
	at org.apache.catalina.core.ApplicationFilterChain.internalDoFilter(ApplicationFilterChain.java:178)
	at org.apache.catalina.core.ApplicationFilterChain.doFilter(ApplicationFilterChain.java:153)
	at org.apache.catalina.core.StandardWrapperValve.invoke(StandardWrapperValve.java:167)
	at org.apache.catalina.core.StandardContextValve.invoke(StandardContextValve.java:90)
	at org.apache.catalina.authenticator.AuthenticatorBase.invoke(AuthenticatorBase.java:481)
	at org.apache.catalina.core.StandardHostValve.invoke(StandardHostValve.java:130)
	at org.apache.catalina.valves.ErrorReportValve.invoke(ErrorReportValve.java:93)
	at org.apache.catalina.core.StandardEngineValve.invoke(StandardEngineValve.java:74)
	at org.apache.catalina.connector.CoyoteAdapter.service(CoyoteAdapter.java:343)
	at org.apache.coyote.http11.Http11Processor.service(Http11Processor.java:390)
	at org.apache.coyote.AbstractProcessorLight.process(AbstractProcessorLight.java:63)
	at org.apache.coyote.AbstractProtocol$ConnectionHandler.process(AbstractProtocol.java:926)
	at org.apache.tomcat.util.net.NioEndpoint$SocketProcessor.doRun(NioEndpoint.java:1791)
	at org.apache.tomcat.util.net.SocketProcessorBase.run(SocketProcessorBase.java:52)
	at org.apache.tomcat.util.threads.ThreadPoolExecutor.runWorker(ThreadPoolExecutor.java:1191)
	at org.apache.tomcat.util.threads.ThreadPoolExecutor$Worker.run(ThreadPoolExecutor.java:659)
	at org.apache.tomcat.util.threads.TaskThread$WrappingRunnable.run(TaskThread.java:61)
	at java.base/java.lang.Thread.run(Thread.java:829)
26-07-28.16:02:33.854 [http-nio-8080-exec-5] INFO  LoginController        - 扫描检测登录结果 ticket:gQGd7zwAAAAAAAAAAS5odHRwOi8vd2VpeGluLnFxLmNvbS9xLzAycGFITFozNVpjRHQxSWtMZnhHMW0AAgQUYmhqAwQAjScA openidToken:oxf0n3aZpX_OA8c_g8Wag2qsyf1U
26-07-28.16:02:36.334 [scheduling-1    ] ERROR err                    - ErrorScene^_^40004^_^ACQ.TRADE_NOT_EXIST^_^192.168.73.1^_^Windows 11^_^2026-07-28 16:02:36^_^ProtocalMustParams:charset=utf-8&method=alipay.trade.query&sign=PHtywwGEcaovPMqcSqF4xl6Q2hqBQPtyNDxvSk7AJ+RAX3kdpn/Dc9MvNPwGsy/UwlGJXaQNWeIy0Eqc8c+t4iw7TjmO/LZSUNHOEvfXkrwz3UztgK6XDlyn/ggU8Fd+ovY7dWePVYrEmL+ATqu4WyOBlDqzGSSVbAFzuRzC3+tsWmEtN/1SEbfH30/s5WFtw/oPuJ+DYmmJHbz9MA7ZWJhyAy3aWHUePs08Ug/AtCUkDtrWbtfk0Zz2LA74CgfoB5pWc7nmsfVnJHlEPzKf3DdZA8bDftQgyGRYoc69MebckD90I+FQtvBYn1NfZQNpYFM8xl89bf30RUyGyVN4uA==&version=1.0&app_id=9021000165677275&sign_type=RSA2&timestamp=2026-07-28 16:02:36^_^ProtocalOptParams:alipay_sdk=alipay-sdk-java-4.38.157.ALL&format=json^_^ApplicationParams:traceId=060d6922178522575676025343502569&biz_content={"out_trade_no":"59214591885269"}^_^Body:{"alipay_trade_query_response":{"msg":"Business Failed","code":"40004","out_trade_no":"59214591885269","sub_msg":"交易不存在","sub_code":"ACQ.TRADE_NOT_EXIST","receipt_amount":"0.00","point_amount":"0.00","buyer_pay_amount":"0.00","invoice_amount":"0.00"},"sign":"IlGZ9x5UhNF2eAqdNMzeNXtVmLVeP4WAHqOs3UIoTeNqOZPSKddjkKWyTMN0yOnmdmvXLs65xA8iLe3vMAOcTv3IRc5Ly+sfXiILXIoyDMo48N1nGL00QjpY712N35H3czuLP1upFRYorbFoh87mPrUkchUunF+PEBdfORFul87T4s2hkFE5Fl1M1wxQAAUDsoOdZiXF4N0VIlZn8XpWkwGhUJTSzC4T5bTxJpGdI0AVbbLy9QZu0eXIaXEtwYSVDV1oFLVBE/DEmKpridtTn9/6ZOtOpBhjgylpbP+J+f2SCp37feezNW+mRc7kxKeaJfjjdbn7pTI1TeynheyWLQ=="}^_^9ms,294ms,17ms^_^trace_id:060d6922178522575676025343502569
26-07-28.16:02:36.335 [scheduling-1    ] INFO  NoPayNotifyOrderJob    - 检测未接收到或未正确处理的支付回调通知，订单未支付成功 orderId:59214591885269 code:40004 tradeStatus:null
26-07-28.16:02:36.639 [scheduling-1    ] ERROR err                    - ErrorScene^_^40004^_^ACQ.TRADE_NOT_EXIST^_^192.168.73.1^_^Windows 11^_^2026-07-28 16:02:36^_^ProtocalMustParams:charset=utf-8&method=alipay.trade.query&sign=RLNkMhGhFZnWANxtwM3WN1/uCBU7BdFn/1Auh6rXVSkN0mPGZkwg1/vve44ahcsMsqYoSawjB4q6Nvv6MFqRj+2XBc0fsNusYiDqxBBwdyAiZkPUnhst04ocXKQswHwv/HyxSiA/uh6uYDkk3xVke5IX98DMpmACY3J5jfHnSupvKDsBRwHYGbeI/YkdE5WXtCQNSh+MH3OM2x/ESjAkp1dhQLOzBNKyJWevKwinUE6rF3QrVZ/uFlEKH//d+/khNEdY6HB28SCG+Iqu+qvibcPefdH6TxR9Xd5bpSc4PHW+B3lYIW5Ekei3cABqoNLHdXGSMeM5vCo3bWiSdHPyYQ==&version=1.0&app_id=9021000165677275&sign_type=RSA2&timestamp=2026-07-28 16:02:36^_^ProtocalOptParams:alipay_sdk=alipay-sdk-java-4.38.157.ALL&format=json^_^ApplicationParams:traceId=06002c4e178522575708638861578980&biz_content={"out_trade_no":"63015243383423"}^_^Body:{"alipay_trade_query_response":{"msg":"Business Failed","code":"40004","out_trade_no":"63015243383423","sub_msg":"交易不存在","sub_code":"ACQ.TRADE_NOT_EXIST","receipt_amount":"0.00","point_amount":"0.00","buyer_pay_amount":"0.00","invoice_amount":"0.00"},"sign":"j/BKxEaDkp40hVZnDvR3FjkafML/EKkrgK5tm3o7RpXke6JHNNHQj7dtxjFXrid2kn398BXbOviGV9OREaHEsGkNi7IoyBK1JYReqxxHw+KZz8rrBoqtEmOs09WNzTcKyl/5ieUTw21MI9LZ5QoNI9FiQB3n5vdZv5nJ4536haXV/1ocYO4eOii1Wdd47onG0oGH6w7WLvZT+jP9UP1EcysxWQjk4vfPC2p1W/SB9gAsXt/vZ3hDDoI08AIACsojEfWvD71/4rGQQEyT4naQANCIzeGTzHZEfSOYngieu+N8sDW52hL5yDXMIaHr563fJPxX8LcKEtAYz+SGdbzTrw=="}^_^12ms,281ms,11ms^_^trace_id:06002c4e178522575708638861578980
26-07-28.16:02:36.639 [scheduling-1    ] INFO  NoPayNotifyOrderJob    - 检测未接收到或未正确处理的支付回调通知，订单未支付成功 orderId:63015243383423 code:40004 tradeStatus:null
26-07-28.16:02:41.768 [scheduling-1    ] ERROR err                    - 2026-07-28 16:02:41^_^alipay.trade.query^_^null^_^192.168.73.1^_^Windows 11^_^alipay-sdk-java-4.38.157.ALL^_^https://openapi-sandbox.dl.alipaydev.com/gateway.do?charset=utf-8&method=alipay.trade.query&sign=WIIyTRGDSgme7nq1Fqb%2BqbeYC0aWms7ka4F1QUMhTp2VcIWgOSM%2FVwksjwKclInYDTIBIMsYXl5A7RlhL38TcS8QzR9VqMduWshZOotmgy%2FYotruRcq8DzjMVtW3bLq4bAjFZNdDhTH%2BZ6RZ7EkOgliG6U5IJFhZRRkPXQ7WGGxlHeqUWStUOaWdyG1ykMY4lpRe%2BcM%2BQQ9gti5QGeeXcCxqtnlWP3KVBCBcRG05Al42rhP4VNK%2FST1isCGuLkFa1LYmd6PYUUHt8WmKCcl1sDHM5ybtbOW9SJYD127OievgVBE%2BguHXQCEqzPkvwHO0aH%2F%2BVlkPuEMfxHcOyKukgA%3D%3D&version=1.0&app_id=9021000165677275&sign_type=RSA2&timestamp=2026-07-28+16%3A02%3A36&alipay_sdk=alipay-sdk-java-4.38.157.ALL&format=json^_^^_^<!DOCTYPE HTML PUBLIC "-//IETF//DTD HTML 2.0//EN"> <html> <head><title>504 Gateway Time-out</title></head> <body bgcolor="white"> <h1>504 Gateway Time-out</h1> <p>The gateway did not receive a timely response from the upstream server or application. Sorry for the inconvenience.<br/> Please report this message and include the following information to us.<br/> Thank you very much!</p> <table> <tr> <td>URL:</td> <td>http://openapi-sandbox.dl.alipaydev.com/gateway.do?charset=utf-8&amp;method=alipay.trade.query&amp;sign=WIIyTRGDSgme7nq1Fqb%2BqbeYC0aWms7ka4F1QUMhTp2VcIWgOSM%2FVwksjwKclInYDTIBIMsYXl5A7RlhL38TcS8QzR9VqMduWshZOotmgy%2FYotruRcq8DzjMVtW3bLq4bAjFZNdDhTH%2BZ6RZ7EkOgliG6U5IJFhZRRkPXQ7WGGxlHeqUWStUOaWdyG1ykMY4lpRe%2BcM%2BQQ9gti5QGeeXcCxqtnlWP3KVBCBcRG05Al42rhP4VNK%2FST1isCGuLkFa1LYmd6PYUUHt8WmKCcl1sDHM5ybtbOW9SJYD127OievgVBE%2BguHXQCEqzPkvwHO0aH%2F%2BVlkPuEMfxHcOyKukgA%3D%3D&amp;version=1.0&amp;app_id=9021000165677275&amp;sign_type=RSA2&amp;timestamp=2026-07-28+16%3A02%3A36&amp;alipay_sdk=alipay-sdk-java-4.38.157.ALL&amp;format=json</td> </tr> <tr> <td>Server:</td> <td>openapi-57.rz21a.sandbox.alipay.net</td> </tr> <tr> <td>Date:</td> <td>2026/07/28 16:02:42</td> </tr> </table> <hr/>Powered by Tengine </body> </html> 
26-07-28.16:02:41.768 [scheduling-1    ] ERROR NoPayNotifyOrderJob    - 检测未接收到或未正确处理的支付回调通知失败
com.alipay.api.AlipayApiException: java.io.IOException: <!DOCTYPE HTML PUBLIC "-//IETF//DTD HTML 2.0//EN">
<html>
<head><title>504 Gateway Time-out</title></head>
<body bgcolor="white">
<h1>504 Gateway Time-out</h1>
<p>The gateway did not receive a timely response from the upstream server or application. Sorry for the inconvenience.<br/>
Please report this message and include the following information to us.<br/>
Thank you very much!</p>
<table>
<tr>
<td>URL:</td>
<td>http://openapi-sandbox.dl.alipaydev.com/gateway.do?charset=utf-8&amp;method=alipay.trade.query&amp;sign=WIIyTRGDSgme7nq1Fqb%2BqbeYC0aWms7ka4F1QUMhTp2VcIWgOSM%2FVwksjwKclInYDTIBIMsYXl5A7RlhL38TcS8QzR9VqMduWshZOotmgy%2FYotruRcq8DzjMVtW3bLq4bAjFZNdDhTH%2BZ6RZ7EkOgliG6U5IJFhZRRkPXQ7WGGxlHeqUWStUOaWdyG1ykMY4lpRe%2BcM%2BQQ9gti5QGeeXcCxqtnlWP3KVBCBcRG05Al42rhP4VNK%2FST1isCGuLkFa1LYmd6PYUUHt8WmKCcl1sDHM5ybtbOW9SJYD127OievgVBE%2BguHXQCEqzPkvwHO0aH%2F%2BVlkPuEMfxHcOyKukgA%3D%3D&amp;version=1.0&amp;app_id=9021000165677275&amp;sign_type=RSA2&amp;timestamp=2026-07-28+16%3A02%3A36&amp;alipay_sdk=alipay-sdk-java-4.38.157.ALL&amp;format=json</td>
</tr>
<tr>
<td>Server:</td>
<td>openapi-57.rz21a.sandbox.alipay.net</td>
</tr>
<tr>
<td>Date:</td>
<td>2026/07/28 16:02:42</td>
</tr>
</table>
<hr/>Powered by Tengine
</body>
</html>

	at com.alipay.api.AbstractAlipayClient.doPost(AbstractAlipayClient.java:1015)
	at com.alipay.api.AbstractAlipayClient._execute(AbstractAlipayClient.java:921)
	at com.alipay.api.AbstractAlipayClient.execute(AbstractAlipayClient.java:395)
	at com.alipay.api.AbstractAlipayClient.execute(AbstractAlipayClient.java:377)
	at com.alipay.api.AbstractAlipayClient.execute(AbstractAlipayClient.java:372)
	at com.alipay.api.AbstractAlipayClient.execute(AbstractAlipayClient.java:366)
	at cn.bugstack.trigger.job.NoPayNotifyOrderJob.exec(NoPayNotifyOrderJob.java:42)
	at java.base/jdk.internal.reflect.NativeMethodAccessorImpl.invoke0(Native Method)
	at java.base/jdk.internal.reflect.NativeMethodAccessorImpl.invoke(NativeMethodAccessorImpl.java:62)
	at java.base/jdk.internal.reflect.DelegatingMethodAccessorImpl.invoke(DelegatingMethodAccessorImpl.java:43)
	at java.base/java.lang.reflect.Method.invoke(Method.java:566)
	at org.springframework.scheduling.support.ScheduledMethodRunnable.run(ScheduledMethodRunnable.java:84)
	at org.springframework.scheduling.support.DelegatingErrorHandlingRunnable.run(DelegatingErrorHandlingRunnable.java:54)
	at org.springframework.scheduling.concurrent.ReschedulingRunnable.run(ReschedulingRunnable.java:95)
	at java.base/java.util.concurrent.Executors$RunnableAdapter.call(Executors.java:515)
	at java.base/java.util.concurrent.FutureTask.run(FutureTask.java:264)
	at java.base/java.util.concurrent.ScheduledThreadPoolExecutor$ScheduledFutureTask.run(ScheduledThreadPoolExecutor.java:304)
	at java.base/java.util.concurrent.ThreadPoolExecutor.runWorker(ThreadPoolExecutor.java:1128)
	at java.base/java.util.concurrent.ThreadPoolExecutor$Worker.run(ThreadPoolExecutor.java:628)
	at java.base/java.lang.Thread.run(Thread.java:829)
Caused by: java.io.IOException: <!DOCTYPE HTML PUBLIC "-//IETF//DTD HTML 2.0//EN">
<html>
<head><title>504 Gateway Time-out</title></head>
<body bgcolor="white">
<h1>504 Gateway Time-out</h1>
<p>The gateway did not receive a timely response from the upstream server or application. Sorry for the inconvenience.<br/>
Please report this message and include the following information to us.<br/>
Thank you very much!</p>
<table>
<tr>
<td>URL:</td>
<td>http://openapi-sandbox.dl.alipaydev.com/gateway.do?charset=utf-8&amp;method=alipay.trade.query&amp;sign=WIIyTRGDSgme7nq1Fqb%2BqbeYC0aWms7ka4F1QUMhTp2VcIWgOSM%2FVwksjwKclInYDTIBIMsYXl5A7RlhL38TcS8QzR9VqMduWshZOotmgy%2FYotruRcq8DzjMVtW3bLq4bAjFZNdDhTH%2BZ6RZ7EkOgliG6U5IJFhZRRkPXQ7WGGxlHeqUWStUOaWdyG1ykMY4lpRe%2BcM%2BQQ9gti5QGeeXcCxqtnlWP3KVBCBcRG05Al42rhP4VNK%2FST1isCGuLkFa1LYmd6PYUUHt8WmKCcl1sDHM5ybtbOW9SJYD127OievgVBE%2BguHXQCEqzPkvwHO0aH%2F%2BVlkPuEMfxHcOyKukgA%3D%3D&amp;version=1.0&amp;app_id=9021000165677275&amp;sign_type=RSA2&amp;timestamp=2026-07-28+16%3A02%3A36&amp;alipay_sdk=alipay-sdk-java-4.38.157.ALL&amp;format=json</td>
</tr>
<tr>
<td>Server:</td>
<td>openapi-57.rz21a.sandbox.alipay.net</td>
</tr>
<tr>
<td>Date:</td>
<td>2026/07/28 16:02:42</td>
</tr>
</table>
<hr/>Powered by Tengine
</body>
</html>

	at com.alipay.api.internal.util.WebUtils.getResponseAsString(WebUtils.java:520)
	at com.alipay.api.internal.util.WebUtils.doPost(WebUtils.java:181)
	at com.alipay.api.internal.util.WebUtils.doPost(WebUtils.java:142)
	at com.alipay.api.AbstractAlipayClient.doPost(AbstractAlipayClient.java:1003)
	... 19 common frames omitted
26-07-28.16:02:42.213 [scheduling-1    ] ERROR err                    - ErrorScene^_^40004^_^ACQ.TRADE_NOT_EXIST^_^192.168.73.1^_^Windows 11^_^2026-07-28 16:02:42^_^ProtocalMustParams:charset=utf-8&method=alipay.trade.query&sign=ZC5ED11MalchekLO2FRfdWVBUtCw+ryLKMCfbv3QxnwwiceuLi4IEwNn4R3hnfx/MjR4qHUpL5iO1JsLiIZTJeaPL5xpeITsA/I8bi2i/dYh5dLjQ2gJn1XcNOVysUDlMxbVSHHIQBgOvjCGPenWV0eqwm9Gq9d5wOIikKMdypq1Ycrc0RWTX07UiIu1ssUndzGUgj6VJVMlky+5BGL8teIY7MNFzJbA0qCX7D6cEWjMoFdtsdDk+DvF2oN0il9apA2OjcxhymtjXjI+g+n5NhgR4CXW1BCJc4tfg/BZ/6rdzJtQGWPLDZuLHVsVMgb4oj9G0i7Oqk34Qy4H1OHHvg==&version=1.0&app_id=9021000165677275&sign_type=RSA2&timestamp=2026-07-28 16:02:42^_^ProtocalOptParams:alipay_sdk=alipay-sdk-java-4.38.157.ALL&format=json^_^ApplicationParams:traceId=06002c4e178522576274139071578980&biz_content={"out_trade_no":"59214591885269"}^_^Body:{"alipay_trade_query_response":{"msg":"Business Failed","code":"40004","out_trade_no":"59214591885269","sub_msg":"交易不存在","sub_code":"ACQ.TRADE_NOT_EXIST","receipt_amount":"0.00","point_amount":"0.00","buyer_pay_amount":"0.00","invoice_amount":"0.00"},"sign":"IlGZ9x5UhNF2eAqdNMzeNXtVmLVeP4WAHqOs3UIoTeNqOZPSKddjkKWyTMN0yOnmdmvXLs65xA8iLe3vMAOcTv3IRc5Ly+sfXiILXIoyDMo48N1nGL00QjpY712N35H3czuLP1upFRYorbFoh87mPrUkchUunF+PEBdfORFul87T4s2hkFE5Fl1M1wxQAAUDsoOdZiXF4N0VIlZn8XpWkwGhUJTSzC4T5bTxJpGdI0AVbbLy9QZu0eXIaXEtwYSVDV1oFLVBE/DEmKpridtTn9/6ZOtOpBhjgylpbP+J+f2SCp37feezNW+mRc7kxKeaJfjjdbn7pTI1TeynheyWLQ=="}^_^21ms,166ms,21ms^_^trace_id:06002c4e178522576274139071578980
26-07-28.16:02:42.213 [scheduling-1    ] INFO  NoPayNotifyOrderJob    - 检测未接收到或未正确处理的支付回调通知，订单未支付成功 orderId:59214591885269 code:40004 tradeStatus:null
26-07-28.16:02:42.421 [scheduling-1    ] ERROR err                    - ErrorScene^_^40004^_^ACQ.TRADE_NOT_EXIST^_^192.168.73.1^_^Windows 11^_^2026-07-28 16:02:42^_^ProtocalMustParams:charset=utf-8&method=alipay.trade.query&sign=cnaRqwc3ys21rRGz0mslq+LbYWuWjzGAmNeeUP1lND/v3zgPGULbUDYhqmn1NpFX/kmoTpNM2rgsjGVU19I9MLHPO4vNB5G7vv4Q4StNeUFRYTMb3hx5hFfjNwf+xTxNpMLak6CL2VTK0PqFGoXN+2TzjslE1eZ7n43FbwSaBOZzDaKrQD9TxGMfSvm4p7zdjZObwFEnzemTdgnSoyqg6q5/MFaaBTvhy/HFOz+s2ovVnNuRQo1oRmYqpoRe5jPTOwnMtKfgXoME8si7wFCfKejnfDrVjiB5+7J/xvkvSCQ/czkvqXvWKmqTXncz9BDQdButGXm65axW1GJGWT3HAg==&version=1.0&app_id=9021000165677275&sign_type=RSA2&timestamp=2026-07-28 16:02:42^_^ProtocalOptParams:alipay_sdk=alipay-sdk-java-4.38.157.ALL&format=json^_^ApplicationParams:traceId=060001f3178522576294970912231288&biz_content={"out_trade_no":"63015243383423"}^_^Body:{"alipay_trade_query_response":{"msg":"Business Failed","code":"40004","out_trade_no":"63015243383423","sub_msg":"交易不存在","sub_code":"ACQ.TRADE_NOT_EXIST","receipt_amount":"0.00","point_amount":"0.00","buyer_pay_amount":"0.00","invoice_amount":"0.00"},"sign":"j/BKxEaDkp40hVZnDvR3FjkafML/EKkrgK5tm3o7RpXke6JHNNHQj7dtxjFXrid2kn398BXbOviGV9OREaHEsGkNi7IoyBK1JYReqxxHw+KZz8rrBoqtEmOs09WNzTcKyl/5ieUTw21MI9LZ5QoNI9FiQB3n5vdZv5nJ4536haXV/1ocYO4eOii1Wdd47onG0oGH6w7WLvZT+jP9UP1EcysxWQjk4vfPC2p1W/SB9gAsXt/vZ3hDDoI08AIACsojEfWvD71/4rGQQEyT4naQANCIzeGTzHZEfSOYngieu+N8sDW52hL5yDXMIaHr563fJPxX8LcKEtAYz+SGdbzTrw=="}^_^13ms,182ms,13ms^_^trace_id:060001f3178522576294970912231288
26-07-28.16:02:42.422 [scheduling-1    ] INFO  NoPayNotifyOrderJob    - 检测未接收到或未正确处理的支付回调通知，订单未支付成功 orderId:63015243383423 code:40004 tradeStatus:null
26-07-28.16:02:42.644 [scheduling-1    ] ERROR err                    - ErrorScene^_^40004^_^ACQ.TRADE_NOT_EXIST^_^192.168.73.1^_^Windows 11^_^2026-07-28 16:02:42^_^ProtocalMustParams:charset=utf-8&method=alipay.trade.query&sign=REIs44/A5WYohLxkDCD14DZSVRdM26JZtgV7+g616WOGCk9lVvN52YdVLOnRDzZkyDQvx7qI8LCbNS6bNv0Imi7xC1v1sn8cUltPX6ifg45+ItexwkO4NmVcPflQ8omvfZBpFdxMJa/zAL17ZTb8oUSx66k9Y8T8U6cY1JuXGSfhSXsfSue3AwU98C7RyVF/kVQ/3Zi9KPYdOexQIvV4z8cmzTBFnjHrAiPxQDm2rWFOcBEky8q+/5ubAt4uz0WeM3xuRmW/TSB5dgBdfP27bHyTVsHESICejvAbu31pm5WaXQ6I7qQIavrHXaMCl15jK4mKeyz47f9//oKImMClVQ==&version=1.0&app_id=9021000165677275&sign_type=RSA2&timestamp=2026-07-28 16:02:42^_^ProtocalOptParams:alipay_sdk=alipay-sdk-java-4.38.157.ALL&format=json^_^ApplicationParams:traceId=060001f3178522576315570952231288&biz_content={"out_trade_no":"05687486819141"}^_^Body:{"alipay_trade_query_response":{"msg":"Business Failed","code":"40004","out_trade_no":"05687486819141","sub_msg":"交易不存在","sub_code":"ACQ.TRADE_NOT_EXIST","receipt_amount":"0.00","point_amount":"0.00","buyer_pay_amount":"0.00","invoice_amount":"0.00"},"sign":"X8+5Q6lbdoyyrQqpUwxTqfCXdBXg7ThJc2U+u8qezqbw+E5fcgtCqABatoc1r72W+dsojv3i6bkcvvMz3DRr5ahBjxU4gwSWCgz4TBIO+/iTBt57VZmROgv9LqvWSmIQTYHEWA0iBdvVQ8wabF8mzeGODzJcDm0eGuZrLQUuAfb7EsMddzf5Fpsu5TpWoCkIHAS+8CRG2vFJn8fHca0ezh5NORm72mkk1XJRvcuT3PelFHmTo+8KP5OR7ez/2fuIcdGiAD+b2i3e+sfFqMTeUrSfNpunUyXCuTC+ottvD15QxCFhRNfVkTvbOhatQUPyKDv4sjFTxoXvcC8oVH1r9Q=="}^_^18ms,187ms,13ms^_^trace_id:060001f3178522576315570952231288
26-07-28.16:02:42.644 [scheduling-1    ] INFO  NoPayNotifyOrderJob    - 检测未接收到或未正确处理的支付回调通知，订单未支付成功 orderId:05687486819141 code:40004 tradeStatus:null
26-07-28.16:02:45.213 [scheduling-1    ] ERROR err                    - ErrorScene^_^40004^_^ACQ.TRADE_NOT_EXIST^_^192.168.73.1^_^Windows 11^_^2026-07-28 16:02:45^_^ProtocalMustParams:charset=utf-8&method=alipay.trade.query&sign=KcMT9AWG1gr3kPi2oxbqqBn/DSuQfpnlI8j35/wGVN7sR2r0gBnR3sBx2/kpzZmrxoziVLLPc0IUzPsToBKIMKvrBZed7e/EK7GYfqEO4mhJ2RL22lF1YdBrDMAWTcvhZvArVSd0h0IfFb10nYJlC9Fm3HVcn6+Cb5zESiubUXfR+OQ5gZFJsrsu2p26yd7rXO45qGCFAjzzvk2eImkSJiQWZHT/Jrbpp2lS6SIQQX6sTtqlLWvPVUrV5q1ITLb1Yi//cRrFBzGZ0Ocq+cOmGtBAUEQhWb5WGAOIUgJND8oammQXOGpjWiA3AdQpXu7gicoGm8jphJpRTFD8NEufQA==&version=1.0&app_id=9021000165677275&sign_type=RSA2&timestamp=2026-07-28 16:02:45^_^ProtocalOptParams:alipay_sdk=alipay-sdk-java-4.38.157.ALL&format=json^_^ApplicationParams:traceId=060001f3178522576574071092231288&biz_content={"out_trade_no":"59214591885269"}^_^Body:{"alipay_trade_query_response":{"msg":"Business Failed","code":"40004","out_trade_no":"59214591885269","sub_msg":"交易不存在","sub_code":"ACQ.TRADE_NOT_EXIST","receipt_amount":"0.00","point_amount":"0.00","buyer_pay_amount":"0.00","invoice_amount":"0.00"},"sign":"IlGZ9x5UhNF2eAqdNMzeNXtVmLVeP4WAHqOs3UIoTeNqOZPSKddjkKWyTMN0yOnmdmvXLs65xA8iLe3vMAOcTv3IRc5Ly+sfXiILXIoyDMo48N1nGL00QjpY712N35H3czuLP1upFRYorbFoh87mPrUkchUunF+PEBdfORFul87T4s2hkFE5Fl1M1wxQAAUDsoOdZiXF4N0VIlZn8XpWkwGhUJTSzC4T5bTxJpGdI0AVbbLy9QZu0eXIaXEtwYSVDV1oFLVBE/DEmKpridtTn9/6ZOtOpBhjgylpbP+J+f2SCp37feezNW+mRc7kxKeaJfjjdbn7pTI1TeynheyWLQ=="}^_^10ms,178ms,14ms^_^trace_id:060001f3178522576574071092231288
26-07-28.16:02:45.213 [scheduling-1    ] INFO  NoPayNotifyOrderJob    - 检测未接收到或未正确处理的支付回调通知，订单未支付成功 orderId:59214591885269 code:40004 tradeStatus:null
26-07-28.16:02:45.444 [scheduling-1    ] ERROR err                    - ErrorScene^_^40004^_^ACQ.TRADE_NOT_EXIST^_^192.168.73.1^_^Windows 11^_^2026-07-28 16:02:45^_^ProtocalMustParams:charset=utf-8&method=alipay.trade.query&sign=i5WBi2C1ZSyiUD/VFbHzRACoPa59qAQKle7lT/dsqX7SubYXNJDtBe4fOgcWmLf9stQCwGxTS8pZXK7Ig+Vl2JtqUrpT+tEk5st+b9nU/ZdCYrtWNLAV5PmvNhXHFrIXB/20CtHp+UVoX/Rf4t9CPjCwtFTlcTdb7CBps4lH60f8L8VfBez0iK/je/dFTl9LEbY62c4+7iHhidriap/J64ktG9AL3E9sqTHqyIXA1d69gEBq52wZO49MbsP2NIQs/c//K6LGZe5yF6y7nHzj2+DWQT3W6jdE0AqpP3pKSg6B7OH5wqlcb/EB6oCtrGDYSueK0BwjpPMzdM6nyZqmhA==&version=1.0&app_id=9021000165677275&sign_type=RSA2&timestamp=2026-07-28 16:02:45^_^ProtocalOptParams:alipay_sdk=alipay-sdk-java-4.38.157.ALL&format=json^_^ApplicationParams:traceId=060001f3178522576596071142231288&biz_content={"out_trade_no":"63015243383423"}^_^Body:{"alipay_trade_query_response":{"msg":"Business Failed","code":"40004","out_trade_no":"63015243383423","sub_msg":"交易不存在","sub_code":"ACQ.TRADE_NOT_EXIST","receipt_amount":"0.00","point_amount":"0.00","buyer_pay_amount":"0.00","invoice_amount":"0.00"},"sign":"j/BKxEaDkp40hVZnDvR3FjkafML/EKkrgK5tm3o7RpXke6JHNNHQj7dtxjFXrid2kn398BXbOviGV9OREaHEsGkNi7IoyBK1JYReqxxHw+KZz8rrBoqtEmOs09WNzTcKyl/5ieUTw21MI9LZ5QoNI9FiQB3n5vdZv5nJ4536haXV/1ocYO4eOii1Wdd47onG0oGH6w7WLvZT+jP9UP1EcysxWQjk4vfPC2p1W/SB9gAsXt/vZ3hDDoI08AIACsojEfWvD71/4rGQQEyT4naQANCIzeGTzHZEfSOYngieu+N8sDW52hL5yDXMIaHr563fJPxX8LcKEtAYz+SGdbzTrw=="}^_^14ms,203ms,13ms^_^trace_id:060001f3178522576596071142231288
26-07-28.16:02:45.444 [scheduling-1    ] INFO  NoPayNotifyOrderJob    - 检测未接收到或未正确处理的支付回调通知，订单未支付成功 orderId:63015243383423 code:40004 tradeStatus:null
26-07-28.16:02:45.668 [scheduling-1    ] ERROR err                    - ErrorScene^_^40004^_^ACQ.TRADE_NOT_EXIST^_^192.168.73.1^_^Windows 11^_^2026-07-28 16:02:45^_^ProtocalMustParams:charset=utf-8&method=alipay.trade.query&sign=fsfNqaqBgPyIuQ3kNqEkMjGIY39KqU9jdGK998aQuzqibl4JSpAlCee0ir2I4zETSafdX1vpUIeVJBlQ70u8vApv9JiqXP4Q62DYNTrKlX0rS6tAaBa5tf6rVHHCXuyj6CqcOXixoA8rT6e4zLuEiZzs36ugcLNc6wquMDk/qETcFWsnfgo7/qT1P4q7PXRzrXNwdGl/ifvX7sVKm2w0n4S4vOrKkhQ26kjf0Y+cN7LIyQcxFYjiEC58zdNW4lx5XORWQY4JVYFjPU1DO36Ir5T+4VOj2YZ5idgcsATqs6S7jYF1jot111H25hBCiExyRN1YLkEl9tM1MlpiQePb3A==&version=1.0&app_id=9021000165677275&sign_type=RSA2&timestamp=2026-07-28 16:02:45^_^ProtocalOptParams:alipay_sdk=alipay-sdk-java-4.38.157.ALL&format=json^_^ApplicationParams:traceId=060001f3178522576618771152231288&biz_content={"out_trade_no":"05687486819141"}^_^Body:{"alipay_trade_query_response":{"msg":"Business Failed","code":"40004","out_trade_no":"05687486819141","sub_msg":"交易不存在","sub_code":"ACQ.TRADE_NOT_EXIST","receipt_amount":"0.00","point_amount":"0.00","buyer_pay_amount":"0.00","invoice_amount":"0.00"},"sign":"X8+5Q6lbdoyyrQqpUwxTqfCXdBXg7ThJc2U+u8qezqbw+E5fcgtCqABatoc1r72W+dsojv3i6bkcvvMz3DRr5ahBjxU4gwSWCgz4TBIO+/iTBt57VZmROgv9LqvWSmIQTYHEWA0iBdvVQ8wabF8mzeGODzJcDm0eGuZrLQUuAfb7EsMddzf5Fpsu5TpWoCkIHAS+8CRG2vFJn8fHca0ezh5NORm72mkk1XJRvcuT3PelFHmTo+8KP5OR7ez/2fuIcdGiAD+b2i3e+sfFqMTeUrSfNpunUyXCuTC+ottvD15QxCFhRNfVkTvbOhatQUPyKDv4sjFTxoXvcC8oVH1r9Q=="}^_^10ms,197ms,17ms^_^trace_id:060001f3178522576618771152231288
26-07-28.16:02:45.668 [scheduling-1    ] INFO  NoPayNotifyOrderJob    - 检测未接收到或未正确处理的支付回调通知，订单未支付成功 orderId:05687486819141 code:40004 tradeStatus:null
26-07-28.16:02:48.205 [scheduling-1    ] ERROR err                    - ErrorScene^_^40004^_^ACQ.TRADE_NOT_EXIST^_^192.168.73.1^_^Windows 11^_^2026-07-28 16:02:48^_^ProtocalMustParams:charset=utf-8&method=alipay.trade.query&sign=MB5ORHuu67FLQSNV/i92kNKwlti2Db3QfaA+3x8utk+kNaoWN4nw5sHV5rYYEBoW5zlnO0cyA0DjhgrfXVAcehyqdhGOcGZ310SSz8tma7nlIqeU4dlvXwzN1rbY8hjhLT4pVr/7IQu0kc+2cJhkvh3DT//kkVVRJo/FUnriCm05dJQa995nqnOv52LAN0KuwdGxE9BbGlDOqR9VEFxBN6ySYzIt7mhZhQdKDtg0ZTcDbJhaJ3iSaoTHIENAbWhzMYFh+EAd7NOpkM/KG3yjmk9iMId/WbLARmA+17cP+yY02dlq9RZI+Dx8+tvERq75xIaO7LB3FZJIZzcrIzTdtA==&version=1.0&app_id=9021000165677275&sign_type=RSA2&timestamp=2026-07-28 16:02:48^_^ProtocalOptParams:alipay_sdk=alipay-sdk-java-4.38.157.ALL&format=json^_^ApplicationParams:traceId=06002c4e178522576874539281578980&biz_content={"out_trade_no":"59214591885269"}^_^Body:{"alipay_trade_query_response":{"msg":"Business Failed","code":"40004","out_trade_no":"59214591885269","sub_msg":"交易不存在","sub_code":"ACQ.TRADE_NOT_EXIST","receipt_amount":"0.00","point_amount":"0.00","buyer_pay_amount":"0.00","invoice_amount":"0.00"},"sign":"IlGZ9x5UhNF2eAqdNMzeNXtVmLVeP4WAHqOs3UIoTeNqOZPSKddjkKWyTMN0yOnmdmvXLs65xA8iLe3vMAOcTv3IRc5Ly+sfXiILXIoyDMo48N1nGL00QjpY712N35H3czuLP1upFRYorbFoh87mPrUkchUunF+PEBdfORFul87T4s2hkFE5Fl1M1wxQAAUDsoOdZiXF4N0VIlZn8XpWkwGhUJTSzC4T5bTxJpGdI0AVbbLy9QZu0eXIaXEtwYSVDV1oFLVBE/DEmKpridtTn9/6ZOtOpBhjgylpbP+J+f2SCp37feezNW+mRc7kxKeaJfjjdbn7pTI1TeynheyWLQ=="}^_^7ms,178ms,9ms^_^trace_id:06002c4e178522576874539281578980
26-07-28.16:02:48.205 [scheduling-1    ] INFO  NoPayNotifyOrderJob    - 检测未接收到或未正确处理的支付回调通知，订单未支付成功 orderId:59214591885269 code:40004 tradeStatus:null
26-07-28.16:02:48.416 [scheduling-1    ] ERROR err                    - ErrorScene^_^40004^_^ACQ.TRADE_NOT_EXIST^_^192.168.73.1^_^Windows 11^_^2026-07-28 16:02:48^_^ProtocalMustParams:charset=utf-8&method=alipay.trade.query&sign=cYXZx2ffK9i5s4r0F2o5MH936R6DuB+06iwAMxhPrjNqsQyiZSqgqXdJFd8S8AsrpTXwaTiaQIPNNCd0kGsSmHanGEcZvnkrXwA3lQ8rjlz7W3S0zIRr+kI04NHVPFoPPjfn3TEYi8J4ZzJUImAaDGkg158LfgKSfSwX9DWTiYKpLgr8K7cYoBFjE4bEC4VwBY53xX+i5M2Idi7AawxRQKw0ie4yO0zvq6ClYK8td7pNVJMyCtUKjbWY4xVuo1Yn05Q2lrjI7/wV9ArWDTMfFuYs+5h+pmRSpwcmZFPVUjfssYrQ02guLh+rZ0hZidcRKhH1HNIywGLZLjfb1L7CDg==&version=1.0&app_id=9021000165677275&sign_type=RSA2&timestamp=2026-07-28 16:02:48^_^ProtocalOptParams:alipay_sdk=alipay-sdk-java-4.38.157.ALL&format=json^_^ApplicationParams:traceId=060d6922178522576894525763502569&biz_content={"out_trade_no":"63015243383423"}^_^Body:{"alipay_trade_query_response":{"msg":"Business Failed","code":"40004","out_trade_no":"63015243383423","sub_msg":"交易不存在","sub_code":"ACQ.TRADE_NOT_EXIST","receipt_amount":"0.00","point_amount":"0.00","buyer_pay_amount":"0.00","invoice_amount":"0.00"},"sign":"j/BKxEaDkp40hVZnDvR3FjkafML/EKkrgK5tm3o7RpXke6JHNNHQj7dtxjFXrid2kn398BXbOviGV9OREaHEsGkNi7IoyBK1JYReqxxHw+KZz8rrBoqtEmOs09WNzTcKyl/5ieUTw21MI9LZ5QoNI9FiQB3n5vdZv5nJ4536haXV/1ocYO4eOii1Wdd47onG0oGH6w7WLvZT+jP9UP1EcysxWQjk4vfPC2p1W/SB9gAsXt/vZ3hDDoI08AIACsojEfWvD71/4rGQQEyT4naQANCIzeGTzHZEfSOYngieu+N8sDW52hL5yDXMIaHr563fJPxX8LcKEtAYz+SGdbzTrw=="}^_^11ms,190ms,10ms^_^trace_id:060d6922178522576894525763502569
26-07-28.16:02:48.418 [scheduling-1    ] INFO  NoPayNotifyOrderJob    - 检测未接收到或未正确处理的支付回调通知，订单未支付成功 orderId:63015243383423 code:40004 tradeStatus:null
26-07-28.16:02:48.641 [scheduling-1    ] ERROR err                    - ErrorScene^_^40004^_^ACQ.TRADE_NOT_EXIST^_^192.168.73.1^_^Windows 11^_^2026-07-28 16:02:48^_^ProtocalMustParams:charset=utf-8&method=alipay.trade.query&sign=fO88auRjEwUP9lL4IVNBTiborqkCdNgk3BFh73GCd7mKOTjR8iUUwPFDvur/O37ermaau8s4z+1Zz7VOU3g52SXyaTUERZn0c7fQuqIwkFF2lnbotVSCv0U+DUaKZ6knq00M4qovkNL20EyLZRtwV5UGLq9nyNx/MMSQRSYo3m4PPi8ELCsTLNAPwfGkbtZBVa8SUuY8o/Q9aj3sufYaYZsCcsmeccLU2CxdC5PNxGXJFokzedPc2s/ekPXHpAE2BL0pNfneChyV98rfneSQu8RJCB1sWMJFDpH9pDbde4Rz6MsjU9Wn2hEOCnLiKpBoG0THpFV+dzl2kJkKbUxR0Q==&version=1.0&app_id=9021000165677275&sign_type=RSA2&timestamp=2026-07-28 16:02:48^_^ProtocalOptParams:alipay_sdk=alipay-sdk-java-4.38.157.ALL&format=json^_^ApplicationParams:traceId=06020e08178522576916345712433085&biz_content={"out_trade_no":"05687486819141"}^_^Body:{"alipay_trade_query_response":{"msg":"Business Failed","code":"40004","out_trade_no":"05687486819141","sub_msg":"交易不存在","sub_code":"ACQ.TRADE_NOT_EXIST","receipt_amount":"0.00","point_amount":"0.00","buyer_pay_amount":"0.00","invoice_amount":"0.00"},"sign":"X8+5Q6lbdoyyrQqpUwxTqfCXdBXg7ThJc2U+u8qezqbw+E5fcgtCqABatoc1r72W+dsojv3i6bkcvvMz3DRr5ahBjxU4gwSWCgz4TBIO+/iTBt57VZmROgv9LqvWSmIQTYHEWA0iBdvVQ8wabF8mzeGODzJcDm0eGuZrLQUuAfb7EsMddzf5Fpsu5TpWoCkIHAS+8CRG2vFJn8fHca0ezh5NORm72mkk1XJRvcuT3PelFHmTo+8KP5OR7ez/2fuIcdGiAD+b2i3e+sfFqMTeUrSfNpunUyXCuTC+ottvD15QxCFhRNfVkTvbOhatQUPyKDv4sjFTxoXvcC8oVH1r9Q=="}^_^13ms,197ms,13ms^_^trace_id:06020e08178522576916345712433085
26-07-28.16:02:48.641 [scheduling-1    ] INFO  NoPayNotifyOrderJob    - 检测未接收到或未正确处理的支付回调通知，订单未支付成功 orderId:05687486819141 code:40004 tradeStatus:null
26-07-28.16:02:56.187 [scheduling-1    ] ERROR err                    - 2026-07-28 16:02:56^_^alipay.trade.query^_^null^_^192.168.73.1^_^Windows 11^_^alipay-sdk-java-4.38.157.ALL^_^https://openapi-sandbox.dl.alipaydev.com/gateway.do?charset=utf-8&method=alipay.trade.query&sign=FV4h6G2xyV0unKRP0M4YzuA8skYC9fjAN%2FA3e47Wrg2jlVuK3BxR38wIUfYGZBTmuG05cfq%2FUSwpxaRX8yxoutW2%2FzVQMtZhc2G%2BjtjebidqZHLsniOBwwxV2OdQRMgLiszfX1bP8CIcVqIkNCfPIkOtx6DfHMepPYqz6J0TS%2F%2BbNsosZQ04UKX4NPGbT7j36bkgOVXyk6UyG9adkMG5EPqLbLySPa8KoOU4uE82C8gWjdwO%2Fd8pD8VRioYwYHkK0BWeJW2TrRspAlBgiT%2FZ4NeAF4NPalvfE%2Bo%2BV%2B1LLYjOH6T49zwL5mtEcr3NhXtlR9%2BlYDMu7Y8cBTeBP0dfYw%3D%3D&version=1.0&app_id=9021000165677275&sign_type=RSA2&timestamp=2026-07-28+16%3A02%3A51&alipay_sdk=alipay-sdk-java-4.38.157.ALL&format=json^_^^_^<!DOCTYPE HTML PUBLIC "-//IETF//DTD HTML 2.0//EN"> <html> <head><title>504 Gateway Time-out</title></head> <body bgcolor="white"> <h1>504 Gateway Time-out</h1> <p>The gateway did not receive a timely response from the upstream server or application. Sorry for the inconvenience.<br/> Please report this message and include the following information to us.<br/> Thank you very much!</p> <table> <tr> <td>URL:</td> <td>http://openapi-sandbox.dl.alipaydev.com/gateway.do?charset=utf-8&amp;method=alipay.trade.query&amp;sign=FV4h6G2xyV0unKRP0M4YzuA8skYC9fjAN%2FA3e47Wrg2jlVuK3BxR38wIUfYGZBTmuG05cfq%2FUSwpxaRX8yxoutW2%2FzVQMtZhc2G%2BjtjebidqZHLsniOBwwxV2OdQRMgLiszfX1bP8CIcVqIkNCfPIkOtx6DfHMepPYqz6J0TS%2F%2BbNsosZQ04UKX4NPGbT7j36bkgOVXyk6UyG9adkMG5EPqLbLySPa8KoOU4uE82C8gWjdwO%2Fd8pD8VRioYwYHkK0BWeJW2TrRspAlBgiT%2FZ4NeAF4NPalvfE%2Bo%2BV%2B1LLYjOH6T49zwL5mtEcr3NhXtlR9%2BlYDMu7Y8cBTeBP0dfYw%3D%3D&amp;version=1.0&amp;app_id=9021000165677275&amp;sign_type=RSA2&amp;timestamp=2026-07-28+16%3A02%3A51&amp;alipay_sdk=alipay-sdk-java-4.38.157.ALL&amp;format=json</td> </tr> <tr> <td>Server:</td> <td>openapi-57.rz21a.sandbox.alipay.net</td> </tr> <tr> <td>Date:</td> <td>2026/07/28 16:02:56</td> </tr> </table> <hr/>Powered by Tengine </body> </html> 
26-07-28.16:02:56.188 [scheduling-1    ] ERROR NoPayNotifyOrderJob    - 检测未接收到或未正确处理的支付回调通知失败
com.alipay.api.AlipayApiException: java.io.IOException: <!DOCTYPE HTML PUBLIC "-//IETF//DTD HTML 2.0//EN">
<html>
<head><title>504 Gateway Time-out</title></head>
<body bgcolor="white">
<h1>504 Gateway Time-out</h1>
<p>The gateway did not receive a timely response from the upstream server or application. Sorry for the inconvenience.<br/>
Please report this message and include the following information to us.<br/>
Thank you very much!</p>
<table>
<tr>
<td>URL:</td>
<td>http://openapi-sandbox.dl.alipaydev.com/gateway.do?charset=utf-8&amp;method=alipay.trade.query&amp;sign=FV4h6G2xyV0unKRP0M4YzuA8skYC9fjAN%2FA3e47Wrg2jlVuK3BxR38wIUfYGZBTmuG05cfq%2FUSwpxaRX8yxoutW2%2FzVQMtZhc2G%2BjtjebidqZHLsniOBwwxV2OdQRMgLiszfX1bP8CIcVqIkNCfPIkOtx6DfHMepPYqz6J0TS%2F%2BbNsosZQ04UKX4NPGbT7j36bkgOVXyk6UyG9adkMG5EPqLbLySPa8KoOU4uE82C8gWjdwO%2Fd8pD8VRioYwYHkK0BWeJW2TrRspAlBgiT%2FZ4NeAF4NPalvfE%2Bo%2BV%2B1LLYjOH6T49zwL5mtEcr3NhXtlR9%2BlYDMu7Y8cBTeBP0dfYw%3D%3D&amp;version=1.0&amp;app_id=9021000165677275&amp;sign_type=RSA2&amp;timestamp=2026-07-28+16%3A02%3A51&amp;alipay_sdk=alipay-sdk-java-4.38.157.ALL&amp;format=json</td>
</tr>
<tr>
<td>Server:</td>
<td>openapi-57.rz21a.sandbox.alipay.net</td>
</tr>
<tr>
<td>Date:</td>
<td>2026/07/28 16:02:56</td>
</tr>
</table>
<hr/>Powered by Tengine
</body>
</html>

	at com.alipay.api.AbstractAlipayClient.doPost(AbstractAlipayClient.java:1015)
	at com.alipay.api.AbstractAlipayClient._execute(AbstractAlipayClient.java:921)
	at com.alipay.api.AbstractAlipayClient.execute(AbstractAlipayClient.java:395)
	at com.alipay.api.AbstractAlipayClient.execute(AbstractAlipayClient.java:377)
	at com.alipay.api.AbstractAlipayClient.execute(AbstractAlipayClient.java:372)
	at com.alipay.api.AbstractAlipayClient.execute(AbstractAlipayClient.java:366)
	at cn.bugstack.trigger.job.NoPayNotifyOrderJob.exec(NoPayNotifyOrderJob.java:42)
	at java.base/jdk.internal.reflect.NativeMethodAccessorImpl.invoke0(Native Method)
	at java.base/jdk.internal.reflect.NativeMethodAccessorImpl.invoke(NativeMethodAccessorImpl.java:62)
	at java.base/jdk.internal.reflect.DelegatingMethodAccessorImpl.invoke(DelegatingMethodAccessorImpl.java:43)
	at java.base/java.lang.reflect.Method.invoke(Method.java:566)
	at org.springframework.scheduling.support.ScheduledMethodRunnable.run(ScheduledMethodRunnable.java:84)
	at org.springframework.scheduling.support.DelegatingErrorHandlingRunnable.run(DelegatingErrorHandlingRunnable.java:54)
	at org.springframework.scheduling.concurrent.ReschedulingRunnable.run(ReschedulingRunnable.java:95)
	at java.base/java.util.concurrent.Executors$RunnableAdapter.call(Executors.java:515)
	at java.base/java.util.concurrent.FutureTask.run(FutureTask.java:264)
	at java.base/java.util.concurrent.ScheduledThreadPoolExecutor$ScheduledFutureTask.run(ScheduledThreadPoolExecutor.java:304)
	at java.base/java.util.concurrent.ThreadPoolExecutor.runWorker(ThreadPoolExecutor.java:1128)
	at java.base/java.util.concurrent.ThreadPoolExecutor$Worker.run(ThreadPoolExecutor.java:628)
	at java.base/java.lang.Thread.run(Thread.java:829)
Caused by: java.io.IOException: <!DOCTYPE HTML PUBLIC "-//IETF//DTD HTML 2.0//EN">
<html>
<head><title>504 Gateway Time-out</title></head>
<body bgcolor="white">
<h1>504 Gateway Time-out</h1>
<p>The gateway did not receive a timely response from the upstream server or application. Sorry for the inconvenience.<br/>
Please report this message and include the following information to us.<br/>
Thank you very much!</p>
<table>
<tr>
<td>URL:</td>
<td>http://openapi-sandbox.dl.alipaydev.com/gateway.do?charset=utf-8&amp;method=alipay.trade.query&amp;sign=FV4h6G2xyV0unKRP0M4YzuA8skYC9fjAN%2FA3e47Wrg2jlVuK3BxR38wIUfYGZBTmuG05cfq%2FUSwpxaRX8yxoutW2%2FzVQMtZhc2G%2BjtjebidqZHLsniOBwwxV2OdQRMgLiszfX1bP8CIcVqIkNCfPIkOtx6DfHMepPYqz6J0TS%2F%2BbNsosZQ04UKX4NPGbT7j36bkgOVXyk6UyG9adkMG5EPqLbLySPa8KoOU4uE82C8gWjdwO%2Fd8pD8VRioYwYHkK0BWeJW2TrRspAlBgiT%2FZ4NeAF4NPalvfE%2Bo%2BV%2B1LLYjOH6T49zwL5mtEcr3NhXtlR9%2BlYDMu7Y8cBTeBP0dfYw%3D%3D&amp;version=1.0&amp;app_id=9021000165677275&amp;sign_type=RSA2&amp;timestamp=2026-07-28+16%3A02%3A51&amp;alipay_sdk=alipay-sdk-java-4.38.157.ALL&amp;format=json</td>
</tr>
<tr>
<td>Server:</td>
<td>openapi-57.rz21a.sandbox.alipay.net</td>
</tr>
<tr>
<td>Date:</td>
<td>2026/07/28 16:02:56</td>
</tr>
</table>
<hr/>Powered by Tengine
</body>
</html>

	at com.alipay.api.internal.util.WebUtils.getResponseAsString(WebUtils.java:520)
	at com.alipay.api.internal.util.WebUtils.doPost(WebUtils.java:181)
	at com.alipay.api.internal.util.WebUtils.doPost(WebUtils.java:142)
	at com.alipay.api.AbstractAlipayClient.doPost(AbstractAlipayClient.java:1003)
	... 19 common frames omitted
26-07-28.16:02:57.225 [scheduling-1    ] ERROR err                    - ErrorScene^_^40004^_^ACQ.TRADE_NOT_EXIST^_^192.168.73.1^_^Windows 11^_^2026-07-28 16:02:57^_^ProtocalMustParams:charset=utf-8&method=alipay.trade.query&sign=Ihun2t36Nv6+SfP36b5DIUEBLlMXUIHlh07PSSEsOdnKode/7irNuI0wf9WDK6c00dY7uqNHUfdhJ9K2CbmV7grlvOZlrrt2GpU+/q496viCQwdWLOwxcQAtt10tNxNI04IUrkijH5Jvok2zspjxOc977Jj1Z9XbSy+tobftfTa834+K3zSDMTQphamIj9JLR7lHiNWlI9GryFvjspu8RELV8/Jto348u9vqSyzTKNyFeeG7z13lhmUuo3adUQrqJew4UaCIerk6dX55e98YXP5bHSI++fgZQTuGzdgjreKCV/f1qgzfx/kJnAZpzNrqFvuMfF9m1a6eeDchIazK0Q==&version=1.0&app_id=9021000165677275&sign_type=RSA2&timestamp=2026-07-28 16:02:57^_^ProtocalOptParams:alipay_sdk=alipay-sdk-java-4.38.157.ALL&format=json^_^ApplicationParams:traceId=06020e08178522577773446052433085&biz_content={"out_trade_no":"59214591885269"}^_^Body:{"alipay_trade_query_response":{"msg":"Business Failed","code":"40004","out_trade_no":"59214591885269","sub_msg":"交易不存在","sub_code":"ACQ.TRADE_NOT_EXIST","receipt_amount":"0.00","point_amount":"0.00","buyer_pay_amount":"0.00","invoice_amount":"0.00"},"sign":"IlGZ9x5UhNF2eAqdNMzeNXtVmLVeP4WAHqOs3UIoTeNqOZPSKddjkKWyTMN0yOnmdmvXLs65xA8iLe3vMAOcTv3IRc5Ly+sfXiILXIoyDMo48N1nGL00QjpY712N35H3czuLP1upFRYorbFoh87mPrUkchUunF+PEBdfORFul87T4s2hkFE5Fl1M1wxQAAUDsoOdZiXF4N0VIlZn8XpWkwGhUJTSzC4T5bTxJpGdI0AVbbLy9QZu0eXIaXEtwYSVDV1oFLVBE/DEmKpridtTn9/6ZOtOpBhjgylpbP+J+f2SCp37feezNW+mRc7kxKeaJfjjdbn7pTI1TeynheyWLQ=="}^_^10ms,193ms,11ms^_^trace_id:06020e08178522577773446052433085
26-07-28.16:02:57.225 [scheduling-1    ] INFO  NoPayNotifyOrderJob    - 检测未接收到或未正确处理的支付回调通知，订单未支付成功 orderId:59214591885269 code:40004 tradeStatus:null
26-07-28.16:02:57.530 [scheduling-1    ] ERROR err                    - ErrorScene^_^40004^_^ACQ.TRADE_NOT_EXIST^_^192.168.73.1^_^Windows 11^_^2026-07-28 16:02:57^_^ProtocalMustParams:charset=utf-8&method=alipay.trade.query&sign=TtojezAJaejR8pGQBz+L06svAAyszHcPqDRZ6VVAP2owy515dMkEp6Pu6Qc2xb/ftXcdXqkRNs5w1x/noEJSmPRq42EU/7w/3fk4JlULb1xn2Z6gaMJ2HW14ouRyGYTMG1cMuM+TaSGGR5SyAXcNle6/5ujibaXVdaHs14raB02+kLKVXMcxqAjlDLQIKrN93fnnSIOTQm1kM5ynLEVesbQcbuYGndnv/LoQO77tqQJUBglaaaG/8cafZ+ZOPmyu9SqRkA+KVSKKDGb7Gm+e1kugCfhdSsxf8M/xZxMFXRfLpFNk7fUnrNxFljY1yRn9dV2lmfLvFHSUJ92U/kK4ow==&version=1.0&app_id=9021000165677275&sign_type=RSA2&timestamp=2026-07-28 16:02:57^_^ProtocalOptParams:alipay_sdk=alipay-sdk-java-4.38.157.ALL&format=json^_^ApplicationParams:traceId=06020e08178522577796946062433085&biz_content={"out_trade_no":"63015243383423"}^_^Body:{"alipay_trade_query_response":{"msg":"Business Failed","code":"40004","out_trade_no":"63015243383423","sub_msg":"交易不存在","sub_code":"ACQ.TRADE_NOT_EXIST","receipt_amount":"0.00","point_amount":"0.00","buyer_pay_amount":"0.00","invoice_amount":"0.00"},"sign":"j/BKxEaDkp40hVZnDvR3FjkafML/EKkrgK5tm3o7RpXke6JHNNHQj7dtxjFXrid2kn398BXbOviGV9OREaHEsGkNi7IoyBK1JYReqxxHw+KZz8rrBoqtEmOs09WNzTcKyl/5ieUTw21MI9LZ5QoNI9FiQB3n5vdZv5nJ4536haXV/1ocYO4eOii1Wdd47onG0oGH6w7WLvZT+jP9UP1EcysxWQjk4vfPC2p1W/SB9gAsXt/vZ3hDDoI08AIACsojEfWvD71/4rGQQEyT4naQANCIzeGTzHZEfSOYngieu+N8sDW52hL5yDXMIaHr563fJPxX8LcKEtAYz+SGdbzTrw=="}^_^11ms,282ms,12ms^_^trace_id:06020e08178522577796946062433085
26-07-28.16:02:57.530 [scheduling-1    ] INFO  NoPayNotifyOrderJob    - 检测未接收到或未正确处理的支付回调通知，订单未支付成功 orderId:63015243383423 code:40004 tradeStatus:null
26-07-28.16:03:03.173 [scheduling-1    ] ERROR err                    - ErrorScene^_^40004^_^ACQ.TRADE_NOT_EXIST^_^192.168.73.1^_^Windows 11^_^2026-07-28 16:03:03^_^ProtocalMustParams:charset=utf-8&method=alipay.trade.query&sign=jAHVBY5FtkPrLlFQVUfWpGS+UyT1PuLpOlsFS2PQMw89Rjx4eZwsY0p1k7L7CoEprb/TDR1nFDuyvLwgHcyY/VZTMmKvyYZlW4fmL65k4sti3l7MkrrCrLe7P5CvK3lE/ENjoFiotEKig54OMoyZHFOZGsEXf5H6jdtDd5SRyoz10zCYOJgiuFhOs2u7vzRVimD0+lSsWHnlCJ8xShf38LoBji486+7KE+2u+v7a9A16bphTZOuY8hcAgvxquIQZ1UmDeTx61HjhBxYTC0j+OGRi4548sJcgFW8wAzp4238LS4PlfLq39BHgOD6ZHfLWRjpq5HUB27hxch2YeNL+tQ==&version=1.0&app_id=9021000165677275&sign_type=RSA2&timestamp=2026-07-28 16:02:57^_^ProtocalOptParams:alipay_sdk=alipay-sdk-java-4.38.157.ALL&format=json^_^ApplicationParams:traceId=060d663d178522578350333238178&biz_content={"out_trade_no":"05687486819141"}^_^Body:{"alipay_trade_query_response":{"msg":"Business Failed","code":"40004","out_trade_no":"05687486819141","sub_msg":"交易不存在","sub_code":"ACQ.TRADE_NOT_EXIST","receipt_amount":"0.00","point_amount":"0.00","buyer_pay_amount":"0.00","invoice_amount":"0.00"},"sign":"X8+5Q6lbdoyyrQqpUwxTqfCXdBXg7ThJc2U+u8qezqbw+E5fcgtCqABatoc1r72W+dsojv3i6bkcvvMz3DRr5ahBjxU4gwSWCgz4TBIO+/iTBt57VZmROgv9LqvWSmIQTYHEWA0iBdvVQ8wabF8mzeGODzJcDm0eGuZrLQUuAfb7EsMddzf5Fpsu5TpWoCkIHAS+8CRG2vFJn8fHca0ezh5NORm72mkk1XJRvcuT3PelFHmTo+8KP5OR7ez/2fuIcdGiAD+b2i3e+sfFqMTeUrSfNpunUyXCuTC+ottvD15QxCFhRNfVkTvbOhatQUPyKDv4sjFTxoXvcC8oVH1r9Q=="}^_^10ms,5614ms,17ms^_^trace_id:060d663d178522578350333238178
26-07-28.16:03:03.173 [scheduling-1    ] INFO  NoPayNotifyOrderJob    - 检测未接收到或未正确处理的支付回调通知，订单未支付成功 orderId:05687486819141 code:40004 tradeStatus:null
26-07-28.16:03:06.296 [scheduling-1    ] ERROR err                    - ErrorScene^_^40004^_^ACQ.TRADE_NOT_EXIST^_^192.168.73.1^_^Windows 11^_^2026-07-28 16:03:06^_^ProtocalMustParams:charset=utf-8&method=alipay.trade.query&sign=aUKuuDIdTfdbP17Uq6ratnaICZvCxfo3z0snHlY8A6rCmLA9O8c0mSQDJLpFofG6xqAw2GPVGWkimQye7f3QAaVL829OjWGdQgYeEv0UwjsEXMAXqOsyc5QEDCUP5l+V/W30wUq29FUdYR5dUNpNK4Yb3CeBhZ8idod/coj46XhTokGLNQcBgpnAfbNoCF6b9dAkC/Lwi2cZ/JDvDadfqPp5//dHljlBAjU3hfMWvxf7gZxR9KbdJs0XWthgCyKTW+t96LRsEhVsWhrzm5iSnfQ2XnCwzIiAzFNdQEPPZsaiK9jg8NGsd+LK+4K8DiGrWhbjPRONRTs9M4D132om+w==&version=1.0&app_id=9021000165677275&sign_type=RSA2&timestamp=2026-07-28 16:03:06^_^ProtocalOptParams:alipay_sdk=alipay-sdk-java-4.38.157.ALL&format=json^_^ApplicationParams:traceId=06002c4e178522578676139991578980&biz_content={"out_trade_no":"59214591885269"}^_^Body:{"alipay_trade_query_response":{"msg":"Business Failed","code":"40004","out_trade_no":"59214591885269","sub_msg":"交易不存在","sub_code":"ACQ.TRADE_NOT_EXIST","receipt_amount":"0.00","point_amount":"0.00","buyer_pay_amount":"0.00","invoice_amount":"0.00"},"sign":"IlGZ9x5UhNF2eAqdNMzeNXtVmLVeP4WAHqOs3UIoTeNqOZPSKddjkKWyTMN0yOnmdmvXLs65xA8iLe3vMAOcTv3IRc5Ly+sfXiILXIoyDMo48N1nGL00QjpY712N35H3czuLP1upFRYorbFoh87mPrUkchUunF+PEBdfORFul87T4s2hkFE5Fl1M1wxQAAUDsoOdZiXF4N0VIlZn8XpWkwGhUJTSzC4T5bTxJpGdI0AVbbLy9QZu0eXIaXEtwYSVDV1oFLVBE/DEmKpridtTn9/6ZOtOpBhjgylpbP+J+f2SCp37feezNW+mRc7kxKeaJfjjdbn7pTI1TeynheyWLQ=="}^_^8ms,265ms,9ms^_^trace_id:06002c4e178522578676139991578980
26-07-28.16:03:06.296 [scheduling-1    ] INFO  NoPayNotifyOrderJob    - 检测未接收到或未正确处理的支付回调通知，订单未支付成功 orderId:59214591885269 code:40004 tradeStatus:null
26-07-28.16:03:06.538 [scheduling-1    ] ERROR err                    - ErrorScene^_^40004^_^ACQ.TRADE_NOT_EXIST^_^192.168.73.1^_^Windows 11^_^2026-07-28 16:03:06^_^ProtocalMustParams:charset=utf-8&method=alipay.trade.query&sign=UWUQO0VdGHxVF/IudW3Qkbowyf1AxKBF0I/CfsSj0yu1hnTYj9eHm0gBuBTGM2lfM3aT3WjQ7Le1Cs+mIlqZ/OMXsXJbVpCwq3nCXjPOhtCkcwQPHt4aeMfJUG1TkWCj6ZUrAXmk7wRkn0ANl3nJeC5qgjJGtSEJOiS9zsyHhHkh/KajEB1WjFgvS8dZCK6+Pka7ig0rFkVZGXQ45Ft9RL9YzKdXBkmCYfhhAVHg49icTMi/srFOGy2OwAC4XBefJUOSrynJTtg+U4VONWh43nxpAVdmixl3YOMIfmJt34WkRHstyy5WGlAl1BJvFUe0TuUWYuFwtlc8jpGAY2zH5w==&version=1.0&app_id=9021000165677275&sign_type=RSA2&timestamp=2026-07-28 16:03:06^_^ProtocalOptParams:alipay_sdk=alipay-sdk-java-4.38.157.ALL&format=json^_^ApplicationParams:traceId=06002c4e178522578703040041578980&biz_content={"out_trade_no":"63015243383423"}^_^Body:{"alipay_trade_query_response":{"msg":"Business Failed","code":"40004","out_trade_no":"63015243383423","sub_msg":"交易不存在","sub_code":"ACQ.TRADE_NOT_EXIST","receipt_amount":"0.00","point_amount":"0.00","buyer_pay_amount":"0.00","invoice_amount":"0.00"},"sign":"j/BKxEaDkp40hVZnDvR3FjkafML/EKkrgK5tm3o7RpXke6JHNNHQj7dtxjFXrid2kn398BXbOviGV9OREaHEsGkNi7IoyBK1JYReqxxHw+KZz8rrBoqtEmOs09WNzTcKyl/5ieUTw21MI9LZ5QoNI9FiQB3n5vdZv5nJ4536haXV/1ocYO4eOii1Wdd47onG0oGH6w7WLvZT+jP9UP1EcysxWQjk4vfPC2p1W/SB9gAsXt/vZ3hDDoI08AIACsojEfWvD71/4rGQQEyT4naQANCIzeGTzHZEfSOYngieu+N8sDW52hL5yDXMIaHr563fJPxX8LcKEtAYz+SGdbzTrw=="}^_^8ms,226ms,8ms^_^trace_id:06002c4e178522578703040041578980
26-07-28.16:03:06.539 [scheduling-1    ] INFO  NoPayNotifyOrderJob    - 检测未接收到或未正确处理的支付回调通知，订单未支付成功 orderId:63015243383423 code:40004 tradeStatus:null
26-07-28.16:03:06.846 [scheduling-1    ] ERROR err                    - ErrorScene^_^40004^_^ACQ.TRADE_NOT_EXIST^_^192.168.73.1^_^Windows 11^_^2026-07-28 16:03:06^_^ProtocalMustParams:charset=utf-8&method=alipay.trade.query&sign=hWgFwlNvSf9ldumUMcNmsE/PwF7YQnUVgjQej7fMlAI0RDTJSVIkacAcdjvX53N2pn8wpkJbqRUz4I9ypkIjVwNcervfXfLOHmk7RZynUzNHX4zueYuH1tqQFkDzJfyWuAa9xJbMawVAIv0hFtL9JQb6kLsQJ9xABZeF37VHZPCqaJ9n2WNWZsI3c/woExWEcFHCM+IUN8rK2cowVKudhPUpjZ9IgLWb5TILUT4pee2zn+AvetK2g6mKX1edF16VeT8yXDZfPENOP/vrTZMrAE1hJpMlJmuWEos5Qa1k+QR82hqBOINEWei5upWjAhOhviTo/LjUsTUZtXZVPz1WMA==&version=1.0&app_id=9021000165677275&sign_type=RSA2&timestamp=2026-07-28 16:03:06^_^ProtocalOptParams:alipay_sdk=alipay-sdk-java-4.38.157.ALL&format=json^_^ApplicationParams:traceId=060001f3178522578727272122231288&biz_content={"out_trade_no":"05687486819141"}^_^Body:{"alipay_trade_query_response":{"msg":"Business Failed","code":"40004","out_trade_no":"05687486819141","sub_msg":"交易不存在","sub_code":"ACQ.TRADE_NOT_EXIST","receipt_amount":"0.00","point_amount":"0.00","buyer_pay_amount":"0.00","invoice_amount":"0.00"},"sign":"X8+5Q6lbdoyyrQqpUwxTqfCXdBXg7ThJc2U+u8qezqbw+E5fcgtCqABatoc1r72W+dsojv3i6bkcvvMz3DRr5ahBjxU4gwSWCgz4TBIO+/iTBt57VZmROgv9LqvWSmIQTYHEWA0iBdvVQ8wabF8mzeGODzJcDm0eGuZrLQUuAfb7EsMddzf5Fpsu5TpWoCkIHAS+8CRG2vFJn8fHca0ezh5NORm72mkk1XJRvcuT3PelFHmTo+8KP5OR7ez/2fuIcdGiAD+b2i3e+sfFqMTeUrSfNpunUyXCuTC+ottvD15QxCFhRNfVkTvbOhatQUPyKDv4sjFTxoXvcC8oVH1r9Q=="}^_^7ms,292ms,8ms^_^trace_id:060001f3178522578727272122231288
26-07-28.16:03:06.846 [scheduling-1    ] INFO  NoPayNotifyOrderJob    - 检测未接收到或未正确处理的支付回调通知，订单未支付成功 orderId:05687486819141 code:40004 tradeStatus:null
26-07-28.16:03:11.208 [http-nio-8080-exec-7] INFO  AliPayController       - 商品下单，根据商品ID创建支付单开始 userId:oxf0n3aZpX_OA8c_g8Wag2qsyf1U productId:oxf0n3aZpX_OA8c_g8Wag2qsyf1U
26-07-28.16:03:11.336 [http-nio-8080-exec-7] INFO  AliPayController       - 商品下单，根据商品ID创建支付单完成 userId:oxf0n3aZpX_OA8c_g8Wag2qsyf1U productId:100010090091 orderId:76686068940200
26-07-28.16:03:14.134 [scheduling-1    ] ERROR err                    - 2026-07-28 16:03:14^_^alipay.trade.query^_^null^_^192.168.73.1^_^Windows 11^_^alipay-sdk-java-4.38.157.ALL^_^https://openapi-sandbox.dl.alipaydev.com/gateway.do?charset=utf-8&method=alipay.trade.query&sign=dj%2FjzfIP%2F5uL7DS85%2FPR51gWCzmzvqluQ18Fq0uqYvHPzlFyeL3rH%2F7Jq%2F9UlnqqtKrE%2FgDDcUYKGmyv97kbTeCOX2CRrbSu%2Fk6VQ1O%2BEDqJPX5OcmpHAN3En73MEGqb0NcyB4OaOTem1YGH%2BP1F3mcXEyAfl173dvBkIQxU4z5FEoV0AfnvFUygifZRV5tufUwyd50tPFgvIsvCwyURnQXL12zP6rDXvgtlfduvdXXAWjBgxu%2BDnVEXQGSrixJEqrbjFuC02uzss2ZdndTC0J%2BhJDGmZCeZYyHvDu5YP8tEOD6ilW2WmPY1fPSY2kmN7YXpTPXm5aEva2UrqRBXqw%3D%3D&version=1.0&app_id=9021000165677275&sign_type=RSA2&timestamp=2026-07-28+16%3A03%3A09&alipay_sdk=alipay-sdk-java-4.38.157.ALL&format=json^_^^_^<!DOCTYPE HTML PUBLIC "-//IETF//DTD HTML 2.0//EN"> <html> <head><title>504 Gateway Time-out</title></head> <body bgcolor="white"> <h1>504 Gateway Time-out</h1> <p>The gateway did not receive a timely response from the upstream server or application. Sorry for the inconvenience.<br/> Please report this message and include the following information to us.<br/> Thank you very much!</p> <table> <tr> <td>URL:</td> <td>http://openapi-sandbox.dl.alipaydev.com/gateway.do?charset=utf-8&amp;method=alipay.trade.query&amp;sign=dj%2FjzfIP%2F5uL7DS85%2FPR51gWCzmzvqluQ18Fq0uqYvHPzlFyeL3rH%2F7Jq%2F9UlnqqtKrE%2FgDDcUYKGmyv97kbTeCOX2CRrbSu%2Fk6VQ1O%2BEDqJPX5OcmpHAN3En73MEGqb0NcyB4OaOTem1YGH%2BP1F3mcXEyAfl173dvBkIQxU4z5FEoV0AfnvFUygifZRV5tufUwyd50tPFgvIsvCwyURnQXL12zP6rDXvgtlfduvdXXAWjBgxu%2BDnVEXQGSrixJEqrbjFuC02uzss2ZdndTC0J%2BhJDGmZCeZYyHvDu5YP8tEOD6ilW2WmPY1fPSY2kmN7YXpTPXm5aEva2UrqRBXqw%3D%3D&amp;version=1.0&amp;app_id=9021000165677275&amp;sign_type=RSA2&amp;timestamp=2026-07-28+16%3A03%3A09&amp;alipay_sdk=alipay-sdk-java-4.38.157.ALL&amp;format=json</td> </tr> <tr> <td>Server:</td> <td>openapi-55.rz21a.sandbox.alipay.net</td> </tr> <tr> <td>Date:</td> <td>2026/07/28 16:03:14</td> </tr> </table> <hr/>Powered by Tengine </body> </html> 
26-07-28.16:03:14.139 [scheduling-1    ] ERROR NoPayNotifyOrderJob    - 检测未接收到或未正确处理的支付回调通知失败
com.alipay.api.AlipayApiException: java.io.IOException: <!DOCTYPE HTML PUBLIC "-//IETF//DTD HTML 2.0//EN">
<html>
<head><title>504 Gateway Time-out</title></head>
<body bgcolor="white">
<h1>504 Gateway Time-out</h1>
<p>The gateway did not receive a timely response from the upstream server or application. Sorry for the inconvenience.<br/>
Please report this message and include the following information to us.<br/>
Thank you very much!</p>
<table>
<tr>
<td>URL:</td>
<td>http://openapi-sandbox.dl.alipaydev.com/gateway.do?charset=utf-8&amp;method=alipay.trade.query&amp;sign=dj%2FjzfIP%2F5uL7DS85%2FPR51gWCzmzvqluQ18Fq0uqYvHPzlFyeL3rH%2F7Jq%2F9UlnqqtKrE%2FgDDcUYKGmyv97kbTeCOX2CRrbSu%2Fk6VQ1O%2BEDqJPX5OcmpHAN3En73MEGqb0NcyB4OaOTem1YGH%2BP1F3mcXEyAfl173dvBkIQxU4z5FEoV0AfnvFUygifZRV5tufUwyd50tPFgvIsvCwyURnQXL12zP6rDXvgtlfduvdXXAWjBgxu%2BDnVEXQGSrixJEqrbjFuC02uzss2ZdndTC0J%2BhJDGmZCeZYyHvDu5YP8tEOD6ilW2WmPY1fPSY2kmN7YXpTPXm5aEva2UrqRBXqw%3D%3D&amp;version=1.0&amp;app_id=9021000165677275&amp;sign_type=RSA2&amp;timestamp=2026-07-28+16%3A03%3A09&amp;alipay_sdk=alipay-sdk-java-4.38.157.ALL&amp;format=json</td>
</tr>
<tr>
<td>Server:</td>
<td>openapi-55.rz21a.sandbox.alipay.net</td>
</tr>
<tr>
<td>Date:</td>
<td>2026/07/28 16:03:14</td>
</tr>
</table>
<hr/>Powered by Tengine
</body>
</html>

	at com.alipay.api.AbstractAlipayClient.doPost(AbstractAlipayClient.java:1015)
	at com.alipay.api.AbstractAlipayClient._execute(AbstractAlipayClient.java:921)
	at com.alipay.api.AbstractAlipayClient.execute(AbstractAlipayClient.java:395)
	at com.alipay.api.AbstractAlipayClient.execute(AbstractAlipayClient.java:377)
	at com.alipay.api.AbstractAlipayClient.execute(AbstractAlipayClient.java:372)
	at com.alipay.api.AbstractAlipayClient.execute(AbstractAlipayClient.java:366)
	at cn.bugstack.trigger.job.NoPayNotifyOrderJob.exec(NoPayNotifyOrderJob.java:42)
	at java.base/jdk.internal.reflect.NativeMethodAccessorImpl.invoke0(Native Method)
	at java.base/jdk.internal.reflect.NativeMethodAccessorImpl.invoke(NativeMethodAccessorImpl.java:62)
	at java.base/jdk.internal.reflect.DelegatingMethodAccessorImpl.invoke(DelegatingMethodAccessorImpl.java:43)
	at java.base/java.lang.reflect.Method.invoke(Method.java:566)
	at org.springframework.scheduling.support.ScheduledMethodRunnable.run(ScheduledMethodRunnable.java:84)
	at org.springframework.scheduling.support.DelegatingErrorHandlingRunnable.run(DelegatingErrorHandlingRunnable.java:54)
	at org.springframework.scheduling.concurrent.ReschedulingRunnable.run(ReschedulingRunnable.java:95)
	at java.base/java.util.concurrent.Executors$RunnableAdapter.call(Executors.java:515)
	at java.base/java.util.concurrent.FutureTask.run(FutureTask.java:264)
	at java.base/java.util.concurrent.ScheduledThreadPoolExecutor$ScheduledFutureTask.run(ScheduledThreadPoolExecutor.java:304)
	at java.base/java.util.concurrent.ThreadPoolExecutor.runWorker(ThreadPoolExecutor.java:1128)
	at java.base/java.util.concurrent.ThreadPoolExecutor$Worker.run(ThreadPoolExecutor.java:628)
	at java.base/java.lang.Thread.run(Thread.java:829)
Caused by: java.io.IOException: <!DOCTYPE HTML PUBLIC "-//IETF//DTD HTML 2.0//EN">
<html>
<head><title>504 Gateway Time-out</title></head>
<body bgcolor="white">
<h1>504 Gateway Time-out</h1>
<p>The gateway did not receive a timely response from the upstream server or application. Sorry for the inconvenience.<br/>
Please report this message and include the following information to us.<br/>
Thank you very much!</p>
<table>
<tr>
<td>URL:</td>
<td>http://openapi-sandbox.dl.alipaydev.com/gateway.do?charset=utf-8&amp;method=alipay.trade.query&amp;sign=dj%2FjzfIP%2F5uL7DS85%2FPR51gWCzmzvqluQ18Fq0uqYvHPzlFyeL3rH%2F7Jq%2F9UlnqqtKrE%2FgDDcUYKGmyv97kbTeCOX2CRrbSu%2Fk6VQ1O%2BEDqJPX5OcmpHAN3En73MEGqb0NcyB4OaOTem1YGH%2BP1F3mcXEyAfl173dvBkIQxU4z5FEoV0AfnvFUygifZRV5tufUwyd50tPFgvIsvCwyURnQXL12zP6rDXvgtlfduvdXXAWjBgxu%2BDnVEXQGSrixJEqrbjFuC02uzss2ZdndTC0J%2BhJDGmZCeZYyHvDu5YP8tEOD6ilW2WmPY1fPSY2kmN7YXpTPXm5aEva2UrqRBXqw%3D%3D&amp;version=1.0&amp;app_id=9021000165677275&amp;sign_type=RSA2&amp;timestamp=2026-07-28+16%3A03%3A09&amp;alipay_sdk=alipay-sdk-java-4.38.157.ALL&amp;format=json</td>
</tr>
<tr>
<td>Server:</td>
<td>openapi-55.rz21a.sandbox.alipay.net</td>
</tr>
<tr>
<td>Date:</td>
<td>2026/07/28 16:03:14</td>
</tr>
</table>
<hr/>Powered by Tengine
</body>
</html>

	at com.alipay.api.internal.util.WebUtils.getResponseAsString(WebUtils.java:520)
	at com.alipay.api.internal.util.WebUtils.doPost(WebUtils.java:181)
	at com.alipay.api.internal.util.WebUtils.doPost(WebUtils.java:142)
	at com.alipay.api.AbstractAlipayClient.doPost(AbstractAlipayClient.java:1003)
	... 19 common frames omitted
26-07-28.16:03:20.144 [scheduling-1    ] ERROR err                    - 2026-07-28 16:03:20^_^alipay.trade.query^_^null^_^192.168.73.1^_^Windows 11^_^alipay-sdk-java-4.38.157.ALL^_^https://openapi-sandbox.dl.alipaydev.com/gateway.do?charset=utf-8&method=alipay.trade.query&sign=XC5Wk3qwUOfF9A2HPI3shZLTJ%2FDUY1qsApLGj6FACihOelRPGBUvv34t52hXzHW6optETxbexQVwq1v7qaWWhFkuBuB1TTqL48jWw8RrQsbqMPJrWjkjC5t9BGypyDagbIoBcgBZjoch82lMnqzhZTQFjVWHtvYem4AHj%2FHXpT5G%2BxvuY%2BnjMn4xngg6Mz0QjMf3IfRlR6gYZ7BdcUm4dFdSPiZFvfB6s8hEGoqM3rQt3LaGRrhipU3BL%2FsMleFC%2FTcPq8scNElxC92Zdq9ld4S7k7XuJrOlSsALrdBca%2B%2BEr7hL2LbFVbcNr1Ywqj1OYu%2F6j9Xy44N9VGLl5z6Ulw%3D%3D&version=1.0&app_id=9021000165677275&sign_type=RSA2&timestamp=2026-07-28+16%3A03%3A15&alipay_sdk=alipay-sdk-java-4.38.157.ALL&format=json^_^^_^<!DOCTYPE HTML PUBLIC "-//IETF//DTD HTML 2.0//EN"> <html> <head><title>504 Gateway Time-out</title></head> <body bgcolor="white"> <h1>504 Gateway Time-out</h1> <p>The gateway did not receive a timely response from the upstream server or application. Sorry for the inconvenience.<br/> Please report this message and include the following information to us.<br/> Thank you very much!</p> <table> <tr> <td>URL:</td> <td>http://openapi-sandbox.dl.alipaydev.com/gateway.do?charset=utf-8&amp;method=alipay.trade.query&amp;sign=XC5Wk3qwUOfF9A2HPI3shZLTJ%2FDUY1qsApLGj6FACihOelRPGBUvv34t52hXzHW6optETxbexQVwq1v7qaWWhFkuBuB1TTqL48jWw8RrQsbqMPJrWjkjC5t9BGypyDagbIoBcgBZjoch82lMnqzhZTQFjVWHtvYem4AHj%2FHXpT5G%2BxvuY%2BnjMn4xngg6Mz0QjMf3IfRlR6gYZ7BdcUm4dFdSPiZFvfB6s8hEGoqM3rQt3LaGRrhipU3BL%2FsMleFC%2FTcPq8scNElxC92Zdq9ld4S7k7XuJrOlSsALrdBca%2B%2BEr7hL2LbFVbcNr1Ywqj1OYu%2F6j9Xy44N9VGLl5z6Ulw%3D%3D&amp;version=1.0&amp;app_id=9021000165677275&amp;sign_type=RSA2&amp;timestamp=2026-07-28+16%3A03%3A15&amp;alipay_sdk=alipay-sdk-java-4.38.157.ALL&amp;format=json</td> </tr> <tr> <td>Server:</td> <td>openapi-55.rz21a.sandbox.alipay.net</td> </tr> <tr> <td>Date:</td> <td>2026/07/28 16:03:20</td> </tr> </table> <hr/>Powered by Tengine </body> </html> 
26-07-28.16:03:20.144 [scheduling-1    ] ERROR NoPayNotifyOrderJob    - 检测未接收到或未正确处理的支付回调通知失败
com.alipay.api.AlipayApiException: java.io.IOException: <!DOCTYPE HTML PUBLIC "-//IETF//DTD HTML 2.0//EN">
<html>
<head><title>504 Gateway Time-out</title></head>
<body bgcolor="white">
<h1>504 Gateway Time-out</h1>
<p>The gateway did not receive a timely response from the upstream server or application. Sorry for the inconvenience.<br/>
Please report this message and include the following information to us.<br/>
Thank you very much!</p>
<table>
<tr>
<td>URL:</td>
<td>http://openapi-sandbox.dl.alipaydev.com/gateway.do?charset=utf-8&amp;method=alipay.trade.query&amp;sign=XC5Wk3qwUOfF9A2HPI3shZLTJ%2FDUY1qsApLGj6FACihOelRPGBUvv34t52hXzHW6optETxbexQVwq1v7qaWWhFkuBuB1TTqL48jWw8RrQsbqMPJrWjkjC5t9BGypyDagbIoBcgBZjoch82lMnqzhZTQFjVWHtvYem4AHj%2FHXpT5G%2BxvuY%2BnjMn4xngg6Mz0QjMf3IfRlR6gYZ7BdcUm4dFdSPiZFvfB6s8hEGoqM3rQt3LaGRrhipU3BL%2FsMleFC%2FTcPq8scNElxC92Zdq9ld4S7k7XuJrOlSsALrdBca%2B%2BEr7hL2LbFVbcNr1Ywqj1OYu%2F6j9Xy44N9VGLl5z6Ulw%3D%3D&amp;version=1.0&amp;app_id=9021000165677275&amp;sign_type=RSA2&amp;timestamp=2026-07-28+16%3A03%3A15&amp;alipay_sdk=alipay-sdk-java-4.38.157.ALL&amp;format=json</td>
</tr>
<tr>
<td>Server:</td>
<td>openapi-55.rz21a.sandbox.alipay.net</td>
</tr>
<tr>
<td>Date:</td>
<td>2026/07/28 16:03:20</td>
</tr>
</table>
<hr/>Powered by Tengine
</body>
</html>

	at com.alipay.api.AbstractAlipayClient.doPost(AbstractAlipayClient.java:1015)
	at com.alipay.api.AbstractAlipayClient._execute(AbstractAlipayClient.java:921)
	at com.alipay.api.AbstractAlipayClient.execute(AbstractAlipayClient.java:395)
	at com.alipay.api.AbstractAlipayClient.execute(AbstractAlipayClient.java:377)
	at com.alipay.api.AbstractAlipayClient.execute(AbstractAlipayClient.java:372)
	at com.alipay.api.AbstractAlipayClient.execute(AbstractAlipayClient.java:366)
	at cn.bugstack.trigger.job.NoPayNotifyOrderJob.exec(NoPayNotifyOrderJob.java:42)
	at java.base/jdk.internal.reflect.NativeMethodAccessorImpl.invoke0(Native Method)
	at java.base/jdk.internal.reflect.NativeMethodAccessorImpl.invoke(NativeMethodAccessorImpl.java:62)
	at java.base/jdk.internal.reflect.DelegatingMethodAccessorImpl.invoke(DelegatingMethodAccessorImpl.java:43)
	at java.base/java.lang.reflect.Method.invoke(Method.java:566)
	at org.springframework.scheduling.support.ScheduledMethodRunnable.run(ScheduledMethodRunnable.java:84)
	at org.springframework.scheduling.support.DelegatingErrorHandlingRunnable.run(DelegatingErrorHandlingRunnable.java:54)
	at org.springframework.scheduling.concurrent.ReschedulingRunnable.run(ReschedulingRunnable.java:95)
	at java.base/java.util.concurrent.Executors$RunnableAdapter.call(Executors.java:515)
	at java.base/java.util.concurrent.FutureTask.run(FutureTask.java:264)
	at java.base/java.util.concurrent.ScheduledThreadPoolExecutor$ScheduledFutureTask.run(ScheduledThreadPoolExecutor.java:304)
	at java.base/java.util.concurrent.ThreadPoolExecutor.runWorker(ThreadPoolExecutor.java:1128)
	at java.base/java.util.concurrent.ThreadPoolExecutor$Worker.run(ThreadPoolExecutor.java:628)
	at java.base/java.lang.Thread.run(Thread.java:829)
Caused by: java.io.IOException: <!DOCTYPE HTML PUBLIC "-//IETF//DTD HTML 2.0//EN">
<html>
<head><title>504 Gateway Time-out</title></head>
<body bgcolor="white">
<h1>504 Gateway Time-out</h1>
<p>The gateway did not receive a timely response from the upstream server or application. Sorry for the inconvenience.<br/>
Please report this message and include the following information to us.<br/>
Thank you very much!</p>
<table>
<tr>
<td>URL:</td>
<td>http://openapi-sandbox.dl.alipaydev.com/gateway.do?charset=utf-8&amp;method=alipay.trade.query&amp;sign=XC5Wk3qwUOfF9A2HPI3shZLTJ%2FDUY1qsApLGj6FACihOelRPGBUvv34t52hXzHW6optETxbexQVwq1v7qaWWhFkuBuB1TTqL48jWw8RrQsbqMPJrWjkjC5t9BGypyDagbIoBcgBZjoch82lMnqzhZTQFjVWHtvYem4AHj%2FHXpT5G%2BxvuY%2BnjMn4xngg6Mz0QjMf3IfRlR6gYZ7BdcUm4dFdSPiZFvfB6s8hEGoqM3rQt3LaGRrhipU3BL%2FsMleFC%2FTcPq8scNElxC92Zdq9ld4S7k7XuJrOlSsALrdBca%2B%2BEr7hL2LbFVbcNr1Ywqj1OYu%2F6j9Xy44N9VGLl5z6Ulw%3D%3D&amp;version=1.0&amp;app_id=9021000165677275&amp;sign_type=RSA2&amp;timestamp=2026-07-28+16%3A03%3A15&amp;alipay_sdk=alipay-sdk-java-4.38.157.ALL&amp;format=json</td>
</tr>
<tr>
<td>Server:</td>
<td>openapi-55.rz21a.sandbox.alipay.net</td>
</tr>
<tr>
<td>Date:</td>
<td>2026/07/28 16:03:20</td>
</tr>
</table>
<hr/>Powered by Tengine
</body>
</html>

	at com.alipay.api.internal.util.WebUtils.getResponseAsString(WebUtils.java:520)
	at com.alipay.api.internal.util.WebUtils.doPost(WebUtils.java:181)
	at com.alipay.api.internal.util.WebUtils.doPost(WebUtils.java:142)
	at com.alipay.api.AbstractAlipayClient.doPost(AbstractAlipayClient.java:1003)
	... 19 common frames omitted
26-07-28.16:03:21.390 [scheduling-1    ] ERROR err                    - ErrorScene^_^40004^_^ACQ.TRADE_NOT_EXIST^_^192.168.73.1^_^Windows 11^_^2026-07-28 16:03:21^_^ProtocalMustParams:charset=utf-8&method=alipay.trade.query&sign=ZegefMy1p1at/Q8TJsczBmNDy8w1beVg8EcLp1hsRKyKiUqNIu/+umsXxtt2nJgKvE3JLvMxcA16udkvM8YjzPH7/13evyKL/k8mL0chVNVBkgYQLCJEuTl/GDVP15ZODcR7Z2vCOThYgnclRJDA4Ky/cLHIp39idjTzfXbWWv4GkqEDeIgeDZ06lokoDd1t2kOgVm3Bdh3t0Z9Q12yX0vfLT7jJIYj1LlUYQRYMShztdBXZapiBNPnDx61Egq7NK6YHV5xKpC27GUG3WdWLJCRupUOvG3X1H81eEeiuO9OjYHC6jbElGLL+eAmfzKzmY3U6ffxpTdxSpJj3Y65dnA==&version=1.0&app_id=9021000165677275&sign_type=RSA2&timestamp=2026-07-28 16:03:21^_^ProtocalOptParams:alipay_sdk=alipay-sdk-java-4.38.157.ALL&format=json^_^ApplicationParams:traceId=06020e08178522580178246932433085&biz_content={"out_trade_no":"59214591885269"}^_^Body:{"alipay_trade_query_response":{"msg":"Business Failed","code":"40004","out_trade_no":"59214591885269","sub_msg":"交易不存在","sub_code":"ACQ.TRADE_NOT_EXIST","receipt_amount":"0.00","point_amount":"0.00","buyer_pay_amount":"0.00","invoice_amount":"0.00"},"sign":"IlGZ9x5UhNF2eAqdNMzeNXtVmLVeP4WAHqOs3UIoTeNqOZPSKddjkKWyTMN0yOnmdmvXLs65xA8iLe3vMAOcTv3IRc5Ly+sfXiILXIoyDMo48N1nGL00QjpY712N35H3czuLP1upFRYorbFoh87mPrUkchUunF+PEBdfORFul87T4s2hkFE5Fl1M1wxQAAUDsoOdZiXF4N0VIlZn8XpWkwGhUJTSzC4T5bTxJpGdI0AVbbLy9QZu0eXIaXEtwYSVDV1oFLVBE/DEmKpridtTn9/6ZOtOpBhjgylpbP+J+f2SCp37feezNW+mRc7kxKeaJfjjdbn7pTI1TeynheyWLQ=="}^_^12ms,358ms,12ms^_^trace_id:06020e08178522580178246932433085
26-07-28.16:03:21.390 [scheduling-1    ] INFO  NoPayNotifyOrderJob    - 检测未接收到或未正确处理的支付回调通知，订单未支付成功 orderId:59214591885269 code:40004 tradeStatus:null
26-07-28.16:03:26.509 [scheduling-1    ] ERROR err                    - 2026-07-28 16:03:26^_^alipay.trade.query^_^null^_^192.168.73.1^_^Windows 11^_^alipay-sdk-java-4.38.157.ALL^_^https://openapi-sandbox.dl.alipaydev.com/gateway.do?charset=utf-8&method=alipay.trade.query&sign=DfTrYnqC2qARerdOSSjNSrAxVaFH1KXbc%2BoMF00UIi0OQCtr0nCD%2F5JQRgoXuTIsuzkMLwn803tL5oR2LuwsFV3fVdueSdhTpas41mHRSxca8PlJg%2FQd0BpS6TAOb8s4dEBhKTdrCcwNo6kkIqpJjzz9022qMHE69qPdlioiRtbtq1Qf1CnvLQ8KrEAFQ52UbKZi8Oy9rRh1L%2BNTgIyt0qB8%2F8UyZZ1qCwHq3YZNu2fcHpkqtB%2BF8WtnyGxC%2BkfGuR1HiXgXp2u06fUDlGHJKqqrO0VrDg2T4FlSsQlC9u3SWkZtFnsHaENspKRSJxrlH%2F%2BuVkStxoz0TKofePYOGQ%3D%3D&version=1.0&app_id=9021000165677275&sign_type=RSA2&timestamp=2026-07-28+16%3A03%3A21&alipay_sdk=alipay-sdk-java-4.38.157.ALL&format=json^_^^_^<!DOCTYPE HTML PUBLIC "-//IETF//DTD HTML 2.0//EN"> <html> <head><title>504 Gateway Time-out</title></head> <body bgcolor="white"> <h1>504 Gateway Time-out</h1> <p>The gateway did not receive a timely response from the upstream server or application. Sorry for the inconvenience.<br/> Please report this message and include the following information to us.<br/> Thank you very much!</p> <table> <tr> <td>URL:</td> <td>http://openapi-sandbox.dl.alipaydev.com/gateway.do?charset=utf-8&amp;method=alipay.trade.query&amp;sign=DfTrYnqC2qARerdOSSjNSrAxVaFH1KXbc%2BoMF00UIi0OQCtr0nCD%2F5JQRgoXuTIsuzkMLwn803tL5oR2LuwsFV3fVdueSdhTpas41mHRSxca8PlJg%2FQd0BpS6TAOb8s4dEBhKTdrCcwNo6kkIqpJjzz9022qMHE69qPdlioiRtbtq1Qf1CnvLQ8KrEAFQ52UbKZi8Oy9rRh1L%2BNTgIyt0qB8%2F8UyZZ1qCwHq3YZNu2fcHpkqtB%2BF8WtnyGxC%2BkfGuR1HiXgXp2u06fUDlGHJKqqrO0VrDg2T4FlSsQlC9u3SWkZtFnsHaENspKRSJxrlH%2F%2BuVkStxoz0TKofePYOGQ%3D%3D&amp;version=1.0&amp;app_id=9021000165677275&amp;sign_type=RSA2&amp;timestamp=2026-07-28+16%3A03%3A21&amp;alipay_sdk=alipay-sdk-java-4.38.157.ALL&amp;format=json</td> </tr> <tr> <td>Server:</td> <td>openapi-57.rz21a.sandbox.alipay.net</td> </tr> <tr> <td>Date:</td> <td>2026/07/28 16:03:27</td> </tr> </table> <hr/>Powered by Tengine </body> </html> 
26-07-28.16:03:26.509 [scheduling-1    ] ERROR NoPayNotifyOrderJob    - 检测未接收到或未正确处理的支付回调通知失败
com.alipay.api.AlipayApiException: java.io.IOException: <!DOCTYPE HTML PUBLIC "-//IETF//DTD HTML 2.0//EN">
<html>
<head><title>504 Gateway Time-out</title></head>
<body bgcolor="white">
<h1>504 Gateway Time-out</h1>
<p>The gateway did not receive a timely response from the upstream server or application. Sorry for the inconvenience.<br/>
Please report this message and include the following information to us.<br/>
Thank you very much!</p>
<table>
<tr>
<td>URL:</td>
<td>http://openapi-sandbox.dl.alipaydev.com/gateway.do?charset=utf-8&amp;method=alipay.trade.query&amp;sign=DfTrYnqC2qARerdOSSjNSrAxVaFH1KXbc%2BoMF00UIi0OQCtr0nCD%2F5JQRgoXuTIsuzkMLwn803tL5oR2LuwsFV3fVdueSdhTpas41mHRSxca8PlJg%2FQd0BpS6TAOb8s4dEBhKTdrCcwNo6kkIqpJjzz9022qMHE69qPdlioiRtbtq1Qf1CnvLQ8KrEAFQ52UbKZi8Oy9rRh1L%2BNTgIyt0qB8%2F8UyZZ1qCwHq3YZNu2fcHpkqtB%2BF8WtnyGxC%2BkfGuR1HiXgXp2u06fUDlGHJKqqrO0VrDg2T4FlSsQlC9u3SWkZtFnsHaENspKRSJxrlH%2F%2BuVkStxoz0TKofePYOGQ%3D%3D&amp;version=1.0&amp;app_id=9021000165677275&amp;sign_type=RSA2&amp;timestamp=2026-07-28+16%3A03%3A21&amp;alipay_sdk=alipay-sdk-java-4.38.157.ALL&amp;format=json</td>
</tr>
<tr>
<td>Server:</td>
<td>openapi-57.rz21a.sandbox.alipay.net</td>
</tr>
<tr>
<td>Date:</td>
<td>2026/07/28 16:03:27</td>
</tr>
</table>
<hr/>Powered by Tengine
</body>
</html>

	at com.alipay.api.AbstractAlipayClient.doPost(AbstractAlipayClient.java:1015)
	at com.alipay.api.AbstractAlipayClient._execute(AbstractAlipayClient.java:921)
	at com.alipay.api.AbstractAlipayClient.execute(AbstractAlipayClient.java:395)
	at com.alipay.api.AbstractAlipayClient.execute(AbstractAlipayClient.java:377)
	at com.alipay.api.AbstractAlipayClient.execute(AbstractAlipayClient.java:372)
	at com.alipay.api.AbstractAlipayClient.execute(AbstractAlipayClient.java:366)
	at cn.bugstack.trigger.job.NoPayNotifyOrderJob.exec(NoPayNotifyOrderJob.java:42)
	at java.base/jdk.internal.reflect.NativeMethodAccessorImpl.invoke0(Native Method)
	at java.base/jdk.internal.reflect.NativeMethodAccessorImpl.invoke(NativeMethodAccessorImpl.java:62)
	at java.base/jdk.internal.reflect.DelegatingMethodAccessorImpl.invoke(DelegatingMethodAccessorImpl.java:43)
	at java.base/java.lang.reflect.Method.invoke(Method.java:566)
	at org.springframework.scheduling.support.ScheduledMethodRunnable.run(ScheduledMethodRunnable.java:84)
	at org.springframework.scheduling.support.DelegatingErrorHandlingRunnable.run(DelegatingErrorHandlingRunnable.java:54)
	at org.springframework.scheduling.concurrent.ReschedulingRunnable.run(ReschedulingRunnable.java:95)
	at java.base/java.util.concurrent.Executors$RunnableAdapter.call(Executors.java:515)
	at java.base/java.util.concurrent.FutureTask.run(FutureTask.java:264)
	at java.base/java.util.concurrent.ScheduledThreadPoolExecutor$ScheduledFutureTask.run(ScheduledThreadPoolExecutor.java:304)
	at java.base/java.util.concurrent.ThreadPoolExecutor.runWorker(ThreadPoolExecutor.java:1128)
	at java.base/java.util.concurrent.ThreadPoolExecutor$Worker.run(ThreadPoolExecutor.java:628)
	at java.base/java.lang.Thread.run(Thread.java:829)
Caused by: java.io.IOException: <!DOCTYPE HTML PUBLIC "-//IETF//DTD HTML 2.0//EN">
<html>
<head><title>504 Gateway Time-out</title></head>
<body bgcolor="white">
<h1>504 Gateway Time-out</h1>
<p>The gateway did not receive a timely response from the upstream server or application. Sorry for the inconvenience.<br/>
Please report this message and include the following information to us.<br/>
Thank you very much!</p>
<table>
<tr>
<td>URL:</td>
<td>http://openapi-sandbox.dl.alipaydev.com/gateway.do?charset=utf-8&amp;method=alipay.trade.query&amp;sign=DfTrYnqC2qARerdOSSjNSrAxVaFH1KXbc%2BoMF00UIi0OQCtr0nCD%2F5JQRgoXuTIsuzkMLwn803tL5oR2LuwsFV3fVdueSdhTpas41mHRSxca8PlJg%2FQd0BpS6TAOb8s4dEBhKTdrCcwNo6kkIqpJjzz9022qMHE69qPdlioiRtbtq1Qf1CnvLQ8KrEAFQ52UbKZi8Oy9rRh1L%2BNTgIyt0qB8%2F8UyZZ1qCwHq3YZNu2fcHpkqtB%2BF8WtnyGxC%2BkfGuR1HiXgXp2u06fUDlGHJKqqrO0VrDg2T4FlSsQlC9u3SWkZtFnsHaENspKRSJxrlH%2F%2BuVkStxoz0TKofePYOGQ%3D%3D&amp;version=1.0&amp;app_id=9021000165677275&amp;sign_type=RSA2&amp;timestamp=2026-07-28+16%3A03%3A21&amp;alipay_sdk=alipay-sdk-java-4.38.157.ALL&amp;format=json</td>
</tr>
<tr>
<td>Server:</td>
<td>openapi-57.rz21a.sandbox.alipay.net</td>
</tr>
<tr>
<td>Date:</td>
<td>2026/07/28 16:03:27</td>
</tr>
</table>
<hr/>Powered by Tengine
</body>
</html>

	at com.alipay.api.internal.util.WebUtils.getResponseAsString(WebUtils.java:520)
	at com.alipay.api.internal.util.WebUtils.doPost(WebUtils.java:181)
	at com.alipay.api.internal.util.WebUtils.doPost(WebUtils.java:142)
	at com.alipay.api.AbstractAlipayClient.doPost(AbstractAlipayClient.java:1003)
	... 19 common frames omitted
26-07-28.16:03:31.919 [http-nio-8080-exec-8] INFO  AliPayController       - 商品下单，根据商品ID创建支付单开始 userId:oxf0n3aZpX_OA8c_g8Wag2qsyf1U productId:oxf0n3aZpX_OA8c_g8Wag2qsyf1U
26-07-28.16:03:31.920 [http-nio-8080-exec-8] INFO  AbstractOrderService   - 创建订单-已存在未支付订单，userId:oxf0n3aZpX_OA8c_g8Wag2qsyf1U, productId:100010090091, orderId:76686068940200
26-07-28.16:03:31.920 [http-nio-8080-exec-8] INFO  AliPayController       - 商品下单，根据商品ID创建支付单完成 userId:oxf0n3aZpX_OA8c_g8Wag2qsyf1U productId:100010090091 orderId:76686068940200
26-07-28.16:03:32.176 [scheduling-1    ] ERROR err                    - 2026-07-28 16:03:32^_^alipay.trade.query^_^null^_^192.168.73.1^_^Windows 11^_^alipay-sdk-java-4.38.157.ALL^_^https://openapi-sandbox.dl.alipaydev.com/gateway.do?charset=utf-8&method=alipay.trade.query&sign=Kdw5bLHn2ANcAxkO081t39yG0kr1%2BpjKHackrGhyjGJl6rc2N0RVFsx94qG%2FB2iIecgtzD8ntzKgQy4YDlBiIoVe6u4LD8pujm6EynAZQrqSFkj%2FdO8A1PQqnZtQySNXlP3MVqZ0p76bl6T6Sz%2BQv1iaNoIgtlbVEO6H%2BNCbqWR%2FZuHY2ayLXoMqzbWi3SqgS%2BPCrVnRWm6FJolP57s5ztTOzXgbIl2RhD0pRue1O3Wh8acFFFGuBJeUP64RC9MqGT5BJjMySeAl0TFWMwgX34D0FxQy5vhwYSUX0ADi%2FF%2BuYvsrH21SqMqdz6g6%2FMMGwwCpVHrWH3X7Les6VwxIKA%3D%3D&version=1.0&app_id=9021000165677275&sign_type=RSA2&timestamp=2026-07-28+16%3A03%3A27&alipay_sdk=alipay-sdk-java-4.38.157.ALL&format=json^_^^_^<!DOCTYPE HTML PUBLIC "-//IETF//DTD HTML 2.0//EN"> <html> <head><title>504 Gateway Time-out</title></head> <body bgcolor="white"> <h1>504 Gateway Time-out</h1> <p>The gateway did not receive a timely response from the upstream server or application. Sorry for the inconvenience.<br/> Please report this message and include the following information to us.<br/> Thank you very much!</p> <table> <tr> <td>URL:</td> <td>http://openapi-sandbox.dl.alipaydev.com/gateway.do?charset=utf-8&amp;method=alipay.trade.query&amp;sign=Kdw5bLHn2ANcAxkO081t39yG0kr1%2BpjKHackrGhyjGJl6rc2N0RVFsx94qG%2FB2iIecgtzD8ntzKgQy4YDlBiIoVe6u4LD8pujm6EynAZQrqSFkj%2FdO8A1PQqnZtQySNXlP3MVqZ0p76bl6T6Sz%2BQv1iaNoIgtlbVEO6H%2BNCbqWR%2FZuHY2ayLXoMqzbWi3SqgS%2BPCrVnRWm6FJolP57s5ztTOzXgbIl2RhD0pRue1O3Wh8acFFFGuBJeUP64RC9MqGT5BJjMySeAl0TFWMwgX34D0FxQy5vhwYSUX0ADi%2FF%2BuYvsrH21SqMqdz6g6%2FMMGwwCpVHrWH3X7Les6VwxIKA%3D%3D&amp;version=1.0&amp;app_id=9021000165677275&amp;sign_type=RSA2&amp;timestamp=2026-07-28+16%3A03%3A27&amp;alipay_sdk=alipay-sdk-java-4.38.157.ALL&amp;format=json</td> </tr> <tr> <td>Server:</td> <td>openapi-55.rz21a.sandbox.alipay.net</td> </tr> <tr> <td>Date:</td> <td>2026/07/28 16:03:32</td> </tr> </table> <hr/>Powered by Tengine </body> </html> 
26-07-28.16:03:32.176 [scheduling-1    ] ERROR NoPayNotifyOrderJob    - 检测未接收到或未正确处理的支付回调通知失败
com.alipay.api.AlipayApiException: java.io.IOException: <!DOCTYPE HTML PUBLIC "-//IETF//DTD HTML 2.0//EN">
<html>
<head><title>504 Gateway Time-out</title></head>
<body bgcolor="white">
<h1>504 Gateway Time-out</h1>
<p>The gateway did not receive a timely response from the upstream server or application. Sorry for the inconvenience.<br/>
Please report this message and include the following information to us.<br/>
Thank you very much!</p>
<table>
<tr>
<td>URL:</td>
<td>http://openapi-sandbox.dl.alipaydev.com/gateway.do?charset=utf-8&amp;method=alipay.trade.query&amp;sign=Kdw5bLHn2ANcAxkO081t39yG0kr1%2BpjKHackrGhyjGJl6rc2N0RVFsx94qG%2FB2iIecgtzD8ntzKgQy4YDlBiIoVe6u4LD8pujm6EynAZQrqSFkj%2FdO8A1PQqnZtQySNXlP3MVqZ0p76bl6T6Sz%2BQv1iaNoIgtlbVEO6H%2BNCbqWR%2FZuHY2ayLXoMqzbWi3SqgS%2BPCrVnRWm6FJolP57s5ztTOzXgbIl2RhD0pRue1O3Wh8acFFFGuBJeUP64RC9MqGT5BJjMySeAl0TFWMwgX34D0FxQy5vhwYSUX0ADi%2FF%2BuYvsrH21SqMqdz6g6%2FMMGwwCpVHrWH3X7Les6VwxIKA%3D%3D&amp;version=1.0&amp;app_id=9021000165677275&amp;sign_type=RSA2&amp;timestamp=2026-07-28+16%3A03%3A27&amp;alipay_sdk=alipay-sdk-java-4.38.157.ALL&amp;format=json</td>
</tr>
<tr>
<td>Server:</td>
<td>openapi-55.rz21a.sandbox.alipay.net</td>
</tr>
<tr>
<td>Date:</td>
<td>2026/07/28 16:03:32</td>
</tr>
</table>
<hr/>Powered by Tengine
</body>
</html>

	at com.alipay.api.AbstractAlipayClient.doPost(AbstractAlipayClient.java:1015)
	at com.alipay.api.AbstractAlipayClient._execute(AbstractAlipayClient.java:921)
	at com.alipay.api.AbstractAlipayClient.execute(AbstractAlipayClient.java:395)
	at com.alipay.api.AbstractAlipayClient.execute(AbstractAlipayClient.java:377)
	at com.alipay.api.AbstractAlipayClient.execute(AbstractAlipayClient.java:372)
	at com.alipay.api.AbstractAlipayClient.execute(AbstractAlipayClient.java:366)
	at cn.bugstack.trigger.job.NoPayNotifyOrderJob.exec(NoPayNotifyOrderJob.java:42)
	at jdk.internal.reflect.GeneratedMethodAccessor22.invoke(Unknown Source)
	at java.base/jdk.internal.reflect.DelegatingMethodAccessorImpl.invoke(DelegatingMethodAccessorImpl.java:43)
	at java.base/java.lang.reflect.Method.invoke(Method.java:566)
	at org.springframework.scheduling.support.ScheduledMethodRunnable.run(ScheduledMethodRunnable.java:84)
	at org.springframework.scheduling.support.DelegatingErrorHandlingRunnable.run(DelegatingErrorHandlingRunnable.java:54)
	at org.springframework.scheduling.concurrent.ReschedulingRunnable.run(ReschedulingRunnable.java:95)
	at java.base/java.util.concurrent.Executors$RunnableAdapter.call(Executors.java:515)
	at java.base/java.util.concurrent.FutureTask.run(FutureTask.java:264)
	at java.base/java.util.concurrent.ScheduledThreadPoolExecutor$ScheduledFutureTask.run(ScheduledThreadPoolExecutor.java:304)
	at java.base/java.util.concurrent.ThreadPoolExecutor.runWorker(ThreadPoolExecutor.java:1128)
	at java.base/java.util.concurrent.ThreadPoolExecutor$Worker.run(ThreadPoolExecutor.java:628)
	at java.base/java.lang.Thread.run(Thread.java:829)
Caused by: java.io.IOException: <!DOCTYPE HTML PUBLIC "-//IETF//DTD HTML 2.0//EN">
<html>
<head><title>504 Gateway Time-out</title></head>
<body bgcolor="white">
<h1>504 Gateway Time-out</h1>
<p>The gateway did not receive a timely response from the upstream server or application. Sorry for the inconvenience.<br/>
Please report this message and include the following information to us.<br/>
Thank you very much!</p>
<table>
<tr>
<td>URL:</td>
<td>http://openapi-sandbox.dl.alipaydev.com/gateway.do?charset=utf-8&amp;method=alipay.trade.query&amp;sign=Kdw5bLHn2ANcAxkO081t39yG0kr1%2BpjKHackrGhyjGJl6rc2N0RVFsx94qG%2FB2iIecgtzD8ntzKgQy4YDlBiIoVe6u4LD8pujm6EynAZQrqSFkj%2FdO8A1PQqnZtQySNXlP3MVqZ0p76bl6T6Sz%2BQv1iaNoIgtlbVEO6H%2BNCbqWR%2FZuHY2ayLXoMqzbWi3SqgS%2BPCrVnRWm6FJolP57s5ztTOzXgbIl2RhD0pRue1O3Wh8acFFFGuBJeUP64RC9MqGT5BJjMySeAl0TFWMwgX34D0FxQy5vhwYSUX0ADi%2FF%2BuYvsrH21SqMqdz6g6%2FMMGwwCpVHrWH3X7Les6VwxIKA%3D%3D&amp;version=1.0&amp;app_id=9021000165677275&amp;sign_type=RSA2&amp;timestamp=2026-07-28+16%3A03%3A27&amp;alipay_sdk=alipay-sdk-java-4.38.157.ALL&amp;format=json</td>
</tr>
<tr>
<td>Server:</td>
<td>openapi-55.rz21a.sandbox.alipay.net</td>
</tr>
<tr>
<td>Date:</td>
<td>2026/07/28 16:03:32</td>
</tr>
</table>
<hr/>Powered by Tengine
</body>
</html>

	at com.alipay.api.internal.util.WebUtils.getResponseAsString(WebUtils.java:520)
	at com.alipay.api.internal.util.WebUtils.doPost(WebUtils.java:181)
	at com.alipay.api.internal.util.WebUtils.doPost(WebUtils.java:142)
	at com.alipay.api.AbstractAlipayClient.doPost(AbstractAlipayClient.java:1003)
	... 18 common frames omitted
26-07-28.16:03:33.263 [scheduling-1    ] ERROR err                    - ErrorScene^_^40004^_^ACQ.TRADE_NOT_EXIST^_^192.168.73.1^_^Windows 11^_^2026-07-28 16:03:33^_^ProtocalMustParams:charset=utf-8&method=alipay.trade.query&sign=lKJ/0NOJJvN8t/o+gvheRX3yuJdG6lLNGMcqbVn7gnaInfW7BH+fq6PlURfVajnf7L2UeyhmSPFfZyvNBZpJD1GSFApTVzBJ8BiLogLfD2KgKZAWlBG2dXiCC87jLUuNECLmXS8ZC2/rqZDbPc9vnqZawnvIuvWYJXVv+emtds4VJwTmhry6yJ1VGlTLSYahBLVoj2NN2/TpPQjynq1hQZxKpRFsIwfpPyimEuoh6S1KV3fGbytH4/Q9f/EmGyjeqzulaLNG9xeZBgA/e/ez2BAdGVTYZYa3vI4lNbNqkQ89cp6luZH0Jf6Rj746cfln3beqjhjV98T7+fY15Ouk9A==&version=1.0&app_id=9021000165677275&sign_type=RSA2&timestamp=2026-07-28 16:03:33^_^ProtocalOptParams:alipay_sdk=alipay-sdk-java-4.38.157.ALL&format=json^_^ApplicationParams:traceId=060d663d178522581375735098178&biz_content={"out_trade_no":"59214591885269"}^_^Body:{"alipay_trade_query_response":{"msg":"Business Failed","code":"40004","out_trade_no":"59214591885269","sub_msg":"交易不存在","sub_code":"ACQ.TRADE_NOT_EXIST","receipt_amount":"0.00","point_amount":"0.00","buyer_pay_amount":"0.00","invoice_amount":"0.00"},"sign":"IlGZ9x5UhNF2eAqdNMzeNXtVmLVeP4WAHqOs3UIoTeNqOZPSKddjkKWyTMN0yOnmdmvXLs65xA8iLe3vMAOcTv3IRc5Ly+sfXiILXIoyDMo48N1nGL00QjpY712N35H3czuLP1upFRYorbFoh87mPrUkchUunF+PEBdfORFul87T4s2hkFE5Fl1M1wxQAAUDsoOdZiXF4N0VIlZn8XpWkwGhUJTSzC4T5bTxJpGdI0AVbbLy9QZu0eXIaXEtwYSVDV1oFLVBE/DEmKpridtTn9/6ZOtOpBhjgylpbP+J+f2SCp37feezNW+mRc7kxKeaJfjjdbn7pTI1TeynheyWLQ=="}^_^8ms,240ms,8ms^_^trace_id:060d663d178522581375735098178
26-07-28.16:03:33.263 [scheduling-1    ] INFO  NoPayNotifyOrderJob    - 检测未接收到或未正确处理的支付回调通知，订单未支付成功 orderId:59214591885269 code:40004 tradeStatus:null
26-07-28.16:03:33.532 [scheduling-1    ] ERROR err                    - ErrorScene^_^40004^_^ACQ.TRADE_NOT_EXIST^_^192.168.73.1^_^Windows 11^_^2026-07-28 16:03:33^_^ProtocalMustParams:charset=utf-8&method=alipay.trade.query&sign=VXXi0faqXrgwjuWOGeL4g2yFVz8xbLlqYK4UGcYXcr5VnQFnVkzNl0h2pI3ZlwJBhlPuhP5P5nWtNBymR8Fhg7RU3ETgkRKbv3nJ2cwwP0iB3Ep2hXN2YXKSkATe3Tpz+mqWxPr8JfZc4eZ+YRUiegRJcXrqxvsGTliIf0JQxfeZEhBwAJfpkaMVrev6inoT/zxNB+ez0Mwf36uw3Tm45iZfJtfkH+3oaMRT5AeWtEzBg6ztEufrvihyV3KvMmBlNaWHrBaS/rHLn8Ga1aRxCAIJxAgg4x5it4/svy3iC5dhL3zfpyZZEVTWy23K464h0dmfQePgL2y9f3Jt2wuLvg==&version=1.0&app_id=9021000165677275&sign_type=RSA2&timestamp=2026-07-28 16:03:33^_^ProtocalOptParams:alipay_sdk=alipay-sdk-java-4.38.157.ALL&format=json^_^ApplicationParams:traceId=06002c4e178522581400541141578980&biz_content={"out_trade_no":"63015243383423"}^_^Body:{"alipay_trade_query_response":{"msg":"Business Failed","code":"40004","out_trade_no":"63015243383423","sub_msg":"交易不存在","sub_code":"ACQ.TRADE_NOT_EXIST","receipt_amount":"0.00","point_amount":"0.00","buyer_pay_amount":"0.00","invoice_amount":"0.00"},"sign":"j/BKxEaDkp40hVZnDvR3FjkafML/EKkrgK5tm3o7RpXke6JHNNHQj7dtxjFXrid2kn398BXbOviGV9OREaHEsGkNi7IoyBK1JYReqxxHw+KZz8rrBoqtEmOs09WNzTcKyl/5ieUTw21MI9LZ5QoNI9FiQB3n5vdZv5nJ4536haXV/1ocYO4eOii1Wdd47onG0oGH6w7WLvZT+jP9UP1EcysxWQjk4vfPC2p1W/SB9gAsXt/vZ3hDDoI08AIACsojEfWvD71/4rGQQEyT4naQANCIzeGTzHZEfSOYngieu+N8sDW52hL5yDXMIaHr563fJPxX8LcKEtAYz+SGdbzTrw=="}^_^9ms,251ms,9ms^_^trace_id:06002c4e178522581400541141578980
26-07-28.16:03:33.532 [scheduling-1    ] INFO  NoPayNotifyOrderJob    - 检测未接收到或未正确处理的支付回调通知，订单未支付成功 orderId:63015243383423 code:40004 tradeStatus:null
26-07-28.16:03:33.735 [scheduling-1    ] ERROR err                    - ErrorScene^_^40004^_^ACQ.TRADE_NOT_EXIST^_^192.168.73.1^_^Windows 11^_^2026-07-28 16:03:33^_^ProtocalMustParams:charset=utf-8&method=alipay.trade.query&sign=Aj2ApxP8ab2T8ASbXkyzwA/evdXk3Yqq9j53+0vgDDH2dvZopwthaRi6fY0YO2td3E5yAfmf9hAE4ZkKZZB0kxaSSEESsmA3rAn/atLpPZuFQ5gftX0P4rO644odC+AvkUAS8skpST17g8TeTJfVRpIxW2kJY/c320o4u59svIhlCILBaiQK0nGcChr//sUkhXGpbs1X6eyU88T5zMP42iKWMVURePaJ1akJNHRLJA0SpP6lmt6AKVBpwq6fJSifRsL0i1eTulUMiUGAxAgdivuW5eEMH86NlPJm3kXrRUSTT3IlslgXxlDf9z6A/X61kRqFTUfnbf0VHUjhb2dMwQ==&version=1.0&app_id=9021000165677275&sign_type=RSA2&timestamp=2026-07-28 16:03:33^_^ProtocalOptParams:alipay_sdk=alipay-sdk-java-4.38.157.ALL&format=json^_^ApplicationParams:traceId=060d6922178522581426627803502569&biz_content={"out_trade_no":"05687486819141"}^_^Body:{"alipay_trade_query_response":{"msg":"Business Failed","code":"40004","out_trade_no":"05687486819141","sub_msg":"交易不存在","sub_code":"ACQ.TRADE_NOT_EXIST","receipt_amount":"0.00","point_amount":"0.00","buyer_pay_amount":"0.00","invoice_amount":"0.00"},"sign":"X8+5Q6lbdoyyrQqpUwxTqfCXdBXg7ThJc2U+u8qezqbw+E5fcgtCqABatoc1r72W+dsojv3i6bkcvvMz3DRr5ahBjxU4gwSWCgz4TBIO+/iTBt57VZmROgv9LqvWSmIQTYHEWA0iBdvVQ8wabF8mzeGODzJcDm0eGuZrLQUuAfb7EsMddzf5Fpsu5TpWoCkIHAS+8CRG2vFJn8fHca0ezh5NORm72mkk1XJRvcuT3PelFHmTo+8KP5OR7ez/2fuIcdGiAD+b2i3e+sfFqMTeUrSfNpunUyXCuTC+ottvD15QxCFhRNfVkTvbOhatQUPyKDv4sjFTxoXvcC8oVH1r9Q=="}^_^8ms,186ms,9ms^_^trace_id:060d6922178522581426627803502569
26-07-28.16:03:33.735 [scheduling-1    ] INFO  NoPayNotifyOrderJob    - 检测未接收到或未正确处理的支付回调通知，订单未支付成功 orderId:05687486819141 code:40004 tradeStatus:null
26-07-28.16:03:36.210 [scheduling-1    ] ERROR err                    - ErrorScene^_^40004^_^ACQ.TRADE_NOT_EXIST^_^192.168.73.1^_^Windows 11^_^2026-07-28 16:03:36^_^ProtocalMustParams:charset=utf-8&method=alipay.trade.query&sign=kZ0fJUfeXsZetRC+Wxv+NRpKhUHR+jaB+A+C2ojn31dN+yl6rfoxDD6u2EgFgF46TEj6f5vXCeWjr7KrNzcWy7vBKG+F/yDVcyMdqh1EWjI85J2hqBOw7OodSLjtagP40o00NgIvjZv//hSmCJb0nGuPJJFwOMj8oYxTKa16BOcVNJFtPqfG472BmXve6tgER21Qbw7iex/CnXCQZX83BlpixDWzNDOtGk8KkDENrUalmevnaxtA0SVwD72Vo3AE81peBGEE/2avOREpOqC+aMOHwlZxuo6UlPDUZ5S8fXaMj4pSOuU3vnWkTbgnC2jrrAAbLaqkkEpRHeT8IzuWnQ==&version=1.0&app_id=9021000165677275&sign_type=RSA2&timestamp=2026-07-28 16:03:36^_^ProtocalOptParams:alipay_sdk=alipay-sdk-java-4.38.157.ALL&format=json^_^ApplicationParams:traceId=06020e08178522581674747582433085&biz_content={"out_trade_no":"59214591885269"}^_^Body:{"alipay_trade_query_response":{"msg":"Business Failed","code":"40004","out_trade_no":"59214591885269","sub_msg":"交易不存在","sub_code":"ACQ.TRADE_NOT_EXIST","receipt_amount":"0.00","point_amount":"0.00","buyer_pay_amount":"0.00","invoice_amount":"0.00"},"sign":"IlGZ9x5UhNF2eAqdNMzeNXtVmLVeP4WAHqOs3UIoTeNqOZPSKddjkKWyTMN0yOnmdmvXLs65xA8iLe3vMAOcTv3IRc5Ly+sfXiILXIoyDMo48N1nGL00QjpY712N35H3czuLP1upFRYorbFoh87mPrUkchUunF+PEBdfORFul87T4s2hkFE5Fl1M1wxQAAUDsoOdZiXF4N0VIlZn8XpWkwGhUJTSzC4T5bTxJpGdI0AVbbLy9QZu0eXIaXEtwYSVDV1oFLVBE/DEmKpridtTn9/6ZOtOpBhjgylpbP+J+f2SCp37feezNW+mRc7kxKeaJfjjdbn7pTI1TeynheyWLQ=="}^_^13ms,180ms,11ms^_^trace_id:06020e08178522581674747582433085
26-07-28.16:03:36.210 [scheduling-1    ] INFO  NoPayNotifyOrderJob    - 检测未接收到或未正确处理的支付回调通知，订单未支付成功 orderId:59214591885269 code:40004 tradeStatus:null
26-07-28.16:03:41.344 [scheduling-1    ] ERROR err                    - 2026-07-28 16:03:41^_^alipay.trade.query^_^null^_^192.168.73.1^_^Windows 11^_^alipay-sdk-java-4.38.157.ALL^_^https://openapi-sandbox.dl.alipaydev.com/gateway.do?charset=utf-8&method=alipay.trade.query&sign=lABt43BhcDqyQoE3CpLfVaFU1RfaUPqsLMUBIWbi1u33fObDGgbBOgApu4dOexbZvsaVVCuEmsAUY%2FBgdukFW1oHE%2FCFYhmOLHxipuBVT8DQV0cy7Nf2GPCcFhiA2iQcxlzwaYErshrb15jV9Wp5ceMHuGnzX2jXZjEvU5sjrfPrzw7wQX%2FMVcWRpMwEhshQIofgW97P7kgwlxAD3aYkJSuYcy%2BxkXc%2Fy%2FutFQ7txVtEKwRat5dz7rdSrB%2Bx4carI1GxuBVdYh3LNFZLd7%2FyRyHUjbNAJJNZWHU9bHpsRlE00s0qmbo1c20Xa3jgzxtKmcYNSoJO2QNWcUm4TlC0Kg%3D%3D&version=1.0&app_id=9021000165677275&sign_type=RSA2&timestamp=2026-07-28+16%3A03%3A36&alipay_sdk=alipay-sdk-java-4.38.157.ALL&format=json^_^^_^<!DOCTYPE HTML PUBLIC "-//IETF//DTD HTML 2.0//EN"> <html> <head><title>504 Gateway Time-out</title></head> <body bgcolor="white"> <h1>504 Gateway Time-out</h1> <p>The gateway did not receive a timely response from the upstream server or application. Sorry for the inconvenience.<br/> Please report this message and include the following information to us.<br/> Thank you very much!</p> <table> <tr> <td>URL:</td> <td>http://openapi-sandbox.dl.alipaydev.com/gateway.do?charset=utf-8&amp;method=alipay.trade.query&amp;sign=lABt43BhcDqyQoE3CpLfVaFU1RfaUPqsLMUBIWbi1u33fObDGgbBOgApu4dOexbZvsaVVCuEmsAUY%2FBgdukFW1oHE%2FCFYhmOLHxipuBVT8DQV0cy7Nf2GPCcFhiA2iQcxlzwaYErshrb15jV9Wp5ceMHuGnzX2jXZjEvU5sjrfPrzw7wQX%2FMVcWRpMwEhshQIofgW97P7kgwlxAD3aYkJSuYcy%2BxkXc%2Fy%2FutFQ7txVtEKwRat5dz7rdSrB%2Bx4carI1GxuBVdYh3LNFZLd7%2FyRyHUjbNAJJNZWHU9bHpsRlE00s0qmbo1c20Xa3jgzxtKmcYNSoJO2QNWcUm4TlC0Kg%3D%3D&amp;version=1.0&amp;app_id=9021000165677275&amp;sign_type=RSA2&amp;timestamp=2026-07-28+16%3A03%3A36&amp;alipay_sdk=alipay-sdk-java-4.38.157.ALL&amp;format=json</td> </tr> <tr> <td>Server:</td> <td>openapi-57.rz21a.sandbox.alipay.net</td> </tr> <tr> <td>Date:</td> <td>2026/07/28 16:03:41</td> </tr> </table> <hr/>Powered by Tengine </body> </html> 
26-07-28.16:03:41.344 [scheduling-1    ] ERROR NoPayNotifyOrderJob    - 检测未接收到或未正确处理的支付回调通知失败
com.alipay.api.AlipayApiException: java.io.IOException: <!DOCTYPE HTML PUBLIC "-//IETF//DTD HTML 2.0//EN">
<html>
<head><title>504 Gateway Time-out</title></head>
<body bgcolor="white">
<h1>504 Gateway Time-out</h1>
<p>The gateway did not receive a timely response from the upstream server or application. Sorry for the inconvenience.<br/>
Please report this message and include the following information to us.<br/>
Thank you very much!</p>
<table>
<tr>
<td>URL:</td>
<td>http://openapi-sandbox.dl.alipaydev.com/gateway.do?charset=utf-8&amp;method=alipay.trade.query&amp;sign=lABt43BhcDqyQoE3CpLfVaFU1RfaUPqsLMUBIWbi1u33fObDGgbBOgApu4dOexbZvsaVVCuEmsAUY%2FBgdukFW1oHE%2FCFYhmOLHxipuBVT8DQV0cy7Nf2GPCcFhiA2iQcxlzwaYErshrb15jV9Wp5ceMHuGnzX2jXZjEvU5sjrfPrzw7wQX%2FMVcWRpMwEhshQIofgW97P7kgwlxAD3aYkJSuYcy%2BxkXc%2Fy%2FutFQ7txVtEKwRat5dz7rdSrB%2Bx4carI1GxuBVdYh3LNFZLd7%2FyRyHUjbNAJJNZWHU9bHpsRlE00s0qmbo1c20Xa3jgzxtKmcYNSoJO2QNWcUm4TlC0Kg%3D%3D&amp;version=1.0&amp;app_id=9021000165677275&amp;sign_type=RSA2&amp;timestamp=2026-07-28+16%3A03%3A36&amp;alipay_sdk=alipay-sdk-java-4.38.157.ALL&amp;format=json</td>
</tr>
<tr>
<td>Server:</td>
<td>openapi-57.rz21a.sandbox.alipay.net</td>
</tr>
<tr>
<td>Date:</td>
<td>2026/07/28 16:03:41</td>
</tr>
</table>
<hr/>Powered by Tengine
</body>
</html>

	at com.alipay.api.AbstractAlipayClient.doPost(AbstractAlipayClient.java:1015)
	at com.alipay.api.AbstractAlipayClient._execute(AbstractAlipayClient.java:921)
	at com.alipay.api.AbstractAlipayClient.execute(AbstractAlipayClient.java:395)
	at com.alipay.api.AbstractAlipayClient.execute(AbstractAlipayClient.java:377)
	at com.alipay.api.AbstractAlipayClient.execute(AbstractAlipayClient.java:372)
	at com.alipay.api.AbstractAlipayClient.execute(AbstractAlipayClient.java:366)
	at cn.bugstack.trigger.job.NoPayNotifyOrderJob.exec(NoPayNotifyOrderJob.java:42)
	at jdk.internal.reflect.GeneratedMethodAccessor22.invoke(Unknown Source)
	at java.base/jdk.internal.reflect.DelegatingMethodAccessorImpl.invoke(DelegatingMethodAccessorImpl.java:43)
	at java.base/java.lang.reflect.Method.invoke(Method.java:566)
	at org.springframework.scheduling.support.ScheduledMethodRunnable.run(ScheduledMethodRunnable.java:84)
	at org.springframework.scheduling.support.DelegatingErrorHandlingRunnable.run(DelegatingErrorHandlingRunnable.java:54)
	at org.springframework.scheduling.concurrent.ReschedulingRunnable.run(ReschedulingRunnable.java:95)
	at java.base/java.util.concurrent.Executors$RunnableAdapter.call(Executors.java:515)
	at java.base/java.util.concurrent.FutureTask.run(FutureTask.java:264)
	at java.base/java.util.concurrent.ScheduledThreadPoolExecutor$ScheduledFutureTask.run(ScheduledThreadPoolExecutor.java:304)
	at java.base/java.util.concurrent.ThreadPoolExecutor.runWorker(ThreadPoolExecutor.java:1128)
	at java.base/java.util.concurrent.ThreadPoolExecutor$Worker.run(ThreadPoolExecutor.java:628)
	at java.base/java.lang.Thread.run(Thread.java:829)
Caused by: java.io.IOException: <!DOCTYPE HTML PUBLIC "-//IETF//DTD HTML 2.0//EN">
<html>
<head><title>504 Gateway Time-out</title></head>
<body bgcolor="white">
<h1>504 Gateway Time-out</h1>
<p>The gateway did not receive a timely response from the upstream server or application. Sorry for the inconvenience.<br/>
Please report this message and include the following information to us.<br/>
Thank you very much!</p>
<table>
<tr>
<td>URL:</td>
<td>http://openapi-sandbox.dl.alipaydev.com/gateway.do?charset=utf-8&amp;method=alipay.trade.query&amp;sign=lABt43BhcDqyQoE3CpLfVaFU1RfaUPqsLMUBIWbi1u33fObDGgbBOgApu4dOexbZvsaVVCuEmsAUY%2FBgdukFW1oHE%2FCFYhmOLHxipuBVT8DQV0cy7Nf2GPCcFhiA2iQcxlzwaYErshrb15jV9Wp5ceMHuGnzX2jXZjEvU5sjrfPrzw7wQX%2FMVcWRpMwEhshQIofgW97P7kgwlxAD3aYkJSuYcy%2BxkXc%2Fy%2FutFQ7txVtEKwRat5dz7rdSrB%2Bx4carI1GxuBVdYh3LNFZLd7%2FyRyHUjbNAJJNZWHU9bHpsRlE00s0qmbo1c20Xa3jgzxtKmcYNSoJO2QNWcUm4TlC0Kg%3D%3D&amp;version=1.0&amp;app_id=9021000165677275&amp;sign_type=RSA2&amp;timestamp=2026-07-28+16%3A03%3A36&amp;alipay_sdk=alipay-sdk-java-4.38.157.ALL&amp;format=json</td>
</tr>
<tr>
<td>Server:</td>
<td>openapi-57.rz21a.sandbox.alipay.net</td>
</tr>
<tr>
<td>Date:</td>
<td>2026/07/28 16:03:41</td>
</tr>
</table>
<hr/>Powered by Tengine
</body>
</html>

	at com.alipay.api.internal.util.WebUtils.getResponseAsString(WebUtils.java:520)
	at com.alipay.api.internal.util.WebUtils.doPost(WebUtils.java:181)
	at com.alipay.api.internal.util.WebUtils.doPost(WebUtils.java:142)
	at com.alipay.api.AbstractAlipayClient.doPost(AbstractAlipayClient.java:1003)
	... 18 common frames omitted
26-07-28.16:03:42.274 [scheduling-1    ] ERROR err                    - ErrorScene^_^40004^_^ACQ.TRADE_NOT_EXIST^_^192.168.73.1^_^Windows 11^_^2026-07-28 16:03:42^_^ProtocalMustParams:charset=utf-8&method=alipay.trade.query&sign=lm+FTbOjLp08n65GME6gMdcq5lfnwM8ISCOgF0TVReRWRV5m0FEPK3tKh+wdgmQ8/w1KHsnvu380LJd+GpehGVuX4JJJq42Km3qOiy863GA9X+5S12w2CGQr68t0YWGXQ2nH5idbW9IIPbBygYNnqGTShSKJBj8kYnmUY0RoziDPRo/az4p7AiYWd8tfkcKb3LaewYWIUNF8SOX54KaPtQFxyyWgegZ8MUzWbNoNHuaSNxQ1Xg6jyFb0H4vazaGFB95fEHCCL2g/2MkqTyc8i1r4nUWEtpCpqbrR4l3nbht+ZTvu2vc6E2iGSftUm+VohVJd1TbLNeehHYS52oyxOA==&version=1.0&app_id=9021000165677275&sign_type=RSA2&timestamp=2026-07-28 16:03:42^_^ProtocalOptParams:alipay_sdk=alipay-sdk-java-4.38.157.ALL&format=json^_^ApplicationParams:traceId=060d6922178522582275228133502569&biz_content={"out_trade_no":"59214591885269"}^_^Body:{"alipay_trade_query_response":{"msg":"Business Failed","code":"40004","out_trade_no":"59214591885269","sub_msg":"交易不存在","sub_code":"ACQ.TRADE_NOT_EXIST","receipt_amount":"0.00","point_amount":"0.00","buyer_pay_amount":"0.00","invoice_amount":"0.00"},"sign":"IlGZ9x5UhNF2eAqdNMzeNXtVmLVeP4WAHqOs3UIoTeNqOZPSKddjkKWyTMN0yOnmdmvXLs65xA8iLe3vMAOcTv3IRc5Ly+sfXiILXIoyDMo48N1nGL00QjpY712N35H3czuLP1upFRYorbFoh87mPrUkchUunF+PEBdfORFul87T4s2hkFE5Fl1M1wxQAAUDsoOdZiXF4N0VIlZn8XpWkwGhUJTSzC4T5bTxJpGdI0AVbbLy9QZu0eXIaXEtwYSVDV1oFLVBE/DEmKpridtTn9/6ZOtOpBhjgylpbP+J+f2SCp37feezNW+mRc7kxKeaJfjjdbn7pTI1TeynheyWLQ=="}^_^10ms,239ms,12ms^_^trace_id:060d6922178522582275228133502569
26-07-28.16:03:42.275 [scheduling-1    ] INFO  NoPayNotifyOrderJob    - 检测未接收到或未正确处理的支付回调通知，订单未支付成功 orderId:59214591885269 code:40004 tradeStatus:null
26-07-28.16:03:49.546 [scheduling-1    ] ERROR err                    - ErrorScene^_^40004^_^ACQ.TRADE_NOT_EXIST^_^192.168.73.1^_^Windows 11^_^2026-07-28 16:03:49^_^ProtocalMustParams:charset=utf-8&method=alipay.trade.query&sign=UIr5AmAPZFfko9MCTTH8kpWG783qCj3tylRRCcaJr3atguM4KvjWT2/DB32p/gS8ro6GsRkgIR+CTmSC3M0jEn5lE+zADzioJzfdH+qZ8/sjhHiXzxD69N0OrVKzTpOuLLZ6/KdPZQrzfdyqvpfHmiMszs+clwLA47LluNg9LB5dgMxA57M8fA8bJAY86QOEPRK9IJx3amEwXBQlHmwpdxDIfy73Ajy/yesWs7VcUDDA6+nbCAJaqlsQeI8WjElJIZjUJ3pZGTHqB3ZL5uJpMT/M+4OLHQQYPyrUP1MA71qjOoFEPcfzegV7oVQl9+ZdeC8FKO3gtRCloT20vreZdQ==&version=1.0&app_id=9021000165677275&sign_type=RSA2&timestamp=2026-07-28 16:03:42^_^ProtocalOptParams:alipay_sdk=alipay-sdk-java-4.38.157.ALL&format=json^_^ApplicationParams:traceId=06002c4e178522583007141381578980&biz_content={"out_trade_no":"63015243383423"}^_^Body:{"alipay_trade_query_response":{"msg":"Business Failed","code":"40004","out_trade_no":"63015243383423","sub_msg":"交易不存在","sub_code":"ACQ.TRADE_NOT_EXIST","receipt_amount":"0.00","point_amount":"0.00","buyer_pay_amount":"0.00","invoice_amount":"0.00"},"sign":"j/BKxEaDkp40hVZnDvR3FjkafML/EKkrgK5tm3o7RpXke6JHNNHQj7dtxjFXrid2kn398BXbOviGV9OREaHEsGkNi7IoyBK1JYReqxxHw+KZz8rrBoqtEmOs09WNzTcKyl/5ieUTw21MI9LZ5QoNI9FiQB3n5vdZv5nJ4536haXV/1ocYO4eOii1Wdd47onG0oGH6w7WLvZT+jP9UP1EcysxWQjk4vfPC2p1W/SB9gAsXt/vZ3hDDoI08AIACsojEfWvD71/4rGQQEyT4naQANCIzeGTzHZEfSOYngieu+N8sDW52hL5yDXMIaHr563fJPxX8LcKEtAYz+SGdbzTrw=="}^_^11ms,7250ms,9ms^_^trace_id:06002c4e178522583007141381578980
26-07-28.16:03:49.546 [scheduling-1    ] INFO  NoPayNotifyOrderJob    - 检测未接收到或未正确处理的支付回调通知，订单未支付成功 orderId:63015243383423 code:40004 tradeStatus:null
26-07-28.16:03:54.715 [scheduling-1    ] ERROR err                    - 2026-07-28 16:03:54^_^alipay.trade.query^_^null^_^192.168.73.1^_^Windows 11^_^alipay-sdk-java-4.38.157.ALL^_^https://openapi-sandbox.dl.alipaydev.com/gateway.do?charset=utf-8&method=alipay.trade.query&sign=cleUaP90mZa4djDDX3rKxRDGJBSJtSbxirxuquFjp8cShEbsTRYvyf8KF5cAJBE4TZ6vDH1sDB6vFUTcH1h3wXZyQQRHFxqZ%2BH3IqiAJGGo%2B4jlQeK2fdE5FaiS5uiXpS%2BZsU8FGCDHjt%2F91Q1aNmXL5zu%2BPduElyZ%2Bffp%2FnuKtFWwejSZtP16xpFJ%2FaTBs3WPAAAzYHrXD18Y2sNOk2jKZw41xhpK4hluLG9%2FBnnZ3RNUWNMW1DveMOMQI8Z1P68Y8YzqYa0BG3eQG%2BX8r%2BTNs%2BaF865IzuJe3Ysj%2F3kvpdatSI5my64xSOF0crTPP8iH7QfOfmiGxKiKom8rh%2BwQ%3D%3D&version=1.0&app_id=9021000165677275&sign_type=RSA2&timestamp=2026-07-28+16%3A03%3A49&alipay_sdk=alipay-sdk-java-4.38.157.ALL&format=json^_^^_^<!DOCTYPE HTML PUBLIC "-//IETF//DTD HTML 2.0//EN"> <html> <head><title>504 Gateway Time-out</title></head> <body bgcolor="white"> <h1>504 Gateway Time-out</h1> <p>The gateway did not receive a timely response from the upstream server or application. Sorry for the inconvenience.<br/> Please report this message and include the following information to us.<br/> Thank you very much!</p> <table> <tr> <td>URL:</td> <td>http://openapi-sandbox.dl.alipaydev.com/gateway.do?charset=utf-8&amp;method=alipay.trade.query&amp;sign=cleUaP90mZa4djDDX3rKxRDGJBSJtSbxirxuquFjp8cShEbsTRYvyf8KF5cAJBE4TZ6vDH1sDB6vFUTcH1h3wXZyQQRHFxqZ%2BH3IqiAJGGo%2B4jlQeK2fdE5FaiS5uiXpS%2BZsU8FGCDHjt%2F91Q1aNmXL5zu%2BPduElyZ%2Bffp%2FnuKtFWwejSZtP16xpFJ%2FaTBs3WPAAAzYHrXD18Y2sNOk2jKZw41xhpK4hluLG9%2FBnnZ3RNUWNMW1DveMOMQI8Z1P68Y8YzqYa0BG3eQG%2BX8r%2BTNs%2BaF865IzuJe3Ysj%2F3kvpdatSI5my64xSOF0crTPP8iH7QfOfmiGxKiKom8rh%2BwQ%3D%3D&amp;version=1.0&amp;app_id=9021000165677275&amp;sign_type=RSA2&amp;timestamp=2026-07-28+16%3A03%3A49&amp;alipay_sdk=alipay-sdk-java-4.38.157.ALL&amp;format=json</td> </tr> <tr> <td>Server:</td> <td>openapi-55.rz21a.sandbox.alipay.net</td> </tr> <tr> <td>Date:</td> <td>2026/07/28 16:03:55</td> </tr> </table> <hr/>Powered by Tengine </body> </html> 
26-07-28.16:03:54.715 [scheduling-1    ] ERROR NoPayNotifyOrderJob    - 检测未接收到或未正确处理的支付回调通知失败
com.alipay.api.AlipayApiException: java.io.IOException: <!DOCTYPE HTML PUBLIC "-//IETF//DTD HTML 2.0//EN">
<html>
<head><title>504 Gateway Time-out</title></head>
<body bgcolor="white">
<h1>504 Gateway Time-out</h1>
<p>The gateway did not receive a timely response from the upstream server or application. Sorry for the inconvenience.<br/>
Please report this message and include the following information to us.<br/>
Thank you very much!</p>
<table>
<tr>
<td>URL:</td>
<td>http://openapi-sandbox.dl.alipaydev.com/gateway.do?charset=utf-8&amp;method=alipay.trade.query&amp;sign=cleUaP90mZa4djDDX3rKxRDGJBSJtSbxirxuquFjp8cShEbsTRYvyf8KF5cAJBE4TZ6vDH1sDB6vFUTcH1h3wXZyQQRHFxqZ%2BH3IqiAJGGo%2B4jlQeK2fdE5FaiS5uiXpS%2BZsU8FGCDHjt%2F91Q1aNmXL5zu%2BPduElyZ%2Bffp%2FnuKtFWwejSZtP16xpFJ%2FaTBs3WPAAAzYHrXD18Y2sNOk2jKZw41xhpK4hluLG9%2FBnnZ3RNUWNMW1DveMOMQI8Z1P68Y8YzqYa0BG3eQG%2BX8r%2BTNs%2BaF865IzuJe3Ysj%2F3kvpdatSI5my64xSOF0crTPP8iH7QfOfmiGxKiKom8rh%2BwQ%3D%3D&amp;version=1.0&amp;app_id=9021000165677275&amp;sign_type=RSA2&amp;timestamp=2026-07-28+16%3A03%3A49&amp;alipay_sdk=alipay-sdk-java-4.38.157.ALL&amp;format=json</td>
</tr>
<tr>
<td>Server:</td>
<td>openapi-55.rz21a.sandbox.alipay.net</td>
</tr>
<tr>
<td>Date:</td>
<td>2026/07/28 16:03:55</td>
</tr>
</table>
<hr/>Powered by Tengine
</body>
</html>

	at com.alipay.api.AbstractAlipayClient.doPost(AbstractAlipayClient.java:1015)
	at com.alipay.api.AbstractAlipayClient._execute(AbstractAlipayClient.java:921)
	at com.alipay.api.AbstractAlipayClient.execute(AbstractAlipayClient.java:395)
	at com.alipay.api.AbstractAlipayClient.execute(AbstractAlipayClient.java:377)
	at com.alipay.api.AbstractAlipayClient.execute(AbstractAlipayClient.java:372)
	at com.alipay.api.AbstractAlipayClient.execute(AbstractAlipayClient.java:366)
	at cn.bugstack.trigger.job.NoPayNotifyOrderJob.exec(NoPayNotifyOrderJob.java:42)
	at jdk.internal.reflect.GeneratedMethodAccessor22.invoke(Unknown Source)
	at java.base/jdk.internal.reflect.DelegatingMethodAccessorImpl.invoke(DelegatingMethodAccessorImpl.java:43)
	at java.base/java.lang.reflect.Method.invoke(Method.java:566)
	at org.springframework.scheduling.support.ScheduledMethodRunnable.run(ScheduledMethodRunnable.java:84)
	at org.springframework.scheduling.support.DelegatingErrorHandlingRunnable.run(DelegatingErrorHandlingRunnable.java:54)
	at org.springframework.scheduling.concurrent.ReschedulingRunnable.run(ReschedulingRunnable.java:95)
	at java.base/java.util.concurrent.Executors$RunnableAdapter.call(Executors.java:515)
	at java.base/java.util.concurrent.FutureTask.run(FutureTask.java:264)
	at java.base/java.util.concurrent.ScheduledThreadPoolExecutor$ScheduledFutureTask.run(ScheduledThreadPoolExecutor.java:304)
	at java.base/java.util.concurrent.ThreadPoolExecutor.runWorker(ThreadPoolExecutor.java:1128)
	at java.base/java.util.concurrent.ThreadPoolExecutor$Worker.run(ThreadPoolExecutor.java:628)
	at java.base/java.lang.Thread.run(Thread.java:829)
Caused by: java.io.IOException: <!DOCTYPE HTML PUBLIC "-//IETF//DTD HTML 2.0//EN">
<html>
<head><title>504 Gateway Time-out</title></head>
<body bgcolor="white">
<h1>504 Gateway Time-out</h1>
<p>The gateway did not receive a timely response from the upstream server or application. Sorry for the inconvenience.<br/>
Please report this message and include the following information to us.<br/>
Thank you very much!</p>
<table>
<tr>
<td>URL:</td>
<td>http://openapi-sandbox.dl.alipaydev.com/gateway.do?charset=utf-8&amp;method=alipay.trade.query&amp;sign=cleUaP90mZa4djDDX3rKxRDGJBSJtSbxirxuquFjp8cShEbsTRYvyf8KF5cAJBE4TZ6vDH1sDB6vFUTcH1h3wXZyQQRHFxqZ%2BH3IqiAJGGo%2B4jlQeK2fdE5FaiS5uiXpS%2BZsU8FGCDHjt%2F91Q1aNmXL5zu%2BPduElyZ%2Bffp%2FnuKtFWwejSZtP16xpFJ%2FaTBs3WPAAAzYHrXD18Y2sNOk2jKZw41xhpK4hluLG9%2FBnnZ3RNUWNMW1DveMOMQI8Z1P68Y8YzqYa0BG3eQG%2BX8r%2BTNs%2BaF865IzuJe3Ysj%2F3kvpdatSI5my64xSOF0crTPP8iH7QfOfmiGxKiKom8rh%2BwQ%3D%3D&amp;version=1.0&amp;app_id=9021000165677275&amp;sign_type=RSA2&amp;timestamp=2026-07-28+16%3A03%3A49&amp;alipay_sdk=alipay-sdk-java-4.38.157.ALL&amp;format=json</td>
</tr>
<tr>
<td>Server:</td>
<td>openapi-55.rz21a.sandbox.alipay.net</td>
</tr>
<tr>
<td>Date:</td>
<td>2026/07/28 16:03:55</td>
</tr>
</table>
<hr/>Powered by Tengine
</body>
</html>

	at com.alipay.api.internal.util.WebUtils.getResponseAsString(WebUtils.java:520)
	at com.alipay.api.internal.util.WebUtils.doPost(WebUtils.java:181)
	at com.alipay.api.internal.util.WebUtils.doPost(WebUtils.java:142)
	at com.alipay.api.AbstractAlipayClient.doPost(AbstractAlipayClient.java:1003)
	... 18 common frames omitted
26-07-28.16:04:12.027 [scheduling-1    ] ERROR err                    - 2026-07-28 16:04:12^_^alipay.trade.query^_^null^_^192.168.73.1^_^Windows 11^_^alipay-sdk-java-4.38.157.ALL^_^https://openapi-sandbox.dl.alipaydev.com/gateway.do?charset=utf-8&method=alipay.trade.query&sign=J9Cj7kIxWA9bqqduRt05w0znRiaVt8FL0JQ5M7KSTAzuLQHXcoWB2096c0t2v14%2BSXkuRtTGSFSfZDFjisfB30LAgiA8EHx2I8KfjxK6Zb5fvAwdKMEGX5msItNVE27KxlvdnHfCUf%2F3715XTq4TgSDe%2BmNME9ruobE8mojE%2FhdI2pZmX65%2Bv6F9nJPZ9UDt4887azZ0LuX%2FEn7v3pNlvCCr%2FPi63hjW9WkSMw789AfbHl%2F%2FVyueVRmRwdCovfNZNQp%2BDtJeFXND%2Fh7z2Haz%2FI6lpmK8WxxvqmFmH9MXbl8me7soTJjulGq09T4%2B2zNuSHTmWPCa1rBI88I3U%2FSuCQ%3D%3D&version=1.0&app_id=9021000165677275&sign_type=RSA2&timestamp=2026-07-28+16%3A03%3A57&alipay_sdk=alipay-sdk-java-4.38.157.ALL&format=json^_^^_^Read timed out
26-07-28.16:04:12.028 [scheduling-1    ] ERROR NoPayNotifyOrderJob    - 检测未接收到或未正确处理的支付回调通知失败
com.alipay.api.AlipayApiException: java.net.SocketTimeoutException: Read timed out
	at com.alipay.api.AbstractAlipayClient.doPost(AbstractAlipayClient.java:1015)
	at com.alipay.api.AbstractAlipayClient._execute(AbstractAlipayClient.java:921)
	at com.alipay.api.AbstractAlipayClient.execute(AbstractAlipayClient.java:395)
	at com.alipay.api.AbstractAlipayClient.execute(AbstractAlipayClient.java:377)
	at com.alipay.api.AbstractAlipayClient.execute(AbstractAlipayClient.java:372)
	at com.alipay.api.AbstractAlipayClient.execute(AbstractAlipayClient.java:366)
	at cn.bugstack.trigger.job.NoPayNotifyOrderJob.exec(NoPayNotifyOrderJob.java:42)
	at jdk.internal.reflect.GeneratedMethodAccessor22.invoke(Unknown Source)
	at java.base/jdk.internal.reflect.DelegatingMethodAccessorImpl.invoke(DelegatingMethodAccessorImpl.java:43)
	at java.base/java.lang.reflect.Method.invoke(Method.java:566)
	at org.springframework.scheduling.support.ScheduledMethodRunnable.run(ScheduledMethodRunnable.java:84)
	at org.springframework.scheduling.support.DelegatingErrorHandlingRunnable.run(DelegatingErrorHandlingRunnable.java:54)
	at org.springframework.scheduling.concurrent.ReschedulingRunnable.run(ReschedulingRunnable.java:95)
	at java.base/java.util.concurrent.Executors$RunnableAdapter.call(Executors.java:515)
	at java.base/java.util.concurrent.FutureTask.run(FutureTask.java:264)
	at java.base/java.util.concurrent.ScheduledThreadPoolExecutor$ScheduledFutureTask.run(ScheduledThreadPoolExecutor.java:304)
	at java.base/java.util.concurrent.ThreadPoolExecutor.runWorker(ThreadPoolExecutor.java:1128)
	at java.base/java.util.concurrent.ThreadPoolExecutor$Worker.run(ThreadPoolExecutor.java:628)
	at java.base/java.lang.Thread.run(Thread.java:829)
Caused by: java.net.SocketTimeoutException: Read timed out
	at java.base/jdk.internal.reflect.NativeConstructorAccessorImpl.newInstance0(Native Method)
	at java.base/jdk.internal.reflect.NativeConstructorAccessorImpl.newInstance(NativeConstructorAccessorImpl.java:62)
	at java.base/jdk.internal.reflect.DelegatingConstructorAccessorImpl.newInstance(DelegatingConstructorAccessorImpl.java:45)
	at java.base/java.lang.reflect.Constructor.newInstance(Constructor.java:490)
	at java.base/sun.net.www.protocol.http.HttpURLConnection$10.run(HttpURLConnection.java:2019)
	at java.base/sun.net.www.protocol.http.HttpURLConnection$10.run(HttpURLConnection.java:2014)
	at java.base/java.security.AccessController.doPrivileged(Native Method)
	at java.base/sun.net.www.protocol.http.HttpURLConnection.getChainedException(HttpURLConnection.java:2013)
	at java.base/sun.net.www.protocol.http.HttpURLConnection.getInputStream0(HttpURLConnection.java:1575)
	at java.base/sun.net.www.protocol.http.HttpURLConnection.getInputStream(HttpURLConnection.java:1559)
	at java.base/sun.net.www.protocol.https.HttpsURLConnectionImpl.getInputStream(HttpsURLConnectionImpl.java:250)
	at com.alipay.api.internal.util.WebUtils.getResponseAsString(WebUtils.java:514)
	at com.alipay.api.internal.util.WebUtils.doPost(WebUtils.java:181)
	at com.alipay.api.internal.util.WebUtils.doPost(WebUtils.java:142)
	at com.alipay.api.AbstractAlipayClient.doPost(AbstractAlipayClient.java:1003)
	... 18 common frames omitted
Caused by: java.net.SocketTimeoutException: Read timed out
	at java.base/java.net.SocketInputStream.socketRead0(Native Method)
	at java.base/java.net.SocketInputStream.socketRead(SocketInputStream.java:115)
	at java.base/java.net.SocketInputStream.read(SocketInputStream.java:168)
	at java.base/java.net.SocketInputStream.read(SocketInputStream.java:140)
	at java.base/sun.security.ssl.SSLSocketInputRecord.read(SSLSocketInputRecord.java:484)
	at java.base/sun.security.ssl.SSLSocketInputRecord.readHeader(SSLSocketInputRecord.java:478)
	at java.base/sun.security.ssl.SSLSocketInputRecord.bytesInCompletePacket(SSLSocketInputRecord.java:70)
	at java.base/sun.security.ssl.SSLSocketImpl.readApplicationRecord(SSLSocketImpl.java:1459)
	at java.base/sun.security.ssl.SSLSocketImpl$AppInputStream.read(SSLSocketImpl.java:1070)
	at java.base/java.io.BufferedInputStream.fill(BufferedInputStream.java:252)
	at java.base/java.io.BufferedInputStream.read1(BufferedInputStream.java:292)
	at java.base/java.io.BufferedInputStream.read(BufferedInputStream.java:351)
	at java.base/sun.net.www.http.HttpClient.parseHTTPHeader(HttpClient.java:789)
	at java.base/sun.net.www.http.HttpClient.parseHTTP(HttpClient.java:724)
	at java.base/sun.net.www.protocol.http.HttpURLConnection.getInputStream0(HttpURLConnection.java:1654)
	at java.base/sun.net.www.protocol.http.HttpURLConnection.getInputStream(HttpURLConnection.java:1559)
	at java.base/sun.net.www.protocol.http.HttpURLConnection.getHeaderField(HttpURLConnection.java:3170)
	at java.base/java.net.URLConnection.getContentType(URLConnection.java:519)
	at java.base/sun.net.www.protocol.https.HttpsURLConnectionImpl.getContentType(HttpsURLConnectionImpl.java:402)
	at com.alipay.api.internal.util.WebUtils.getResponseAsString(WebUtils.java:506)
	... 21 common frames omitted
26-07-28.16:04:20.260 [scheduling-1    ] ERROR err                    - 2026-07-28 16:04:20^_^alipay.trade.query^_^null^_^192.168.73.1^_^Windows 11^_^alipay-sdk-java-4.38.157.ALL^_^https://openapi-sandbox.dl.alipaydev.com/gateway.do?charset=utf-8&method=alipay.trade.query&sign=KndDeCKNXR1jO9dZmLc4Qssp5T6A9CLDYZrcR7as8YwvOEV727FP3b4ulfuVWMf2hITnropJWjOxbZoolRIad%2FzEUV%2FK%2FGhytRc5cb62FugppympwpzynghLPMWn8pnjX86yjUv6vUsgK5%2BAPeyrWZ9k%2FXmDdisyk9WAbiTYSOv6SJnybFUo2dI4tYN0wyoBEIx%2FR7kzWGte8bvVhFnBJYI7pbYLn1ynoD0HiLg2H68Ll7U2Dz2gt2ekmpESpU8pQvXRzkgeW3XW5MhtBMtABqVqSTGIDIzbtYJSyzpek1SItkWebJF1oKflYcDpcQRSoElpQfAoPy4P2%2B7z81RTMA%3D%3D&version=1.0&app_id=9021000165677275&sign_type=RSA2&timestamp=2026-07-28+16%3A04%3A15&alipay_sdk=alipay-sdk-java-4.38.157.ALL&format=json^_^^_^<!DOCTYPE HTML PUBLIC "-//IETF//DTD HTML 2.0//EN"> <html> <head><title>504 Gateway Time-out</title></head> <body bgcolor="white"> <h1>504 Gateway Time-out</h1> <p>The gateway did not receive a timely response from the upstream server or application. Sorry for the inconvenience.<br/> Please report this message and include the following information to us.<br/> Thank you very much!</p> <table> <tr> <td>URL:</td> <td>http://openapi-sandbox.dl.alipaydev.com/gateway.do?charset=utf-8&amp;method=alipay.trade.query&amp;sign=KndDeCKNXR1jO9dZmLc4Qssp5T6A9CLDYZrcR7as8YwvOEV727FP3b4ulfuVWMf2hITnropJWjOxbZoolRIad%2FzEUV%2FK%2FGhytRc5cb62FugppympwpzynghLPMWn8pnjX86yjUv6vUsgK5%2BAPeyrWZ9k%2FXmDdisyk9WAbiTYSOv6SJnybFUo2dI4tYN0wyoBEIx%2FR7kzWGte8bvVhFnBJYI7pbYLn1ynoD0HiLg2H68Ll7U2Dz2gt2ekmpESpU8pQvXRzkgeW3XW5MhtBMtABqVqSTGIDIzbtYJSyzpek1SItkWebJF1oKflYcDpcQRSoElpQfAoPy4P2%2B7z81RTMA%3D%3D&amp;version=1.0&amp;app_id=9021000165677275&amp;sign_type=RSA2&amp;timestamp=2026-07-28+16%3A04%3A15&amp;alipay_sdk=alipay-sdk-java-4.38.157.ALL&amp;format=json</td> </tr> <tr> <td>Server:</td> <td>openapi-57.rz21a.sandbox.alipay.net</td> </tr> <tr> <td>Date:</td> <td>2026/07/28 16:04:20</td> </tr> </table> <hr/>Powered by Tengine </body> </html> 
26-07-28.16:04:20.260 [scheduling-1    ] ERROR NoPayNotifyOrderJob    - 检测未接收到或未正确处理的支付回调通知失败
com.alipay.api.AlipayApiException: java.io.IOException: <!DOCTYPE HTML PUBLIC "-//IETF//DTD HTML 2.0//EN">
<html>
<head><title>504 Gateway Time-out</title></head>
<body bgcolor="white">
<h1>504 Gateway Time-out</h1>
<p>The gateway did not receive a timely response from the upstream server or application. Sorry for the inconvenience.<br/>
Please report this message and include the following information to us.<br/>
Thank you very much!</p>
<table>
<tr>
<td>URL:</td>
<td>http://openapi-sandbox.dl.alipaydev.com/gateway.do?charset=utf-8&amp;method=alipay.trade.query&amp;sign=KndDeCKNXR1jO9dZmLc4Qssp5T6A9CLDYZrcR7as8YwvOEV727FP3b4ulfuVWMf2hITnropJWjOxbZoolRIad%2FzEUV%2FK%2FGhytRc5cb62FugppympwpzynghLPMWn8pnjX86yjUv6vUsgK5%2BAPeyrWZ9k%2FXmDdisyk9WAbiTYSOv6SJnybFUo2dI4tYN0wyoBEIx%2FR7kzWGte8bvVhFnBJYI7pbYLn1ynoD0HiLg2H68Ll7U2Dz2gt2ekmpESpU8pQvXRzkgeW3XW5MhtBMtABqVqSTGIDIzbtYJSyzpek1SItkWebJF1oKflYcDpcQRSoElpQfAoPy4P2%2B7z81RTMA%3D%3D&amp;version=1.0&amp;app_id=9021000165677275&amp;sign_type=RSA2&amp;timestamp=2026-07-28+16%3A04%3A15&amp;alipay_sdk=alipay-sdk-java-4.38.157.ALL&amp;format=json</td>
</tr>
<tr>
<td>Server:</td>
<td>openapi-57.rz21a.sandbox.alipay.net</td>
</tr>
<tr>
<td>Date:</td>
<td>2026/07/28 16:04:20</td>
</tr>
</table>
<hr/>Powered by Tengine
</body>
</html>

	at com.alipay.api.AbstractAlipayClient.doPost(AbstractAlipayClient.java:1015)
	at com.alipay.api.AbstractAlipayClient._execute(AbstractAlipayClient.java:921)
	at com.alipay.api.AbstractAlipayClient.execute(AbstractAlipayClient.java:395)
	at com.alipay.api.AbstractAlipayClient.execute(AbstractAlipayClient.java:377)
	at com.alipay.api.AbstractAlipayClient.execute(AbstractAlipayClient.java:372)
	at com.alipay.api.AbstractAlipayClient.execute(AbstractAlipayClient.java:366)
	at cn.bugstack.trigger.job.NoPayNotifyOrderJob.exec(NoPayNotifyOrderJob.java:42)
	at jdk.internal.reflect.GeneratedMethodAccessor22.invoke(Unknown Source)
	at java.base/jdk.internal.reflect.DelegatingMethodAccessorImpl.invoke(DelegatingMethodAccessorImpl.java:43)
	at java.base/java.lang.reflect.Method.invoke(Method.java:566)
	at org.springframework.scheduling.support.ScheduledMethodRunnable.run(ScheduledMethodRunnable.java:84)
	at org.springframework.scheduling.support.DelegatingErrorHandlingRunnable.run(DelegatingErrorHandlingRunnable.java:54)
	at org.springframework.scheduling.concurrent.ReschedulingRunnable.run(ReschedulingRunnable.java:95)
	at java.base/java.util.concurrent.Executors$RunnableAdapter.call(Executors.java:515)
	at java.base/java.util.concurrent.FutureTask.run(FutureTask.java:264)
	at java.base/java.util.concurrent.ScheduledThreadPoolExecutor$ScheduledFutureTask.run(ScheduledThreadPoolExecutor.java:304)
	at java.base/java.util.concurrent.ThreadPoolExecutor.runWorker(ThreadPoolExecutor.java:1128)
	at java.base/java.util.concurrent.ThreadPoolExecutor$Worker.run(ThreadPoolExecutor.java:628)
	at java.base/java.lang.Thread.run(Thread.java:829)
Caused by: java.io.IOException: <!DOCTYPE HTML PUBLIC "-//IETF//DTD HTML 2.0//EN">
<html>
<head><title>504 Gateway Time-out</title></head>
<body bgcolor="white">
<h1>504 Gateway Time-out</h1>
<p>The gateway did not receive a timely response from the upstream server or application. Sorry for the inconvenience.<br/>
Please report this message and include the following information to us.<br/>
Thank you very much!</p>
<table>
<tr>
<td>URL:</td>
<td>http://openapi-sandbox.dl.alipaydev.com/gateway.do?charset=utf-8&amp;method=alipay.trade.query&amp;sign=KndDeCKNXR1jO9dZmLc4Qssp5T6A9CLDYZrcR7as8YwvOEV727FP3b4ulfuVWMf2hITnropJWjOxbZoolRIad%2FzEUV%2FK%2FGhytRc5cb62FugppympwpzynghLPMWn8pnjX86yjUv6vUsgK5%2BAPeyrWZ9k%2FXmDdisyk9WAbiTYSOv6SJnybFUo2dI4tYN0wyoBEIx%2FR7kzWGte8bvVhFnBJYI7pbYLn1ynoD0HiLg2H68Ll7U2Dz2gt2ekmpESpU8pQvXRzkgeW3XW5MhtBMtABqVqSTGIDIzbtYJSyzpek1SItkWebJF1oKflYcDpcQRSoElpQfAoPy4P2%2B7z81RTMA%3D%3D&amp;version=1.0&amp;app_id=9021000165677275&amp;sign_type=RSA2&amp;timestamp=2026-07-28+16%3A04%3A15&amp;alipay_sdk=alipay-sdk-java-4.38.157.ALL&amp;format=json</td>
</tr>
<tr>
<td>Server:</td>
<td>openapi-57.rz21a.sandbox.alipay.net</td>
</tr>
<tr>
<td>Date:</td>
<td>2026/07/28 16:04:20</td>
</tr>
</table>
<hr/>Powered by Tengine
</body>
</html>

	at com.alipay.api.internal.util.WebUtils.getResponseAsString(WebUtils.java:520)
	at com.alipay.api.internal.util.WebUtils.doPost(WebUtils.java:181)
	at com.alipay.api.internal.util.WebUtils.doPost(WebUtils.java:142)
	at com.alipay.api.AbstractAlipayClient.doPost(AbstractAlipayClient.java:1003)
	... 18 common frames omitted
26-07-28.16:04:21.276 [scheduling-1    ] ERROR err                    - ErrorScene^_^40004^_^ACQ.TRADE_NOT_EXIST^_^192.168.73.1^_^Windows 11^_^2026-07-28 16:04:21^_^ProtocalMustParams:charset=utf-8&method=alipay.trade.query&sign=V5WkySdpr2Bt32f5ejSbVRI1jTb6h/FqS2u9s8QI+9HwcReqQ2H0HKctRSidVTrUddFp6Mztc5qRXxebvgnFLvU6/+k/ycDJc0nAbAxyQJgPcZeUrFXDUNJ+FfppHh95LeEs8ygfYbBUDNwqYt7OaXlgrHWujm0Km3uwozU1dXfJw0qVc6I1nm0Y2MNRNiVriNTtTTXZoiCZIYt9uaG6GYGiXPfGrroyTLLhSo0dRkNdVUOID5AMdeOor9DFUexepLLN+/joumy52ItpHH2cYAbo1XXb4Wg5uneNSKdVrbQA2RSaQ4luyhBGq+i2o+dgQpI6ekAIvi/wjaXkU0z8sQ==&version=1.0&app_id=9021000165677275&sign_type=RSA2&timestamp=2026-07-28 16:04:21^_^ProtocalOptParams:alipay_sdk=alipay-sdk-java-4.38.157.ALL&format=json^_^ApplicationParams:traceId=060001f3178522586175775032231288&biz_content={"out_trade_no":"59214591885269"}^_^Body:{"alipay_trade_query_response":{"msg":"Business Failed","code":"40004","out_trade_no":"59214591885269","sub_msg":"交易不存在","sub_code":"ACQ.TRADE_NOT_EXIST","receipt_amount":"0.00","point_amount":"0.00","buyer_pay_amount":"0.00","invoice_amount":"0.00"},"sign":"IlGZ9x5UhNF2eAqdNMzeNXtVmLVeP4WAHqOs3UIoTeNqOZPSKddjkKWyTMN0yOnmdmvXLs65xA8iLe3vMAOcTv3IRc5Ly+sfXiILXIoyDMo48N1nGL00QjpY712N35H3czuLP1upFRYorbFoh87mPrUkchUunF+PEBdfORFul87T4s2hkFE5Fl1M1wxQAAUDsoOdZiXF4N0VIlZn8XpWkwGhUJTSzC4T5bTxJpGdI0AVbbLy9QZu0eXIaXEtwYSVDV1oFLVBE/DEmKpridtTn9/6ZOtOpBhjgylpbP+J+f2SCp37feezNW+mRc7kxKeaJfjjdbn7pTI1TeynheyWLQ=="}^_^12ms,241ms,12ms^_^trace_id:060001f3178522586175775032231288
26-07-28.16:04:21.276 [scheduling-1    ] INFO  NoPayNotifyOrderJob    - 检测未接收到或未正确处理的支付回调通知，订单未支付成功 orderId:59214591885269 code:40004 tradeStatus:null
26-07-28.16:04:21.603 [scheduling-1    ] ERROR err                    - ErrorScene^_^40004^_^ACQ.TRADE_NOT_EXIST^_^192.168.73.1^_^Windows 11^_^2026-07-28 16:04:21^_^ProtocalMustParams:charset=utf-8&method=alipay.trade.query&sign=cgwtvhRijj5dC17oy0OMsLZ2DYzYweb2V9WFLEyiZPbkZ3MA3B4oYmkymhFqzXLsSRO9jjIalD0NaST4p+h9OtlTnmpzqk0pYKc6aP+l6OMkLG//gNa+xSu6LxbWSxuNqGsx6exI6wjvsTI3Wivw3z+qHsq351IDKzuObhoRxUWnV6/iQ9J2VEgxLJa3wCqORDmy1dzwhwdP2vrXED39Myy4rzwQhvwAMEtm+K7kqZpUfkTXoByOUVit6y19lRYyZFE7Dw+BVGRke2VXtLIQUlc1T1hwBjtDGSvN0uJk38+aIEGTksinM77fUCYermQC1ib8y7oC8YwNF4cP/YlZzQ==&version=1.0&app_id=9021000165677275&sign_type=RSA2&timestamp=2026-07-28 16:04:21^_^ProtocalOptParams:alipay_sdk=alipay-sdk-java-4.38.157.ALL&format=json^_^ApplicationParams:traceId=060d6922178522586202929603502569&biz_content={"out_trade_no":"63015243383423"}^_^Body:{"alipay_trade_query_response":{"msg":"Business Failed","code":"40004","out_trade_no":"63015243383423","sub_msg":"交易不存在","sub_code":"ACQ.TRADE_NOT_EXIST","receipt_amount":"0.00","point_amount":"0.00","buyer_pay_amount":"0.00","invoice_amount":"0.00"},"sign":"j/BKxEaDkp40hVZnDvR3FjkafML/EKkrgK5tm3o7RpXke6JHNNHQj7dtxjFXrid2kn398BXbOviGV9OREaHEsGkNi7IoyBK1JYReqxxHw+KZz8rrBoqtEmOs09WNzTcKyl/5ieUTw21MI9LZ5QoNI9FiQB3n5vdZv5nJ4536haXV/1ocYO4eOii1Wdd47onG0oGH6w7WLvZT+jP9UP1EcysxWQjk4vfPC2p1W/SB9gAsXt/vZ3hDDoI08AIACsojEfWvD71/4rGQQEyT4naQANCIzeGTzHZEfSOYngieu+N8sDW52hL5yDXMIaHr563fJPxX8LcKEtAYz+SGdbzTrw=="}^_^10ms,302ms,13ms^_^trace_id:060d6922178522586202929603502569
26-07-28.16:04:21.603 [scheduling-1    ] INFO  NoPayNotifyOrderJob    - 检测未接收到或未正确处理的支付回调通知，订单未支付成功 orderId:63015243383423 code:40004 tradeStatus:null
26-07-28.16:04:26.783 [scheduling-1    ] ERROR err                    - 2026-07-28 16:04:26^_^alipay.trade.query^_^null^_^192.168.73.1^_^Windows 11^_^alipay-sdk-java-4.38.157.ALL^_^https://openapi-sandbox.dl.alipaydev.com/gateway.do?charset=utf-8&method=alipay.trade.query&sign=kgPaf%2FwTZhn%2FhA5drYa6AxQwDssWQcbnOM1Qye%2F3ebkMZT6I3Wg26kWYFnso%2BKzZkN%2Bs0IrDRO%2FSyAactw8qRNZwFsNKvExKU6l2D5tD4bDjDL5FXM9kK67GhZWZl8HISwRy%2BQsXq%2Bar21cGpUZifa8SALB%2Ff6D2U3QL2UxSNet%2FTaH7Bszfy9h9hGtraeLlcWqqDwkfA1DkUW8gF1Al8vByWlXW81wFCzLy7tuKmyQCSlYUzTHLShRBnAYO4gNW%2F6PvJxtG42NPp4Ugs5BMVNL3yS8HR1Xp16U7ZRomy%2Fb43cythCC%2FNumwvEwnGWB%2FQQsRovnkzW9qsQ7zDkzQFA%3D%3D&version=1.0&app_id=9021000165677275&sign_type=RSA2&timestamp=2026-07-28+16%3A04%3A21&alipay_sdk=alipay-sdk-java-4.38.157.ALL&format=json^_^^_^<!DOCTYPE HTML PUBLIC "-//IETF//DTD HTML 2.0//EN"> <html> <head><title>504 Gateway Time-out</title></head> <body bgcolor="white"> <h1>504 Gateway Time-out</h1> <p>The gateway did not receive a timely response from the upstream server or application. Sorry for the inconvenience.<br/> Please report this message and include the following information to us.<br/> Thank you very much!</p> <table> <tr> <td>URL:</td> <td>http://openapi-sandbox.dl.alipaydev.com/gateway.do?charset=utf-8&amp;method=alipay.trade.query&amp;sign=kgPaf%2FwTZhn%2FhA5drYa6AxQwDssWQcbnOM1Qye%2F3ebkMZT6I3Wg26kWYFnso%2BKzZkN%2Bs0IrDRO%2FSyAactw8qRNZwFsNKvExKU6l2D5tD4bDjDL5FXM9kK67GhZWZl8HISwRy%2BQsXq%2Bar21cGpUZifa8SALB%2Ff6D2U3QL2UxSNet%2FTaH7Bszfy9h9hGtraeLlcWqqDwkfA1DkUW8gF1Al8vByWlXW81wFCzLy7tuKmyQCSlYUzTHLShRBnAYO4gNW%2F6PvJxtG42NPp4Ugs5BMVNL3yS8HR1Xp16U7ZRomy%2Fb43cythCC%2FNumwvEwnGWB%2FQQsRovnkzW9qsQ7zDkzQFA%3D%3D&amp;version=1.0&amp;app_id=9021000165677275&amp;sign_type=RSA2&amp;timestamp=2026-07-28+16%3A04%3A21&amp;alipay_sdk=alipay-sdk-java-4.38.157.ALL&amp;format=json</td> </tr> <tr> <td>Server:</td> <td>openapi-55.rz21a.sandbox.alipay.net</td> </tr> <tr> <td>Date:</td> <td>2026/07/28 16:04:27</td> </tr> </table> <hr/>Powered by Tengine </body> </html> 
26-07-28.16:04:26.783 [scheduling-1    ] ERROR NoPayNotifyOrderJob    - 检测未接收到或未正确处理的支付回调通知失败
com.alipay.api.AlipayApiException: java.io.IOException: <!DOCTYPE HTML PUBLIC "-//IETF//DTD HTML 2.0//EN">
<html>
<head><title>504 Gateway Time-out</title></head>
<body bgcolor="white">
<h1>504 Gateway Time-out</h1>
<p>The gateway did not receive a timely response from the upstream server or application. Sorry for the inconvenience.<br/>
Please report this message and include the following information to us.<br/>
Thank you very much!</p>
<table>
<tr>
<td>URL:</td>
<td>http://openapi-sandbox.dl.alipaydev.com/gateway.do?charset=utf-8&amp;method=alipay.trade.query&amp;sign=kgPaf%2FwTZhn%2FhA5drYa6AxQwDssWQcbnOM1Qye%2F3ebkMZT6I3Wg26kWYFnso%2BKzZkN%2Bs0IrDRO%2FSyAactw8qRNZwFsNKvExKU6l2D5tD4bDjDL5FXM9kK67GhZWZl8HISwRy%2BQsXq%2Bar21cGpUZifa8SALB%2Ff6D2U3QL2UxSNet%2FTaH7Bszfy9h9hGtraeLlcWqqDwkfA1DkUW8gF1Al8vByWlXW81wFCzLy7tuKmyQCSlYUzTHLShRBnAYO4gNW%2F6PvJxtG42NPp4Ugs5BMVNL3yS8HR1Xp16U7ZRomy%2Fb43cythCC%2FNumwvEwnGWB%2FQQsRovnkzW9qsQ7zDkzQFA%3D%3D&amp;version=1.0&amp;app_id=9021000165677275&amp;sign_type=RSA2&amp;timestamp=2026-07-28+16%3A04%3A21&amp;alipay_sdk=alipay-sdk-java-4.38.157.ALL&amp;format=json</td>
</tr>
<tr>
<td>Server:</td>
<td>openapi-55.rz21a.sandbox.alipay.net</td>
</tr>
<tr>
<td>Date:</td>
<td>2026/07/28 16:04:27</td>
</tr>
</table>
<hr/>Powered by Tengine
</body>
</html>

	at com.alipay.api.AbstractAlipayClient.doPost(AbstractAlipayClient.java:1015)
	at com.alipay.api.AbstractAlipayClient._execute(AbstractAlipayClient.java:921)
	at com.alipay.api.AbstractAlipayClient.execute(AbstractAlipayClient.java:395)
	at com.alipay.api.AbstractAlipayClient.execute(AbstractAlipayClient.java:377)
	at com.alipay.api.AbstractAlipayClient.execute(AbstractAlipayClient.java:372)
	at com.alipay.api.AbstractAlipayClient.execute(AbstractAlipayClient.java:366)
	at cn.bugstack.trigger.job.NoPayNotifyOrderJob.exec(NoPayNotifyOrderJob.java:42)
	at jdk.internal.reflect.GeneratedMethodAccessor22.invoke(Unknown Source)
	at java.base/jdk.internal.reflect.DelegatingMethodAccessorImpl.invoke(DelegatingMethodAccessorImpl.java:43)
	at java.base/java.lang.reflect.Method.invoke(Method.java:566)
	at org.springframework.scheduling.support.ScheduledMethodRunnable.run(ScheduledMethodRunnable.java:84)
	at org.springframework.scheduling.support.DelegatingErrorHandlingRunnable.run(DelegatingErrorHandlingRunnable.java:54)
	at org.springframework.scheduling.concurrent.ReschedulingRunnable.run(ReschedulingRunnable.java:95)
	at java.base/java.util.concurrent.Executors$RunnableAdapter.call(Executors.java:515)
	at java.base/java.util.concurrent.FutureTask.run(FutureTask.java:264)
	at java.base/java.util.concurrent.ScheduledThreadPoolExecutor$ScheduledFutureTask.run(ScheduledThreadPoolExecutor.java:304)
	at java.base/java.util.concurrent.ThreadPoolExecutor.runWorker(ThreadPoolExecutor.java:1128)
	at java.base/java.util.concurrent.ThreadPoolExecutor$Worker.run(ThreadPoolExecutor.java:628)
	at java.base/java.lang.Thread.run(Thread.java:829)
Caused by: java.io.IOException: <!DOCTYPE HTML PUBLIC "-//IETF//DTD HTML 2.0//EN">
<html>
<head><title>504 Gateway Time-out</title></head>
<body bgcolor="white">
<h1>504 Gateway Time-out</h1>
<p>The gateway did not receive a timely response from the upstream server or application. Sorry for the inconvenience.<br/>
Please report this message and include the following information to us.<br/>
Thank you very much!</p>
<table>
<tr>
<td>URL:</td>
<td>http://openapi-sandbox.dl.alipaydev.com/gateway.do?charset=utf-8&amp;method=alipay.trade.query&amp;sign=kgPaf%2FwTZhn%2FhA5drYa6AxQwDssWQcbnOM1Qye%2F3ebkMZT6I3Wg26kWYFnso%2BKzZkN%2Bs0IrDRO%2FSyAactw8qRNZwFsNKvExKU6l2D5tD4bDjDL5FXM9kK67GhZWZl8HISwRy%2BQsXq%2Bar21cGpUZifa8SALB%2Ff6D2U3QL2UxSNet%2FTaH7Bszfy9h9hGtraeLlcWqqDwkfA1DkUW8gF1Al8vByWlXW81wFCzLy7tuKmyQCSlYUzTHLShRBnAYO4gNW%2F6PvJxtG42NPp4Ugs5BMVNL3yS8HR1Xp16U7ZRomy%2Fb43cythCC%2FNumwvEwnGWB%2FQQsRovnkzW9qsQ7zDkzQFA%3D%3D&amp;version=1.0&amp;app_id=9021000165677275&amp;sign_type=RSA2&amp;timestamp=2026-07-28+16%3A04%3A21&amp;alipay_sdk=alipay-sdk-java-4.38.157.ALL&amp;format=json</td>
</tr>
<tr>
<td>Server:</td>
<td>openapi-55.rz21a.sandbox.alipay.net</td>
</tr>
<tr>
<td>Date:</td>
<td>2026/07/28 16:04:27</td>
</tr>
</table>
<hr/>Powered by Tengine
</body>
</html>

	at com.alipay.api.internal.util.WebUtils.getResponseAsString(WebUtils.java:520)
	at com.alipay.api.internal.util.WebUtils.doPost(WebUtils.java:181)
	at com.alipay.api.internal.util.WebUtils.doPost(WebUtils.java:142)
	at com.alipay.api.AbstractAlipayClient.doPost(AbstractAlipayClient.java:1003)
	... 18 common frames omitted
26-07-28.16:04:32.136 [scheduling-1    ] ERROR err                    - 2026-07-28 16:04:32^_^alipay.trade.query^_^null^_^192.168.73.1^_^Windows 11^_^alipay-sdk-java-4.38.157.ALL^_^https://openapi-sandbox.dl.alipaydev.com/gateway.do?charset=utf-8&method=alipay.trade.query&sign=SgH7ZJSxeXH3ptmggEN0XTx9XZWYT9X6H38g5FE2R5md4eUsWmyO2%2F23XBJTyt5A98bo8RL7KUAm6Sl3fgCWd5oiDS25w7ZQSWuH10VOhzRioQIgl2Y%2BISx%2BX2vhCe2vqOnR%2BshOah5GvEXPinu%2FaZKE%2BAS%2BgaFXDrwMycqiL6ZW364RDe7Ay4KeItj328L802dlw30R6zAeYwfD0zMTAdbOJp6yL8reUkZstzCPFMoxPw3gK4w195GbE6JigpoaCS%2BLlBVL9tA3jm3lfNRowuVNeUjKDKE3n0MTSxqmd064oWbN6WmQDmXIPL9Z2mYB4o8xphJH4K79oW31WoFy1Q%3D%3D&version=1.0&app_id=9021000165677275&sign_type=RSA2&timestamp=2026-07-28+16%3A04%3A27&alipay_sdk=alipay-sdk-java-4.38.157.ALL&format=json^_^^_^<!DOCTYPE HTML PUBLIC "-//IETF//DTD HTML 2.0//EN"> <html> <head><title>504 Gateway Time-out</title></head> <body bgcolor="white"> <h1>504 Gateway Time-out</h1> <p>The gateway did not receive a timely response from the upstream server or application. Sorry for the inconvenience.<br/> Please report this message and include the following information to us.<br/> Thank you very much!</p> <table> <tr> <td>URL:</td> <td>http://openapi-sandbox.dl.alipaydev.com/gateway.do?charset=utf-8&amp;method=alipay.trade.query&amp;sign=SgH7ZJSxeXH3ptmggEN0XTx9XZWYT9X6H38g5FE2R5md4eUsWmyO2%2F23XBJTyt5A98bo8RL7KUAm6Sl3fgCWd5oiDS25w7ZQSWuH10VOhzRioQIgl2Y%2BISx%2BX2vhCe2vqOnR%2BshOah5GvEXPinu%2FaZKE%2BAS%2BgaFXDrwMycqiL6ZW364RDe7Ay4KeItj328L802dlw30R6zAeYwfD0zMTAdbOJp6yL8reUkZstzCPFMoxPw3gK4w195GbE6JigpoaCS%2BLlBVL9tA3jm3lfNRowuVNeUjKDKE3n0MTSxqmd064oWbN6WmQDmXIPL9Z2mYB4o8xphJH4K79oW31WoFy1Q%3D%3D&amp;version=1.0&amp;app_id=9021000165677275&amp;sign_type=RSA2&amp;timestamp=2026-07-28+16%3A04%3A27&amp;alipay_sdk=alipay-sdk-java-4.38.157.ALL&amp;format=json</td> </tr> <tr> <td>Server:</td> <td>openapi-57.rz21a.sandbox.alipay.net</td> </tr> <tr> <td>Date:</td> <td>2026/07/28 16:04:32</td> </tr> </table> <hr/>Powered by Tengine </body> </html> 
26-07-28.16:04:32.136 [scheduling-1    ] ERROR NoPayNotifyOrderJob    - 检测未接收到或未正确处理的支付回调通知失败
com.alipay.api.AlipayApiException: java.io.IOException: <!DOCTYPE HTML PUBLIC "-//IETF//DTD HTML 2.0//EN">
<html>
<head><title>504 Gateway Time-out</title></head>
<body bgcolor="white">
<h1>504 Gateway Time-out</h1>
<p>The gateway did not receive a timely response from the upstream server or application. Sorry for the inconvenience.<br/>
Please report this message and include the following information to us.<br/>
Thank you very much!</p>
<table>
<tr>
<td>URL:</td>
<td>http://openapi-sandbox.dl.alipaydev.com/gateway.do?charset=utf-8&amp;method=alipay.trade.query&amp;sign=SgH7ZJSxeXH3ptmggEN0XTx9XZWYT9X6H38g5FE2R5md4eUsWmyO2%2F23XBJTyt5A98bo8RL7KUAm6Sl3fgCWd5oiDS25w7ZQSWuH10VOhzRioQIgl2Y%2BISx%2BX2vhCe2vqOnR%2BshOah5GvEXPinu%2FaZKE%2BAS%2BgaFXDrwMycqiL6ZW364RDe7Ay4KeItj328L802dlw30R6zAeYwfD0zMTAdbOJp6yL8reUkZstzCPFMoxPw3gK4w195GbE6JigpoaCS%2BLlBVL9tA3jm3lfNRowuVNeUjKDKE3n0MTSxqmd064oWbN6WmQDmXIPL9Z2mYB4o8xphJH4K79oW31WoFy1Q%3D%3D&amp;version=1.0&amp;app_id=9021000165677275&amp;sign_type=RSA2&amp;timestamp=2026-07-28+16%3A04%3A27&amp;alipay_sdk=alipay-sdk-java-4.38.157.ALL&amp;format=json</td>
</tr>
<tr>
<td>Server:</td>
<td>openapi-57.rz21a.sandbox.alipay.net</td>
</tr>
<tr>
<td>Date:</td>
<td>2026/07/28 16:04:32</td>
</tr>
</table>
<hr/>Powered by Tengine
</body>
</html>

	at com.alipay.api.AbstractAlipayClient.doPost(AbstractAlipayClient.java:1015)
	at com.alipay.api.AbstractAlipayClient._execute(AbstractAlipayClient.java:921)
	at com.alipay.api.AbstractAlipayClient.execute(AbstractAlipayClient.java:395)
	at com.alipay.api.AbstractAlipayClient.execute(AbstractAlipayClient.java:377)
	at com.alipay.api.AbstractAlipayClient.execute(AbstractAlipayClient.java:372)
	at com.alipay.api.AbstractAlipayClient.execute(AbstractAlipayClient.java:366)
	at cn.bugstack.trigger.job.NoPayNotifyOrderJob.exec(NoPayNotifyOrderJob.java:42)
	at jdk.internal.reflect.GeneratedMethodAccessor22.invoke(Unknown Source)
	at java.base/jdk.internal.reflect.DelegatingMethodAccessorImpl.invoke(DelegatingMethodAccessorImpl.java:43)
	at java.base/java.lang.reflect.Method.invoke(Method.java:566)
	at org.springframework.scheduling.support.ScheduledMethodRunnable.run(ScheduledMethodRunnable.java:84)
	at org.springframework.scheduling.support.DelegatingErrorHandlingRunnable.run(DelegatingErrorHandlingRunnable.java:54)
	at org.springframework.scheduling.concurrent.ReschedulingRunnable.run(ReschedulingRunnable.java:95)
	at java.base/java.util.concurrent.Executors$RunnableAdapter.call(Executors.java:515)
	at java.base/java.util.concurrent.FutureTask.run(FutureTask.java:264)
	at java.base/java.util.concurrent.ScheduledThreadPoolExecutor$ScheduledFutureTask.run(ScheduledThreadPoolExecutor.java:304)
	at java.base/java.util.concurrent.ThreadPoolExecutor.runWorker(ThreadPoolExecutor.java:1128)
	at java.base/java.util.concurrent.ThreadPoolExecutor$Worker.run(ThreadPoolExecutor.java:628)
	at java.base/java.lang.Thread.run(Thread.java:829)
Caused by: java.io.IOException: <!DOCTYPE HTML PUBLIC "-//IETF//DTD HTML 2.0//EN">
<html>
<head><title>504 Gateway Time-out</title></head>
<body bgcolor="white">
<h1>504 Gateway Time-out</h1>
<p>The gateway did not receive a timely response from the upstream server or application. Sorry for the inconvenience.<br/>
Please report this message and include the following information to us.<br/>
Thank you very much!</p>
<table>
<tr>
<td>URL:</td>
<td>http://openapi-sandbox.dl.alipaydev.com/gateway.do?charset=utf-8&amp;method=alipay.trade.query&amp;sign=SgH7ZJSxeXH3ptmggEN0XTx9XZWYT9X6H38g5FE2R5md4eUsWmyO2%2F23XBJTyt5A98bo8RL7KUAm6Sl3fgCWd5oiDS25w7ZQSWuH10VOhzRioQIgl2Y%2BISx%2BX2vhCe2vqOnR%2BshOah5GvEXPinu%2FaZKE%2BAS%2BgaFXDrwMycqiL6ZW364RDe7Ay4KeItj328L802dlw30R6zAeYwfD0zMTAdbOJp6yL8reUkZstzCPFMoxPw3gK4w195GbE6JigpoaCS%2BLlBVL9tA3jm3lfNRowuVNeUjKDKE3n0MTSxqmd064oWbN6WmQDmXIPL9Z2mYB4o8xphJH4K79oW31WoFy1Q%3D%3D&amp;version=1.0&amp;app_id=9021000165677275&amp;sign_type=RSA2&amp;timestamp=2026-07-28+16%3A04%3A27&amp;alipay_sdk=alipay-sdk-java-4.38.157.ALL&amp;format=json</td>
</tr>
<tr>
<td>Server:</td>
<td>openapi-57.rz21a.sandbox.alipay.net</td>
</tr>
<tr>
<td>Date:</td>
<td>2026/07/28 16:04:32</td>
</tr>
</table>
<hr/>Powered by Tengine
</body>
</html>

	at com.alipay.api.internal.util.WebUtils.getResponseAsString(WebUtils.java:520)
	at com.alipay.api.internal.util.WebUtils.doPost(WebUtils.java:181)
	at com.alipay.api.internal.util.WebUtils.doPost(WebUtils.java:142)
	at com.alipay.api.AbstractAlipayClient.doPost(AbstractAlipayClient.java:1003)
	... 18 common frames omitted
26-07-28.16:04:33.216 [scheduling-1    ] ERROR err                    - ErrorScene^_^40004^_^ACQ.TRADE_NOT_EXIST^_^192.168.73.1^_^Windows 11^_^2026-07-28 16:04:33^_^ProtocalMustParams:charset=utf-8&method=alipay.trade.query&sign=EyFsp7Zz9LGf6yUjneUi0H7hj77Xb1OWYRx51wOcL0SN8sRM0FlbePGmkfSl+/zj/A0h9xmsDqPxdD22wJ4KYRgGd9+QWPu2F5STWBjBpp1IrBpInrC0ltUUst9hW6YMkEJ8ZqN2ZUwuyICf2coM/5l3mjnvIuZSFRN1HZBH2NNPuQVvu9t2hCafLAo8wBtfF4q0CZDqE7p9Z/fG5g6QAHdkdbVeAoyLriNmvx5bH6dNlCod8ROW7jId+jeJ4DoE3d08K59tugwLUKwnjaNF76S1axtdY8tSSXVl9qVJCZQ15Pgb4euyQfSzS5jAcvhevZ5MxBTMARDyS6ZUwtj4JA==&version=1.0&app_id=9021000165677275&sign_type=RSA2&timestamp=2026-07-28 16:04:33^_^ProtocalOptParams:alipay_sdk=alipay-sdk-java-4.38.157.ALL&format=json^_^ApplicationParams:traceId=06020e08178522587374749952433085&biz_content={"out_trade_no":"59214591885269"}^_^Body:{"alipay_trade_query_response":{"msg":"Business Failed","code":"40004","out_trade_no":"59214591885269","sub_msg":"交易不存在","sub_code":"ACQ.TRADE_NOT_EXIST","receipt_amount":"0.00","point_amount":"0.00","buyer_pay_amount":"0.00","invoice_amount":"0.00"},"sign":"IlGZ9x5UhNF2eAqdNMzeNXtVmLVeP4WAHqOs3UIoTeNqOZPSKddjkKWyTMN0yOnmdmvXLs65xA8iLe3vMAOcTv3IRc5Ly+sfXiILXIoyDMo48N1nGL00QjpY712N35H3czuLP1upFRYorbFoh87mPrUkchUunF+PEBdfORFul87T4s2hkFE5Fl1M1wxQAAUDsoOdZiXF4N0VIlZn8XpWkwGhUJTSzC4T5bTxJpGdI0AVbbLy9QZu0eXIaXEtwYSVDV1oFLVBE/DEmKpridtTn9/6ZOtOpBhjgylpbP+J+f2SCp37feezNW+mRc7kxKeaJfjjdbn7pTI1TeynheyWLQ=="}^_^9ms,182ms,10ms^_^trace_id:06020e08178522587374749952433085
26-07-28.16:04:33.216 [scheduling-1    ] INFO  NoPayNotifyOrderJob    - 检测未接收到或未正确处理的支付回调通知，订单未支付成功 orderId:59214591885269 code:40004 tradeStatus:null
26-07-28.16:04:33.472 [scheduling-1    ] ERROR err                    - ErrorScene^_^40004^_^ACQ.TRADE_NOT_EXIST^_^192.168.73.1^_^Windows 11^_^2026-07-28 16:04:33^_^ProtocalMustParams:charset=utf-8&method=alipay.trade.query&sign=XXooCZCGBYUx0f5Ys6i1S/UmTIy3E2Pu+ItMbu1StqinLA3ieH4gtoeje4jACKSsBLpPGgb17ONJDDSuqDpZLOJt17ccj74Ohfd1xcAIlhDcrRB6QA/Xplh3nI9CVk/Y+iHKwAa5OQIi+aOLuEdx6wGSOxbfFA6ulVbbJfaZXbv8Jn+CnRV0AJIvHm3osKpsm7MFQ5u/WqgJPwQ3gBBEZEXVh9vkqcHsh5hrJri1aVfy3kx2nAx+bwztqTVSKmK/d27wTuerUicSBaQoVW6B/Br9TTizjD7pKAF0ANivcYlaiUPE7U4AZvKRbGjfPXvg+KGf+aoiw2gTJWdBBvmIBg==&version=1.0&app_id=9021000165677275&sign_type=RSA2&timestamp=2026-07-28 16:04:33^_^ProtocalOptParams:alipay_sdk=alipay-sdk-java-4.38.157.ALL&format=json^_^ApplicationParams:traceId=06020e08178522587395049962433085&biz_content={"out_trade_no":"63015243383423"}^_^Body:{"alipay_trade_query_response":{"msg":"Business Failed","code":"40004","out_trade_no":"63015243383423","sub_msg":"交易不存在","sub_code":"ACQ.TRADE_NOT_EXIST","receipt_amount":"0.00","point_amount":"0.00","buyer_pay_amount":"0.00","invoice_amount":"0.00"},"sign":"j/BKxEaDkp40hVZnDvR3FjkafML/EKkrgK5tm3o7RpXke6JHNNHQj7dtxjFXrid2kn398BXbOviGV9OREaHEsGkNi7IoyBK1JYReqxxHw+KZz8rrBoqtEmOs09WNzTcKyl/5ieUTw21MI9LZ5QoNI9FiQB3n5vdZv5nJ4536haXV/1ocYO4eOii1Wdd47onG0oGH6w7WLvZT+jP9UP1EcysxWQjk4vfPC2p1W/SB9gAsXt/vZ3hDDoI08AIACsojEfWvD71/4rGQQEyT4naQANCIzeGTzHZEfSOYngieu+N8sDW52hL5yDXMIaHr563fJPxX8LcKEtAYz+SGdbzTrw=="}^_^14ms,231ms,11ms^_^trace_id:06020e08178522587395049962433085
26-07-28.16:04:33.472 [scheduling-1    ] INFO  NoPayNotifyOrderJob    - 检测未接收到或未正确处理的支付回调通知，订单未支付成功 orderId:63015243383423 code:40004 tradeStatus:null
26-07-28.16:04:33.711 [scheduling-1    ] ERROR err                    - ErrorScene^_^40004^_^ACQ.TRADE_NOT_EXIST^_^192.168.73.1^_^Windows 11^_^2026-07-28 16:04:33^_^ProtocalMustParams:charset=utf-8&method=alipay.trade.query&sign=ZgkAPC5iqWS4Ky1X0tpdipHK6TBtW99HuZOt4dtV1R7WCf5q3pu65B7w/aqSoKh0HbuKL+RqBhErL5fxGzFHWwpJS0EV8gEolJkalKaQTHyfclLb3VPdXrtYzaPrfR/jmrFOHfhN3uqNDQ4li2DUm1uy28QXx9NAocrOB2koKjNry72mv/EqTy4lP9+NGDE9ucnThuQr2bj4KMawx9FVz2bcXnFFVuWsZ2Nxcip0TzS+w0jSbgwtaszeiIKh8A84Rfk8DBklw05ACCCMS8wdYLtyS9jajXWhEtHfE1czxhfDnsOzwnUmAHSTNIA7SEc4oxvKJ9e7QldZ+BO9xAEKFA==&version=1.0&app_id=9021000165677275&sign_type=RSA2&timestamp=2026-07-28 16:04:33^_^ProtocalOptParams:alipay_sdk=alipay-sdk-java-4.38.157.ALL&format=json^_^ApplicationParams:traceId=060001f3178522587422575622231288&biz_content={"out_trade_no":"05687486819141"}^_^Body:{"alipay_trade_query_response":{"msg":"Business Failed","code":"40004","out_trade_no":"05687486819141","sub_msg":"交易不存在","sub_code":"ACQ.TRADE_NOT_EXIST","receipt_amount":"0.00","point_amount":"0.00","buyer_pay_amount":"0.00","invoice_amount":"0.00"},"sign":"X8+5Q6lbdoyyrQqpUwxTqfCXdBXg7ThJc2U+u8qezqbw+E5fcgtCqABatoc1r72W+dsojv3i6bkcvvMz3DRr5ahBjxU4gwSWCgz4TBIO+/iTBt57VZmROgv9LqvWSmIQTYHEWA0iBdvVQ8wabF8mzeGODzJcDm0eGuZrLQUuAfb7EsMddzf5Fpsu5TpWoCkIHAS+8CRG2vFJn8fHca0ezh5NORm72mkk1XJRvcuT3PelFHmTo+8KP5OR7ez/2fuIcdGiAD+b2i3e+sfFqMTeUrSfNpunUyXCuTC+ottvD15QxCFhRNfVkTvbOhatQUPyKDv4sjFTxoXvcC8oVH1r9Q=="}^_^13ms,216ms,10ms^_^trace_id:060001f3178522587422575622231288
26-07-28.16:04:33.711 [scheduling-1    ] INFO  NoPayNotifyOrderJob    - 检测未接收到或未正确处理的支付回调通知，订单未支付成功 orderId:05687486819141 code:40004 tradeStatus:null
26-07-28.16:04:34.042 [scheduling-1    ] INFO  info                   - Summary^_^10000^_^null^_^ProtocalMustParams:charset=utf-8&method=alipay.trade.query&sign=N6ItfnRTWSKvnxKXxp5yLjcFNZdSqxlJ7F5ao4XNuFJdSAv+KkOR28AQtGD3olO2j/BJO4/7qg9HLpAbgaHX+/MdfQlb2oxsQQNz6ftkrrwvG0G5WFv96DqlEPbunPk2lwZ/vB1MAd6O1CVYx50HZFMcHPnd/jVFO2oaG3iRL+4P2tzqyn0JpqXeb7iYzO7K0NPK1kGZP/aMhvgUsXxd3i3WmBpW+WVk/klH3uhdjl4K7bMxGVy2jXG9LDiV3AwD1TDTNGDJSHPsuMKeBwlIyJBhOwsdqc9ohGPzNZcOSMfgpfPTHEV9BuTV0jnM+XMmvQjMPqRuYYuWy1aYpjBARw==&version=1.0&app_id=9021000165677275&sign_type=RSA2&timestamp=2026-07-28 16:04:33^_^ProtocalOptParams:alipay_sdk=alipay-sdk-java-4.38.157.ALL&format=json^_^ApplicationParams:biz_content={"out_trade_no":"76686068940200"}^_^16ms,301ms,14ms^_^trace_id:06020e08178522587446050032433085
26-07-28.16:04:34.062 [scheduling-1    ] INFO  OrderPaySuccessListener - 收到支付成功消息，可以做接下来的事情了【发货、充值、开会员】paySuccessMessage：{"tradeNo":"76686068940200"}
26-07-28.16:04:36.240 [scheduling-1    ] ERROR err                    - ErrorScene^_^40004^_^ACQ.TRADE_NOT_EXIST^_^192.168.73.1^_^Windows 11^_^2026-07-28 16:04:36^_^ProtocalMustParams:charset=utf-8&method=alipay.trade.query&sign=e1JWBhRs5oojSsmfrdDohq7NP0fX/kZ42aAXSB5rzRBDkTnHnMmEBLBA6mc9WP2JJBuiHPQZfTq7/A+uSlhm6/iVwtLFhMPvca+qLBd103+qbyzxRI2QWSPDbtlXdyRAcDbB465gQ5lMreVnvVXxRPB6IdDihTSdHrwxyiF1hNavdXdEjvqx0fTawy3XyzI7stskprYcZe8NRsw6U21UhbrK9PJ4VGGGvYTR6xLmFHUtvZ1nPUyKHm3p1xhguFseBEUZGRw2El8ZN1EAdMJilW6IjKc6JAWfyTaNw3Otw+RRufHIbc8MMrzteJwbI6qsLMQtLTbOZmUTVwfmZ6nHyQ==&version=1.0&app_id=9021000165677275&sign_type=RSA2&timestamp=2026-07-28 16:04:36^_^ProtocalOptParams:alipay_sdk=alipay-sdk-java-4.38.157.ALL&format=json^_^ApplicationParams:traceId=06002c4e178522587675043751578980&biz_content={"out_trade_no":"59214591885269"}^_^Body:{"alipay_trade_query_response":{"msg":"Business Failed","code":"40004","out_trade_no":"59214591885269","sub_msg":"交易不存在","sub_code":"ACQ.TRADE_NOT_EXIST","receipt_amount":"0.00","point_amount":"0.00","buyer_pay_amount":"0.00","invoice_amount":"0.00"},"sign":"IlGZ9x5UhNF2eAqdNMzeNXtVmLVeP4WAHqOs3UIoTeNqOZPSKddjkKWyTMN0yOnmdmvXLs65xA8iLe3vMAOcTv3IRc5Ly+sfXiILXIoyDMo48N1nGL00QjpY712N35H3czuLP1upFRYorbFoh87mPrUkchUunF+PEBdfORFul87T4s2hkFE5Fl1M1wxQAAUDsoOdZiXF4N0VIlZn8XpWkwGhUJTSzC4T5bTxJpGdI0AVbbLy9QZu0eXIaXEtwYSVDV1oFLVBE/DEmKpridtTn9/6ZOtOpBhjgylpbP+J+f2SCp37feezNW+mRc7kxKeaJfjjdbn7pTI1TeynheyWLQ=="}^_^8ms,208ms,8ms^_^trace_id:06002c4e178522587675043751578980
26-07-28.16:04:36.240 [scheduling-1    ] INFO  NoPayNotifyOrderJob    - 检测未接收到或未正确处理的支付回调通知，订单未支付成功 orderId:59214591885269 code:40004 tradeStatus:null
26-07-28.16:04:51.262 [scheduling-1    ] ERROR err                    - 2026-07-28 16:04:51^_^alipay.trade.query^_^null^_^192.168.73.1^_^Windows 11^_^alipay-sdk-java-4.38.157.ALL^_^https://openapi-sandbox.dl.alipaydev.com/gateway.do?charset=utf-8&method=alipay.trade.query&sign=liL0WAq27cUO%2FuR0inUuoTKM7EO9h9npeDJ3%2BAIdIWRNn3q6f0ITxux%2FaqPA223rZze9Ut3rWhgvYyB9pgfyAp8X%2FOOZwcM3FVxLV%2Bs4snNueta1Yy1swQN0uguqv2agnaR667OQckjkBA9BpBtyvqQVMNJImpZ17KlJN5n19LREogdygoGUhRquVICPgQ43RfZhVKZYgK41AHSKMEvzR%2BQk%2B%2BfxlY4mDjmUCCiq9azgSiHFLwLJkthA%2BvVQR3zlRWtuU0BK7unEL3hJZScjPzwND6KbOZobJlIGfVpxc4LA7Sn4rS0ffKuRkaaC1eGyjIfjffEoXUXPeGrdx1c5Sg%3D%3D&version=1.0&app_id=9021000165677275&sign_type=RSA2&timestamp=2026-07-28+16%3A04%3A36&alipay_sdk=alipay-sdk-java-4.38.157.ALL&format=json^_^^_^Read timed out
26-07-28.16:04:51.262 [scheduling-1    ] ERROR NoPayNotifyOrderJob    - 检测未接收到或未正确处理的支付回调通知失败
com.alipay.api.AlipayApiException: java.net.SocketTimeoutException: Read timed out
	at com.alipay.api.AbstractAlipayClient.doPost(AbstractAlipayClient.java:1015)
	at com.alipay.api.AbstractAlipayClient._execute(AbstractAlipayClient.java:921)
	at com.alipay.api.AbstractAlipayClient.execute(AbstractAlipayClient.java:395)
	at com.alipay.api.AbstractAlipayClient.execute(AbstractAlipayClient.java:377)
	at com.alipay.api.AbstractAlipayClient.execute(AbstractAlipayClient.java:372)
	at com.alipay.api.AbstractAlipayClient.execute(AbstractAlipayClient.java:366)
	at cn.bugstack.trigger.job.NoPayNotifyOrderJob.exec(NoPayNotifyOrderJob.java:42)
	at jdk.internal.reflect.GeneratedMethodAccessor22.invoke(Unknown Source)
	at java.base/jdk.internal.reflect.DelegatingMethodAccessorImpl.invoke(DelegatingMethodAccessorImpl.java:43)
	at java.base/java.lang.reflect.Method.invoke(Method.java:566)
	at org.springframework.scheduling.support.ScheduledMethodRunnable.run(ScheduledMethodRunnable.java:84)
	at org.springframework.scheduling.support.DelegatingErrorHandlingRunnable.run(DelegatingErrorHandlingRunnable.java:54)
	at org.springframework.scheduling.concurrent.ReschedulingRunnable.run(ReschedulingRunnable.java:95)
	at java.base/java.util.concurrent.Executors$RunnableAdapter.call(Executors.java:515)
	at java.base/java.util.concurrent.FutureTask.run(FutureTask.java:264)
	at java.base/java.util.concurrent.ScheduledThreadPoolExecutor$ScheduledFutureTask.run(ScheduledThreadPoolExecutor.java:304)
	at java.base/java.util.concurrent.ThreadPoolExecutor.runWorker(ThreadPoolExecutor.java:1128)
	at java.base/java.util.concurrent.ThreadPoolExecutor$Worker.run(ThreadPoolExecutor.java:628)
	at java.base/java.lang.Thread.run(Thread.java:829)
Caused by: java.net.SocketTimeoutException: Read timed out
	at java.base/jdk.internal.reflect.NativeConstructorAccessorImpl.newInstance0(Native Method)
	at java.base/jdk.internal.reflect.NativeConstructorAccessorImpl.newInstance(NativeConstructorAccessorImpl.java:62)
	at java.base/jdk.internal.reflect.DelegatingConstructorAccessorImpl.newInstance(DelegatingConstructorAccessorImpl.java:45)
	at java.base/java.lang.reflect.Constructor.newInstance(Constructor.java:490)
	at java.base/sun.net.www.protocol.http.HttpURLConnection$10.run(HttpURLConnection.java:2019)
	at java.base/sun.net.www.protocol.http.HttpURLConnection$10.run(HttpURLConnection.java:2014)
	at java.base/java.security.AccessController.doPrivileged(Native Method)
	at java.base/sun.net.www.protocol.http.HttpURLConnection.getChainedException(HttpURLConnection.java:2013)
	at java.base/sun.net.www.protocol.http.HttpURLConnection.getInputStream0(HttpURLConnection.java:1575)
	at java.base/sun.net.www.protocol.http.HttpURLConnection.getInputStream(HttpURLConnection.java:1559)
	at java.base/sun.net.www.protocol.https.HttpsURLConnectionImpl.getInputStream(HttpsURLConnectionImpl.java:250)
	at com.alipay.api.internal.util.WebUtils.getResponseAsString(WebUtils.java:514)
	at com.alipay.api.internal.util.WebUtils.doPost(WebUtils.java:181)
	at com.alipay.api.internal.util.WebUtils.doPost(WebUtils.java:142)
	at com.alipay.api.AbstractAlipayClient.doPost(AbstractAlipayClient.java:1003)
	... 18 common frames omitted
Caused by: java.net.SocketTimeoutException: Read timed out
	at java.base/java.net.SocketInputStream.socketRead0(Native Method)
	at java.base/java.net.SocketInputStream.socketRead(SocketInputStream.java:115)
	at java.base/java.net.SocketInputStream.read(SocketInputStream.java:168)
	at java.base/java.net.SocketInputStream.read(SocketInputStream.java:140)
	at java.base/sun.security.ssl.SSLSocketInputRecord.read(SSLSocketInputRecord.java:484)
	at java.base/sun.security.ssl.SSLSocketInputRecord.readHeader(SSLSocketInputRecord.java:478)
	at java.base/sun.security.ssl.SSLSocketInputRecord.bytesInCompletePacket(SSLSocketInputRecord.java:70)
	at java.base/sun.security.ssl.SSLSocketImpl.readApplicationRecord(SSLSocketImpl.java:1459)
	at java.base/sun.security.ssl.SSLSocketImpl$AppInputStream.read(SSLSocketImpl.java:1070)
	at java.base/java.io.BufferedInputStream.fill(BufferedInputStream.java:252)
	at java.base/java.io.BufferedInputStream.read1(BufferedInputStream.java:292)
	at java.base/java.io.BufferedInputStream.read(BufferedInputStream.java:351)
	at java.base/sun.net.www.http.HttpClient.parseHTTPHeader(HttpClient.java:789)
	at java.base/sun.net.www.http.HttpClient.parseHTTP(HttpClient.java:724)
	at java.base/sun.net.www.protocol.http.HttpURLConnection.getInputStream0(HttpURLConnection.java:1654)
	at java.base/sun.net.www.protocol.http.HttpURLConnection.getInputStream(HttpURLConnection.java:1559)
	at java.base/sun.net.www.protocol.http.HttpURLConnection.getHeaderField(HttpURLConnection.java:3170)
	at java.base/java.net.URLConnection.getContentType(URLConnection.java:519)
	at java.base/sun.net.www.protocol.https.HttpsURLConnectionImpl.getContentType(HttpsURLConnectionImpl.java:402)
	at com.alipay.api.internal.util.WebUtils.getResponseAsString(WebUtils.java:506)
	... 21 common frames omitted
26-07-28.16:04:59.477 [scheduling-1    ] ERROR err                    - 2026-07-28 16:04:59^_^alipay.trade.query^_^null^_^192.168.73.1^_^Windows 11^_^alipay-sdk-java-4.38.157.ALL^_^https://openapi-sandbox.dl.alipaydev.com/gateway.do?charset=utf-8&method=alipay.trade.query&sign=Zt5NMch5HyNbwqpX0ZeUNHGKg8fo4Tcbs%2BTv%2FaWWzJ2xTGdQ5jqhN9mwIwNQdPkHAuGiA9l4512mq2Llov7JVcKUZ8KIIdrX4ZN%2B95RbjDryn0i7jE5LirL6uHU502rAOx8Ade0LX0OdUwXY6ix%2F9M%2BR78HNUduwF%2FwEheCiRjg1K1ohFBG2Rs1wY%2FR2EqP52efx58BwmAdqpc7CR%2F97SpxkVoQFxWxR5gMzaDG4NrP0t2WUfb0FDMEOXpl0c3Em8OW0sQYFg2o0A3gY52AJL35sc5WjQupCB8fMwic0ZDnmuAPaH7KV2LZ5WKPMmL2FkXvrmUSTBMXOFuZm7yY1cQ%3D%3D&version=1.0&app_id=9021000165677275&sign_type=RSA2&timestamp=2026-07-28+16%3A04%3A54&alipay_sdk=alipay-sdk-java-4.38.157.ALL&format=json^_^^_^<!DOCTYPE HTML PUBLIC "-//IETF//DTD HTML 2.0//EN"> <html> <head><title>504 Gateway Time-out</title></head> <body bgcolor="white"> <h1>504 Gateway Time-out</h1> <p>The gateway did not receive a timely response from the upstream server or application. Sorry for the inconvenience.<br/> Please report this message and include the following information to us.<br/> Thank you very much!</p> <table> <tr> <td>URL:</td> <td>http://openapi-sandbox.dl.alipaydev.com/gateway.do?charset=utf-8&amp;method=alipay.trade.query&amp;sign=Zt5NMch5HyNbwqpX0ZeUNHGKg8fo4Tcbs%2BTv%2FaWWzJ2xTGdQ5jqhN9mwIwNQdPkHAuGiA9l4512mq2Llov7JVcKUZ8KIIdrX4ZN%2B95RbjDryn0i7jE5LirL6uHU502rAOx8Ade0LX0OdUwXY6ix%2F9M%2BR78HNUduwF%2FwEheCiRjg1K1ohFBG2Rs1wY%2FR2EqP52efx58BwmAdqpc7CR%2F97SpxkVoQFxWxR5gMzaDG4NrP0t2WUfb0FDMEOXpl0c3Em8OW0sQYFg2o0A3gY52AJL35sc5WjQupCB8fMwic0ZDnmuAPaH7KV2LZ5WKPMmL2FkXvrmUSTBMXOFuZm7yY1cQ%3D%3D&amp;version=1.0&amp;app_id=9021000165677275&amp;sign_type=RSA2&amp;timestamp=2026-07-28+16%3A04%3A54&amp;alipay_sdk=alipay-sdk-java-4.38.157.ALL&amp;format=json</td> </tr> <tr> <td>Server:</td> <td>openapi-55.rz21a.sandbox.alipay.net</td> </tr> <tr> <td>Date:</td> <td>2026/07/28 16:05:00</td> </tr> </table> <hr/>Powered by Tengine </body> </html> 
26-07-28.16:04:59.477 [scheduling-1    ] ERROR NoPayNotifyOrderJob    - 检测未接收到或未正确处理的支付回调通知失败
com.alipay.api.AlipayApiException: java.io.IOException: <!DOCTYPE HTML PUBLIC "-//IETF//DTD HTML 2.0//EN">
<html>
<head><title>504 Gateway Time-out</title></head>
<body bgcolor="white">
<h1>504 Gateway Time-out</h1>
<p>The gateway did not receive a timely response from the upstream server or application. Sorry for the inconvenience.<br/>
Please report this message and include the following information to us.<br/>
Thank you very much!</p>
<table>
<tr>
<td>URL:</td>
<td>http://openapi-sandbox.dl.alipaydev.com/gateway.do?charset=utf-8&amp;method=alipay.trade.query&amp;sign=Zt5NMch5HyNbwqpX0ZeUNHGKg8fo4Tcbs%2BTv%2FaWWzJ2xTGdQ5jqhN9mwIwNQdPkHAuGiA9l4512mq2Llov7JVcKUZ8KIIdrX4ZN%2B95RbjDryn0i7jE5LirL6uHU502rAOx8Ade0LX0OdUwXY6ix%2F9M%2BR78HNUduwF%2FwEheCiRjg1K1ohFBG2Rs1wY%2FR2EqP52efx58BwmAdqpc7CR%2F97SpxkVoQFxWxR5gMzaDG4NrP0t2WUfb0FDMEOXpl0c3Em8OW0sQYFg2o0A3gY52AJL35sc5WjQupCB8fMwic0ZDnmuAPaH7KV2LZ5WKPMmL2FkXvrmUSTBMXOFuZm7yY1cQ%3D%3D&amp;version=1.0&amp;app_id=9021000165677275&amp;sign_type=RSA2&amp;timestamp=2026-07-28+16%3A04%3A54&amp;alipay_sdk=alipay-sdk-java-4.38.157.ALL&amp;format=json</td>
</tr>
<tr>
<td>Server:</td>
<td>openapi-55.rz21a.sandbox.alipay.net</td>
</tr>
<tr>
<td>Date:</td>
<td>2026/07/28 16:05:00</td>
</tr>
</table>
<hr/>Powered by Tengine
</body>
</html>

	at com.alipay.api.AbstractAlipayClient.doPost(AbstractAlipayClient.java:1015)
	at com.alipay.api.AbstractAlipayClient._execute(AbstractAlipayClient.java:921)
	at com.alipay.api.AbstractAlipayClient.execute(AbstractAlipayClient.java:395)
	at com.alipay.api.AbstractAlipayClient.execute(AbstractAlipayClient.java:377)
	at com.alipay.api.AbstractAlipayClient.execute(AbstractAlipayClient.java:372)
	at com.alipay.api.AbstractAlipayClient.execute(AbstractAlipayClient.java:366)
	at cn.bugstack.trigger.job.NoPayNotifyOrderJob.exec(NoPayNotifyOrderJob.java:42)
	at jdk.internal.reflect.GeneratedMethodAccessor22.invoke(Unknown Source)
	at java.base/jdk.internal.reflect.DelegatingMethodAccessorImpl.invoke(DelegatingMethodAccessorImpl.java:43)
	at java.base/java.lang.reflect.Method.invoke(Method.java:566)
	at org.springframework.scheduling.support.ScheduledMethodRunnable.run(ScheduledMethodRunnable.java:84)
	at org.springframework.scheduling.support.DelegatingErrorHandlingRunnable.run(DelegatingErrorHandlingRunnable.java:54)
	at org.springframework.scheduling.concurrent.ReschedulingRunnable.run(ReschedulingRunnable.java:95)
	at java.base/java.util.concurrent.Executors$RunnableAdapter.call(Executors.java:515)
	at java.base/java.util.concurrent.FutureTask.run(FutureTask.java:264)
	at java.base/java.util.concurrent.ScheduledThreadPoolExecutor$ScheduledFutureTask.run(ScheduledThreadPoolExecutor.java:304)
	at java.base/java.util.concurrent.ThreadPoolExecutor.runWorker(ThreadPoolExecutor.java:1128)
	at java.base/java.util.concurrent.ThreadPoolExecutor$Worker.run(ThreadPoolExecutor.java:628)
	at java.base/java.lang.Thread.run(Thread.java:829)
Caused by: java.io.IOException: <!DOCTYPE HTML PUBLIC "-//IETF//DTD HTML 2.0//EN">
<html>
<head><title>504 Gateway Time-out</title></head>
<body bgcolor="white">
<h1>504 Gateway Time-out</h1>
<p>The gateway did not receive a timely response from the upstream server or application. Sorry for the inconvenience.<br/>
Please report this message and include the following information to us.<br/>
Thank you very much!</p>
<table>
<tr>
<td>URL:</td>
<td>http://openapi-sandbox.dl.alipaydev.com/gateway.do?charset=utf-8&amp;method=alipay.trade.query&amp;sign=Zt5NMch5HyNbwqpX0ZeUNHGKg8fo4Tcbs%2BTv%2FaWWzJ2xTGdQ5jqhN9mwIwNQdPkHAuGiA9l4512mq2Llov7JVcKUZ8KIIdrX4ZN%2B95RbjDryn0i7jE5LirL6uHU502rAOx8Ade0LX0OdUwXY6ix%2F9M%2BR78HNUduwF%2FwEheCiRjg1K1ohFBG2Rs1wY%2FR2EqP52efx58BwmAdqpc7CR%2F97SpxkVoQFxWxR5gMzaDG4NrP0t2WUfb0FDMEOXpl0c3Em8OW0sQYFg2o0A3gY52AJL35sc5WjQupCB8fMwic0ZDnmuAPaH7KV2LZ5WKPMmL2FkXvrmUSTBMXOFuZm7yY1cQ%3D%3D&amp;version=1.0&amp;app_id=9021000165677275&amp;sign_type=RSA2&amp;timestamp=2026-07-28+16%3A04%3A54&amp;alipay_sdk=alipay-sdk-java-4.38.157.ALL&amp;format=json</td>
</tr>
<tr>
<td>Server:</td>
<td>openapi-55.rz21a.sandbox.alipay.net</td>
</tr>
<tr>
<td>Date:</td>
<td>2026/07/28 16:05:00</td>
</tr>
</table>
<hr/>Powered by Tengine
</body>
</html>

	at com.alipay.api.internal.util.WebUtils.getResponseAsString(WebUtils.java:520)
	at com.alipay.api.internal.util.WebUtils.doPost(WebUtils.java:181)
	at com.alipay.api.internal.util.WebUtils.doPost(WebUtils.java:142)
	at com.alipay.api.AbstractAlipayClient.doPost(AbstractAlipayClient.java:1003)
	... 18 common frames omitted
26-07-28.16:05:00.303 [scheduling-1    ] ERROR err                    - ErrorScene^_^40004^_^ACQ.TRADE_NOT_EXIST^_^192.168.73.1^_^Windows 11^_^2026-07-28 16:05:00^_^ProtocalMustParams:charset=utf-8&method=alipay.trade.query&sign=cZae1rmcAhcDt0bWxnR7hYnCk+TZkzUaMQkpjOjBDNspF51oJ5m/nEs2m7Ky4Zo/thewuiepR8xSva+hTIBK3HIdsGmy3n18HhAd4hleKis8sYU8IRLro10YuhBd+yArngCiuhao6dm8GFG0RtfSR8yyYS52Dqy/L2RJ0dmuSbHMZodmWh5HcLtViTiZefchPTwy6TNIC6PThTgrUuejfiXpnAdjwcD0V/nAYkVTw+3z0Z39bYI25bbgk8ZVMfSoZhlJiGlyWf+Jd9U2nS5388EPLTxchxO/AWjsGnItWZoUB9WsPKSRh5VwlsaV/uADgeIXfrSBhU7xH6CdGOFnqw==&version=1.0&app_id=9021000165677275&sign_type=RSA2&timestamp=2026-07-28 16:05:00^_^ProtocalOptParams:alipay_sdk=alipay-sdk-java-4.38.157.ALL&format=json^_^ApplicationParams:traceId=060d663d178522590072838808178&biz_content={"out_trade_no":"59214591885269"}^_^Body:{"alipay_trade_query_response":{"msg":"Business Failed","code":"40004","out_trade_no":"59214591885269","sub_msg":"交易不存在","sub_code":"ACQ.TRADE_NOT_EXIST","receipt_amount":"0.00","point_amount":"0.00","buyer_pay_amount":"0.00","invoice_amount":"0.00"},"sign":"IlGZ9x5UhNF2eAqdNMzeNXtVmLVeP4WAHqOs3UIoTeNqOZPSKddjkKWyTMN0yOnmdmvXLs65xA8iLe3vMAOcTv3IRc5Ly+sfXiILXIoyDMo48N1nGL00QjpY712N35H3czuLP1upFRYorbFoh87mPrUkchUunF+PEBdfORFul87T4s2hkFE5Fl1M1wxQAAUDsoOdZiXF4N0VIlZn8XpWkwGhUJTSzC4T5bTxJpGdI0AVbbLy9QZu0eXIaXEtwYSVDV1oFLVBE/DEmKpridtTn9/6ZOtOpBhjgylpbP+J+f2SCp37feezNW+mRc7kxKeaJfjjdbn7pTI1TeynheyWLQ=="}^_^7ms,281ms,9ms^_^trace_id:060d663d178522590072838808178
26-07-28.16:05:00.303 [scheduling-1    ] INFO  NoPayNotifyOrderJob    - 检测未接收到或未正确处理的支付回调通知，订单未支付成功 orderId:59214591885269 code:40004 tradeStatus:null
26-07-28.16:05:05.425 [scheduling-1    ] ERROR err                    - 2026-07-28 16:05:05^_^alipay.trade.query^_^null^_^192.168.73.1^_^Windows 11^_^alipay-sdk-java-4.38.157.ALL^_^https://openapi-sandbox.dl.alipaydev.com/gateway.do?charset=utf-8&method=alipay.trade.query&sign=EaoooSjCXyugnBb6ti06eQxKiN%2BqXno2%2F4B5WU3QbpqYltDZCO1vr%2F3DV54VHinZ%2F4T4bQK9nRuvmT2Jljl548z1LU%2FIvO1V604aiAq%2BxcKeEyY4A9w63yytyxuagh5CkRUsYdrd7XbawclbnSnCEHcV4ZoCc7Df53V0GIZJh%2FeN9KQhrY5HPOgmvFBgKAv%2BulAFkpWVOTUld%2BLMiASsL7Ln%2BoGYAgRBPSCPx9vu%2F1FGmcQtehFcBCTvz9U1Ze%2Bunlopnjf4ZOOcl5e8vqzO5H9ZTRp1%2FHnTxyEDK01oUdxT1haNC9msXgqyG%2BcP6xdRHTBLJVz8yFC12SU2jk7csw%3D%3D&version=1.0&app_id=9021000165677275&sign_type=RSA2&timestamp=2026-07-28+16%3A05%3A00&alipay_sdk=alipay-sdk-java-4.38.157.ALL&format=json^_^^_^<!DOCTYPE HTML PUBLIC "-//IETF//DTD HTML 2.0//EN"> <html> <head><title>504 Gateway Time-out</title></head> <body bgcolor="white"> <h1>504 Gateway Time-out</h1> <p>The gateway did not receive a timely response from the upstream server or application. Sorry for the inconvenience.<br/> Please report this message and include the following information to us.<br/> Thank you very much!</p> <table> <tr> <td>URL:</td> <td>http://openapi-sandbox.dl.alipaydev.com/gateway.do?charset=utf-8&amp;method=alipay.trade.query&amp;sign=EaoooSjCXyugnBb6ti06eQxKiN%2BqXno2%2F4B5WU3QbpqYltDZCO1vr%2F3DV54VHinZ%2F4T4bQK9nRuvmT2Jljl548z1LU%2FIvO1V604aiAq%2BxcKeEyY4A9w63yytyxuagh5CkRUsYdrd7XbawclbnSnCEHcV4ZoCc7Df53V0GIZJh%2FeN9KQhrY5HPOgmvFBgKAv%2BulAFkpWVOTUld%2BLMiASsL7Ln%2BoGYAgRBPSCPx9vu%2F1FGmcQtehFcBCTvz9U1Ze%2Bunlopnjf4ZOOcl5e8vqzO5H9ZTRp1%2FHnTxyEDK01oUdxT1haNC9msXgqyG%2BcP6xdRHTBLJVz8yFC12SU2jk7csw%3D%3D&amp;version=1.0&amp;app_id=9021000165677275&amp;sign_type=RSA2&amp;timestamp=2026-07-28+16%3A05%3A00&amp;alipay_sdk=alipay-sdk-java-4.38.157.ALL&amp;format=json</td> </tr> <tr> <td>Server:</td> <td>openapi-57.rz21a.sandbox.alipay.net</td> </tr> <tr> <td>Date:</td> <td>2026/07/28 16:05:06</td> </tr> </table> <hr/>Powered by Tengine </body> </html> 
26-07-28.16:05:05.425 [scheduling-1    ] ERROR NoPayNotifyOrderJob    - 检测未接收到或未正确处理的支付回调通知失败
com.alipay.api.AlipayApiException: java.io.IOException: <!DOCTYPE HTML PUBLIC "-//IETF//DTD HTML 2.0//EN">
<html>
<head><title>504 Gateway Time-out</title></head>
<body bgcolor="white">
<h1>504 Gateway Time-out</h1>
<p>The gateway did not receive a timely response from the upstream server or application. Sorry for the inconvenience.<br/>
Please report this message and include the following information to us.<br/>
Thank you very much!</p>
<table>
<tr>
<td>URL:</td>
<td>http://openapi-sandbox.dl.alipaydev.com/gateway.do?charset=utf-8&amp;method=alipay.trade.query&amp;sign=EaoooSjCXyugnBb6ti06eQxKiN%2BqXno2%2F4B5WU3QbpqYltDZCO1vr%2F3DV54VHinZ%2F4T4bQK9nRuvmT2Jljl548z1LU%2FIvO1V604aiAq%2BxcKeEyY4A9w63yytyxuagh5CkRUsYdrd7XbawclbnSnCEHcV4ZoCc7Df53V0GIZJh%2FeN9KQhrY5HPOgmvFBgKAv%2BulAFkpWVOTUld%2BLMiASsL7Ln%2BoGYAgRBPSCPx9vu%2F1FGmcQtehFcBCTvz9U1Ze%2Bunlopnjf4ZOOcl5e8vqzO5H9ZTRp1%2FHnTxyEDK01oUdxT1haNC9msXgqyG%2BcP6xdRHTBLJVz8yFC12SU2jk7csw%3D%3D&amp;version=1.0&amp;app_id=9021000165677275&amp;sign_type=RSA2&amp;timestamp=2026-07-28+16%3A05%3A00&amp;alipay_sdk=alipay-sdk-java-4.38.157.ALL&amp;format=json</td>
</tr>
<tr>
<td>Server:</td>
<td>openapi-57.rz21a.sandbox.alipay.net</td>
</tr>
<tr>
<td>Date:</td>
<td>2026/07/28 16:05:06</td>
</tr>
</table>
<hr/>Powered by Tengine
</body>
</html>

	at com.alipay.api.AbstractAlipayClient.doPost(AbstractAlipayClient.java:1015)
	at com.alipay.api.AbstractAlipayClient._execute(AbstractAlipayClient.java:921)
	at com.alipay.api.AbstractAlipayClient.execute(AbstractAlipayClient.java:395)
	at com.alipay.api.AbstractAlipayClient.execute(AbstractAlipayClient.java:377)
	at com.alipay.api.AbstractAlipayClient.execute(AbstractAlipayClient.java:372)
	at com.alipay.api.AbstractAlipayClient.execute(AbstractAlipayClient.java:366)
	at cn.bugstack.trigger.job.NoPayNotifyOrderJob.exec(NoPayNotifyOrderJob.java:42)
	at jdk.internal.reflect.GeneratedMethodAccessor22.invoke(Unknown Source)
	at java.base/jdk.internal.reflect.DelegatingMethodAccessorImpl.invoke(DelegatingMethodAccessorImpl.java:43)
	at java.base/java.lang.reflect.Method.invoke(Method.java:566)
	at org.springframework.scheduling.support.ScheduledMethodRunnable.run(ScheduledMethodRunnable.java:84)
	at org.springframework.scheduling.support.DelegatingErrorHandlingRunnable.run(DelegatingErrorHandlingRunnable.java:54)
	at org.springframework.scheduling.concurrent.ReschedulingRunnable.run(ReschedulingRunnable.java:95)
	at java.base/java.util.concurrent.Executors$RunnableAdapter.call(Executors.java:515)
	at java.base/java.util.concurrent.FutureTask.run(FutureTask.java:264)
	at java.base/java.util.concurrent.ScheduledThreadPoolExecutor$ScheduledFutureTask.run(ScheduledThreadPoolExecutor.java:304)
	at java.base/java.util.concurrent.ThreadPoolExecutor.runWorker(ThreadPoolExecutor.java:1128)
	at java.base/java.util.concurrent.ThreadPoolExecutor$Worker.run(ThreadPoolExecutor.java:628)
	at java.base/java.lang.Thread.run(Thread.java:829)
Caused by: java.io.IOException: <!DOCTYPE HTML PUBLIC "-//IETF//DTD HTML 2.0//EN">
<html>
<head><title>504 Gateway Time-out</title></head>
<body bgcolor="white">
<h1>504 Gateway Time-out</h1>
<p>The gateway did not receive a timely response from the upstream server or application. Sorry for the inconvenience.<br/>
Please report this message and include the following information to us.<br/>
Thank you very much!</p>
<table>
<tr>
<td>URL:</td>
<td>http://openapi-sandbox.dl.alipaydev.com/gateway.do?charset=utf-8&amp;method=alipay.trade.query&amp;sign=EaoooSjCXyugnBb6ti06eQxKiN%2BqXno2%2F4B5WU3QbpqYltDZCO1vr%2F3DV54VHinZ%2F4T4bQK9nRuvmT2Jljl548z1LU%2FIvO1V604aiAq%2BxcKeEyY4A9w63yytyxuagh5CkRUsYdrd7XbawclbnSnCEHcV4ZoCc7Df53V0GIZJh%2FeN9KQhrY5HPOgmvFBgKAv%2BulAFkpWVOTUld%2BLMiASsL7Ln%2BoGYAgRBPSCPx9vu%2F1FGmcQtehFcBCTvz9U1Ze%2Bunlopnjf4ZOOcl5e8vqzO5H9ZTRp1%2FHnTxyEDK01oUdxT1haNC9msXgqyG%2BcP6xdRHTBLJVz8yFC12SU2jk7csw%3D%3D&amp;version=1.0&amp;app_id=9021000165677275&amp;sign_type=RSA2&amp;timestamp=2026-07-28+16%3A05%3A00&amp;alipay_sdk=alipay-sdk-java-4.38.157.ALL&amp;format=json</td>
</tr>
<tr>
<td>Server:</td>
<td>openapi-57.rz21a.sandbox.alipay.net</td>
</tr>
<tr>
<td>Date:</td>
<td>2026/07/28 16:05:06</td>
</tr>
</table>
<hr/>Powered by Tengine
</body>
</html>

	at com.alipay.api.internal.util.WebUtils.getResponseAsString(WebUtils.java:520)
	at com.alipay.api.internal.util.WebUtils.doPost(WebUtils.java:181)
	at com.alipay.api.internal.util.WebUtils.doPost(WebUtils.java:142)
	at com.alipay.api.AbstractAlipayClient.doPost(AbstractAlipayClient.java:1003)
	... 18 common frames omitted
26-07-28.16:05:06.209 [scheduling-1    ] ERROR err                    - ErrorScene^_^40004^_^ACQ.TRADE_NOT_EXIST^_^192.168.73.1^_^Windows 11^_^2026-07-28 16:05:06^_^ProtocalMustParams:charset=utf-8&method=alipay.trade.query&sign=QstEV165egB1Veqqt4lCa5GsZqovsli9ZpVZs2Ou1EO7WbAPNTXW3bU3qZ5HBqo2Xn2zt2T+mDeNJMdpEy+btxKv4kraV4BlwCXEhZWSZfhMw4Ms7WsGVtFdu43iBEK7RN55EZ4USKOIHVIORXr05tdQPDPrzU1HjeSUAQWpcyr2NDhXGwuIoQVWLBdjWtxI1/L22nrcOKgbNXsZhCQCZQwCNjPY5RnMbWUhtkmlroAK/VNUOg5LlAVEQr54X1gBZB+zzwE0hFHF41B8nMBDwV4QTqRA7Hrtd42dgzjMKDpCRKynp1sFdHW1MnLj95FS3Nb4cEAl8ERjtxTgHExHHA==&version=1.0&app_id=9021000165677275&sign_type=RSA2&timestamp=2026-07-28 16:05:06^_^ProtocalOptParams:alipay_sdk=alipay-sdk-java-4.38.157.ALL&format=json^_^ApplicationParams:traceId=060001f3178522590674177372231288&biz_content={"out_trade_no":"59214591885269"}^_^Body:{"alipay_trade_query_response":{"msg":"Business Failed","code":"40004","out_trade_no":"59214591885269","sub_msg":"交易不存在","sub_code":"ACQ.TRADE_NOT_EXIST","receipt_amount":"0.00","point_amount":"0.00","buyer_pay_amount":"0.00","invoice_amount":"0.00"},"sign":"IlGZ9x5UhNF2eAqdNMzeNXtVmLVeP4WAHqOs3UIoTeNqOZPSKddjkKWyTMN0yOnmdmvXLs65xA8iLe3vMAOcTv3IRc5Ly+sfXiILXIoyDMo48N1nGL00QjpY712N35H3czuLP1upFRYorbFoh87mPrUkchUunF+PEBdfORFul87T4s2hkFE5Fl1M1wxQAAUDsoOdZiXF4N0VIlZn8XpWkwGhUJTSzC4T5bTxJpGdI0AVbbLy9QZu0eXIaXEtwYSVDV1oFLVBE/DEmKpridtTn9/6ZOtOpBhjgylpbP+J+f2SCp37feezNW+mRc7kxKeaJfjjdbn7pTI1TeynheyWLQ=="}^_^8ms,178ms,9ms^_^trace_id:060001f3178522590674177372231288
26-07-28.16:05:06.209 [scheduling-1    ] INFO  NoPayNotifyOrderJob    - 检测未接收到或未正确处理的支付回调通知，订单未支付成功 orderId:59214591885269 code:40004 tradeStatus:null
26-07-28.16:05:06.404 [scheduling-1    ] ERROR err                    - ErrorScene^_^40004^_^ACQ.TRADE_NOT_EXIST^_^192.168.73.1^_^Windows 11^_^2026-07-28 16:05:06^_^ProtocalMustParams:charset=utf-8&method=alipay.trade.query&sign=jjBNU9hhzAIDHDZWV6P8ucrcT9NK0XlJ6cgFD64z88iCDiSmEJPQa0kaCR+FKuQFZRqHEBzPNY+xXlCS9xe6ZMV4FoRDfUP51eBL/VzwCiQPZF4CLpgs53kTbvWhaIYrtjdpiRDHw+nU0jRcO9hnDzp/jGGLAPDD68awvi4E4oxHgH/dtk81W4jS1XvBbrYKVRfETVmDkk2Gz6Ic49Nq0K+MpGN/OObmrVEW/HIDB6LozOJwzE/2BtST2H6bWkK78qVALl/SbqHiQep0XaXtr4uuG7Sig/kEmMZh/YaqW1a31HVdINcSvDcc3XRb694gtsnUUOd+ohLFMXzPut4DFQ==&version=1.0&app_id=9021000165677275&sign_type=RSA2&timestamp=2026-07-28 16:05:06^_^ProtocalOptParams:alipay_sdk=alipay-sdk-java-4.38.157.ALL&format=json^_^ApplicationParams:traceId=060001f3178522590693277392231288&biz_content={"out_trade_no":"63015243383423"}^_^Body:{"alipay_trade_query_response":{"msg":"Business Failed","code":"40004","out_trade_no":"63015243383423","sub_msg":"交易不存在","sub_code":"ACQ.TRADE_NOT_EXIST","receipt_amount":"0.00","point_amount":"0.00","buyer_pay_amount":"0.00","invoice_amount":"0.00"},"sign":"j/BKxEaDkp40hVZnDvR3FjkafML/EKkrgK5tm3o7RpXke6JHNNHQj7dtxjFXrid2kn398BXbOviGV9OREaHEsGkNi7IoyBK1JYReqxxHw+KZz8rrBoqtEmOs09WNzTcKyl/5ieUTw21MI9LZ5QoNI9FiQB3n5vdZv5nJ4536haXV/1ocYO4eOii1Wdd47onG0oGH6w7WLvZT+jP9UP1EcysxWQjk4vfPC2p1W/SB9gAsXt/vZ3hDDoI08AIACsojEfWvD71/4rGQQEyT4naQANCIzeGTzHZEfSOYngieu+N8sDW52hL5yDXMIaHr563fJPxX8LcKEtAYz+SGdbzTrw=="}^_^8ms,178ms,9ms^_^trace_id:060001f3178522590693277392231288
26-07-28.16:05:06.405 [scheduling-1    ] INFO  NoPayNotifyOrderJob    - 检测未接收到或未正确处理的支付回调通知，订单未支付成功 orderId:63015243383423 code:40004 tradeStatus:null
26-07-28.16:05:11.519 [scheduling-1    ] ERROR err                    - 2026-07-28 16:05:11^_^alipay.trade.query^_^null^_^192.168.73.1^_^Windows 11^_^alipay-sdk-java-4.38.157.ALL^_^https://openapi-sandbox.dl.alipaydev.com/gateway.do?charset=utf-8&method=alipay.trade.query&sign=PXTWqS3mZyX7J18ZHX443yQw8qnoly5s49IIakuaytXyZ%2FsoDEsM7bO4%2FZ7q4QxhH5pZq%2Bru6%2FE4VxABTECnhkEBTzWRlGYEysECrKYxXIUbcl7Ul7ABr%2FlZ1Od5aOzoH8hFnL9AwwFfGTFGuAFqZiXtbqwe4%2BnBpFcnYAoM4PSsGuh1xGKTBtyDnkbkJCt41chzFa8jH%2BFv8MooSzpSQOMfkoWLCkvqV26sN%2FwM629tHWMpjMJWOnXdslT8GfX7jPYLIjdeUZ1zbO5VMEjBm04m871SbI%2BgQYpJZwEhRba6T9WdTq1b29WmDzfRbE9xkjlLoNg75LxYZuOnYCow0A%3D%3D&version=1.0&app_id=9021000165677275&sign_type=RSA2&timestamp=2026-07-28+16%3A05%3A06&alipay_sdk=alipay-sdk-java-4.38.157.ALL&format=json^_^^_^<!DOCTYPE HTML PUBLIC "-//IETF//DTD HTML 2.0//EN"> <html> <head><title>504 Gateway Time-out</title></head> <body bgcolor="white"> <h1>504 Gateway Time-out</h1> <p>The gateway did not receive a timely response from the upstream server or application. Sorry for the inconvenience.<br/> Please report this message and include the following information to us.<br/> Thank you very much!</p> <table> <tr> <td>URL:</td> <td>http://openapi-sandbox.dl.alipaydev.com/gateway.do?charset=utf-8&amp;method=alipay.trade.query&amp;sign=PXTWqS3mZyX7J18ZHX443yQw8qnoly5s49IIakuaytXyZ%2FsoDEsM7bO4%2FZ7q4QxhH5pZq%2Bru6%2FE4VxABTECnhkEBTzWRlGYEysECrKYxXIUbcl7Ul7ABr%2FlZ1Od5aOzoH8hFnL9AwwFfGTFGuAFqZiXtbqwe4%2BnBpFcnYAoM4PSsGuh1xGKTBtyDnkbkJCt41chzFa8jH%2BFv8MooSzpSQOMfkoWLCkvqV26sN%2FwM629tHWMpjMJWOnXdslT8GfX7jPYLIjdeUZ1zbO5VMEjBm04m871SbI%2BgQYpJZwEhRba6T9WdTq1b29WmDzfRbE9xkjlLoNg75LxYZuOnYCow0A%3D%3D&amp;version=1.0&amp;app_id=9021000165677275&amp;sign_type=RSA2&amp;timestamp=2026-07-28+16%3A05%3A06&amp;alipay_sdk=alipay-sdk-java-4.38.157.ALL&amp;format=json</td> </tr> <tr> <td>Server:</td> <td>openapi-57.rz21a.sandbox.alipay.net</td> </tr> <tr> <td>Date:</td> <td>2026/07/28 16:05:12</td> </tr> </table> <hr/>Powered by Tengine </body> </html> 
26-07-28.16:05:11.519 [scheduling-1    ] ERROR NoPayNotifyOrderJob    - 检测未接收到或未正确处理的支付回调通知失败
com.alipay.api.AlipayApiException: java.io.IOException: <!DOCTYPE HTML PUBLIC "-//IETF//DTD HTML 2.0//EN">
<html>
<head><title>504 Gateway Time-out</title></head>
<body bgcolor="white">
<h1>504 Gateway Time-out</h1>
<p>The gateway did not receive a timely response from the upstream server or application. Sorry for the inconvenience.<br/>
Please report this message and include the following information to us.<br/>
Thank you very much!</p>
<table>
<tr>
<td>URL:</td>
<td>http://openapi-sandbox.dl.alipaydev.com/gateway.do?charset=utf-8&amp;method=alipay.trade.query&amp;sign=PXTWqS3mZyX7J18ZHX443yQw8qnoly5s49IIakuaytXyZ%2FsoDEsM7bO4%2FZ7q4QxhH5pZq%2Bru6%2FE4VxABTECnhkEBTzWRlGYEysECrKYxXIUbcl7Ul7ABr%2FlZ1Od5aOzoH8hFnL9AwwFfGTFGuAFqZiXtbqwe4%2BnBpFcnYAoM4PSsGuh1xGKTBtyDnkbkJCt41chzFa8jH%2BFv8MooSzpSQOMfkoWLCkvqV26sN%2FwM629tHWMpjMJWOnXdslT8GfX7jPYLIjdeUZ1zbO5VMEjBm04m871SbI%2BgQYpJZwEhRba6T9WdTq1b29WmDzfRbE9xkjlLoNg75LxYZuOnYCow0A%3D%3D&amp;version=1.0&amp;app_id=9021000165677275&amp;sign_type=RSA2&amp;timestamp=2026-07-28+16%3A05%3A06&amp;alipay_sdk=alipay-sdk-java-4.38.157.ALL&amp;format=json</td>
</tr>
<tr>
<td>Server:</td>
<td>openapi-57.rz21a.sandbox.alipay.net</td>
</tr>
<tr>
<td>Date:</td>
<td>2026/07/28 16:05:12</td>
</tr>
</table>
<hr/>Powered by Tengine
</body>
</html>

	at com.alipay.api.AbstractAlipayClient.doPost(AbstractAlipayClient.java:1015)
	at com.alipay.api.AbstractAlipayClient._execute(AbstractAlipayClient.java:921)
	at com.alipay.api.AbstractAlipayClient.execute(AbstractAlipayClient.java:395)
	at com.alipay.api.AbstractAlipayClient.execute(AbstractAlipayClient.java:377)
	at com.alipay.api.AbstractAlipayClient.execute(AbstractAlipayClient.java:372)
	at com.alipay.api.AbstractAlipayClient.execute(AbstractAlipayClient.java:366)
	at cn.bugstack.trigger.job.NoPayNotifyOrderJob.exec(NoPayNotifyOrderJob.java:42)
	at jdk.internal.reflect.GeneratedMethodAccessor22.invoke(Unknown Source)
	at java.base/jdk.internal.reflect.DelegatingMethodAccessorImpl.invoke(DelegatingMethodAccessorImpl.java:43)
	at java.base/java.lang.reflect.Method.invoke(Method.java:566)
	at org.springframework.scheduling.support.ScheduledMethodRunnable.run(ScheduledMethodRunnable.java:84)
	at org.springframework.scheduling.support.DelegatingErrorHandlingRunnable.run(DelegatingErrorHandlingRunnable.java:54)
	at org.springframework.scheduling.concurrent.ReschedulingRunnable.run(ReschedulingRunnable.java:95)
	at java.base/java.util.concurrent.Executors$RunnableAdapter.call(Executors.java:515)
	at java.base/java.util.concurrent.FutureTask.run(FutureTask.java:264)
	at java.base/java.util.concurrent.ScheduledThreadPoolExecutor$ScheduledFutureTask.run(ScheduledThreadPoolExecutor.java:304)
	at java.base/java.util.concurrent.ThreadPoolExecutor.runWorker(ThreadPoolExecutor.java:1128)
	at java.base/java.util.concurrent.ThreadPoolExecutor$Worker.run(ThreadPoolExecutor.java:628)
	at java.base/java.lang.Thread.run(Thread.java:829)
Caused by: java.io.IOException: <!DOCTYPE HTML PUBLIC "-//IETF//DTD HTML 2.0//EN">
<html>
<head><title>504 Gateway Time-out</title></head>
<body bgcolor="white">
<h1>504 Gateway Time-out</h1>
<p>The gateway did not receive a timely response from the upstream server or application. Sorry for the inconvenience.<br/>
Please report this message and include the following information to us.<br/>
Thank you very much!</p>
<table>
<tr>
<td>URL:</td>
<td>http://openapi-sandbox.dl.alipaydev.com/gateway.do?charset=utf-8&amp;method=alipay.trade.query&amp;sign=PXTWqS3mZyX7J18ZHX443yQw8qnoly5s49IIakuaytXyZ%2FsoDEsM7bO4%2FZ7q4QxhH5pZq%2Bru6%2FE4VxABTECnhkEBTzWRlGYEysECrKYxXIUbcl7Ul7ABr%2FlZ1Od5aOzoH8hFnL9AwwFfGTFGuAFqZiXtbqwe4%2BnBpFcnYAoM4PSsGuh1xGKTBtyDnkbkJCt41chzFa8jH%2BFv8MooSzpSQOMfkoWLCkvqV26sN%2FwM629tHWMpjMJWOnXdslT8GfX7jPYLIjdeUZ1zbO5VMEjBm04m871SbI%2BgQYpJZwEhRba6T9WdTq1b29WmDzfRbE9xkjlLoNg75LxYZuOnYCow0A%3D%3D&amp;version=1.0&amp;app_id=9021000165677275&amp;sign_type=RSA2&amp;timestamp=2026-07-28+16%3A05%3A06&amp;alipay_sdk=alipay-sdk-java-4.38.157.ALL&amp;format=json</td>
</tr>
<tr>
<td>Server:</td>
<td>openapi-57.rz21a.sandbox.alipay.net</td>
</tr>
<tr>
<td>Date:</td>
<td>2026/07/28 16:05:12</td>
</tr>
</table>
<hr/>Powered by Tengine
</body>
</html>

	at com.alipay.api.internal.util.WebUtils.getResponseAsString(WebUtils.java:520)
	at com.alipay.api.internal.util.WebUtils.doPost(WebUtils.java:181)
	at com.alipay.api.internal.util.WebUtils.doPost(WebUtils.java:142)
	at com.alipay.api.AbstractAlipayClient.doPost(AbstractAlipayClient.java:1003)
	... 18 common frames omitted
26-07-28.16:05:12.284 [scheduling-1    ] ERROR err                    - ErrorScene^_^40004^_^ACQ.TRADE_NOT_EXIST^_^192.168.73.1^_^Windows 11^_^2026-07-28 16:05:12^_^ProtocalMustParams:charset=utf-8&method=alipay.trade.query&sign=du5EL00pz6RQb+SJ40ifqxhJLbrsA+/Ut8uHwHl/8RaFAKZiRoIPwJGxRy1W3wpHaSB57SFjKG0QWZB7pCBOKtU1oSbVKN+F9gI1q349hwmEfPBCXhezMuon5quBQe0NbHebT46VWAWX4tNisD8Bx1OvbTUdZD2NkzMR3YBFzhDW7QKdNzcs2XvgDa8fAHSWwvky8rH8HX8Aj9yQ6Q0jvjfXEF1dj9c1gisZnsVfjS0EzRNZD+3FvNBAG/LI3mh2xqjDNra0ThizzJxTIAw38IY6nSnc5M/OLJIHaZObjeubyys7ikqyvq0vqQkGIWlWfYATubdmh1bWo2W6270VwA==&version=1.0&app_id=9021000165677275&sign_type=RSA2&timestamp=2026-07-28 16:05:12^_^ProtocalOptParams:alipay_sdk=alipay-sdk-java-4.38.157.ALL&format=json^_^ApplicationParams:traceId=06020e08178522591274851632433085&biz_content={"out_trade_no":"59214591885269"}^_^Body:{"alipay_trade_query_response":{"msg":"Business Failed","code":"40004","out_trade_no":"59214591885269","sub_msg":"交易不存在","sub_code":"ACQ.TRADE_NOT_EXIST","receipt_amount":"0.00","point_amount":"0.00","buyer_pay_amount":"0.00","invoice_amount":"0.00"},"sign":"IlGZ9x5UhNF2eAqdNMzeNXtVmLVeP4WAHqOs3UIoTeNqOZPSKddjkKWyTMN0yOnmdmvXLs65xA8iLe3vMAOcTv3IRc5Ly+sfXiILXIoyDMo48N1nGL00QjpY712N35H3czuLP1upFRYorbFoh87mPrUkchUunF+PEBdfORFul87T4s2hkFE5Fl1M1wxQAAUDsoOdZiXF4N0VIlZn8XpWkwGhUJTSzC4T5bTxJpGdI0AVbbLy9QZu0eXIaXEtwYSVDV1oFLVBE/DEmKpridtTn9/6ZOtOpBhjgylpbP+J+f2SCp37feezNW+mRc7kxKeaJfjjdbn7pTI1TeynheyWLQ=="}^_^4ms,257ms,8ms^_^trace_id:06020e08178522591274851632433085
26-07-28.16:05:12.284 [scheduling-1    ] INFO  NoPayNotifyOrderJob    - 检测未接收到或未正确处理的支付回调通知，订单未支付成功 orderId:59214591885269 code:40004 tradeStatus:null
26-07-28.16:05:12.499 [scheduling-1    ] ERROR err                    - ErrorScene^_^40004^_^ACQ.TRADE_NOT_EXIST^_^192.168.73.1^_^Windows 11^_^2026-07-28 16:05:12^_^ProtocalMustParams:charset=utf-8&method=alipay.trade.query&sign=kamHvlYHtOXN2/e4kTr+tUazi2qGGZNLc4PKaOo3UKpVE8Ls+ycjp6T+ohRFBjWxaZYmDgk6FcIH/V6zhzCs8csyeUVgQII9irJ6QoPUCFS80wtFc7obd89J6whLm7ac7Y1FB6s1l8nB+OcTj1R3m+DGHKYv3xJauZ6jDYASFfiaTi/UZr1cVGD8jZtCMWXrxaooHausHdT/Yq8bmp7dfG/TBlSAflENoyF2nZHnfN49Kl+TMUeEGStCZWcXRfe/CtmHZZsQ6cpEMQkPOvmqV25PZJggRmWbSjU3q1mz5MRAE8FR4fwdVvfSvqZ31ki9TXlVtQWzCstg4FiE436Ntw==&version=1.0&app_id=9021000165677275&sign_type=RSA2&timestamp=2026-07-28 16:05:12^_^ProtocalOptParams:alipay_sdk=alipay-sdk-java-4.38.157.ALL&format=json^_^ApplicationParams:traceId=06002c4e178522591300845271578980&biz_content={"out_trade_no":"63015243383423"}^_^Body:{"alipay_trade_query_response":{"msg":"Business Failed","code":"40004","out_trade_no":"63015243383423","sub_msg":"交易不存在","sub_code":"ACQ.TRADE_NOT_EXIST","receipt_amount":"0.00","point_amount":"0.00","buyer_pay_amount":"0.00","invoice_amount":"0.00"},"sign":"j/BKxEaDkp40hVZnDvR3FjkafML/EKkrgK5tm3o7RpXke6JHNNHQj7dtxjFXrid2kn398BXbOviGV9OREaHEsGkNi7IoyBK1JYReqxxHw+KZz8rrBoqtEmOs09WNzTcKyl/5ieUTw21MI9LZ5QoNI9FiQB3n5vdZv5nJ4536haXV/1ocYO4eOii1Wdd47onG0oGH6w7WLvZT+jP9UP1EcysxWQjk4vfPC2p1W/SB9gAsXt/vZ3hDDoI08AIACsojEfWvD71/4rGQQEyT4naQANCIzeGTzHZEfSOYngieu+N8sDW52hL5yDXMIaHr563fJPxX8LcKEtAYz+SGdbzTrw=="}^_^9ms,197ms,9ms^_^trace_id:06002c4e178522591300845271578980
26-07-28.16:05:12.499 [scheduling-1    ] INFO  NoPayNotifyOrderJob    - 检测未接收到或未正确处理的支付回调通知，订单未支付成功 orderId:63015243383423 code:40004 tradeStatus:null
26-07-28.16:05:12.703 [scheduling-1    ] ERROR err                    - ErrorScene^_^40004^_^ACQ.TRADE_NOT_EXIST^_^192.168.73.1^_^Windows 11^_^2026-07-28 16:05:12^_^ProtocalMustParams:charset=utf-8&method=alipay.trade.query&sign=U4+L+5NqGyQll1Jjt7LAfw8ulNJSxXeUjJIih7OEXwWG69ttRHxw5ep6QaLASuOolAyoBD7F91Dc5e/tfwQez+dPvsCKUo1mHnzVKZi8SJfObIfSpYhSbnXx3hXaf1vb2CfxnHvyvr6O7RpACvui3w8IhUGBBCsntYXbqYkYQ/KHmThwxq/iiiBg19gylKoVSFFjMyIpot7GPhua+BXvYgv/BJcYbVzZ30tQ1/CQZHQpvKqdzyr/LD9ft1xyGwlnCjOIgErL2YACv/8GBj9smHev2/YbboWLUoKmEjPIePV71aI5Y0vS3GSEXclqIWEy8N9r9prr0z/ukvK7w6ExwQ==&version=1.0&app_id=9021000165677275&sign_type=RSA2&timestamp=2026-07-28 16:05:12^_^ProtocalOptParams:alipay_sdk=alipay-sdk-java-4.38.157.ALL&format=json^_^ApplicationParams:traceId=06020e08178522591323051642433085&biz_content={"out_trade_no":"05687486819141"}^_^Body:{"alipay_trade_query_response":{"msg":"Business Failed","code":"40004","out_trade_no":"05687486819141","sub_msg":"交易不存在","sub_code":"ACQ.TRADE_NOT_EXIST","receipt_amount":"0.00","point_amount":"0.00","buyer_pay_amount":"0.00","invoice_amount":"0.00"},"sign":"X8+5Q6lbdoyyrQqpUwxTqfCXdBXg7ThJc2U+u8qezqbw+E5fcgtCqABatoc1r72W+dsojv3i6bkcvvMz3DRr5ahBjxU4gwSWCgz4TBIO+/iTBt57VZmROgv9LqvWSmIQTYHEWA0iBdvVQ8wabF8mzeGODzJcDm0eGuZrLQUuAfb7EsMddzf5Fpsu5TpWoCkIHAS+8CRG2vFJn8fHca0ezh5NORm72mkk1XJRvcuT3PelFHmTo+8KP5OR7ez/2fuIcdGiAD+b2i3e+sfFqMTeUrSfNpunUyXCuTC+ottvD15QxCFhRNfVkTvbOhatQUPyKDv4sjFTxoXvcC8oVH1r9Q=="}^_^7ms,185ms,12ms^_^trace_id:06020e08178522591323051642433085
26-07-28.16:05:12.703 [scheduling-1    ] INFO  NoPayNotifyOrderJob    - 检测未接收到或未正确处理的支付回调通知，订单未支付成功 orderId:05687486819141 code:40004 tradeStatus:null
26-07-28.16:05:20.141 [scheduling-1    ] ERROR err                    - 2026-07-28 16:05:20^_^alipay.trade.query^_^null^_^192.168.73.1^_^Windows 11^_^alipay-sdk-java-4.38.157.ALL^_^https://openapi-sandbox.dl.alipaydev.com/gateway.do?charset=utf-8&method=alipay.trade.query&sign=mrAphpqO%2BW32zJPnY9r3MJ4CjL%2F89lwNf46WZGIuZOitqf7d8awKZ2HdmQ%2F6frWUv4V6UwYDcPNe2iyU%2Bw%2BsNxbz5vgq2z%2FRXuE7BsC%2FKqsfZ9aDYT3xCVoR2Xb4cSzqnEFnqEzOC3ezt%2BRGC5gAlbUV0pRTtyKtHli%2FAC0j4bdjIBhcoMrNEQjt1rl0unlPwm6MX7JtoVyttGT3roenFJqg9ua0Fd6tsoAP8sDJyfZtCNmUylPGm%2BljvgV8vEr%2FpGeTbS20MxXyNGEc0w4vAb%2FsYPpXC%2BaQB%2FmsiDkoeUJjurjujUsfMumJaILhwWbXrFYRoDpBlkkyteLjN%2F%2FULg%3D%3D&version=1.0&app_id=9021000165677275&sign_type=RSA2&timestamp=2026-07-28+16%3A05%3A15&alipay_sdk=alipay-sdk-java-4.38.157.ALL&format=json^_^^_^<!DOCTYPE HTML PUBLIC "-//IETF//DTD HTML 2.0//EN"> <html> <head><title>504 Gateway Time-out</title></head> <body bgcolor="white"> <h1>504 Gateway Time-out</h1> <p>The gateway did not receive a timely response from the upstream server or application. Sorry for the inconvenience.<br/> Please report this message and include the following information to us.<br/> Thank you very much!</p> <table> <tr> <td>URL:</td> <td>http://openapi-sandbox.dl.alipaydev.com/gateway.do?charset=utf-8&amp;method=alipay.trade.query&amp;sign=mrAphpqO%2BW32zJPnY9r3MJ4CjL%2F89lwNf46WZGIuZOitqf7d8awKZ2HdmQ%2F6frWUv4V6UwYDcPNe2iyU%2Bw%2BsNxbz5vgq2z%2FRXuE7BsC%2FKqsfZ9aDYT3xCVoR2Xb4cSzqnEFnqEzOC3ezt%2BRGC5gAlbUV0pRTtyKtHli%2FAC0j4bdjIBhcoMrNEQjt1rl0unlPwm6MX7JtoVyttGT3roenFJqg9ua0Fd6tsoAP8sDJyfZtCNmUylPGm%2BljvgV8vEr%2FpGeTbS20MxXyNGEc0w4vAb%2FsYPpXC%2BaQB%2FmsiDkoeUJjurjujUsfMumJaILhwWbXrFYRoDpBlkkyteLjN%2F%2FULg%3D%3D&amp;version=1.0&amp;app_id=9021000165677275&amp;sign_type=RSA2&amp;timestamp=2026-07-28+16%3A05%3A15&amp;alipay_sdk=alipay-sdk-java-4.38.157.ALL&amp;format=json</td> </tr> <tr> <td>Server:</td> <td>openapi-57.rz21a.sandbox.alipay.net</td> </tr> <tr> <td>Date:</td> <td>2026/07/28 16:05:20</td> </tr> </table> <hr/>Powered by Tengine </body> </html> 
26-07-28.16:05:20.143 [scheduling-1    ] ERROR NoPayNotifyOrderJob    - 检测未接收到或未正确处理的支付回调通知失败
com.alipay.api.AlipayApiException: java.io.IOException: <!DOCTYPE HTML PUBLIC "-//IETF//DTD HTML 2.0//EN">
<html>
<head><title>504 Gateway Time-out</title></head>
<body bgcolor="white">
<h1>504 Gateway Time-out</h1>
<p>The gateway did not receive a timely response from the upstream server or application. Sorry for the inconvenience.<br/>
Please report this message and include the following information to us.<br/>
Thank you very much!</p>
<table>
<tr>
<td>URL:</td>
<td>http://openapi-sandbox.dl.alipaydev.com/gateway.do?charset=utf-8&amp;method=alipay.trade.query&amp;sign=mrAphpqO%2BW32zJPnY9r3MJ4CjL%2F89lwNf46WZGIuZOitqf7d8awKZ2HdmQ%2F6frWUv4V6UwYDcPNe2iyU%2Bw%2BsNxbz5vgq2z%2FRXuE7BsC%2FKqsfZ9aDYT3xCVoR2Xb4cSzqnEFnqEzOC3ezt%2BRGC5gAlbUV0pRTtyKtHli%2FAC0j4bdjIBhcoMrNEQjt1rl0unlPwm6MX7JtoVyttGT3roenFJqg9ua0Fd6tsoAP8sDJyfZtCNmUylPGm%2BljvgV8vEr%2FpGeTbS20MxXyNGEc0w4vAb%2FsYPpXC%2BaQB%2FmsiDkoeUJjurjujUsfMumJaILhwWbXrFYRoDpBlkkyteLjN%2F%2FULg%3D%3D&amp;version=1.0&amp;app_id=9021000165677275&amp;sign_type=RSA2&amp;timestamp=2026-07-28+16%3A05%3A15&amp;alipay_sdk=alipay-sdk-java-4.38.157.ALL&amp;format=json</td>
</tr>
<tr>
<td>Server:</td>
<td>openapi-57.rz21a.sandbox.alipay.net</td>
</tr>
<tr>
<td>Date:</td>
<td>2026/07/28 16:05:20</td>
</tr>
</table>
<hr/>Powered by Tengine
</body>
</html>

	at com.alipay.api.AbstractAlipayClient.doPost(AbstractAlipayClient.java:1015)
	at com.alipay.api.AbstractAlipayClient._execute(AbstractAlipayClient.java:921)
	at com.alipay.api.AbstractAlipayClient.execute(AbstractAlipayClient.java:395)
	at com.alipay.api.AbstractAlipayClient.execute(AbstractAlipayClient.java:377)
	at com.alipay.api.AbstractAlipayClient.execute(AbstractAlipayClient.java:372)
	at com.alipay.api.AbstractAlipayClient.execute(AbstractAlipayClient.java:366)
	at cn.bugstack.trigger.job.NoPayNotifyOrderJob.exec(NoPayNotifyOrderJob.java:42)
	at jdk.internal.reflect.GeneratedMethodAccessor22.invoke(Unknown Source)
	at java.base/jdk.internal.reflect.DelegatingMethodAccessorImpl.invoke(DelegatingMethodAccessorImpl.java:43)
	at java.base/java.lang.reflect.Method.invoke(Method.java:566)
	at org.springframework.scheduling.support.ScheduledMethodRunnable.run(ScheduledMethodRunnable.java:84)
	at org.springframework.scheduling.support.DelegatingErrorHandlingRunnable.run(DelegatingErrorHandlingRunnable.java:54)
	at org.springframework.scheduling.concurrent.ReschedulingRunnable.run(ReschedulingRunnable.java:95)
	at java.base/java.util.concurrent.Executors$RunnableAdapter.call(Executors.java:515)
	at java.base/java.util.concurrent.FutureTask.run(FutureTask.java:264)
	at java.base/java.util.concurrent.ScheduledThreadPoolExecutor$ScheduledFutureTask.run(ScheduledThreadPoolExecutor.java:304)
	at java.base/java.util.concurrent.ThreadPoolExecutor.runWorker(ThreadPoolExecutor.java:1128)
	at java.base/java.util.concurrent.ThreadPoolExecutor$Worker.run(ThreadPoolExecutor.java:628)
	at java.base/java.lang.Thread.run(Thread.java:829)
Caused by: java.io.IOException: <!DOCTYPE HTML PUBLIC "-//IETF//DTD HTML 2.0//EN">
<html>
<head><title>504 Gateway Time-out</title></head>
<body bgcolor="white">
<h1>504 Gateway Time-out</h1>
<p>The gateway did not receive a timely response from the upstream server or application. Sorry for the inconvenience.<br/>
Please report this message and include the following information to us.<br/>
Thank you very much!</p>
<table>
<tr>
<td>URL:</td>
<td>http://openapi-sandbox.dl.alipaydev.com/gateway.do?charset=utf-8&amp;method=alipay.trade.query&amp;sign=mrAphpqO%2BW32zJPnY9r3MJ4CjL%2F89lwNf46WZGIuZOitqf7d8awKZ2HdmQ%2F6frWUv4V6UwYDcPNe2iyU%2Bw%2BsNxbz5vgq2z%2FRXuE7BsC%2FKqsfZ9aDYT3xCVoR2Xb4cSzqnEFnqEzOC3ezt%2BRGC5gAlbUV0pRTtyKtHli%2FAC0j4bdjIBhcoMrNEQjt1rl0unlPwm6MX7JtoVyttGT3roenFJqg9ua0Fd6tsoAP8sDJyfZtCNmUylPGm%2BljvgV8vEr%2FpGeTbS20MxXyNGEc0w4vAb%2FsYPpXC%2BaQB%2FmsiDkoeUJjurjujUsfMumJaILhwWbXrFYRoDpBlkkyteLjN%2F%2FULg%3D%3D&amp;version=1.0&amp;app_id=9021000165677275&amp;sign_type=RSA2&amp;timestamp=2026-07-28+16%3A05%3A15&amp;alipay_sdk=alipay-sdk-java-4.38.157.ALL&amp;format=json</td>
</tr>
<tr>
<td>Server:</td>
<td>openapi-57.rz21a.sandbox.alipay.net</td>
</tr>
<tr>
<td>Date:</td>
<td>2026/07/28 16:05:20</td>
</tr>
</table>
<hr/>Powered by Tengine
</body>
</html>

	at com.alipay.api.internal.util.WebUtils.getResponseAsString(WebUtils.java:520)
	at com.alipay.api.internal.util.WebUtils.doPost(WebUtils.java:181)
	at com.alipay.api.internal.util.WebUtils.doPost(WebUtils.java:142)
	at com.alipay.api.AbstractAlipayClient.doPost(AbstractAlipayClient.java:1003)
	... 18 common frames omitted
26-07-28.16:05:21.220 [scheduling-1    ] ERROR err                    - ErrorScene^_^40004^_^ACQ.TRADE_NOT_EXIST^_^192.168.73.1^_^Windows 11^_^2026-07-28 16:05:21^_^ProtocalMustParams:charset=utf-8&method=alipay.trade.query&sign=GiOCiZdG/CsjEG3i/Cbk/SE3sMuFkEyKezV6xERV/5dcSm8WhZ+mWIJISFshZY/1h/+ZC3ptfNCVfUsHa5wTzoq4+bGxz/Z6JC9bSdTTrdHtkwpfg8vGfUeZYK2d3jOmvSHvshEQ+ItV5ZwxVVgp0yFqh58x8WjrVrB/733A/2Yjotflh9b/2gFPJwGo9UD1TVp5FkF43Yw+adPDZ7jHmbnaHjq92wmTWSTq9y3Iu8ZLXEiqdHjV6a/TAX33LGatRlBQiXRgyKfFRTj9ecAcUIVkBCRYIP0Qn2ZnKISW0iIQwgWpPAL6nDII55DzMclXy2fr1Myz5JcVkjI2yWUGug==&version=1.0&app_id=9021000165677275&sign_type=RSA2&timestamp=2026-07-28 16:05:21^_^ProtocalOptParams:alipay_sdk=alipay-sdk-java-4.38.157.ALL&format=json^_^ApplicationParams:traceId=060001f3178522592174677862231288&biz_content={"out_trade_no":"59214591885269"}^_^Body:{"alipay_trade_query_response":{"msg":"Business Failed","code":"40004","out_trade_no":"59214591885269","sub_msg":"交易不存在","sub_code":"ACQ.TRADE_NOT_EXIST","receipt_amount":"0.00","point_amount":"0.00","buyer_pay_amount":"0.00","invoice_amount":"0.00"},"sign":"IlGZ9x5UhNF2eAqdNMzeNXtVmLVeP4WAHqOs3UIoTeNqOZPSKddjkKWyTMN0yOnmdmvXLs65xA8iLe3vMAOcTv3IRc5Ly+sfXiILXIoyDMo48N1nGL00QjpY712N35H3czuLP1upFRYorbFoh87mPrUkchUunF+PEBdfORFul87T4s2hkFE5Fl1M1wxQAAUDsoOdZiXF4N0VIlZn8XpWkwGhUJTSzC4T5bTxJpGdI0AVbbLy9QZu0eXIaXEtwYSVDV1oFLVBE/DEmKpridtTn9/6ZOtOpBhjgylpbP+J+f2SCp37feezNW+mRc7kxKeaJfjjdbn7pTI1TeynheyWLQ=="}^_^8ms,197ms,8ms^_^trace_id:060001f3178522592174677862231288
26-07-28.16:05:21.220 [scheduling-1    ] INFO  NoPayNotifyOrderJob    - 检测未接收到或未正确处理的支付回调通知，订单未支付成功 orderId:59214591885269 code:40004 tradeStatus:null
26-07-28.16:05:21.457 [scheduling-1    ] ERROR err                    - ErrorScene^_^40004^_^ACQ.TRADE_NOT_EXIST^_^192.168.73.1^_^Windows 11^_^2026-07-28 16:05:21^_^ProtocalMustParams:charset=utf-8&method=alipay.trade.query&sign=UFqWL6Z5vxPj0ZWIRYj3lbT/7lrbuzsGCzEZZt//mTsJVEUvgmgTcq2QAWrgCJJWO02VDiXL50hMrssUsxdR+GhNd+YGW4Ni+aehrsLdsyX85hnFUkrNF+I6EyZytw+bWecqmeNSdt1ZybkCqPHAInQv/ZbFgD71lc+t48UtqufVeF8VVh5xWYf4TPnBLXLXZvRwmwvdFBsElYCHYV9NZmX8E/8IPu633+wT34Iv47U2xithizIylM6G80JgC1Vk6KDFj9nope2KWh5yQcBFSBlmEr1igNe9/qKtrZdM6T9AfqpZVE2EZUHispT8+amBtfgmRgS2EcvKuaMhDgp6Yg==&version=1.0&app_id=9021000165677275&sign_type=RSA2&timestamp=2026-07-28 16:05:21^_^ProtocalOptParams:alipay_sdk=alipay-sdk-java-4.38.157.ALL&format=json^_^ApplicationParams:traceId=06020e08178522592196051952433085&biz_content={"out_trade_no":"63015243383423"}^_^Body:{"alipay_trade_query_response":{"msg":"Business Failed","code":"40004","out_trade_no":"63015243383423","sub_msg":"交易不存在","sub_code":"ACQ.TRADE_NOT_EXIST","receipt_amount":"0.00","point_amount":"0.00","buyer_pay_amount":"0.00","invoice_amount":"0.00"},"sign":"j/BKxEaDkp40hVZnDvR3FjkafML/EKkrgK5tm3o7RpXke6JHNNHQj7dtxjFXrid2kn398BXbOviGV9OREaHEsGkNi7IoyBK1JYReqxxHw+KZz8rrBoqtEmOs09WNzTcKyl/5ieUTw21MI9LZ5QoNI9FiQB3n5vdZv5nJ4536haXV/1ocYO4eOii1Wdd47onG0oGH6w7WLvZT+jP9UP1EcysxWQjk4vfPC2p1W/SB9gAsXt/vZ3hDDoI08AIACsojEfWvD71/4rGQQEyT4naQANCIzeGTzHZEfSOYngieu+N8sDW52hL5yDXMIaHr563fJPxX8LcKEtAYz+SGdbzTrw=="}^_^7ms,221ms,9ms^_^trace_id:06020e08178522592196051952433085
26-07-28.16:05:21.457 [scheduling-1    ] INFO  NoPayNotifyOrderJob    - 检测未接收到或未正确处理的支付回调通知，订单未支付成功 orderId:63015243383423 code:40004 tradeStatus:null
26-07-28.16:05:26.572 [scheduling-1    ] ERROR err                    - 2026-07-28 16:05:26^_^alipay.trade.query^_^null^_^192.168.73.1^_^Windows 11^_^alipay-sdk-java-4.38.157.ALL^_^https://openapi-sandbox.dl.alipaydev.com/gateway.do?charset=utf-8&method=alipay.trade.query&sign=evAwGLY8XKqhAR3cen%2BEoonPOd8%2Bz6l471D7YAYq7c%2BSgClXvdNv7rfERGk2t%2BITGZmuOEWCzowhlXMgk9ggm5JSpeP7rHNysW9gVt1Y6jzJvtwRhuIe%2FhrXvwlW%2Fu2ROdUaOqiNCkJLP74FRcrg1EVrU76omGua%2BzbaIc6Kje7wO8wewoxU4abT2Mc%2F2TpfWP2qzJO9unbuKccsl%2BNxBboP5oahbwQqhZUUjVN1Nvmphq21CxTShkBXyj2vZby5m6XIwHZ4dfb%2BXcoEKcpoJBslqJ0QEqY3f5SrbyjShGKF1Z5xzDqmBfKDRxx28ZkLTeBSGGgiksyp1UBNMUl6kA%3D%3D&version=1.0&app_id=9021000165677275&sign_type=RSA2&timestamp=2026-07-28+16%3A05%3A21&alipay_sdk=alipay-sdk-java-4.38.157.ALL&format=json^_^^_^<!DOCTYPE HTML PUBLIC "-//IETF//DTD HTML 2.0//EN"> <html> <head><title>504 Gateway Time-out</title></head> <body bgcolor="white"> <h1>504 Gateway Time-out</h1> <p>The gateway did not receive a timely response from the upstream server or application. Sorry for the inconvenience.<br/> Please report this message and include the following information to us.<br/> Thank you very much!</p> <table> <tr> <td>URL:</td> <td>http://openapi-sandbox.dl.alipaydev.com/gateway.do?charset=utf-8&amp;method=alipay.trade.query&amp;sign=evAwGLY8XKqhAR3cen%2BEoonPOd8%2Bz6l471D7YAYq7c%2BSgClXvdNv7rfERGk2t%2BITGZmuOEWCzowhlXMgk9ggm5JSpeP7rHNysW9gVt1Y6jzJvtwRhuIe%2FhrXvwlW%2Fu2ROdUaOqiNCkJLP74FRcrg1EVrU76omGua%2BzbaIc6Kje7wO8wewoxU4abT2Mc%2F2TpfWP2qzJO9unbuKccsl%2BNxBboP5oahbwQqhZUUjVN1Nvmphq21CxTShkBXyj2vZby5m6XIwHZ4dfb%2BXcoEKcpoJBslqJ0QEqY3f5SrbyjShGKF1Z5xzDqmBfKDRxx28ZkLTeBSGGgiksyp1UBNMUl6kA%3D%3D&amp;version=1.0&amp;app_id=9021000165677275&amp;sign_type=RSA2&amp;timestamp=2026-07-28+16%3A05%3A21&amp;alipay_sdk=alipay-sdk-java-4.38.157.ALL&amp;format=json</td> </tr> <tr> <td>Server:</td> <td>openapi-55.rz21a.sandbox.alipay.net</td> </tr> <tr> <td>Date:</td> <td>2026/07/28 16:05:27</td> </tr> </table> <hr/>Powered by Tengine </body> </html> 
26-07-28.16:05:26.574 [scheduling-1    ] ERROR NoPayNotifyOrderJob    - 检测未接收到或未正确处理的支付回调通知失败
com.alipay.api.AlipayApiException: java.io.IOException: <!DOCTYPE HTML PUBLIC "-//IETF//DTD HTML 2.0//EN">
<html>
<head><title>504 Gateway Time-out</title></head>
<body bgcolor="white">
<h1>504 Gateway Time-out</h1>
<p>The gateway did not receive a timely response from the upstream server or application. Sorry for the inconvenience.<br/>
Please report this message and include the following information to us.<br/>
Thank you very much!</p>
<table>
<tr>
<td>URL:</td>
<td>http://openapi-sandbox.dl.alipaydev.com/gateway.do?charset=utf-8&amp;method=alipay.trade.query&amp;sign=evAwGLY8XKqhAR3cen%2BEoonPOd8%2Bz6l471D7YAYq7c%2BSgClXvdNv7rfERGk2t%2BITGZmuOEWCzowhlXMgk9ggm5JSpeP7rHNysW9gVt1Y6jzJvtwRhuIe%2FhrXvwlW%2Fu2ROdUaOqiNCkJLP74FRcrg1EVrU76omGua%2BzbaIc6Kje7wO8wewoxU4abT2Mc%2F2TpfWP2qzJO9unbuKccsl%2BNxBboP5oahbwQqhZUUjVN1Nvmphq21CxTShkBXyj2vZby5m6XIwHZ4dfb%2BXcoEKcpoJBslqJ0QEqY3f5SrbyjShGKF1Z5xzDqmBfKDRxx28ZkLTeBSGGgiksyp1UBNMUl6kA%3D%3D&amp;version=1.0&amp;app_id=9021000165677275&amp;sign_type=RSA2&amp;timestamp=2026-07-28+16%3A05%3A21&amp;alipay_sdk=alipay-sdk-java-4.38.157.ALL&amp;format=json</td>
</tr>
<tr>
<td>Server:</td>
<td>openapi-55.rz21a.sandbox.alipay.net</td>
</tr>
<tr>
<td>Date:</td>
<td>2026/07/28 16:05:27</td>
</tr>
</table>
<hr/>Powered by Tengine
</body>
</html>

	at com.alipay.api.AbstractAlipayClient.doPost(AbstractAlipayClient.java:1015)
	at com.alipay.api.AbstractAlipayClient._execute(AbstractAlipayClient.java:921)
	at com.alipay.api.AbstractAlipayClient.execute(AbstractAlipayClient.java:395)
	at com.alipay.api.AbstractAlipayClient.execute(AbstractAlipayClient.java:377)
	at com.alipay.api.AbstractAlipayClient.execute(AbstractAlipayClient.java:372)
	at com.alipay.api.AbstractAlipayClient.execute(AbstractAlipayClient.java:366)
	at cn.bugstack.trigger.job.NoPayNotifyOrderJob.exec(NoPayNotifyOrderJob.java:42)
	at jdk.internal.reflect.GeneratedMethodAccessor22.invoke(Unknown Source)
	at java.base/jdk.internal.reflect.DelegatingMethodAccessorImpl.invoke(DelegatingMethodAccessorImpl.java:43)
	at java.base/java.lang.reflect.Method.invoke(Method.java:566)
	at org.springframework.scheduling.support.ScheduledMethodRunnable.run(ScheduledMethodRunnable.java:84)
	at org.springframework.scheduling.support.DelegatingErrorHandlingRunnable.run(DelegatingErrorHandlingRunnable.java:54)
	at org.springframework.scheduling.concurrent.ReschedulingRunnable.run(ReschedulingRunnable.java:95)
	at java.base/java.util.concurrent.Executors$RunnableAdapter.call(Executors.java:515)
	at java.base/java.util.concurrent.FutureTask.run(FutureTask.java:264)
	at java.base/java.util.concurrent.ScheduledThreadPoolExecutor$ScheduledFutureTask.run(ScheduledThreadPoolExecutor.java:304)
	at java.base/java.util.concurrent.ThreadPoolExecutor.runWorker(ThreadPoolExecutor.java:1128)
	at java.base/java.util.concurrent.ThreadPoolExecutor$Worker.run(ThreadPoolExecutor.java:628)
	at java.base/java.lang.Thread.run(Thread.java:829)
Caused by: java.io.IOException: <!DOCTYPE HTML PUBLIC "-//IETF//DTD HTML 2.0//EN">
<html>
<head><title>504 Gateway Time-out</title></head>
<body bgcolor="white">
<h1>504 Gateway Time-out</h1>
<p>The gateway did not receive a timely response from the upstream server or application. Sorry for the inconvenience.<br/>
Please report this message and include the following information to us.<br/>
Thank you very much!</p>
<table>
<tr>
<td>URL:</td>
<td>http://openapi-sandbox.dl.alipaydev.com/gateway.do?charset=utf-8&amp;method=alipay.trade.query&amp;sign=evAwGLY8XKqhAR3cen%2BEoonPOd8%2Bz6l471D7YAYq7c%2BSgClXvdNv7rfERGk2t%2BITGZmuOEWCzowhlXMgk9ggm5JSpeP7rHNysW9gVt1Y6jzJvtwRhuIe%2FhrXvwlW%2Fu2ROdUaOqiNCkJLP74FRcrg1EVrU76omGua%2BzbaIc6Kje7wO8wewoxU4abT2Mc%2F2TpfWP2qzJO9unbuKccsl%2BNxBboP5oahbwQqhZUUjVN1Nvmphq21CxTShkBXyj2vZby5m6XIwHZ4dfb%2BXcoEKcpoJBslqJ0QEqY3f5SrbyjShGKF1Z5xzDqmBfKDRxx28ZkLTeBSGGgiksyp1UBNMUl6kA%3D%3D&amp;version=1.0&amp;app_id=9021000165677275&amp;sign_type=RSA2&amp;timestamp=2026-07-28+16%3A05%3A21&amp;alipay_sdk=alipay-sdk-java-4.38.157.ALL&amp;format=json</td>
</tr>
<tr>
<td>Server:</td>
<td>openapi-55.rz21a.sandbox.alipay.net</td>
</tr>
<tr>
<td>Date:</td>
<td>2026/07/28 16:05:27</td>
</tr>
</table>
<hr/>Powered by Tengine
</body>
</html>

	at com.alipay.api.internal.util.WebUtils.getResponseAsString(WebUtils.java:520)
	at com.alipay.api.internal.util.WebUtils.doPost(WebUtils.java:181)
	at com.alipay.api.internal.util.WebUtils.doPost(WebUtils.java:142)
	at com.alipay.api.AbstractAlipayClient.doPost(AbstractAlipayClient.java:1003)
	... 18 common frames omitted
26-07-28.16:05:40.125 [scheduling-1    ] ERROR err                    - ErrorScene^_^40004^_^ACQ.TRADE_NOT_EXIST^_^192.168.73.1^_^Windows 11^_^2026-07-28 16:05:40^_^ProtocalMustParams:charset=utf-8&method=alipay.trade.query&sign=QRvkUEJs5ddc3+GB5MZCp3/L/UVisoOOt/APGXbDFN8SrliEvxV6eBbnu60IOt9lb20jvwx05JuxsWnb3H12M2Ica52tBnfwmjknmARZigSJ2GZJ7ZSiQ9nExwVkGaK8u43KuqSAz0tuhIz5bYqhX+8eSdngvNNxFbc0Prz03+jxXn5TEICzxtWyo1dcNaVetm/Y3yiKL3RTaGhlH9d+Kqsdhgzvq/jjohpWdqlG3u3aSMrcWcGpmYVzAXTVx5VL3IfQRXTR97ZM8x+Jv2hkArtMLqLA/rVYxAeWkuyLRYStybByiKFTc1FL9zXKMq82Gld4aPK4jrhq9mOGduGqtQ==&version=1.0&app_id=9021000165677275&sign_type=RSA2&timestamp=2026-07-28 16:05:27^_^ProtocalOptParams:alipay_sdk=alipay-sdk-java-4.38.157.ALL&format=json^_^ApplicationParams:traceId=06002c4e178522594058246351578980&biz_content={"out_trade_no":"59214591885269"}^_^Body:{"alipay_trade_query_response":{"msg":"Business Failed","code":"40004","out_trade_no":"59214591885269","sub_msg":"交易不存在","sub_code":"ACQ.TRADE_NOT_EXIST","receipt_amount":"0.00","point_amount":"0.00","buyer_pay_amount":"0.00","invoice_amount":"0.00"},"sign":"IlGZ9x5UhNF2eAqdNMzeNXtVmLVeP4WAHqOs3UIoTeNqOZPSKddjkKWyTMN0yOnmdmvXLs65xA8iLe3vMAOcTv3IRc5Ly+sfXiILXIoyDMo48N1nGL00QjpY712N35H3czuLP1upFRYorbFoh87mPrUkchUunF+PEBdfORFul87T4s2hkFE5Fl1M1wxQAAUDsoOdZiXF4N0VIlZn8XpWkwGhUJTSzC4T5bTxJpGdI0AVbbLy9QZu0eXIaXEtwYSVDV1oFLVBE/DEmKpridtTn9/6ZOtOpBhjgylpbP+J+f2SCp37feezNW+mRc7kxKeaJfjjdbn7pTI1TeynheyWLQ=="}^_^4ms,13102ms,9ms^_^trace_id:06002c4e178522594058246351578980
26-07-28.16:05:40.125 [scheduling-1    ] INFO  NoPayNotifyOrderJob    - 检测未接收到或未正确处理的支付回调通知，订单未支付成功 orderId:59214591885269 code:40004 tradeStatus:null
26-07-28.16:05:45.249 [scheduling-1    ] ERROR err                    - 2026-07-28 16:05:45^_^alipay.trade.query^_^null^_^192.168.73.1^_^Windows 11^_^alipay-sdk-java-4.38.157.ALL^_^https://openapi-sandbox.dl.alipaydev.com/gateway.do?charset=utf-8&method=alipay.trade.query&sign=mSj0INfrJrF6UuzO097nU5PcwVbTBT0NAmHX%2BLENzivwK5I82ndSpw8js0rUGqcLc0K%2Bg1P9h9NMOBSzYiCLSPFTAmlvwJudMcvT3PY12rpWkvQFkpe3g3kEaRVzcFQjznacRBDgstlu5NHx5%2Fai1u%2Fad0f1m50sXJ4x1NU%2BKPX6nQ0ugI3I2z852VEYI33qAdln8Es8rM2aq0u4gCah2P9WL%2BtyUGvF1Ii9lkDOlhUNN7TXpMj%2FF%2FFI2IhuLdoYY7r5jH9bqCuZ%2FP1RIsITZHsg34sphz6UhJ5q10PmExRP1ZgJCTZ2DWzYwilPxlUe9vdWfo5eHY4E9zVWDgFH0Q%3D%3D&version=1.0&app_id=9021000165677275&sign_type=RSA2&timestamp=2026-07-28+16%3A05%3A40&alipay_sdk=alipay-sdk-java-4.38.157.ALL&format=json^_^^_^<!DOCTYPE HTML PUBLIC "-//IETF//DTD HTML 2.0//EN"> <html> <head><title>504 Gateway Time-out</title></head> <body bgcolor="white"> <h1>504 Gateway Time-out</h1> <p>The gateway did not receive a timely response from the upstream server or application. Sorry for the inconvenience.<br/> Please report this message and include the following information to us.<br/> Thank you very much!</p> <table> <tr> <td>URL:</td> <td>http://openapi-sandbox.dl.alipaydev.com/gateway.do?charset=utf-8&amp;method=alipay.trade.query&amp;sign=mSj0INfrJrF6UuzO097nU5PcwVbTBT0NAmHX%2BLENzivwK5I82ndSpw8js0rUGqcLc0K%2Bg1P9h9NMOBSzYiCLSPFTAmlvwJudMcvT3PY12rpWkvQFkpe3g3kEaRVzcFQjznacRBDgstlu5NHx5%2Fai1u%2Fad0f1m50sXJ4x1NU%2BKPX6nQ0ugI3I2z852VEYI33qAdln8Es8rM2aq0u4gCah2P9WL%2BtyUGvF1Ii9lkDOlhUNN7TXpMj%2FF%2FFI2IhuLdoYY7r5jH9bqCuZ%2FP1RIsITZHsg34sphz6UhJ5q10PmExRP1ZgJCTZ2DWzYwilPxlUe9vdWfo5eHY4E9zVWDgFH0Q%3D%3D&amp;version=1.0&amp;app_id=9021000165677275&amp;sign_type=RSA2&amp;timestamp=2026-07-28+16%3A05%3A40&amp;alipay_sdk=alipay-sdk-java-4.38.157.ALL&amp;format=json</td> </tr> <tr> <td>Server:</td> <td>openapi-57.rz21a.sandbox.alipay.net</td> </tr> <tr> <td>Date:</td> <td>2026/07/28 16:05:45</td> </tr> </table> <hr/>Powered by Tengine </body> </html> 
26-07-28.16:05:45.251 [scheduling-1    ] ERROR NoPayNotifyOrderJob    - 检测未接收到或未正确处理的支付回调通知失败
com.alipay.api.AlipayApiException: java.io.IOException: <!DOCTYPE HTML PUBLIC "-//IETF//DTD HTML 2.0//EN">
<html>
<head><title>504 Gateway Time-out</title></head>
<body bgcolor="white">
<h1>504 Gateway Time-out</h1>
<p>The gateway did not receive a timely response from the upstream server or application. Sorry for the inconvenience.<br/>
Please report this message and include the following information to us.<br/>
Thank you very much!</p>
<table>
<tr>
<td>URL:</td>
<td>http://openapi-sandbox.dl.alipaydev.com/gateway.do?charset=utf-8&amp;method=alipay.trade.query&amp;sign=mSj0INfrJrF6UuzO097nU5PcwVbTBT0NAmHX%2BLENzivwK5I82ndSpw8js0rUGqcLc0K%2Bg1P9h9NMOBSzYiCLSPFTAmlvwJudMcvT3PY12rpWkvQFkpe3g3kEaRVzcFQjznacRBDgstlu5NHx5%2Fai1u%2Fad0f1m50sXJ4x1NU%2BKPX6nQ0ugI3I2z852VEYI33qAdln8Es8rM2aq0u4gCah2P9WL%2BtyUGvF1Ii9lkDOlhUNN7TXpMj%2FF%2FFI2IhuLdoYY7r5jH9bqCuZ%2FP1RIsITZHsg34sphz6UhJ5q10PmExRP1ZgJCTZ2DWzYwilPxlUe9vdWfo5eHY4E9zVWDgFH0Q%3D%3D&amp;version=1.0&amp;app_id=9021000165677275&amp;sign_type=RSA2&amp;timestamp=2026-07-28+16%3A05%3A40&amp;alipay_sdk=alipay-sdk-java-4.38.157.ALL&amp;format=json</td>
</tr>
<tr>
<td>Server:</td>
<td>openapi-57.rz21a.sandbox.alipay.net</td>
</tr>
<tr>
<td>Date:</td>
<td>2026/07/28 16:05:45</td>
</tr>
</table>
<hr/>Powered by Tengine
</body>
</html>

	at com.alipay.api.AbstractAlipayClient.doPost(AbstractAlipayClient.java:1015)
	at com.alipay.api.AbstractAlipayClient._execute(AbstractAlipayClient.java:921)
	at com.alipay.api.AbstractAlipayClient.execute(AbstractAlipayClient.java:395)
	at com.alipay.api.AbstractAlipayClient.execute(AbstractAlipayClient.java:377)
	at com.alipay.api.AbstractAlipayClient.execute(AbstractAlipayClient.java:372)
	at com.alipay.api.AbstractAlipayClient.execute(AbstractAlipayClient.java:366)
	at cn.bugstack.trigger.job.NoPayNotifyOrderJob.exec(NoPayNotifyOrderJob.java:42)
	at jdk.internal.reflect.GeneratedMethodAccessor22.invoke(Unknown Source)
	at java.base/jdk.internal.reflect.DelegatingMethodAccessorImpl.invoke(DelegatingMethodAccessorImpl.java:43)
	at java.base/java.lang.reflect.Method.invoke(Method.java:566)
	at org.springframework.scheduling.support.ScheduledMethodRunnable.run(ScheduledMethodRunnable.java:84)
	at org.springframework.scheduling.support.DelegatingErrorHandlingRunnable.run(DelegatingErrorHandlingRunnable.java:54)
	at org.springframework.scheduling.concurrent.ReschedulingRunnable.run(ReschedulingRunnable.java:95)
	at java.base/java.util.concurrent.Executors$RunnableAdapter.call(Executors.java:515)
	at java.base/java.util.concurrent.FutureTask.run(FutureTask.java:264)
	at java.base/java.util.concurrent.ScheduledThreadPoolExecutor$ScheduledFutureTask.run(ScheduledThreadPoolExecutor.java:304)
	at java.base/java.util.concurrent.ThreadPoolExecutor.runWorker(ThreadPoolExecutor.java:1128)
	at java.base/java.util.concurrent.ThreadPoolExecutor$Worker.run(ThreadPoolExecutor.java:628)
	at java.base/java.lang.Thread.run(Thread.java:829)
Caused by: java.io.IOException: <!DOCTYPE HTML PUBLIC "-//IETF//DTD HTML 2.0//EN">
<html>
<head><title>504 Gateway Time-out</title></head>
<body bgcolor="white">
<h1>504 Gateway Time-out</h1>
<p>The gateway did not receive a timely response from the upstream server or application. Sorry for the inconvenience.<br/>
Please report this message and include the following information to us.<br/>
Thank you very much!</p>
<table>
<tr>
<td>URL:</td>
<td>http://openapi-sandbox.dl.alipaydev.com/gateway.do?charset=utf-8&amp;method=alipay.trade.query&amp;sign=mSj0INfrJrF6UuzO097nU5PcwVbTBT0NAmHX%2BLENzivwK5I82ndSpw8js0rUGqcLc0K%2Bg1P9h9NMOBSzYiCLSPFTAmlvwJudMcvT3PY12rpWkvQFkpe3g3kEaRVzcFQjznacRBDgstlu5NHx5%2Fai1u%2Fad0f1m50sXJ4x1NU%2BKPX6nQ0ugI3I2z852VEYI33qAdln8Es8rM2aq0u4gCah2P9WL%2BtyUGvF1Ii9lkDOlhUNN7TXpMj%2FF%2FFI2IhuLdoYY7r5jH9bqCuZ%2FP1RIsITZHsg34sphz6UhJ5q10PmExRP1ZgJCTZ2DWzYwilPxlUe9vdWfo5eHY4E9zVWDgFH0Q%3D%3D&amp;version=1.0&amp;app_id=9021000165677275&amp;sign_type=RSA2&amp;timestamp=2026-07-28+16%3A05%3A40&amp;alipay_sdk=alipay-sdk-java-4.38.157.ALL&amp;format=json</td>
</tr>
<tr>
<td>Server:</td>
<td>openapi-57.rz21a.sandbox.alipay.net</td>
</tr>
<tr>
<td>Date:</td>
<td>2026/07/28 16:05:45</td>
</tr>
</table>
<hr/>Powered by Tengine
</body>
</html>

	at com.alipay.api.internal.util.WebUtils.getResponseAsString(WebUtils.java:520)
	at com.alipay.api.internal.util.WebUtils.doPost(WebUtils.java:181)
	at com.alipay.api.internal.util.WebUtils.doPost(WebUtils.java:142)
	at com.alipay.api.AbstractAlipayClient.doPost(AbstractAlipayClient.java:1003)
	... 18 common frames omitted
26-07-28.16:05:53.137 [scheduling-1    ] ERROR err                    - 2026-07-28 16:05:53^_^alipay.trade.query^_^null^_^192.168.73.1^_^Windows 11^_^alipay-sdk-java-4.38.157.ALL^_^https://openapi-sandbox.dl.alipaydev.com/gateway.do?charset=utf-8&method=alipay.trade.query&sign=oU%2Ft3aZyEax69bQCDGR7bu6jrompHGm83xN06XuREcbdxgdDy%2BgWqJ06OFRa%2Bt93iPTuqYEPIJgT6ZJ8hVTXAF32DPHvea9aSnmJnNEiyH2rLP6F9zhiGvNc%2B82FlgTnRIQIM7nwz%2FApNVxaMJX4bNChdH%2Bs7CcKYO3mvC8j0lk4TT1Bq0hjQ6hEUe72sEY4tWqOLraQ2t8PM5oTD9S%2BoippeuXiU1lUusqwhWq38K%2BbJLcKSCWxAwe99PYhx7gbz5RUNnfIAbdsH4TX27sR5e9D40XBCIAING9ewAS2LoUO4yFYHed37gZuG4YT1j%2BBwaM7umrqrVA3d%2B%2F7hMn7Eg%3D%3D&version=1.0&app_id=9021000165677275&sign_type=RSA2&timestamp=2026-07-28+16%3A05%3A48&alipay_sdk=alipay-sdk-java-4.38.157.ALL&format=json^_^^_^<!DOCTYPE HTML PUBLIC "-//IETF//DTD HTML 2.0//EN"> <html> <head><title>504 Gateway Time-out</title></head> <body bgcolor="white"> <h1>504 Gateway Time-out</h1> <p>The gateway did not receive a timely response from the upstream server or application. Sorry for the inconvenience.<br/> Please report this message and include the following information to us.<br/> Thank you very much!</p> <table> <tr> <td>URL:</td> <td>http://openapi-sandbox.dl.alipaydev.com/gateway.do?charset=utf-8&amp;method=alipay.trade.query&amp;sign=oU%2Ft3aZyEax69bQCDGR7bu6jrompHGm83xN06XuREcbdxgdDy%2BgWqJ06OFRa%2Bt93iPTuqYEPIJgT6ZJ8hVTXAF32DPHvea9aSnmJnNEiyH2rLP6F9zhiGvNc%2B82FlgTnRIQIM7nwz%2FApNVxaMJX4bNChdH%2Bs7CcKYO3mvC8j0lk4TT1Bq0hjQ6hEUe72sEY4tWqOLraQ2t8PM5oTD9S%2BoippeuXiU1lUusqwhWq38K%2BbJLcKSCWxAwe99PYhx7gbz5RUNnfIAbdsH4TX27sR5e9D40XBCIAING9ewAS2LoUO4yFYHed37gZuG4YT1j%2BBwaM7umrqrVA3d%2B%2F7hMn7Eg%3D%3D&amp;version=1.0&amp;app_id=9021000165677275&amp;sign_type=RSA2&amp;timestamp=2026-07-28+16%3A05%3A48&amp;alipay_sdk=alipay-sdk-java-4.38.157.ALL&amp;format=json</td> </tr> <tr> <td>Server:</td> <td>openapi-57.rz21a.sandbox.alipay.net</td> </tr> <tr> <td>Date:</td> <td>2026/07/28 16:05:53</td> </tr> </table> <hr/>Powered by Tengine </body> </html> 
26-07-28.16:05:53.139 [scheduling-1    ] ERROR NoPayNotifyOrderJob    - 检测未接收到或未正确处理的支付回调通知失败
com.alipay.api.AlipayApiException: java.io.IOException: <!DOCTYPE HTML PUBLIC "-//IETF//DTD HTML 2.0//EN">
<html>
<head><title>504 Gateway Time-out</title></head>
<body bgcolor="white">
<h1>504 Gateway Time-out</h1>
<p>The gateway did not receive a timely response from the upstream server or application. Sorry for the inconvenience.<br/>
Please report this message and include the following information to us.<br/>
Thank you very much!</p>
<table>
<tr>
<td>URL:</td>
<td>http://openapi-sandbox.dl.alipaydev.com/gateway.do?charset=utf-8&amp;method=alipay.trade.query&amp;sign=oU%2Ft3aZyEax69bQCDGR7bu6jrompHGm83xN06XuREcbdxgdDy%2BgWqJ06OFRa%2Bt93iPTuqYEPIJgT6ZJ8hVTXAF32DPHvea9aSnmJnNEiyH2rLP6F9zhiGvNc%2B82FlgTnRIQIM7nwz%2FApNVxaMJX4bNChdH%2Bs7CcKYO3mvC8j0lk4TT1Bq0hjQ6hEUe72sEY4tWqOLraQ2t8PM5oTD9S%2BoippeuXiU1lUusqwhWq38K%2BbJLcKSCWxAwe99PYhx7gbz5RUNnfIAbdsH4TX27sR5e9D40XBCIAING9ewAS2LoUO4yFYHed37gZuG4YT1j%2BBwaM7umrqrVA3d%2B%2F7hMn7Eg%3D%3D&amp;version=1.0&amp;app_id=9021000165677275&amp;sign_type=RSA2&amp;timestamp=2026-07-28+16%3A05%3A48&amp;alipay_sdk=alipay-sdk-java-4.38.157.ALL&amp;format=json</td>
</tr>
<tr>
<td>Server:</td>
<td>openapi-57.rz21a.sandbox.alipay.net</td>
</tr>
<tr>
<td>Date:</td>
<td>2026/07/28 16:05:53</td>
</tr>
</table>
<hr/>Powered by Tengine
</body>
</html>

	at com.alipay.api.AbstractAlipayClient.doPost(AbstractAlipayClient.java:1015)
	at com.alipay.api.AbstractAlipayClient._execute(AbstractAlipayClient.java:921)
	at com.alipay.api.AbstractAlipayClient.execute(AbstractAlipayClient.java:395)
	at com.alipay.api.AbstractAlipayClient.execute(AbstractAlipayClient.java:377)
	at com.alipay.api.AbstractAlipayClient.execute(AbstractAlipayClient.java:372)
	at com.alipay.api.AbstractAlipayClient.execute(AbstractAlipayClient.java:366)
	at cn.bugstack.trigger.job.NoPayNotifyOrderJob.exec(NoPayNotifyOrderJob.java:42)
	at jdk.internal.reflect.GeneratedMethodAccessor22.invoke(Unknown Source)
	at java.base/jdk.internal.reflect.DelegatingMethodAccessorImpl.invoke(DelegatingMethodAccessorImpl.java:43)
	at java.base/java.lang.reflect.Method.invoke(Method.java:566)
	at org.springframework.scheduling.support.ScheduledMethodRunnable.run(ScheduledMethodRunnable.java:84)
	at org.springframework.scheduling.support.DelegatingErrorHandlingRunnable.run(DelegatingErrorHandlingRunnable.java:54)
	at org.springframework.scheduling.concurrent.ReschedulingRunnable.run(ReschedulingRunnable.java:95)
	at java.base/java.util.concurrent.Executors$RunnableAdapter.call(Executors.java:515)
	at java.base/java.util.concurrent.FutureTask.run(FutureTask.java:264)
	at java.base/java.util.concurrent.ScheduledThreadPoolExecutor$ScheduledFutureTask.run(ScheduledThreadPoolExecutor.java:304)
	at java.base/java.util.concurrent.ThreadPoolExecutor.runWorker(ThreadPoolExecutor.java:1128)
	at java.base/java.util.concurrent.ThreadPoolExecutor$Worker.run(ThreadPoolExecutor.java:628)
	at java.base/java.lang.Thread.run(Thread.java:829)
Caused by: java.io.IOException: <!DOCTYPE HTML PUBLIC "-//IETF//DTD HTML 2.0//EN">
<html>
<head><title>504 Gateway Time-out</title></head>
<body bgcolor="white">
<h1>504 Gateway Time-out</h1>
<p>The gateway did not receive a timely response from the upstream server or application. Sorry for the inconvenience.<br/>
Please report this message and include the following information to us.<br/>
Thank you very much!</p>
<table>
<tr>
<td>URL:</td>
<td>http://openapi-sandbox.dl.alipaydev.com/gateway.do?charset=utf-8&amp;method=alipay.trade.query&amp;sign=oU%2Ft3aZyEax69bQCDGR7bu6jrompHGm83xN06XuREcbdxgdDy%2BgWqJ06OFRa%2Bt93iPTuqYEPIJgT6ZJ8hVTXAF32DPHvea9aSnmJnNEiyH2rLP6F9zhiGvNc%2B82FlgTnRIQIM7nwz%2FApNVxaMJX4bNChdH%2Bs7CcKYO3mvC8j0lk4TT1Bq0hjQ6hEUe72sEY4tWqOLraQ2t8PM5oTD9S%2BoippeuXiU1lUusqwhWq38K%2BbJLcKSCWxAwe99PYhx7gbz5RUNnfIAbdsH4TX27sR5e9D40XBCIAING9ewAS2LoUO4yFYHed37gZuG4YT1j%2BBwaM7umrqrVA3d%2B%2F7hMn7Eg%3D%3D&amp;version=1.0&amp;app_id=9021000165677275&amp;sign_type=RSA2&amp;timestamp=2026-07-28+16%3A05%3A48&amp;alipay_sdk=alipay-sdk-java-4.38.157.ALL&amp;format=json</td>
</tr>
<tr>
<td>Server:</td>
<td>openapi-57.rz21a.sandbox.alipay.net</td>
</tr>
<tr>
<td>Date:</td>
<td>2026/07/28 16:05:53</td>
</tr>
</table>
<hr/>Powered by Tengine
</body>
</html>

	at com.alipay.api.internal.util.WebUtils.getResponseAsString(WebUtils.java:520)
	at com.alipay.api.internal.util.WebUtils.doPost(WebUtils.java:181)
	at com.alipay.api.internal.util.WebUtils.doPost(WebUtils.java:142)
	at com.alipay.api.AbstractAlipayClient.doPost(AbstractAlipayClient.java:1003)
	... 18 common frames omitted
26-07-28.16:06:00.104 [scheduling-1    ] ERROR err                    - ErrorScene^_^40004^_^ACQ.TRADE_NOT_EXIST^_^192.168.73.1^_^Windows 11^_^2026-07-28 16:06:00^_^ProtocalMustParams:charset=utf-8&method=alipay.trade.query&sign=FCcguiWnrzhdNU0UQ8584+cpfqgXbIZnd8s+tnE4VXFSPBx8oF7+uT3i26SKIIF2oarP0yEJ3K7iAo+WoVyr7mIB5ZfX98C1M8V+OWdkyx5KgjB2cFOCtIGW8D27UhlIDyznBfrTdpk+6essa+elLHqRh2Y5+MWfAxJKh6zMm0YECNhDvrk+hmE7Lnd4PBpiEwkBtR16CEF3bQSbyGoSC1ydoGv6bSyIDo1vO97BtIN7Sb7SBq2OZ2msb7L36Y32YxilQT9Vs84iIKkmtyXQIQ0OF+JCpL1vWm8kPxjH6Ei7Mm6+al6rKkqbKyynoVOQ+oiqNbxj9fgE20wdAIEqkA==&version=1.0&app_id=9021000165677275&sign_type=RSA2&timestamp=2026-07-28 16:05:54^_^ProtocalOptParams:alipay_sdk=alipay-sdk-java-4.38.157.ALL&format=json^_^ApplicationParams:traceId=060d663d178522596045140718178&biz_content={"out_trade_no":"59214591885269"}^_^Body:{"alipay_trade_query_response":{"msg":"Business Failed","code":"40004","out_trade_no":"59214591885269","sub_msg":"交易不存在","sub_code":"ACQ.TRADE_NOT_EXIST","receipt_amount":"0.00","point_amount":"0.00","buyer_pay_amount":"0.00","invoice_amount":"0.00"},"sign":"IlGZ9x5UhNF2eAqdNMzeNXtVmLVeP4WAHqOs3UIoTeNqOZPSKddjkKWyTMN0yOnmdmvXLs65xA8iLe3vMAOcTv3IRc5Ly+sfXiILXIoyDMo48N1nGL00QjpY712N35H3czuLP1upFRYorbFoh87mPrUkchUunF+PEBdfORFul87T4s2hkFE5Fl1M1wxQAAUDsoOdZiXF4N0VIlZn8XpWkwGhUJTSzC4T5bTxJpGdI0AVbbLy9QZu0eXIaXEtwYSVDV1oFLVBE/DEmKpridtTn9/6ZOtOpBhjgylpbP+J+f2SCp37feezNW+mRc7kxKeaJfjjdbn7pTI1TeynheyWLQ=="}^_^7ms,6081ms,8ms^_^trace_id:060d663d178522596045140718178
26-07-28.16:06:00.104 [scheduling-1    ] INFO  NoPayNotifyOrderJob    - 检测未接收到或未正确处理的支付回调通知，订单未支付成功 orderId:59214591885269 code:40004 tradeStatus:null
26-07-28.16:06:00.424 [scheduling-1    ] ERROR err                    - ErrorScene^_^40004^_^ACQ.TRADE_NOT_EXIST^_^192.168.73.1^_^Windows 11^_^2026-07-28 16:06:00^_^ProtocalMustParams:charset=utf-8&method=alipay.trade.query&sign=kNonqLf61GDuCuYfhsDssqLwZIo2bGsYbumv+z55rTtwlXjpzj7XRrQcPRN2BRWQB/VJ7WENUobiVXV9/8mVyIkCUkaCcIYp1cIvFQeF9pLikDG+x9dpciCXAWpTCdot8MZbk0nVIM1KJtc8Hk8Ppe16fXQony+OKLJANI/Lhc/gfo8FJopvSdgnzQWXmVSKDcLjySny1zrmsTm2ZbdZ6v11bsFJM7Mdv5CGIGjYYqPqAslEBEa2o/E3C928+vNiOe0ffh7wtZRgTwNJKydW7w1t1LSDMy427H+3XVC3NK/Ky5sQPPV/i5o76rOs03+ho/slAomkjGgWlU7issl9JA==&version=1.0&app_id=9021000165677275&sign_type=RSA2&timestamp=2026-07-28 16:06:00^_^ProtocalOptParams:alipay_sdk=alipay-sdk-java-4.38.157.ALL&format=json^_^ApplicationParams:traceId=06002c4e178522596091447251578980&biz_content={"out_trade_no":"63015243383423"}^_^Body:{"alipay_trade_query_response":{"msg":"Business Failed","code":"40004","out_trade_no":"63015243383423","sub_msg":"交易不存在","sub_code":"ACQ.TRADE_NOT_EXIST","receipt_amount":"0.00","point_amount":"0.00","buyer_pay_amount":"0.00","invoice_amount":"0.00"},"sign":"j/BKxEaDkp40hVZnDvR3FjkafML/EKkrgK5tm3o7RpXke6JHNNHQj7dtxjFXrid2kn398BXbOviGV9OREaHEsGkNi7IoyBK1JYReqxxHw+KZz8rrBoqtEmOs09WNzTcKyl/5ieUTw21MI9LZ5QoNI9FiQB3n5vdZv5nJ4536haXV/1ocYO4eOii1Wdd47onG0oGH6w7WLvZT+jP9UP1EcysxWQjk4vfPC2p1W/SB9gAsXt/vZ3hDDoI08AIACsojEfWvD71/4rGQQEyT4naQANCIzeGTzHZEfSOYngieu+N8sDW52hL5yDXMIaHr563fJPxX8LcKEtAYz+SGdbzTrw=="}^_^8ms,304ms,8ms^_^trace_id:06002c4e178522596091447251578980
26-07-28.16:06:00.424 [scheduling-1    ] INFO  NoPayNotifyOrderJob    - 检测未接收到或未正确处理的支付回调通知，订单未支付成功 orderId:63015243383423 code:40004 tradeStatus:null
26-07-28.16:06:00.718 [scheduling-1    ] ERROR err                    - ErrorScene^_^40004^_^ACQ.TRADE_NOT_EXIST^_^192.168.73.1^_^Windows 11^_^2026-07-28 16:06:00^_^ProtocalMustParams:charset=utf-8&method=alipay.trade.query&sign=OLEv44A33jK2rF2gMj4hTx6hvMtLfX8jKqjwVYXFiZKHhVnCZr/25gN4r6U9ut4KBaitk5cF15TCB3cdshS0dX8c6dgw0l1FajaxlVKhe0duPMHQuCnRg7cuOssIl3NxQIUHnzAqAiwXNxeQISk8rAm+9f+Sgv5pKt876NXV/mF7h/tPPg2MziTz74RhcIoAXjWhEUvOIS8i8y/qFJNp3CqzlhseIDF4OreARKHdO1epMW75IrUECjtUq5fSggcZWh1dzt4IyZ37XzaWT1+4TbwqNK493FfIp9ZADiyRQK1nCMK+oQCuRXAvilRp/CCEhMRCuza+pmqj3XHOYlL8Pg==&version=1.0&app_id=9021000165677275&sign_type=RSA2&timestamp=2026-07-28 16:06:00^_^ProtocalOptParams:alipay_sdk=alipay-sdk-java-4.38.157.ALL&format=json^_^ApplicationParams:traceId=060001f3178522596116779462231288&biz_content={"out_trade_no":"05687486819141"}^_^Body:{"alipay_trade_query_response":{"msg":"Business Failed","code":"40004","out_trade_no":"05687486819141","sub_msg":"交易不存在","sub_code":"ACQ.TRADE_NOT_EXIST","receipt_amount":"0.00","point_amount":"0.00","buyer_pay_amount":"0.00","invoice_amount":"0.00"},"sign":"X8+5Q6lbdoyyrQqpUwxTqfCXdBXg7ThJc2U+u8qezqbw+E5fcgtCqABatoc1r72W+dsojv3i6bkcvvMz3DRr5ahBjxU4gwSWCgz4TBIO+/iTBt57VZmROgv9LqvWSmIQTYHEWA0iBdvVQ8wabF8mzeGODzJcDm0eGuZrLQUuAfb7EsMddzf5Fpsu5TpWoCkIHAS+8CRG2vFJn8fHca0ezh5NORm72mkk1XJRvcuT3PelFHmTo+8KP5OR7ez/2fuIcdGiAD+b2i3e+sfFqMTeUrSfNpunUyXCuTC+ottvD15QxCFhRNfVkTvbOhatQUPyKDv4sjFTxoXvcC8oVH1r9Q=="}^_^9ms,276ms,8ms^_^trace_id:060001f3178522596116779462231288
26-07-28.16:06:00.718 [scheduling-1    ] INFO  NoPayNotifyOrderJob    - 检测未接收到或未正确处理的支付回调通知，订单未支付成功 orderId:05687486819141 code:40004 tradeStatus:null
26-07-28.16:06:03.447 [scheduling-1    ] ERROR err                    - ErrorScene^_^40004^_^ACQ.TRADE_NOT_EXIST^_^192.168.73.1^_^Windows 11^_^2026-07-28 16:06:03^_^ProtocalMustParams:charset=utf-8&method=alipay.trade.query&sign=bouSiea6daBO15Q25+yvxBKI0NgA3QvWh4pWSsIotKGlWrv5Vhd44StbKyiE8lddzAYipNtojACaQJ4sEANoVIhb+6qsHdX57hura4AeKSaGSlNScPbc8cDoWFAwKa9vAPk7bw3pJZ7oHWKwJBe2OCAuNPMjFRImWNZTMpysxJkClEfJMzm+zQSvSU+wGuDWd2iXCMpW4Q2a6bfvwSmNSZPR87cTUr9GidOdqN8d1f+Qa+ZzTVZzoDxxpvYpukFi2vshdn0JMomIq6RU50MdEG3rXGCJRJKUNH1JEISKmsx3dN76fLPtilg2RvjvFV5bVsCEO8f2lcg7fTn1WVdNYg==&version=1.0&app_id=9021000165677275&sign_type=RSA2&timestamp=2026-07-28 16:06:03^_^ProtocalOptParams:alipay_sdk=alipay-sdk-java-4.38.157.ALL&format=json^_^ApplicationParams:traceId=06002c4e178522596389747431578980&biz_content={"out_trade_no":"59214591885269"}^_^Body:{"alipay_trade_query_response":{"msg":"Business Failed","code":"40004","out_trade_no":"59214591885269","sub_msg":"交易不存在","sub_code":"ACQ.TRADE_NOT_EXIST","receipt_amount":"0.00","point_amount":"0.00","buyer_pay_amount":"0.00","invoice_amount":"0.00"},"sign":"IlGZ9x5UhNF2eAqdNMzeNXtVmLVeP4WAHqOs3UIoTeNqOZPSKddjkKWyTMN0yOnmdmvXLs65xA8iLe3vMAOcTv3IRc5Ly+sfXiILXIoyDMo48N1nGL00QjpY712N35H3czuLP1upFRYorbFoh87mPrUkchUunF+PEBdfORFul87T4s2hkFE5Fl1M1wxQAAUDsoOdZiXF4N0VIlZn8XpWkwGhUJTSzC4T5bTxJpGdI0AVbbLy9QZu0eXIaXEtwYSVDV1oFLVBE/DEmKpridtTn9/6ZOtOpBhjgylpbP+J+f2SCp37feezNW+mRc7kxKeaJfjjdbn7pTI1TeynheyWLQ=="}^_^9ms,418ms,8ms^_^trace_id:06002c4e178522596389747431578980
26-07-28.16:06:03.447 [scheduling-1    ] INFO  NoPayNotifyOrderJob    - 检测未接收到或未正确处理的支付回调通知，订单未支付成功 orderId:59214591885269 code:40004 tradeStatus:null
26-07-28.16:06:03.794 [scheduling-1    ] ERROR err                    - ErrorScene^_^40004^_^ACQ.TRADE_NOT_EXIST^_^192.168.73.1^_^Windows 11^_^2026-07-28 16:06:03^_^ProtocalMustParams:charset=utf-8&method=alipay.trade.query&sign=GGGcbHFwbB2qGfn0XvDKQQhakYEBG9x4mVg5csVJoVER2noEWlul8bOXCAGpcBZ05/EqF4lZyVdvda5O6nkyrCurGKfaw2Ao6TYz9NeMF4iL1mqgjphwup2S+Oct0SadCY99rnxnwUkOhIDTbSbBsYUjiKEXFa83ocbcVfw0GhdERraOAmtBF91dcx4LZynrpvi4ZesFKp734zJKRROIIhBbwkPTKt3tjzS9UR9X1eJ67+h0gVFX2hkr2axaH1xKeC8HIZoJBhmYBAEKpG1VqnYUwsywaTthFPDXGxcOgQwdgrpBL8EjRlZ40QK5CEL33Ux6lFKJHju1PNYSy38XCw==&version=1.0&app_id=9021000165677275&sign_type=RSA2&timestamp=2026-07-28 16:06:03^_^ProtocalOptParams:alipay_sdk=alipay-sdk-java-4.38.157.ALL&format=json^_^ApplicationParams:traceId=060d663d178522596418441408178&biz_content={"out_trade_no":"63015243383423"}^_^Body:{"alipay_trade_query_response":{"msg":"Business Failed","code":"40004","out_trade_no":"63015243383423","sub_msg":"交易不存在","sub_code":"ACQ.TRADE_NOT_EXIST","receipt_amount":"0.00","point_amount":"0.00","buyer_pay_amount":"0.00","invoice_amount":"0.00"},"sign":"j/BKxEaDkp40hVZnDvR3FjkafML/EKkrgK5tm3o7RpXke6JHNNHQj7dtxjFXrid2kn398BXbOviGV9OREaHEsGkNi7IoyBK1JYReqxxHw+KZz8rrBoqtEmOs09WNzTcKyl/5ieUTw21MI9LZ5QoNI9FiQB3n5vdZv5nJ4536haXV/1ocYO4eOii1Wdd47onG0oGH6w7WLvZT+jP9UP1EcysxWQjk4vfPC2p1W/SB9gAsXt/vZ3hDDoI08AIACsojEfWvD71/4rGQQEyT4naQANCIzeGTzHZEfSOYngieu+N8sDW52hL5yDXMIaHr563fJPxX8LcKEtAYz+SGdbzTrw=="}^_^7ms,331ms,9ms^_^trace_id:060d663d178522596418441408178
26-07-28.16:06:03.794 [scheduling-1    ] INFO  NoPayNotifyOrderJob    - 检测未接收到或未正确处理的支付回调通知，订单未支付成功 orderId:63015243383423 code:40004 tradeStatus:null
26-07-28.16:06:08.917 [scheduling-1    ] ERROR err                    - 2026-07-28 16:06:08^_^alipay.trade.query^_^null^_^192.168.73.1^_^Windows 11^_^alipay-sdk-java-4.38.157.ALL^_^https://openapi-sandbox.dl.alipaydev.com/gateway.do?charset=utf-8&method=alipay.trade.query&sign=HFYf5Lqok0lSCRu3iwCCIFqGe75X%2FkBXOVv0Ecz3EyJc0gnKgGrxA1K1M%2F4ugXlm0Y3DQeTxflGLfsLB4XKN2yE0z4PxhDK10A9hJp9oaxf%2BWDQzG6vLXHEtvy2W5LQVIdVLPoAHu%2BJuT4VVAIAlnPDi%2BUdiSGDlkqYGJq10v9Q5Q0FAXrjNxKdB8R1AGj%2FKY8VZDrJvPScR6A6edaFRUnhkvOmaqfreCKuMS0eK%2F9%2B6tiJ4y1S4nopAEjhF1Q%2FqcqAi8wq7ptem0pcuewXs7pEAEUij1kcFknvws0qVyP2i4Efm1Z6CmPBVJ9j2dTcXcKLIaH4QiilC94rQT7iLDQ%3D%3D&version=1.0&app_id=9021000165677275&sign_type=RSA2&timestamp=2026-07-28+16%3A06%3A03&alipay_sdk=alipay-sdk-java-4.38.157.ALL&format=json^_^^_^<!DOCTYPE HTML PUBLIC "-//IETF//DTD HTML 2.0//EN"> <html> <head><title>504 Gateway Time-out</title></head> <body bgcolor="white"> <h1>504 Gateway Time-out</h1> <p>The gateway did not receive a timely response from the upstream server or application. Sorry for the inconvenience.<br/> Please report this message and include the following information to us.<br/> Thank you very much!</p> <table> <tr> <td>URL:</td> <td>http://openapi-sandbox.dl.alipaydev.com/gateway.do?charset=utf-8&amp;method=alipay.trade.query&amp;sign=HFYf5Lqok0lSCRu3iwCCIFqGe75X%2FkBXOVv0Ecz3EyJc0gnKgGrxA1K1M%2F4ugXlm0Y3DQeTxflGLfsLB4XKN2yE0z4PxhDK10A9hJp9oaxf%2BWDQzG6vLXHEtvy2W5LQVIdVLPoAHu%2BJuT4VVAIAlnPDi%2BUdiSGDlkqYGJq10v9Q5Q0FAXrjNxKdB8R1AGj%2FKY8VZDrJvPScR6A6edaFRUnhkvOmaqfreCKuMS0eK%2F9%2B6tiJ4y1S4nopAEjhF1Q%2FqcqAi8wq7ptem0pcuewXs7pEAEUij1kcFknvws0qVyP2i4Efm1Z6CmPBVJ9j2dTcXcKLIaH4QiilC94rQT7iLDQ%3D%3D&amp;version=1.0&amp;app_id=9021000165677275&amp;sign_type=RSA2&amp;timestamp=2026-07-28+16%3A06%3A03&amp;alipay_sdk=alipay-sdk-java-4.38.157.ALL&amp;format=json</td> </tr> <tr> <td>Server:</td> <td>openapi-57.rz21a.sandbox.alipay.net</td> </tr> <tr> <td>Date:</td> <td>2026/07/28 16:06:09</td> </tr> </table> <hr/>Powered by Tengine </body> </html> 
26-07-28.16:06:08.918 [scheduling-1    ] ERROR NoPayNotifyOrderJob    - 检测未接收到或未正确处理的支付回调通知失败
com.alipay.api.AlipayApiException: java.io.IOException: <!DOCTYPE HTML PUBLIC "-//IETF//DTD HTML 2.0//EN">
<html>
<head><title>504 Gateway Time-out</title></head>
<body bgcolor="white">
<h1>504 Gateway Time-out</h1>
<p>The gateway did not receive a timely response from the upstream server or application. Sorry for the inconvenience.<br/>
Please report this message and include the following information to us.<br/>
Thank you very much!</p>
<table>
<tr>
<td>URL:</td>
<td>http://openapi-sandbox.dl.alipaydev.com/gateway.do?charset=utf-8&amp;method=alipay.trade.query&amp;sign=HFYf5Lqok0lSCRu3iwCCIFqGe75X%2FkBXOVv0Ecz3EyJc0gnKgGrxA1K1M%2F4ugXlm0Y3DQeTxflGLfsLB4XKN2yE0z4PxhDK10A9hJp9oaxf%2BWDQzG6vLXHEtvy2W5LQVIdVLPoAHu%2BJuT4VVAIAlnPDi%2BUdiSGDlkqYGJq10v9Q5Q0FAXrjNxKdB8R1AGj%2FKY8VZDrJvPScR6A6edaFRUnhkvOmaqfreCKuMS0eK%2F9%2B6tiJ4y1S4nopAEjhF1Q%2FqcqAi8wq7ptem0pcuewXs7pEAEUij1kcFknvws0qVyP2i4Efm1Z6CmPBVJ9j2dTcXcKLIaH4QiilC94rQT7iLDQ%3D%3D&amp;version=1.0&amp;app_id=9021000165677275&amp;sign_type=RSA2&amp;timestamp=2026-07-28+16%3A06%3A03&amp;alipay_sdk=alipay-sdk-java-4.38.157.ALL&amp;format=json</td>
</tr>
<tr>
<td>Server:</td>
<td>openapi-57.rz21a.sandbox.alipay.net</td>
</tr>
<tr>
<td>Date:</td>
<td>2026/07/28 16:06:09</td>
</tr>
</table>
<hr/>Powered by Tengine
</body>
</html>

	at com.alipay.api.AbstractAlipayClient.doPost(AbstractAlipayClient.java:1015)
	at com.alipay.api.AbstractAlipayClient._execute(AbstractAlipayClient.java:921)
	at com.alipay.api.AbstractAlipayClient.execute(AbstractAlipayClient.java:395)
	at com.alipay.api.AbstractAlipayClient.execute(AbstractAlipayClient.java:377)
	at com.alipay.api.AbstractAlipayClient.execute(AbstractAlipayClient.java:372)
	at com.alipay.api.AbstractAlipayClient.execute(AbstractAlipayClient.java:366)
	at cn.bugstack.trigger.job.NoPayNotifyOrderJob.exec(NoPayNotifyOrderJob.java:42)
	at jdk.internal.reflect.GeneratedMethodAccessor22.invoke(Unknown Source)
	at java.base/jdk.internal.reflect.DelegatingMethodAccessorImpl.invoke(DelegatingMethodAccessorImpl.java:43)
	at java.base/java.lang.reflect.Method.invoke(Method.java:566)
	at org.springframework.scheduling.support.ScheduledMethodRunnable.run(ScheduledMethodRunnable.java:84)
	at org.springframework.scheduling.support.DelegatingErrorHandlingRunnable.run(DelegatingErrorHandlingRunnable.java:54)
	at org.springframework.scheduling.concurrent.ReschedulingRunnable.run(ReschedulingRunnable.java:95)
	at java.base/java.util.concurrent.Executors$RunnableAdapter.call(Executors.java:515)
	at java.base/java.util.concurrent.FutureTask.run(FutureTask.java:264)
	at java.base/java.util.concurrent.ScheduledThreadPoolExecutor$ScheduledFutureTask.run(ScheduledThreadPoolExecutor.java:304)
	at java.base/java.util.concurrent.ThreadPoolExecutor.runWorker(ThreadPoolExecutor.java:1128)
	at java.base/java.util.concurrent.ThreadPoolExecutor$Worker.run(ThreadPoolExecutor.java:628)
	at java.base/java.lang.Thread.run(Thread.java:829)
Caused by: java.io.IOException: <!DOCTYPE HTML PUBLIC "-//IETF//DTD HTML 2.0//EN">
<html>
<head><title>504 Gateway Time-out</title></head>
<body bgcolor="white">
<h1>504 Gateway Time-out</h1>
<p>The gateway did not receive a timely response from the upstream server or application. Sorry for the inconvenience.<br/>
Please report this message and include the following information to us.<br/>
Thank you very much!</p>
<table>
<tr>
<td>URL:</td>
<td>http://openapi-sandbox.dl.alipaydev.com/gateway.do?charset=utf-8&amp;method=alipay.trade.query&amp;sign=HFYf5Lqok0lSCRu3iwCCIFqGe75X%2FkBXOVv0Ecz3EyJc0gnKgGrxA1K1M%2F4ugXlm0Y3DQeTxflGLfsLB4XKN2yE0z4PxhDK10A9hJp9oaxf%2BWDQzG6vLXHEtvy2W5LQVIdVLPoAHu%2BJuT4VVAIAlnPDi%2BUdiSGDlkqYGJq10v9Q5Q0FAXrjNxKdB8R1AGj%2FKY8VZDrJvPScR6A6edaFRUnhkvOmaqfreCKuMS0eK%2F9%2B6tiJ4y1S4nopAEjhF1Q%2FqcqAi8wq7ptem0pcuewXs7pEAEUij1kcFknvws0qVyP2i4Efm1Z6CmPBVJ9j2dTcXcKLIaH4QiilC94rQT7iLDQ%3D%3D&amp;version=1.0&amp;app_id=9021000165677275&amp;sign_type=RSA2&amp;timestamp=2026-07-28+16%3A06%3A03&amp;alipay_sdk=alipay-sdk-java-4.38.157.ALL&amp;format=json</td>
</tr>
<tr>
<td>Server:</td>
<td>openapi-57.rz21a.sandbox.alipay.net</td>
</tr>
<tr>
<td>Date:</td>
<td>2026/07/28 16:06:09</td>
</tr>
</table>
<hr/>Powered by Tengine
</body>
</html>

	at com.alipay.api.internal.util.WebUtils.getResponseAsString(WebUtils.java:520)
	at com.alipay.api.internal.util.WebUtils.doPost(WebUtils.java:181)
	at com.alipay.api.internal.util.WebUtils.doPost(WebUtils.java:142)
	at com.alipay.api.AbstractAlipayClient.doPost(AbstractAlipayClient.java:1003)
	... 18 common frames omitted
26-07-28.16:06:09.208 [scheduling-1    ] ERROR err                    - ErrorScene^_^40004^_^ACQ.TRADE_NOT_EXIST^_^192.168.73.1^_^Windows 11^_^2026-07-28 16:06:09^_^ProtocalMustParams:charset=utf-8&method=alipay.trade.query&sign=bKV5uHWnUnKw0HBsIoy8U0Y3Yfh3mK+f7oRBgepr5DvxUG/coEgOR2m4PLPGiTjBlDgOw9raszo8tsREmssIg8HQHmNfWBOxSKtp1LjAjqTZyS6Mmbays4KDvbqm2NeOLk/jjfjMAiKQZzSMQDscg2WqiDeoruJX+EfcWrAeKIlX5joGS9IpMKTijouSzwL263BIiMlUaaCqMXAvKZSgY2UhbNtNceFPUOyhr39J9DKmeETDI2sQ765EDQzVuC2vgbEvd7AcwSQ4xeMrfIpJZcQQ/Ki6wjTVKgFu1cbikWCcNj4LVSsEe5l83u9nEDQsKjalbWx+mQophRoV78nrNA==&version=1.0&app_id=9021000165677275&sign_type=RSA2&timestamp=2026-07-28 16:06:09^_^ProtocalOptParams:alipay_sdk=alipay-sdk-java-4.38.157.ALL&format=json^_^ApplicationParams:traceId=060001f3178522596973879932231288&biz_content={"out_trade_no":"59214591885269"}^_^Body:{"alipay_trade_query_response":{"msg":"Business Failed","code":"40004","out_trade_no":"59214591885269","sub_msg":"交易不存在","sub_code":"ACQ.TRADE_NOT_EXIST","receipt_amount":"0.00","point_amount":"0.00","buyer_pay_amount":"0.00","invoice_amount":"0.00"},"sign":"IlGZ9x5UhNF2eAqdNMzeNXtVmLVeP4WAHqOs3UIoTeNqOZPSKddjkKWyTMN0yOnmdmvXLs65xA8iLe3vMAOcTv3IRc5Ly+sfXiILXIoyDMo48N1nGL00QjpY712N35H3czuLP1upFRYorbFoh87mPrUkchUunF+PEBdfORFul87T4s2hkFE5Fl1M1wxQAAUDsoOdZiXF4N0VIlZn8XpWkwGhUJTSzC4T5bTxJpGdI0AVbbLy9QZu0eXIaXEtwYSVDV1oFLVBE/DEmKpridtTn9/6ZOtOpBhjgylpbP+J+f2SCp37feezNW+mRc7kxKeaJfjjdbn7pTI1TeynheyWLQ=="}^_^7ms,178ms,9ms^_^trace_id:060001f3178522596973879932231288
26-07-28.16:06:09.208 [scheduling-1    ] INFO  NoPayNotifyOrderJob    - 检测未接收到或未正确处理的支付回调通知，订单未支付成功 orderId:59214591885269 code:40004 tradeStatus:null
26-07-28.16:06:09.442 [scheduling-1    ] ERROR err                    - ErrorScene^_^40004^_^ACQ.TRADE_NOT_EXIST^_^192.168.73.1^_^Windows 11^_^2026-07-28 16:06:09^_^ProtocalMustParams:charset=utf-8&method=alipay.trade.query&sign=l1qRMmaAIf9RrYdaBmNihpwXvv4l2I/GII9ovhJzm1YQtXRtvmPwZrEMUMfPNw2ZlCmIf0wb9AfrfKpp1yDCXdjqQBuxcpXqonyE0yZZj2MoPXkQ1AqDBkKL+EDoMpCfjkwnEbZgU2afvEX0LynEdOA1qnKkyXvPOVRRkkW0uYeY5iS8eiWrpU5q5aZADSQ8iS/V8uV5mvsafTBA+n3RPJoFnsknrrsCvTNY5d/ljxAaoMGLsSygdwJ3z7vmIa2DTnVuQYoZih6P9R8IFVLH9rn+wh+smaodY2UQKpLlsP+vPHvaZaMRlNHvOFqas5DcxlcIttpnI2km+4D37q1ObQ==&version=1.0&app_id=9021000165677275&sign_type=RSA2&timestamp=2026-07-28 16:06:09^_^ProtocalOptParams:alipay_sdk=alipay-sdk-java-4.38.157.ALL&format=json^_^ApplicationParams:traceId=060d6922178522596993434183502569&biz_content={"out_trade_no":"63015243383423"}^_^Body:{"alipay_trade_query_response":{"msg":"Business Failed","code":"40004","out_trade_no":"63015243383423","sub_msg":"交易不存在","sub_code":"ACQ.TRADE_NOT_EXIST","receipt_amount":"0.00","point_amount":"0.00","buyer_pay_amount":"0.00","invoice_amount":"0.00"},"sign":"j/BKxEaDkp40hVZnDvR3FjkafML/EKkrgK5tm3o7RpXke6JHNNHQj7dtxjFXrid2kn398BXbOviGV9OREaHEsGkNi7IoyBK1JYReqxxHw+KZz8rrBoqtEmOs09WNzTcKyl/5ieUTw21MI9LZ5QoNI9FiQB3n5vdZv5nJ4536haXV/1ocYO4eOii1Wdd47onG0oGH6w7WLvZT+jP9UP1EcysxWQjk4vfPC2p1W/SB9gAsXt/vZ3hDDoI08AIACsojEfWvD71/4rGQQEyT4naQANCIzeGTzHZEfSOYngieu+N8sDW52hL5yDXMIaHr563fJPxX8LcKEtAYz+SGdbzTrw=="}^_^8ms,211ms,15ms^_^trace_id:060d6922178522596993434183502569
26-07-28.16:06:09.442 [scheduling-1    ] INFO  NoPayNotifyOrderJob    - 检测未接收到或未正确处理的支付回调通知，订单未支付成功 orderId:63015243383423 code:40004 tradeStatus:null
26-07-28.16:06:09.648 [scheduling-1    ] ERROR err                    - ErrorScene^_^40004^_^ACQ.TRADE_NOT_EXIST^_^192.168.73.1^_^Windows 11^_^2026-07-28 16:06:09^_^ProtocalMustParams:charset=utf-8&method=alipay.trade.query&sign=H5LN7JxFHayYfTiJHjBh26Y+/qOCdbTslfowiwESJOa1lPbX8Q/pYmMdt2Z27IeRxTJ5ne8W2RIa0WmQrSYhO/OrNsAWhNzELKM8NEdWcG7rZrAqC0TRsYR3vqUVl/56J6sUoAYj9mhzZe2xZ2M6mtHSEy8zNjmsnaUQws5JjyZ7Mecl/b9xMZiQ/sd70hj4JoF6ffu9CkRFniu6t1XN8wN/2RKYCiKRWN+wmcheeJbZR2VryMC2s8eE0dULde8PFGjG5s/8DggIz5v1fmQkd9DsD6vxLyMtQyTZP/XMBHLQDVGKLRfzvf4yTtvn+Ey7Kon8MxPuJYLAMv/oQf/XSg==&version=1.0&app_id=9021000165677275&sign_type=RSA2&timestamp=2026-07-28 16:06:09^_^ProtocalOptParams:alipay_sdk=alipay-sdk-java-4.38.157.ALL&format=json^_^ApplicationParams:traceId=06002c4e178522597017547741578980&biz_content={"out_trade_no":"05687486819141"}^_^Body:{"alipay_trade_query_response":{"msg":"Business Failed","code":"40004","out_trade_no":"05687486819141","sub_msg":"交易不存在","sub_code":"ACQ.TRADE_NOT_EXIST","receipt_amount":"0.00","point_amount":"0.00","buyer_pay_amount":"0.00","invoice_amount":"0.00"},"sign":"X8+5Q6lbdoyyrQqpUwxTqfCXdBXg7ThJc2U+u8qezqbw+E5fcgtCqABatoc1r72W+dsojv3i6bkcvvMz3DRr5ahBjxU4gwSWCgz4TBIO+/iTBt57VZmROgv9LqvWSmIQTYHEWA0iBdvVQ8wabF8mzeGODzJcDm0eGuZrLQUuAfb7EsMddzf5Fpsu5TpWoCkIHAS+8CRG2vFJn8fHca0ezh5NORm72mkk1XJRvcuT3PelFHmTo+8KP5OR7ez/2fuIcdGiAD+b2i3e+sfFqMTeUrSfNpunUyXCuTC+ottvD15QxCFhRNfVkTvbOhatQUPyKDv4sjFTxoXvcC8oVH1r9Q=="}^_^14ms,179ms,13ms^_^trace_id:06002c4e178522597017547741578980
26-07-28.16:06:09.648 [scheduling-1    ] INFO  NoPayNotifyOrderJob    - 检测未接收到或未正确处理的支付回调通知，订单未支付成功 orderId:05687486819141 code:40004 tradeStatus:null
26-07-28.16:06:12.223 [scheduling-1    ] ERROR err                    - ErrorScene^_^40004^_^ACQ.TRADE_NOT_EXIST^_^192.168.73.1^_^Windows 11^_^2026-07-28 16:06:12^_^ProtocalMustParams:charset=utf-8&method=alipay.trade.query&sign=WgjLEeGPK+BgNv7KYi+uHiME6b7qmULehZgSnzvu99ec7yHkjnfqHy90hxZ5cix/R+MVClvA/lnJZ8FEF1B8TD5I5rnxtG0pECPGSGYdjx/GBLYroP0dWzVUsxEdjnBIMVFh8aPV6rvU+rbeRLjtvALpW1wWTnz5H1CNa5hUrDTSGth36SRPaaY5cHOStQuWhBoiL9oqwYQrXxgWFPfDLJN/b/PTh1PtwGtzMT7SgThdK2gMfORVPMGGDJWanOSFU3XkpwGbdmzi8ciuCNim/z4viyuuzOyWJRcElLNFZ/mBIyYaU6CYSrNPklCdhPtwQGWpwHBMI4de6ikC+CRmkg==&version=1.0&app_id=9021000165677275&sign_type=RSA2&timestamp=2026-07-28 16:06:12^_^ProtocalOptParams:alipay_sdk=alipay-sdk-java-4.38.157.ALL&format=json^_^ApplicationParams:traceId=060001f3178522597274480072231288&biz_content={"out_trade_no":"59214591885269"}^_^Body:{"alipay_trade_query_response":{"msg":"Business Failed","code":"40004","out_trade_no":"59214591885269","sub_msg":"交易不存在","sub_code":"ACQ.TRADE_NOT_EXIST","receipt_amount":"0.00","point_amount":"0.00","buyer_pay_amount":"0.00","invoice_amount":"0.00"},"sign":"IlGZ9x5UhNF2eAqdNMzeNXtVmLVeP4WAHqOs3UIoTeNqOZPSKddjkKWyTMN0yOnmdmvXLs65xA8iLe3vMAOcTv3IRc5Ly+sfXiILXIoyDMo48N1nGL00QjpY712N35H3czuLP1upFRYorbFoh87mPrUkchUunF+PEBdfORFul87T4s2hkFE5Fl1M1wxQAAUDsoOdZiXF4N0VIlZn8XpWkwGhUJTSzC4T5bTxJpGdI0AVbbLy9QZu0eXIaXEtwYSVDV1oFLVBE/DEmKpridtTn9/6ZOtOpBhjgylpbP+J+f2SCp37feezNW+mRc7kxKeaJfjjdbn7pTI1TeynheyWLQ=="}^_^8ms,192ms,9ms^_^trace_id:060001f3178522597274480072231288
26-07-28.16:06:12.224 [scheduling-1    ] INFO  NoPayNotifyOrderJob    - 检测未接收到或未正确处理的支付回调通知，订单未支付成功 orderId:59214591885269 code:40004 tradeStatus:null
26-07-28.16:06:17.402 [scheduling-1    ] ERROR err                    - 2026-07-28 16:06:17^_^alipay.trade.query^_^null^_^192.168.73.1^_^Windows 11^_^alipay-sdk-java-4.38.157.ALL^_^https://openapi-sandbox.dl.alipaydev.com/gateway.do?charset=utf-8&method=alipay.trade.query&sign=IE%2FR7aTTABMQ5eK08Zf1hNUk9zEvxtvj2oif3KAYKM%2ByZGqUx2axnL3gBTis%2FK2kq9fXoKYDdcIW7VyKmN5EN28XJlJ9ZuM6rh%2BMmHtST%2Fqdt0vlBYcb%2FldVlqoZWRoNlAaK1LnKFj%2F0sYNBqP7x3NLyHebS26m3IiuZzzRtLm8PDhT7%2FlYA1W5LwmtZb8dJyCUZ9ep%2BnqfV%2FpPb8PtJSv9s4e8Iyj8kK24PQG%2BgAuC4NKvv5POYOMoDTLlAz0sxgKEU5R7fwFgItWQgferXm%2FV2FBMQ6AXGpEQHh0AGu%2FO4WeixBJb3EEIPAI%2BvljJBz4WAgRg7SPiLEguqkEZxew%3D%3D&version=1.0&app_id=9021000165677275&sign_type=RSA2&timestamp=2026-07-28+16%3A06%3A12&alipay_sdk=alipay-sdk-java-4.38.157.ALL&format=json^_^^_^<!DOCTYPE HTML PUBLIC "-//IETF//DTD HTML 2.0//EN"> <html> <head><title>504 Gateway Time-out</title></head> <body bgcolor="white"> <h1>504 Gateway Time-out</h1> <p>The gateway did not receive a timely response from the upstream server or application. Sorry for the inconvenience.<br/> Please report this message and include the following information to us.<br/> Thank you very much!</p> <table> <tr> <td>URL:</td> <td>http://openapi-sandbox.dl.alipaydev.com/gateway.do?charset=utf-8&amp;method=alipay.trade.query&amp;sign=IE%2FR7aTTABMQ5eK08Zf1hNUk9zEvxtvj2oif3KAYKM%2ByZGqUx2axnL3gBTis%2FK2kq9fXoKYDdcIW7VyKmN5EN28XJlJ9ZuM6rh%2BMmHtST%2Fqdt0vlBYcb%2FldVlqoZWRoNlAaK1LnKFj%2F0sYNBqP7x3NLyHebS26m3IiuZzzRtLm8PDhT7%2FlYA1W5LwmtZb8dJyCUZ9ep%2BnqfV%2FpPb8PtJSv9s4e8Iyj8kK24PQG%2BgAuC4NKvv5POYOMoDTLlAz0sxgKEU5R7fwFgItWQgferXm%2FV2FBMQ6AXGpEQHh0AGu%2FO4WeixBJb3EEIPAI%2BvljJBz4WAgRg7SPiLEguqkEZxew%3D%3D&amp;version=1.0&amp;app_id=9021000165677275&amp;sign_type=RSA2&amp;timestamp=2026-07-28+16%3A06%3A12&amp;alipay_sdk=alipay-sdk-java-4.38.157.ALL&amp;format=json</td> </tr> <tr> <td>Server:</td> <td>openapi-55.rz21a.sandbox.alipay.net</td> </tr> <tr> <td>Date:</td> <td>2026/07/28 16:06:17</td> </tr> </table> <hr/>Powered by Tengine </body> </html> 
26-07-28.16:06:17.402 [scheduling-1    ] ERROR NoPayNotifyOrderJob    - 检测未接收到或未正确处理的支付回调通知失败
com.alipay.api.AlipayApiException: java.io.IOException: <!DOCTYPE HTML PUBLIC "-//IETF//DTD HTML 2.0//EN">
<html>
<head><title>504 Gateway Time-out</title></head>
<body bgcolor="white">
<h1>504 Gateway Time-out</h1>
<p>The gateway did not receive a timely response from the upstream server or application. Sorry for the inconvenience.<br/>
Please report this message and include the following information to us.<br/>
Thank you very much!</p>
<table>
<tr>
<td>URL:</td>
<td>http://openapi-sandbox.dl.alipaydev.com/gateway.do?charset=utf-8&amp;method=alipay.trade.query&amp;sign=IE%2FR7aTTABMQ5eK08Zf1hNUk9zEvxtvj2oif3KAYKM%2ByZGqUx2axnL3gBTis%2FK2kq9fXoKYDdcIW7VyKmN5EN28XJlJ9ZuM6rh%2BMmHtST%2Fqdt0vlBYcb%2FldVlqoZWRoNlAaK1LnKFj%2F0sYNBqP7x3NLyHebS26m3IiuZzzRtLm8PDhT7%2FlYA1W5LwmtZb8dJyCUZ9ep%2BnqfV%2FpPb8PtJSv9s4e8Iyj8kK24PQG%2BgAuC4NKvv5POYOMoDTLlAz0sxgKEU5R7fwFgItWQgferXm%2FV2FBMQ6AXGpEQHh0AGu%2FO4WeixBJb3EEIPAI%2BvljJBz4WAgRg7SPiLEguqkEZxew%3D%3D&amp;version=1.0&amp;app_id=9021000165677275&amp;sign_type=RSA2&amp;timestamp=2026-07-28+16%3A06%3A12&amp;alipay_sdk=alipay-sdk-java-4.38.157.ALL&amp;format=json</td>
</tr>
<tr>
<td>Server:</td>
<td>openapi-55.rz21a.sandbox.alipay.net</td>
</tr>
<tr>
<td>Date:</td>
<td>2026/07/28 16:06:17</td>
</tr>
</table>
<hr/>Powered by Tengine
</body>
</html>

	at com.alipay.api.AbstractAlipayClient.doPost(AbstractAlipayClient.java:1015)
	at com.alipay.api.AbstractAlipayClient._execute(AbstractAlipayClient.java:921)
	at com.alipay.api.AbstractAlipayClient.execute(AbstractAlipayClient.java:395)
	at com.alipay.api.AbstractAlipayClient.execute(AbstractAlipayClient.java:377)
	at com.alipay.api.AbstractAlipayClient.execute(AbstractAlipayClient.java:372)
	at com.alipay.api.AbstractAlipayClient.execute(AbstractAlipayClient.java:366)
	at cn.bugstack.trigger.job.NoPayNotifyOrderJob.exec(NoPayNotifyOrderJob.java:42)
	at jdk.internal.reflect.GeneratedMethodAccessor22.invoke(Unknown Source)
	at java.base/jdk.internal.reflect.DelegatingMethodAccessorImpl.invoke(DelegatingMethodAccessorImpl.java:43)
	at java.base/java.lang.reflect.Method.invoke(Method.java:566)
	at org.springframework.scheduling.support.ScheduledMethodRunnable.run(ScheduledMethodRunnable.java:84)
	at org.springframework.scheduling.support.DelegatingErrorHandlingRunnable.run(DelegatingErrorHandlingRunnable.java:54)
	at org.springframework.scheduling.concurrent.ReschedulingRunnable.run(ReschedulingRunnable.java:95)
	at java.base/java.util.concurrent.Executors$RunnableAdapter.call(Executors.java:515)
	at java.base/java.util.concurrent.FutureTask.run(FutureTask.java:264)
	at java.base/java.util.concurrent.ScheduledThreadPoolExecutor$ScheduledFutureTask.run(ScheduledThreadPoolExecutor.java:304)
	at java.base/java.util.concurrent.ThreadPoolExecutor.runWorker(ThreadPoolExecutor.java:1128)
	at java.base/java.util.concurrent.ThreadPoolExecutor$Worker.run(ThreadPoolExecutor.java:628)
	at java.base/java.lang.Thread.run(Thread.java:829)
Caused by: java.io.IOException: <!DOCTYPE HTML PUBLIC "-//IETF//DTD HTML 2.0//EN">
<html>
<head><title>504 Gateway Time-out</title></head>
<body bgcolor="white">
<h1>504 Gateway Time-out</h1>
<p>The gateway did not receive a timely response from the upstream server or application. Sorry for the inconvenience.<br/>
Please report this message and include the following information to us.<br/>
Thank you very much!</p>
<table>
<tr>
<td>URL:</td>
<td>http://openapi-sandbox.dl.alipaydev.com/gateway.do?charset=utf-8&amp;method=alipay.trade.query&amp;sign=IE%2FR7aTTABMQ5eK08Zf1hNUk9zEvxtvj2oif3KAYKM%2ByZGqUx2axnL3gBTis%2FK2kq9fXoKYDdcIW7VyKmN5EN28XJlJ9ZuM6rh%2BMmHtST%2Fqdt0vlBYcb%2FldVlqoZWRoNlAaK1LnKFj%2F0sYNBqP7x3NLyHebS26m3IiuZzzRtLm8PDhT7%2FlYA1W5LwmtZb8dJyCUZ9ep%2BnqfV%2FpPb8PtJSv9s4e8Iyj8kK24PQG%2BgAuC4NKvv5POYOMoDTLlAz0sxgKEU5R7fwFgItWQgferXm%2FV2FBMQ6AXGpEQHh0AGu%2FO4WeixBJb3EEIPAI%2BvljJBz4WAgRg7SPiLEguqkEZxew%3D%3D&amp;version=1.0&amp;app_id=9021000165677275&amp;sign_type=RSA2&amp;timestamp=2026-07-28+16%3A06%3A12&amp;alipay_sdk=alipay-sdk-java-4.38.157.ALL&amp;format=json</td>
</tr>
<tr>
<td>Server:</td>
<td>openapi-55.rz21a.sandbox.alipay.net</td>
</tr>
<tr>
<td>Date:</td>
<td>2026/07/28 16:06:17</td>
</tr>
</table>
<hr/>Powered by Tengine
</body>
</html>

	at com.alipay.api.internal.util.WebUtils.getResponseAsString(WebUtils.java:520)
	at com.alipay.api.internal.util.WebUtils.doPost(WebUtils.java:181)
	at com.alipay.api.internal.util.WebUtils.doPost(WebUtils.java:142)
	at com.alipay.api.AbstractAlipayClient.doPost(AbstractAlipayClient.java:1003)
	... 18 common frames omitted
26-07-28.16:06:19.047 [scheduling-1    ] ERROR err                    - ErrorScene^_^40004^_^ACQ.TRADE_NOT_EXIST^_^192.168.73.1^_^Windows 11^_^2026-07-28 16:06:19^_^ProtocalMustParams:charset=utf-8&method=alipay.trade.query&sign=oRNl8Fhkfki1A5RirM5KVU6qyxI5an/zDRhGwb+MtGx6m8asp0p6esxS3XopOY6wBcC0aWOrskZnP5tP2u0jOzDBrbR0BLPKxGqbQJiON0GkrcQb6ROfBDsAYViqZL8sLO3GItKJIV8b5pXs4ttIyddoPp/ZY6Lx2zmkYOqQVKYq5tvt9MLoCqwgwo21D/vJQ4n49+ddaeKdi60s4PWL+nVuF35DqPU5Yyi03YtvKyjq4rPTKtaNuOUKJ+Fe07SU7+EZqxY5EG1jlTdP0dp4IuTKh1tGLgD8+Qyvy2ty8BRhXDwzgOItqQmIH/Q10kX8VRJgaOgs4sb3Z6HZMyB4FQ==&version=1.0&app_id=9021000165677275&sign_type=RSA2&timestamp=2026-07-28 16:06:18^_^ProtocalOptParams:alipay_sdk=alipay-sdk-java-4.38.157.ALL&format=json^_^ApplicationParams:traceId=060d663d178522597946842048178&biz_content={"out_trade_no":"59214591885269"}^_^Body:{"alipay_trade_query_response":{"msg":"Business Failed","code":"40004","out_trade_no":"59214591885269","sub_msg":"交易不存在","sub_code":"ACQ.TRADE_NOT_EXIST","receipt_amount":"0.00","point_amount":"0.00","buyer_pay_amount":"0.00","invoice_amount":"0.00"},"sign":"IlGZ9x5UhNF2eAqdNMzeNXtVmLVeP4WAHqOs3UIoTeNqOZPSKddjkKWyTMN0yOnmdmvXLs65xA8iLe3vMAOcTv3IRc5Ly+sfXiILXIoyDMo48N1nGL00QjpY712N35H3czuLP1upFRYorbFoh87mPrUkchUunF+PEBdfORFul87T4s2hkFE5Fl1M1wxQAAUDsoOdZiXF4N0VIlZn8XpWkwGhUJTSzC4T5bTxJpGdI0AVbbLy9QZu0eXIaXEtwYSVDV1oFLVBE/DEmKpridtTn9/6ZOtOpBhjgylpbP+J+f2SCp37feezNW+mRc7kxKeaJfjjdbn7pTI1TeynheyWLQ=="}^_^8ms,1020ms,8ms^_^trace_id:060d663d178522597946842048178
26-07-28.16:06:19.047 [scheduling-1    ] INFO  NoPayNotifyOrderJob    - 检测未接收到或未正确处理的支付回调通知，订单未支付成功 orderId:59214591885269 code:40004 tradeStatus:null
26-07-28.16:06:19.269 [scheduling-1    ] ERROR err                    - ErrorScene^_^40004^_^ACQ.TRADE_NOT_EXIST^_^192.168.73.1^_^Windows 11^_^2026-07-28 16:06:19^_^ProtocalMustParams:charset=utf-8&method=alipay.trade.query&sign=Q3Sk6rDCi7OcRVdYMO4iYBkSvATI+adTTEPrAc2TzMPM4aW13nOTmbmPxhRRmkIjxrUAU09vZgF72se6kqQxWe2D5n4RWCI+eTMUb3EnpAl2C8FlnXuyKUT68mYmKPbtw3Q6cUWRrXnUF43a/a8f38UNSDkUcc8BHi4isjn7LMi5ZC2nmTUHB+EA+7AMKBE4l34/DWbY4QlhmZ4CZEikKNpDQo6eI+/Xtwao0yuy/EUIQA4W9emQpt7K7x+CjzJqi9nXp/zGZwjF9M1TNBBRYYZoxOxda6zo+onNEPOVyYpgUW5zW6pJyiaT5HNV8xCLm/C4XiwFCjNdb/pPNgPEQg==&version=1.0&app_id=9021000165677275&sign_type=RSA2&timestamp=2026-07-28 16:06:19^_^ProtocalOptParams:alipay_sdk=alipay-sdk-java-4.38.157.ALL&format=json^_^ApplicationParams:traceId=060d663d178522597977142078178&biz_content={"out_trade_no":"63015243383423"}^_^Body:{"alipay_trade_query_response":{"msg":"Business Failed","code":"40004","out_trade_no":"63015243383423","sub_msg":"交易不存在","sub_code":"ACQ.TRADE_NOT_EXIST","receipt_amount":"0.00","point_amount":"0.00","buyer_pay_amount":"0.00","invoice_amount":"0.00"},"sign":"j/BKxEaDkp40hVZnDvR3FjkafML/EKkrgK5tm3o7RpXke6JHNNHQj7dtxjFXrid2kn398BXbOviGV9OREaHEsGkNi7IoyBK1JYReqxxHw+KZz8rrBoqtEmOs09WNzTcKyl/5ieUTw21MI9LZ5QoNI9FiQB3n5vdZv5nJ4536haXV/1ocYO4eOii1Wdd47onG0oGH6w7WLvZT+jP9UP1EcysxWQjk4vfPC2p1W/SB9gAsXt/vZ3hDDoI08AIACsojEfWvD71/4rGQQEyT4naQANCIzeGTzHZEfSOYngieu+N8sDW52hL5yDXMIaHr563fJPxX8LcKEtAYz+SGdbzTrw=="}^_^8ms,206ms,8ms^_^trace_id:060d663d178522597977142078178
26-07-28.16:06:19.269 [scheduling-1    ] INFO  NoPayNotifyOrderJob    - 检测未接收到或未正确处理的支付回调通知，订单未支付成功 orderId:63015243383423 code:40004 tradeStatus:null
26-07-28.16:06:19.560 [scheduling-1    ] ERROR err                    - ErrorScene^_^40004^_^ACQ.TRADE_NOT_EXIST^_^192.168.73.1^_^Windows 11^_^2026-07-28 16:06:19^_^ProtocalMustParams:charset=utf-8&method=alipay.trade.query&sign=MJ7g7vgusaCNyTJ7Rc/1pHdYhF3V0jUL4az4OMuc9I+ka/3qlze6LQGnNNmW+N2/V7lX9+6wHvcTndz2M9RbcWKGTu+yCBT9mGtDTKfkTAjUNllSkOdzteQA3Mw8v2rhe/ySRpleb2vPkWOt4qZpR7A4RfYFHqcnB51GjD40Pvia6ubS7Q2V0GIVzVGs1z/WK3C1I7FFRxHZUm2ZKvp6TDislJA6P/77rDh4ngKiqXSpig23TuNCqoA+KCPCAmX/4hJ14JOwSfUlq0urD/bzMjI7FvuMZyRhjqFoE6aiBjUDViMHZxquanlpdO1cbcmdfKEj5h+Gc2Wi8s3jcKtcEw==&version=1.0&app_id=9021000165677275&sign_type=RSA2&timestamp=2026-07-28 16:06:19^_^ProtocalOptParams:alipay_sdk=alipay-sdk-java-4.38.157.ALL&format=json^_^ApplicationParams:traceId=060001f3178522598000680422231288&biz_content={"out_trade_no":"05687486819141"}^_^Body:{"alipay_trade_query_response":{"msg":"Business Failed","code":"40004","out_trade_no":"05687486819141","sub_msg":"交易不存在","sub_code":"ACQ.TRADE_NOT_EXIST","receipt_amount":"0.00","point_amount":"0.00","buyer_pay_amount":"0.00","invoice_amount":"0.00"},"sign":"X8+5Q6lbdoyyrQqpUwxTqfCXdBXg7ThJc2U+u8qezqbw+E5fcgtCqABatoc1r72W+dsojv3i6bkcvvMz3DRr5ahBjxU4gwSWCgz4TBIO+/iTBt57VZmROgv9LqvWSmIQTYHEWA0iBdvVQ8wabF8mzeGODzJcDm0eGuZrLQUuAfb7EsMddzf5Fpsu5TpWoCkIHAS+8CRG2vFJn8fHca0ezh5NORm72mkk1XJRvcuT3PelFHmTo+8KP5OR7ez/2fuIcdGiAD+b2i3e+sfFqMTeUrSfNpunUyXCuTC+ottvD15QxCFhRNfVkTvbOhatQUPyKDv4sjFTxoXvcC8oVH1r9Q=="}^_^8ms,275ms,8ms^_^trace_id:060001f3178522598000680422231288
26-07-28.16:06:19.560 [scheduling-1    ] INFO  NoPayNotifyOrderJob    - 检测未接收到或未正确处理的支付回调通知，订单未支付成功 orderId:05687486819141 code:40004 tradeStatus:null
26-07-28.16:06:26.209 [scheduling-1    ] ERROR err                    - 2026-07-28 16:06:26^_^alipay.trade.query^_^null^_^192.168.73.1^_^Windows 11^_^alipay-sdk-java-4.38.157.ALL^_^https://openapi-sandbox.dl.alipaydev.com/gateway.do?charset=utf-8&method=alipay.trade.query&sign=KtD7BzAhHgKZBylduB9tzMjsevei7QpnbHtyyRNVX%2FMfpWSj6FczQIruhvBNIfn7NW2MBkPfLPAwW8OuKQKPW%2FCkfrBzaq%2Fd%2FtGX%2BVrnR6upAONk3KbmwVq24o5bJbnLRZ4pkKVIzS1zN4vnK1Hp5UNbkamNzrTvXUSXqlkwX4uIblS8Suh6u1p4%2BGdgPMEdR4tw6P7T1tpN2IQgml%2BdEZjApLHA055%2Bm40sxNS0L0jMNOOX28qh9Fq%2Fwd3EYcMJfnuOMm%2BRiytQDmhr3MSauJICsUbMgpxUkY8IPyQUgfsroDPW8RsYanaf8v3%2Fyavqule0Wqg8ET6Pn9g7EOMU4A%3D%3D&version=1.0&app_id=9021000165677275&sign_type=RSA2&timestamp=2026-07-28+16%3A06%3A21&alipay_sdk=alipay-sdk-java-4.38.157.ALL&format=json^_^^_^<!DOCTYPE HTML PUBLIC "-//IETF//DTD HTML 2.0//EN"> <html> <head><title>504 Gateway Time-out</title></head> <body bgcolor="white"> <h1>504 Gateway Time-out</h1> <p>The gateway did not receive a timely response from the upstream server or application. Sorry for the inconvenience.<br/> Please report this message and include the following information to us.<br/> Thank you very much!</p> <table> <tr> <td>URL:</td> <td>http://openapi-sandbox.dl.alipaydev.com/gateway.do?charset=utf-8&amp;method=alipay.trade.query&amp;sign=KtD7BzAhHgKZBylduB9tzMjsevei7QpnbHtyyRNVX%2FMfpWSj6FczQIruhvBNIfn7NW2MBkPfLPAwW8OuKQKPW%2FCkfrBzaq%2Fd%2FtGX%2BVrnR6upAONk3KbmwVq24o5bJbnLRZ4pkKVIzS1zN4vnK1Hp5UNbkamNzrTvXUSXqlkwX4uIblS8Suh6u1p4%2BGdgPMEdR4tw6P7T1tpN2IQgml%2BdEZjApLHA055%2Bm40sxNS0L0jMNOOX28qh9Fq%2Fwd3EYcMJfnuOMm%2BRiytQDmhr3MSauJICsUbMgpxUkY8IPyQUgfsroDPW8RsYanaf8v3%2Fyavqule0Wqg8ET6Pn9g7EOMU4A%3D%3D&amp;version=1.0&amp;app_id=9021000165677275&amp;sign_type=RSA2&amp;timestamp=2026-07-28+16%3A06%3A21&amp;alipay_sdk=alipay-sdk-java-4.38.157.ALL&amp;format=json</td> </tr> <tr> <td>Server:</td> <td>openapi-57.rz21a.sandbox.alipay.net</td> </tr> <tr> <td>Date:</td> <td>2026/07/28 16:06:26</td> </tr> </table> <hr/>Powered by Tengine </body> </html> 
26-07-28.16:06:26.209 [scheduling-1    ] ERROR NoPayNotifyOrderJob    - 检测未接收到或未正确处理的支付回调通知失败
com.alipay.api.AlipayApiException: java.io.IOException: <!DOCTYPE HTML PUBLIC "-//IETF//DTD HTML 2.0//EN">
<html>
<head><title>504 Gateway Time-out</title></head>
<body bgcolor="white">
<h1>504 Gateway Time-out</h1>
<p>The gateway did not receive a timely response from the upstream server or application. Sorry for the inconvenience.<br/>
Please report this message and include the following information to us.<br/>
Thank you very much!</p>
<table>
<tr>
<td>URL:</td>
<td>http://openapi-sandbox.dl.alipaydev.com/gateway.do?charset=utf-8&amp;method=alipay.trade.query&amp;sign=KtD7BzAhHgKZBylduB9tzMjsevei7QpnbHtyyRNVX%2FMfpWSj6FczQIruhvBNIfn7NW2MBkPfLPAwW8OuKQKPW%2FCkfrBzaq%2Fd%2FtGX%2BVrnR6upAONk3KbmwVq24o5bJbnLRZ4pkKVIzS1zN4vnK1Hp5UNbkamNzrTvXUSXqlkwX4uIblS8Suh6u1p4%2BGdgPMEdR4tw6P7T1tpN2IQgml%2BdEZjApLHA055%2Bm40sxNS0L0jMNOOX28qh9Fq%2Fwd3EYcMJfnuOMm%2BRiytQDmhr3MSauJICsUbMgpxUkY8IPyQUgfsroDPW8RsYanaf8v3%2Fyavqule0Wqg8ET6Pn9g7EOMU4A%3D%3D&amp;version=1.0&amp;app_id=9021000165677275&amp;sign_type=RSA2&amp;timestamp=2026-07-28+16%3A06%3A21&amp;alipay_sdk=alipay-sdk-java-4.38.157.ALL&amp;format=json</td>
</tr>
<tr>
<td>Server:</td>
<td>openapi-57.rz21a.sandbox.alipay.net</td>
</tr>
<tr>
<td>Date:</td>
<td>2026/07/28 16:06:26</td>
</tr>
</table>
<hr/>Powered by Tengine
</body>
</html>

	at com.alipay.api.AbstractAlipayClient.doPost(AbstractAlipayClient.java:1015)
	at com.alipay.api.AbstractAlipayClient._execute(AbstractAlipayClient.java:921)
	at com.alipay.api.AbstractAlipayClient.execute(AbstractAlipayClient.java:395)
	at com.alipay.api.AbstractAlipayClient.execute(AbstractAlipayClient.java:377)
	at com.alipay.api.AbstractAlipayClient.execute(AbstractAlipayClient.java:372)
	at com.alipay.api.AbstractAlipayClient.execute(AbstractAlipayClient.java:366)
	at cn.bugstack.trigger.job.NoPayNotifyOrderJob.exec(NoPayNotifyOrderJob.java:42)
	at jdk.internal.reflect.GeneratedMethodAccessor22.invoke(Unknown Source)
	at java.base/jdk.internal.reflect.DelegatingMethodAccessorImpl.invoke(DelegatingMethodAccessorImpl.java:43)
	at java.base/java.lang.reflect.Method.invoke(Method.java:566)
	at org.springframework.scheduling.support.ScheduledMethodRunnable.run(ScheduledMethodRunnable.java:84)
	at org.springframework.scheduling.support.DelegatingErrorHandlingRunnable.run(DelegatingErrorHandlingRunnable.java:54)
	at org.springframework.scheduling.concurrent.ReschedulingRunnable.run(ReschedulingRunnable.java:95)
	at java.base/java.util.concurrent.Executors$RunnableAdapter.call(Executors.java:515)
	at java.base/java.util.concurrent.FutureTask.run(FutureTask.java:264)
	at java.base/java.util.concurrent.ScheduledThreadPoolExecutor$ScheduledFutureTask.run(ScheduledThreadPoolExecutor.java:304)
	at java.base/java.util.concurrent.ThreadPoolExecutor.runWorker(ThreadPoolExecutor.java:1128)
	at java.base/java.util.concurrent.ThreadPoolExecutor$Worker.run(ThreadPoolExecutor.java:628)
	at java.base/java.lang.Thread.run(Thread.java:829)
Caused by: java.io.IOException: <!DOCTYPE HTML PUBLIC "-//IETF//DTD HTML 2.0//EN">
<html>
<head><title>504 Gateway Time-out</title></head>
<body bgcolor="white">
<h1>504 Gateway Time-out</h1>
<p>The gateway did not receive a timely response from the upstream server or application. Sorry for the inconvenience.<br/>
Please report this message and include the following information to us.<br/>
Thank you very much!</p>
<table>
<tr>
<td>URL:</td>
<td>http://openapi-sandbox.dl.alipaydev.com/gateway.do?charset=utf-8&amp;method=alipay.trade.query&amp;sign=KtD7BzAhHgKZBylduB9tzMjsevei7QpnbHtyyRNVX%2FMfpWSj6FczQIruhvBNIfn7NW2MBkPfLPAwW8OuKQKPW%2FCkfrBzaq%2Fd%2FtGX%2BVrnR6upAONk3KbmwVq24o5bJbnLRZ4pkKVIzS1zN4vnK1Hp5UNbkamNzrTvXUSXqlkwX4uIblS8Suh6u1p4%2BGdgPMEdR4tw6P7T1tpN2IQgml%2BdEZjApLHA055%2Bm40sxNS0L0jMNOOX28qh9Fq%2Fwd3EYcMJfnuOMm%2BRiytQDmhr3MSauJICsUbMgpxUkY8IPyQUgfsroDPW8RsYanaf8v3%2Fyavqule0Wqg8ET6Pn9g7EOMU4A%3D%3D&amp;version=1.0&amp;app_id=9021000165677275&amp;sign_type=RSA2&amp;timestamp=2026-07-28+16%3A06%3A21&amp;alipay_sdk=alipay-sdk-java-4.38.157.ALL&amp;format=json</td>
</tr>
<tr>
<td>Server:</td>
<td>openapi-57.rz21a.sandbox.alipay.net</td>
</tr>
<tr>
<td>Date:</td>
<td>2026/07/28 16:06:26</td>
</tr>
</table>
<hr/>Powered by Tengine
</body>
</html>

	at com.alipay.api.internal.util.WebUtils.getResponseAsString(WebUtils.java:520)
	at com.alipay.api.internal.util.WebUtils.doPost(WebUtils.java:181)
	at com.alipay.api.internal.util.WebUtils.doPost(WebUtils.java:142)
	at com.alipay.api.AbstractAlipayClient.doPost(AbstractAlipayClient.java:1003)
	... 18 common frames omitted
26-07-28.16:06:27.343 [scheduling-1    ] ERROR err                    - ErrorScene^_^40004^_^ACQ.TRADE_NOT_EXIST^_^192.168.73.1^_^Windows 11^_^2026-07-28 16:06:27^_^ProtocalMustParams:charset=utf-8&method=alipay.trade.query&sign=dpM5KO0uxIpp6A1ACRrIhrEzNNAdB2UFF48T+VsY+/utgvsHft23V5fOWpGkWFu4QcpEk4hAzjp0Mu9lVG6ud2zvxP+VqoXNSyiIMIQnlvKldrLxA4PNOW28XGceABmJEp0a9ZtygLRK0sW1IJQRTDhR9qMaPFPWVwvNC7YtMj9eYS+JLAzBgeem/yOObQC1IR09T77PBdQluH7Q6tuIXhJW8l7II7jj3/YWCaQxE88oJPUFdDbAeCfEk1hOcTB21dejMFkDSNjgysDg/AwxxKKNtb2C74tXmjb4D0HXBuR2RJASl9aphtp5CjBtdr9bjxTS/9BsOO2xxmJpOMccfA==&version=1.0&app_id=9021000165677275&sign_type=RSA2&timestamp=2026-07-28 16:06:27^_^ProtocalOptParams:alipay_sdk=alipay-sdk-java-4.38.157.ALL&format=json^_^ApplicationParams:traceId=060001f3178522598777480772231288&biz_content={"out_trade_no":"59214591885269"}^_^Body:{"alipay_trade_query_response":{"msg":"Business Failed","code":"40004","out_trade_no":"59214591885269","sub_msg":"交易不存在","sub_code":"ACQ.TRADE_NOT_EXIST","receipt_amount":"0.00","point_amount":"0.00","buyer_pay_amount":"0.00","invoice_amount":"0.00"},"sign":"IlGZ9x5UhNF2eAqdNMzeNXtVmLVeP4WAHqOs3UIoTeNqOZPSKddjkKWyTMN0yOnmdmvXLs65xA8iLe3vMAOcTv3IRc5Ly+sfXiILXIoyDMo48N1nGL00QjpY712N35H3czuLP1upFRYorbFoh87mPrUkchUunF+PEBdfORFul87T4s2hkFE5Fl1M1wxQAAUDsoOdZiXF4N0VIlZn8XpWkwGhUJTSzC4T5bTxJpGdI0AVbbLy9QZu0eXIaXEtwYSVDV1oFLVBE/DEmKpridtTn9/6ZOtOpBhjgylpbP+J+f2SCp37feezNW+mRc7kxKeaJfjjdbn7pTI1TeynheyWLQ=="}^_^8ms,310ms,8ms^_^trace_id:060001f3178522598777480772231288
26-07-28.16:06:27.343 [scheduling-1    ] INFO  NoPayNotifyOrderJob    - 检测未接收到或未正确处理的支付回调通知，订单未支付成功 orderId:59214591885269 code:40004 tradeStatus:null
26-07-28.16:06:27.650 [scheduling-1    ] ERROR err                    - ErrorScene^_^40004^_^ACQ.TRADE_NOT_EXIST^_^192.168.73.1^_^Windows 11^_^2026-07-28 16:06:27^_^ProtocalMustParams:charset=utf-8&method=alipay.trade.query&sign=M9x/BThm1vMBmcc0xUd84t8mrmVNLNucYsyjUjypvPz/+fTNIG6TQ4NzOuoZ8ZX64qq3bizgLsQMMASsXB27ZA5e6qKF44VgNfMtQkPj+X1FI+qGMw8qOWhC/qSpyBn3fqwxz7Kzeb6cTp+i1GE4mTFfE01E+rwwdpNZtMKZCX9Nt7ni9qBTYk1Aa82JzAanZyz18tSjk9UXbLpwSBchctTURhQD6d03uPK3PdFolNHCFlHSCtzlbX2CjUeGMVT0UBNvccUAkFnKSS2ke8rWNkJU5Uvgcp3kEpp+/2NZq/mmnNCeZvrOIn8hFLQ2lP4x08go6N/6gXjfu9i1XbJTng==&version=1.0&app_id=9021000165677275&sign_type=RSA2&timestamp=2026-07-28 16:06:27^_^ProtocalOptParams:alipay_sdk=alipay-sdk-java-4.38.157.ALL&format=json^_^ApplicationParams:traceId=06020e08178522598814654742433085&biz_content={"out_trade_no":"63015243383423"}^_^Body:{"alipay_trade_query_response":{"msg":"Business Failed","code":"40004","out_trade_no":"63015243383423","sub_msg":"交易不存在","sub_code":"ACQ.TRADE_NOT_EXIST","receipt_amount":"0.00","point_amount":"0.00","buyer_pay_amount":"0.00","invoice_amount":"0.00"},"sign":"j/BKxEaDkp40hVZnDvR3FjkafML/EKkrgK5tm3o7RpXke6JHNNHQj7dtxjFXrid2kn398BXbOviGV9OREaHEsGkNi7IoyBK1JYReqxxHw+KZz8rrBoqtEmOs09WNzTcKyl/5ieUTw21MI9LZ5QoNI9FiQB3n5vdZv5nJ4536haXV/1ocYO4eOii1Wdd47onG0oGH6w7WLvZT+jP9UP1EcysxWQjk4vfPC2p1W/SB9gAsXt/vZ3hDDoI08AIACsojEfWvD71/4rGQQEyT4naQANCIzeGTzHZEfSOYngieu+N8sDW52hL5yDXMIaHr563fJPxX8LcKEtAYz+SGdbzTrw=="}^_^7ms,291ms,8ms^_^trace_id:06020e08178522598814654742433085
26-07-28.16:06:27.650 [scheduling-1    ] INFO  NoPayNotifyOrderJob    - 检测未接收到或未正确处理的支付回调通知，订单未支付成功 orderId:63015243383423 code:40004 tradeStatus:null
26-07-28.16:06:27.899 [scheduling-1    ] ERROR err                    - ErrorScene^_^40004^_^ACQ.TRADE_NOT_EXIST^_^192.168.73.1^_^Windows 11^_^2026-07-28 16:06:27^_^ProtocalMustParams:charset=utf-8&method=alipay.trade.query&sign=LkyvzKvL9CiJQBjYJdCTLMAxg4w5ODXRPq5niYStgHFvkh0XN31G/CnAIf3cHj6dZsGA5nBmgEbAZZHYWujd49miM6B8WIQFVS5/Qp+T5JO8kjmu15PvqOH/MtKruEiZlKcASwpbpJkiXavrlXZUFlnNfyVTHUGVds8Iajk9UyrBhJvTU62YtuJUHWJO0vpd9GdAi5l2ZnjxGI3XJov6TEo09VhVuemBfYln6VOjpt4hIG78UHTP/hClHVZJTOkHO9r8pk/asLGhE8voGKqyUp/zLCLXDiFPU+xbKzfuGNOF1Sz8KGeYIqNLcZKSylMVq/9wwQCZW6PQrsNGqgtEIg==&version=1.0&app_id=9021000165677275&sign_type=RSA2&timestamp=2026-07-28 16:06:27^_^ProtocalOptParams:alipay_sdk=alipay-sdk-java-4.38.157.ALL&format=json^_^ApplicationParams:traceId=060d6922178522598837935083502569&biz_content={"out_trade_no":"05687486819141"}^_^Body:{"alipay_trade_query_response":{"msg":"Business Failed","code":"40004","out_trade_no":"05687486819141","sub_msg":"交易不存在","sub_code":"ACQ.TRADE_NOT_EXIST","receipt_amount":"0.00","point_amount":"0.00","buyer_pay_amount":"0.00","invoice_amount":"0.00"},"sign":"X8+5Q6lbdoyyrQqpUwxTqfCXdBXg7ThJc2U+u8qezqbw+E5fcgtCqABatoc1r72W+dsojv3i6bkcvvMz3DRr5ahBjxU4gwSWCgz4TBIO+/iTBt57VZmROgv9LqvWSmIQTYHEWA0iBdvVQ8wabF8mzeGODzJcDm0eGuZrLQUuAfb7EsMddzf5Fpsu5TpWoCkIHAS+8CRG2vFJn8fHca0ezh5NORm72mkk1XJRvcuT3PelFHmTo+8KP5OR7ez/2fuIcdGiAD+b2i3e+sfFqMTeUrSfNpunUyXCuTC+ottvD15QxCFhRNfVkTvbOhatQUPyKDv4sjFTxoXvcC8oVH1r9Q=="}^_^8ms,233ms,8ms^_^trace_id:060d6922178522598837935083502569
26-07-28.16:06:27.899 [scheduling-1    ] INFO  NoPayNotifyOrderJob    - 检测未接收到或未正确处理的支付回调通知，订单未支付成功 orderId:05687486819141 code:40004 tradeStatus:null
26-07-28.16:06:35.135 [scheduling-1    ] ERROR err                    - 2026-07-28 16:06:35^_^alipay.trade.query^_^null^_^192.168.73.1^_^Windows 11^_^alipay-sdk-java-4.38.157.ALL^_^https://openapi-sandbox.dl.alipaydev.com/gateway.do?charset=utf-8&method=alipay.trade.query&sign=ngR9kaM0Kb8uXOWWzzjW7gZPx%2BIx1yXp%2BBAQxT2%2F7F1FRsiBqsde%2FIvRzF8urXV5rDAZXIBOm98eVjklVjlGr3SPdlKsoEv2qjh%2FlLOkX4tBBdPyIO85FC40JcKbY0Z5F7Q56KVDPPHGhT8cum00zXpcOofzPbpTwxYAmkFRmH5LBbxrgx7GhFDEgGGJ9BTm2QP1HepNp%2BtJmFMogjrWzyseDRkAXNJfWkvyjjyZBFlsJRAld3vAjBjyo3mlJpvq2VMf%2F6H%2FW%2Fx35mcXUQuYwyLRxthaLPtbuBKgR3IwhydUnnPcI91QrNU7owAU%2BYD3aep5Y1iXTtXwfbJDMiK%2Fgw%3D%3D&version=1.0&app_id=9021000165677275&sign_type=RSA2&timestamp=2026-07-28+16%3A06%3A30&alipay_sdk=alipay-sdk-java-4.38.157.ALL&format=json^_^^_^<!DOCTYPE HTML PUBLIC "-//IETF//DTD HTML 2.0//EN"> <html> <head><title>504 Gateway Time-out</title></head> <body bgcolor="white"> <h1>504 Gateway Time-out</h1> <p>The gateway did not receive a timely response from the upstream server or application. Sorry for the inconvenience.<br/> Please report this message and include the following information to us.<br/> Thank you very much!</p> <table> <tr> <td>URL:</td> <td>http://openapi-sandbox.dl.alipaydev.com/gateway.do?charset=utf-8&amp;method=alipay.trade.query&amp;sign=ngR9kaM0Kb8uXOWWzzjW7gZPx%2BIx1yXp%2BBAQxT2%2F7F1FRsiBqsde%2FIvRzF8urXV5rDAZXIBOm98eVjklVjlGr3SPdlKsoEv2qjh%2FlLOkX4tBBdPyIO85FC40JcKbY0Z5F7Q56KVDPPHGhT8cum00zXpcOofzPbpTwxYAmkFRmH5LBbxrgx7GhFDEgGGJ9BTm2QP1HepNp%2BtJmFMogjrWzyseDRkAXNJfWkvyjjyZBFlsJRAld3vAjBjyo3mlJpvq2VMf%2F6H%2FW%2Fx35mcXUQuYwyLRxthaLPtbuBKgR3IwhydUnnPcI91QrNU7owAU%2BYD3aep5Y1iXTtXwfbJDMiK%2Fgw%3D%3D&amp;version=1.0&amp;app_id=9021000165677275&amp;sign_type=RSA2&amp;timestamp=2026-07-28+16%3A06%3A30&amp;alipay_sdk=alipay-sdk-java-4.38.157.ALL&amp;format=json</td> </tr> <tr> <td>Server:</td> <td>openapi-55.rz21a.sandbox.alipay.net</td> </tr> <tr> <td>Date:</td> <td>2026/07/28 16:06:35</td> </tr> </table> <hr/>Powered by Tengine </body> </html> 
26-07-28.16:06:35.137 [scheduling-1    ] ERROR NoPayNotifyOrderJob    - 检测未接收到或未正确处理的支付回调通知失败
com.alipay.api.AlipayApiException: java.io.IOException: <!DOCTYPE HTML PUBLIC "-//IETF//DTD HTML 2.0//EN">
<html>
<head><title>504 Gateway Time-out</title></head>
<body bgcolor="white">
<h1>504 Gateway Time-out</h1>
<p>The gateway did not receive a timely response from the upstream server or application. Sorry for the inconvenience.<br/>
Please report this message and include the following information to us.<br/>
Thank you very much!</p>
<table>
<tr>
<td>URL:</td>
<td>http://openapi-sandbox.dl.alipaydev.com/gateway.do?charset=utf-8&amp;method=alipay.trade.query&amp;sign=ngR9kaM0Kb8uXOWWzzjW7gZPx%2BIx1yXp%2BBAQxT2%2F7F1FRsiBqsde%2FIvRzF8urXV5rDAZXIBOm98eVjklVjlGr3SPdlKsoEv2qjh%2FlLOkX4tBBdPyIO85FC40JcKbY0Z5F7Q56KVDPPHGhT8cum00zXpcOofzPbpTwxYAmkFRmH5LBbxrgx7GhFDEgGGJ9BTm2QP1HepNp%2BtJmFMogjrWzyseDRkAXNJfWkvyjjyZBFlsJRAld3vAjBjyo3mlJpvq2VMf%2F6H%2FW%2Fx35mcXUQuYwyLRxthaLPtbuBKgR3IwhydUnnPcI91QrNU7owAU%2BYD3aep5Y1iXTtXwfbJDMiK%2Fgw%3D%3D&amp;version=1.0&amp;app_id=9021000165677275&amp;sign_type=RSA2&amp;timestamp=2026-07-28+16%3A06%3A30&amp;alipay_sdk=alipay-sdk-java-4.38.157.ALL&amp;format=json</td>
</tr>
<tr>
<td>Server:</td>
<td>openapi-55.rz21a.sandbox.alipay.net</td>
</tr>
<tr>
<td>Date:</td>
<td>2026/07/28 16:06:35</td>
</tr>
</table>
<hr/>Powered by Tengine
</body>
</html>

	at com.alipay.api.AbstractAlipayClient.doPost(AbstractAlipayClient.java:1015)
	at com.alipay.api.AbstractAlipayClient._execute(AbstractAlipayClient.java:921)
	at com.alipay.api.AbstractAlipayClient.execute(AbstractAlipayClient.java:395)
	at com.alipay.api.AbstractAlipayClient.execute(AbstractAlipayClient.java:377)
	at com.alipay.api.AbstractAlipayClient.execute(AbstractAlipayClient.java:372)
	at com.alipay.api.AbstractAlipayClient.execute(AbstractAlipayClient.java:366)
	at cn.bugstack.trigger.job.NoPayNotifyOrderJob.exec(NoPayNotifyOrderJob.java:42)
	at jdk.internal.reflect.GeneratedMethodAccessor22.invoke(Unknown Source)
	at java.base/jdk.internal.reflect.DelegatingMethodAccessorImpl.invoke(DelegatingMethodAccessorImpl.java:43)
	at java.base/java.lang.reflect.Method.invoke(Method.java:566)
	at org.springframework.scheduling.support.ScheduledMethodRunnable.run(ScheduledMethodRunnable.java:84)
	at org.springframework.scheduling.support.DelegatingErrorHandlingRunnable.run(DelegatingErrorHandlingRunnable.java:54)
	at org.springframework.scheduling.concurrent.ReschedulingRunnable.run(ReschedulingRunnable.java:95)
	at java.base/java.util.concurrent.Executors$RunnableAdapter.call(Executors.java:515)
	at java.base/java.util.concurrent.FutureTask.run(FutureTask.java:264)
	at java.base/java.util.concurrent.ScheduledThreadPoolExecutor$ScheduledFutureTask.run(ScheduledThreadPoolExecutor.java:304)
	at java.base/java.util.concurrent.ThreadPoolExecutor.runWorker(ThreadPoolExecutor.java:1128)
	at java.base/java.util.concurrent.ThreadPoolExecutor$Worker.run(ThreadPoolExecutor.java:628)
	at java.base/java.lang.Thread.run(Thread.java:829)
Caused by: java.io.IOException: <!DOCTYPE HTML PUBLIC "-//IETF//DTD HTML 2.0//EN">
<html>
<head><title>504 Gateway Time-out</title></head>
<body bgcolor="white">
<h1>504 Gateway Time-out</h1>
<p>The gateway did not receive a timely response from the upstream server or application. Sorry for the inconvenience.<br/>
Please report this message and include the following information to us.<br/>
Thank you very much!</p>
<table>
<tr>
<td>URL:</td>
<td>http://openapi-sandbox.dl.alipaydev.com/gateway.do?charset=utf-8&amp;method=alipay.trade.query&amp;sign=ngR9kaM0Kb8uXOWWzzjW7gZPx%2BIx1yXp%2BBAQxT2%2F7F1FRsiBqsde%2FIvRzF8urXV5rDAZXIBOm98eVjklVjlGr3SPdlKsoEv2qjh%2FlLOkX4tBBdPyIO85FC40JcKbY0Z5F7Q56KVDPPHGhT8cum00zXpcOofzPbpTwxYAmkFRmH5LBbxrgx7GhFDEgGGJ9BTm2QP1HepNp%2BtJmFMogjrWzyseDRkAXNJfWkvyjjyZBFlsJRAld3vAjBjyo3mlJpvq2VMf%2F6H%2FW%2Fx35mcXUQuYwyLRxthaLPtbuBKgR3IwhydUnnPcI91QrNU7owAU%2BYD3aep5Y1iXTtXwfbJDMiK%2Fgw%3D%3D&amp;version=1.0&amp;app_id=9021000165677275&amp;sign_type=RSA2&amp;timestamp=2026-07-28+16%3A06%3A30&amp;alipay_sdk=alipay-sdk-java-4.38.157.ALL&amp;format=json</td>
</tr>
<tr>
<td>Server:</td>
<td>openapi-55.rz21a.sandbox.alipay.net</td>
</tr>
<tr>
<td>Date:</td>
<td>2026/07/28 16:06:35</td>
</tr>
</table>
<hr/>Powered by Tengine
</body>
</html>

	at com.alipay.api.internal.util.WebUtils.getResponseAsString(WebUtils.java:520)
	at com.alipay.api.internal.util.WebUtils.doPost(WebUtils.java:181)
	at com.alipay.api.internal.util.WebUtils.doPost(WebUtils.java:142)
	at com.alipay.api.AbstractAlipayClient.doPost(AbstractAlipayClient.java:1003)
	... 18 common frames omitted
26-07-28.16:06:36.226 [scheduling-1    ] ERROR err                    - ErrorScene^_^40004^_^ACQ.TRADE_NOT_EXIST^_^192.168.73.1^_^Windows 11^_^2026-07-28 16:06:36^_^ProtocalMustParams:charset=utf-8&method=alipay.trade.query&sign=DyS9E56x0k2hDB8MsE26N//JKdxv8CakEBODnfuBe4k6+k1QsTmJGgFfwJLOSSNKNyQ41t8FDtXM507YGvVN+uweD2YnjXIkbf48i4RgPtrZAGvpUlKrNkGtDvWLyEFZO9kHhWOfwiph87dp+SsI6nwHYhatcRX96dhyUP5VhgsPcVTrQ6q9R+DBNZw1VysSG+J9OILhC0lEBjekQkjNqBTS7S5G0lTYbgq93NL0u6FwKTr3AYgM9UJ8pnVYJ+n0CCJfzyvwFUGtp/r8g0wSL6XsJW7sVpYPw7GGhZ9nCupHdXKXpvBnjYqcTMAjPP1e6GIzJJY0LRqiB+chOp/q6A==&version=1.0&app_id=9021000165677275&sign_type=RSA2&timestamp=2026-07-28 16:06:36^_^ProtocalOptParams:alipay_sdk=alipay-sdk-java-4.38.157.ALL&format=json^_^ApplicationParams:traceId=06002c4e178522599675848931578980&biz_content={"out_trade_no":"59214591885269"}^_^Body:{"alipay_trade_query_response":{"msg":"Business Failed","code":"40004","out_trade_no":"59214591885269","sub_msg":"交易不存在","sub_code":"ACQ.TRADE_NOT_EXIST","receipt_amount":"0.00","point_amount":"0.00","buyer_pay_amount":"0.00","invoice_amount":"0.00"},"sign":"IlGZ9x5UhNF2eAqdNMzeNXtVmLVeP4WAHqOs3UIoTeNqOZPSKddjkKWyTMN0yOnmdmvXLs65xA8iLe3vMAOcTv3IRc5Ly+sfXiILXIoyDMo48N1nGL00QjpY712N35H3czuLP1upFRYorbFoh87mPrUkchUunF+PEBdfORFul87T4s2hkFE5Fl1M1wxQAAUDsoOdZiXF4N0VIlZn8XpWkwGhUJTSzC4T5bTxJpGdI0AVbbLy9QZu0eXIaXEtwYSVDV1oFLVBE/DEmKpridtTn9/6ZOtOpBhjgylpbP+J+f2SCp37feezNW+mRc7kxKeaJfjjdbn7pTI1TeynheyWLQ=="}^_^8ms,201ms,9ms^_^trace_id:06002c4e178522599675848931578980
26-07-28.16:06:36.226 [scheduling-1    ] INFO  NoPayNotifyOrderJob    - 检测未接收到或未正确处理的支付回调通知，订单未支付成功 orderId:59214591885269 code:40004 tradeStatus:null
26-07-28.16:06:36.418 [scheduling-1    ] ERROR err                    - ErrorScene^_^40004^_^ACQ.TRADE_NOT_EXIST^_^192.168.73.1^_^Windows 11^_^2026-07-28 16:06:36^_^ProtocalMustParams:charset=utf-8&method=alipay.trade.query&sign=aq9gT3lij23SGwmXVJdFpMDR+9v848UAEsLGLI4MHhlPvOIB892DzYmqJuHKELYw9R8H1A8loFjvJBCFEq0WGylDCWiQAl2mPH9Vh2ZfOd3Z4aqPefc/FULjzN/Ex8nkZHs73uueHWIsQoCBXdEG/GyesvorgD8gEM1GR3noKKpskFfec4TJFDyIdHiQIfHOT4QWfhJ+WsGfbiyWaabnImIy6YJpVq+SFlJcuHVe91JEyIsW6uHzv5GUOGvSHej5KJvLZ1FAqQwL1ROHM2UuoiHTVVXJZL60tMHR01CXLDR5IZfShILr2sEOKHqsOePeFg1LhoyTTPuNVWpfqZqJjg==&version=1.0&app_id=9021000165677275&sign_type=RSA2&timestamp=2026-07-28 16:06:36^_^ProtocalOptParams:alipay_sdk=alipay-sdk-java-4.38.157.ALL&format=json^_^ApplicationParams:traceId=06020e08178522599694755042433085&biz_content={"out_trade_no":"63015243383423"}^_^Body:{"alipay_trade_query_response":{"msg":"Business Failed","code":"40004","out_trade_no":"63015243383423","sub_msg":"交易不存在","sub_code":"ACQ.TRADE_NOT_EXIST","receipt_amount":"0.00","point_amount":"0.00","buyer_pay_amount":"0.00","invoice_amount":"0.00"},"sign":"j/BKxEaDkp40hVZnDvR3FjkafML/EKkrgK5tm3o7RpXke6JHNNHQj7dtxjFXrid2kn398BXbOviGV9OREaHEsGkNi7IoyBK1JYReqxxHw+KZz8rrBoqtEmOs09WNzTcKyl/5ieUTw21MI9LZ5QoNI9FiQB3n5vdZv5nJ4536haXV/1ocYO4eOii1Wdd47onG0oGH6w7WLvZT+jP9UP1EcysxWQjk4vfPC2p1W/SB9gAsXt/vZ3hDDoI08AIACsojEfWvD71/4rGQQEyT4naQANCIzeGTzHZEfSOYngieu+N8sDW52hL5yDXMIaHr563fJPxX8LcKEtAYz+SGdbzTrw=="}^_^8ms,175ms,9ms^_^trace_id:06020e08178522599694755042433085
26-07-28.16:06:36.418 [scheduling-1    ] INFO  NoPayNotifyOrderJob    - 检测未接收到或未正确处理的支付回调通知，订单未支付成功 orderId:63015243383423 code:40004 tradeStatus:null
26-07-28.16:06:36.623 [scheduling-1    ] ERROR err                    - ErrorScene^_^40004^_^ACQ.TRADE_NOT_EXIST^_^192.168.73.1^_^Windows 11^_^2026-07-28 16:06:36^_^ProtocalMustParams:charset=utf-8&method=alipay.trade.query&sign=nJK1uMl044jlxYpivG6G2HjNRgl29rIizlQSjTncna5EAABHpz0aEuERlPBsZKTvuMXNPUATpmagWUbwLBXSsmRV0O0LF/ySSxVrQwldd3RLt9vjFHqe/ezJ244W+dL3PuNdGkrTHSXqUK+7Om5R5FhINFqcDy5sp74P71r3bHu0zpavn08e4KQR8/J24CvnMmzDTKc6bfqCilo+vpapGkdbTQPNYKOSN1RQUp/t6qfaQG8FYcUOUrziEly1pnH/dKsiVELxz2hyy4r3aTTAWqtZlVxAMUbosSL0bjUbdVngSNGEOcfTQWVRvASJLt3DzjLYQAC6rPSR+fR+NBoI1A==&version=1.0&app_id=9021000165677275&sign_type=RSA2&timestamp=2026-07-28 16:06:36^_^ProtocalOptParams:alipay_sdk=alipay-sdk-java-4.38.157.ALL&format=json^_^ApplicationParams:traceId=060d6922178522599714835483502569&biz_content={"out_trade_no":"05687486819141"}^_^Body:{"alipay_trade_query_response":{"msg":"Business Failed","code":"40004","out_trade_no":"05687486819141","sub_msg":"交易不存在","sub_code":"ACQ.TRADE_NOT_EXIST","receipt_amount":"0.00","point_amount":"0.00","buyer_pay_amount":"0.00","invoice_amount":"0.00"},"sign":"X8+5Q6lbdoyyrQqpUwxTqfCXdBXg7ThJc2U+u8qezqbw+E5fcgtCqABatoc1r72W+dsojv3i6bkcvvMz3DRr5ahBjxU4gwSWCgz4TBIO+/iTBt57VZmROgv9LqvWSmIQTYHEWA0iBdvVQ8wabF8mzeGODzJcDm0eGuZrLQUuAfb7EsMddzf5Fpsu5TpWoCkIHAS+8CRG2vFJn8fHca0ezh5NORm72mkk1XJRvcuT3PelFHmTo+8KP5OR7ez/2fuIcdGiAD+b2i3e+sfFqMTeUrSfNpunUyXCuTC+ottvD15QxCFhRNfVkTvbOhatQUPyKDv4sjFTxoXvcC8oVH1r9Q=="}^_^9ms,187ms,9ms^_^trace_id:060d6922178522599714835483502569
26-07-28.16:06:36.623 [scheduling-1    ] INFO  NoPayNotifyOrderJob    - 检测未接收到或未正确处理的支付回调通知，订单未支付成功 orderId:05687486819141 code:40004 tradeStatus:null
26-07-28.16:06:39.219 [scheduling-1    ] ERROR err                    - ErrorScene^_^40004^_^ACQ.TRADE_NOT_EXIST^_^192.168.73.1^_^Windows 11^_^2026-07-28 16:06:39^_^ProtocalMustParams:charset=utf-8&method=alipay.trade.query&sign=Vplsa6BDVt+2bR6UYqu+hfuVNDkMgoqeAsgPmKB7OMkehT9z85jizDGmT4yG+9VXI0I7UHbWrRxG+/rsC5knu+tjgboNjbSVp7gw+zLRQSufvl8+5rVm8n6kmK+wpy861xFaoPb7Pnoi5G43Gr8OJs6+SWNq1801ujCAtTGolRDR4Al7uW+ykwpFyFhIfRiZDNEZEnF3GGFo3Mr8rpNCT4AAgAFEFExIQRM3JHZuCeqVLVN2cAOz2qtGFoNZYF3VO80p0z+XG+tyrMFz98TPWPmRFx6jxKgT/LpvIQ8mNjilzGDhe0Fn6J1owJSXeNIwCLau+j2bIpy0dy290DDjNw==&version=1.0&app_id=9021000165677275&sign_type=RSA2&timestamp=2026-07-28 16:06:39^_^ProtocalOptParams:alipay_sdk=alipay-sdk-java-4.38.157.ALL&format=json^_^ApplicationParams:traceId=06020e08178522599974655112433085&biz_content={"out_trade_no":"59214591885269"}^_^Body:{"alipay_trade_query_response":{"msg":"Business Failed","code":"40004","out_trade_no":"59214591885269","sub_msg":"交易不存在","sub_code":"ACQ.TRADE_NOT_EXIST","receipt_amount":"0.00","point_amount":"0.00","buyer_pay_amount":"0.00","invoice_amount":"0.00"},"sign":"IlGZ9x5UhNF2eAqdNMzeNXtVmLVeP4WAHqOs3UIoTeNqOZPSKddjkKWyTMN0yOnmdmvXLs65xA8iLe3vMAOcTv3IRc5Ly+sfXiILXIoyDMo48N1nGL00QjpY712N35H3czuLP1upFRYorbFoh87mPrUkchUunF+PEBdfORFul87T4s2hkFE5Fl1M1wxQAAUDsoOdZiXF4N0VIlZn8XpWkwGhUJTSzC4T5bTxJpGdI0AVbbLy9QZu0eXIaXEtwYSVDV1oFLVBE/DEmKpridtTn9/6ZOtOpBhjgylpbP+J+f2SCp37feezNW+mRc7kxKeaJfjjdbn7pTI1TeynheyWLQ=="}^_^9ms,189ms,8ms^_^trace_id:06020e08178522599974655112433085
26-07-28.16:06:39.220 [scheduling-1    ] INFO  NoPayNotifyOrderJob    - 检测未接收到或未正确处理的支付回调通知，订单未支付成功 orderId:59214591885269 code:40004 tradeStatus:null
26-07-28.16:06:44.335 [scheduling-1    ] ERROR err                    - 2026-07-28 16:06:44^_^alipay.trade.query^_^null^_^192.168.73.1^_^Windows 11^_^alipay-sdk-java-4.38.157.ALL^_^https://openapi-sandbox.dl.alipaydev.com/gateway.do?charset=utf-8&method=alipay.trade.query&sign=XmGjxsKaqa7sDMcOG3%2BqoJ1%2Fa5J9L2yPwptlsEhkK1XyKJHWGnHqwpgc7wXp55pke5Cfdo5c29AZLT%2BjFa0ce8r1WpW3Z2tnvRQJjHJKu%2Bg6mjQxoORP2NfoOrwXIhC6ofsIghf3qdDjblC4QXdIlqLYaCVy7A1m9cBrqxlXX9n3C%2Bd98jMsxJ4NlxMAHz5FN%2FMnh%2BDbg0D6QCgjRqckTsRdBOmWU8kEVCARR109R5zoww0Yy2TgfVUs7Q5bg0U6eMnLEzVh%2BglOLgPW%2BTPDLPKFWl4PoNpRau82Zj35BtDs3JR0AmKmVtpsl%2BRmx1qqszwoA5khYXvhfPu8WP%2BVsQ%3D%3D&version=1.0&app_id=9021000165677275&sign_type=RSA2&timestamp=2026-07-28+16%3A06%3A39&alipay_sdk=alipay-sdk-java-4.38.157.ALL&format=json^_^^_^<!DOCTYPE HTML PUBLIC "-//IETF//DTD HTML 2.0//EN"> <html> <head><title>504 Gateway Time-out</title></head> <body bgcolor="white"> <h1>504 Gateway Time-out</h1> <p>The gateway did not receive a timely response from the upstream server or application. Sorry for the inconvenience.<br/> Please report this message and include the following information to us.<br/> Thank you very much!</p> <table> <tr> <td>URL:</td> <td>http://openapi-sandbox.dl.alipaydev.com/gateway.do?charset=utf-8&amp;method=alipay.trade.query&amp;sign=XmGjxsKaqa7sDMcOG3%2BqoJ1%2Fa5J9L2yPwptlsEhkK1XyKJHWGnHqwpgc7wXp55pke5Cfdo5c29AZLT%2BjFa0ce8r1WpW3Z2tnvRQJjHJKu%2Bg6mjQxoORP2NfoOrwXIhC6ofsIghf3qdDjblC4QXdIlqLYaCVy7A1m9cBrqxlXX9n3C%2Bd98jMsxJ4NlxMAHz5FN%2FMnh%2BDbg0D6QCgjRqckTsRdBOmWU8kEVCARR109R5zoww0Yy2TgfVUs7Q5bg0U6eMnLEzVh%2BglOLgPW%2BTPDLPKFWl4PoNpRau82Zj35BtDs3JR0AmKmVtpsl%2BRmx1qqszwoA5khYXvhfPu8WP%2BVsQ%3D%3D&amp;version=1.0&amp;app_id=9021000165677275&amp;sign_type=RSA2&amp;timestamp=2026-07-28+16%3A06%3A39&amp;alipay_sdk=alipay-sdk-java-4.38.157.ALL&amp;format=json</td> </tr> <tr> <td>Server:</td> <td>openapi-55.rz21a.sandbox.alipay.net</td> </tr> <tr> <td>Date:</td> <td>2026/07/28 16:06:44</td> </tr> </table> <hr/>Powered by Tengine </body> </html> 
26-07-28.16:06:44.336 [scheduling-1    ] ERROR NoPayNotifyOrderJob    - 检测未接收到或未正确处理的支付回调通知失败
com.alipay.api.AlipayApiException: java.io.IOException: <!DOCTYPE HTML PUBLIC "-//IETF//DTD HTML 2.0//EN">
<html>
<head><title>504 Gateway Time-out</title></head>
<body bgcolor="white">
<h1>504 Gateway Time-out</h1>
<p>The gateway did not receive a timely response from the upstream server or application. Sorry for the inconvenience.<br/>
Please report this message and include the following information to us.<br/>
Thank you very much!</p>
<table>
<tr>
<td>URL:</td>
<td>http://openapi-sandbox.dl.alipaydev.com/gateway.do?charset=utf-8&amp;method=alipay.trade.query&amp;sign=XmGjxsKaqa7sDMcOG3%2BqoJ1%2Fa5J9L2yPwptlsEhkK1XyKJHWGnHqwpgc7wXp55pke5Cfdo5c29AZLT%2BjFa0ce8r1WpW3Z2tnvRQJjHJKu%2Bg6mjQxoORP2NfoOrwXIhC6ofsIghf3qdDjblC4QXdIlqLYaCVy7A1m9cBrqxlXX9n3C%2Bd98jMsxJ4NlxMAHz5FN%2FMnh%2BDbg0D6QCgjRqckTsRdBOmWU8kEVCARR109R5zoww0Yy2TgfVUs7Q5bg0U6eMnLEzVh%2BglOLgPW%2BTPDLPKFWl4PoNpRau82Zj35BtDs3JR0AmKmVtpsl%2BRmx1qqszwoA5khYXvhfPu8WP%2BVsQ%3D%3D&amp;version=1.0&amp;app_id=9021000165677275&amp;sign_type=RSA2&amp;timestamp=2026-07-28+16%3A06%3A39&amp;alipay_sdk=alipay-sdk-java-4.38.157.ALL&amp;format=json</td>
</tr>
<tr>
<td>Server:</td>
<td>openapi-55.rz21a.sandbox.alipay.net</td>
</tr>
<tr>
<td>Date:</td>
<td>2026/07/28 16:06:44</td>
</tr>
</table>
<hr/>Powered by Tengine
</body>
</html>

	at com.alipay.api.AbstractAlipayClient.doPost(AbstractAlipayClient.java:1015)
	at com.alipay.api.AbstractAlipayClient._execute(AbstractAlipayClient.java:921)
	at com.alipay.api.AbstractAlipayClient.execute(AbstractAlipayClient.java:395)
	at com.alipay.api.AbstractAlipayClient.execute(AbstractAlipayClient.java:377)
	at com.alipay.api.AbstractAlipayClient.execute(AbstractAlipayClient.java:372)
	at com.alipay.api.AbstractAlipayClient.execute(AbstractAlipayClient.java:366)
	at cn.bugstack.trigger.job.NoPayNotifyOrderJob.exec(NoPayNotifyOrderJob.java:42)
	at jdk.internal.reflect.GeneratedMethodAccessor22.invoke(Unknown Source)
	at java.base/jdk.internal.reflect.DelegatingMethodAccessorImpl.invoke(DelegatingMethodAccessorImpl.java:43)
	at java.base/java.lang.reflect.Method.invoke(Method.java:566)
	at org.springframework.scheduling.support.ScheduledMethodRunnable.run(ScheduledMethodRunnable.java:84)
	at org.springframework.scheduling.support.DelegatingErrorHandlingRunnable.run(DelegatingErrorHandlingRunnable.java:54)
	at org.springframework.scheduling.concurrent.ReschedulingRunnable.run(ReschedulingRunnable.java:95)
	at java.base/java.util.concurrent.Executors$RunnableAdapter.call(Executors.java:515)
	at java.base/java.util.concurrent.FutureTask.run(FutureTask.java:264)
	at java.base/java.util.concurrent.ScheduledThreadPoolExecutor$ScheduledFutureTask.run(ScheduledThreadPoolExecutor.java:304)
	at java.base/java.util.concurrent.ThreadPoolExecutor.runWorker(ThreadPoolExecutor.java:1128)
	at java.base/java.util.concurrent.ThreadPoolExecutor$Worker.run(ThreadPoolExecutor.java:628)
	at java.base/java.lang.Thread.run(Thread.java:829)
Caused by: java.io.IOException: <!DOCTYPE HTML PUBLIC "-//IETF//DTD HTML 2.0//EN">
<html>
<head><title>504 Gateway Time-out</title></head>
<body bgcolor="white">
<h1>504 Gateway Time-out</h1>
<p>The gateway did not receive a timely response from the upstream server or application. Sorry for the inconvenience.<br/>
Please report this message and include the following information to us.<br/>
Thank you very much!</p>
<table>
<tr>
<td>URL:</td>
<td>http://openapi-sandbox.dl.alipaydev.com/gateway.do?charset=utf-8&amp;method=alipay.trade.query&amp;sign=XmGjxsKaqa7sDMcOG3%2BqoJ1%2Fa5J9L2yPwptlsEhkK1XyKJHWGnHqwpgc7wXp55pke5Cfdo5c29AZLT%2BjFa0ce8r1WpW3Z2tnvRQJjHJKu%2Bg6mjQxoORP2NfoOrwXIhC6ofsIghf3qdDjblC4QXdIlqLYaCVy7A1m9cBrqxlXX9n3C%2Bd98jMsxJ4NlxMAHz5FN%2FMnh%2BDbg0D6QCgjRqckTsRdBOmWU8kEVCARR109R5zoww0Yy2TgfVUs7Q5bg0U6eMnLEzVh%2BglOLgPW%2BTPDLPKFWl4PoNpRau82Zj35BtDs3JR0AmKmVtpsl%2BRmx1qqszwoA5khYXvhfPu8WP%2BVsQ%3D%3D&amp;version=1.0&amp;app_id=9021000165677275&amp;sign_type=RSA2&amp;timestamp=2026-07-28+16%3A06%3A39&amp;alipay_sdk=alipay-sdk-java-4.38.157.ALL&amp;format=json</td>
</tr>
<tr>
<td>Server:</td>
<td>openapi-55.rz21a.sandbox.alipay.net</td>
</tr>
<tr>
<td>Date:</td>
<td>2026/07/28 16:06:44</td>
</tr>
</table>
<hr/>Powered by Tengine
</body>
</html>

	at com.alipay.api.internal.util.WebUtils.getResponseAsString(WebUtils.java:520)
	at com.alipay.api.internal.util.WebUtils.doPost(WebUtils.java:181)
	at com.alipay.api.internal.util.WebUtils.doPost(WebUtils.java:142)
	at com.alipay.api.AbstractAlipayClient.doPost(AbstractAlipayClient.java:1003)
	... 18 common frames omitted
26-07-28.16:06:50.166 [scheduling-1    ] ERROR err                    - 2026-07-28 16:06:50^_^alipay.trade.query^_^null^_^192.168.73.1^_^Windows 11^_^alipay-sdk-java-4.38.157.ALL^_^https://openapi-sandbox.dl.alipaydev.com/gateway.do?charset=utf-8&method=alipay.trade.query&sign=pS1EtCDlBhFx0glWaFg9Md9PSxn6xUveeZ4C6uxy6OInJwmjfbc8yu9RFOnS3k7p13R1XgyoybYbckgLC7zT%2B8uVxl8t3eEyU90rCZqpjj3FL3AIuWNeCJqpANVQvyYsk0RMOmFmLPuiSu4Xn5h3r3jVzoOgMNKJjIA2OAn9t7S%2FD5ojlmaTwtmfh7RKx7Y%2FrU%2FOAx8FI7MX79GgLjdSf3vt4l9rzlDay46wMquc%2FR98DsS0lrAXEcfTV0IUZYWbL9YAvS%2FokCwylvg2RJ8N2baeErLKFeGcIaWq%2FHJfCYuOndzn3KeogxseDxeAlRMvBcIYnhH3zjHblB1XpVCIvw%3D%3D&version=1.0&app_id=9021000165677275&sign_type=RSA2&timestamp=2026-07-28+16%3A06%3A45&alipay_sdk=alipay-sdk-java-4.38.157.ALL&format=json^_^^_^<!DOCTYPE HTML PUBLIC "-//IETF//DTD HTML 2.0//EN"> <html> <head><title>504 Gateway Time-out</title></head> <body bgcolor="white"> <h1>504 Gateway Time-out</h1> <p>The gateway did not receive a timely response from the upstream server or application. Sorry for the inconvenience.<br/> Please report this message and include the following information to us.<br/> Thank you very much!</p> <table> <tr> <td>URL:</td> <td>http://openapi-sandbox.dl.alipaydev.com/gateway.do?charset=utf-8&amp;method=alipay.trade.query&amp;sign=pS1EtCDlBhFx0glWaFg9Md9PSxn6xUveeZ4C6uxy6OInJwmjfbc8yu9RFOnS3k7p13R1XgyoybYbckgLC7zT%2B8uVxl8t3eEyU90rCZqpjj3FL3AIuWNeCJqpANVQvyYsk0RMOmFmLPuiSu4Xn5h3r3jVzoOgMNKJjIA2OAn9t7S%2FD5ojlmaTwtmfh7RKx7Y%2FrU%2FOAx8FI7MX79GgLjdSf3vt4l9rzlDay46wMquc%2FR98DsS0lrAXEcfTV0IUZYWbL9YAvS%2FokCwylvg2RJ8N2baeErLKFeGcIaWq%2FHJfCYuOndzn3KeogxseDxeAlRMvBcIYnhH3zjHblB1XpVCIvw%3D%3D&amp;version=1.0&amp;app_id=9021000165677275&amp;sign_type=RSA2&amp;timestamp=2026-07-28+16%3A06%3A45&amp;alipay_sdk=alipay-sdk-java-4.38.157.ALL&amp;format=json</td> </tr> <tr> <td>Server:</td> <td>openapi-55.rz21a.sandbox.alipay.net</td> </tr> <tr> <td>Date:</td> <td>2026/07/28 16:06:50</td> </tr> </table> <hr/>Powered by Tengine </body> </html> 
26-07-28.16:06:50.167 [scheduling-1    ] ERROR NoPayNotifyOrderJob    - 检测未接收到或未正确处理的支付回调通知失败
com.alipay.api.AlipayApiException: java.io.IOException: <!DOCTYPE HTML PUBLIC "-//IETF//DTD HTML 2.0//EN">
<html>
<head><title>504 Gateway Time-out</title></head>
<body bgcolor="white">
<h1>504 Gateway Time-out</h1>
<p>The gateway did not receive a timely response from the upstream server or application. Sorry for the inconvenience.<br/>
Please report this message and include the following information to us.<br/>
Thank you very much!</p>
<table>
<tr>
<td>URL:</td>
<td>http://openapi-sandbox.dl.alipaydev.com/gateway.do?charset=utf-8&amp;method=alipay.trade.query&amp;sign=pS1EtCDlBhFx0glWaFg9Md9PSxn6xUveeZ4C6uxy6OInJwmjfbc8yu9RFOnS3k7p13R1XgyoybYbckgLC7zT%2B8uVxl8t3eEyU90rCZqpjj3FL3AIuWNeCJqpANVQvyYsk0RMOmFmLPuiSu4Xn5h3r3jVzoOgMNKJjIA2OAn9t7S%2FD5ojlmaTwtmfh7RKx7Y%2FrU%2FOAx8FI7MX79GgLjdSf3vt4l9rzlDay46wMquc%2FR98DsS0lrAXEcfTV0IUZYWbL9YAvS%2FokCwylvg2RJ8N2baeErLKFeGcIaWq%2FHJfCYuOndzn3KeogxseDxeAlRMvBcIYnhH3zjHblB1XpVCIvw%3D%3D&amp;version=1.0&amp;app_id=9021000165677275&amp;sign_type=RSA2&amp;timestamp=2026-07-28+16%3A06%3A45&amp;alipay_sdk=alipay-sdk-java-4.38.157.ALL&amp;format=json</td>
</tr>
<tr>
<td>Server:</td>
<td>openapi-55.rz21a.sandbox.alipay.net</td>
</tr>
<tr>
<td>Date:</td>
<td>2026/07/28 16:06:50</td>
</tr>
</table>
<hr/>Powered by Tengine
</body>
</html>

	at com.alipay.api.AbstractAlipayClient.doPost(AbstractAlipayClient.java:1015)
	at com.alipay.api.AbstractAlipayClient._execute(AbstractAlipayClient.java:921)
	at com.alipay.api.AbstractAlipayClient.execute(AbstractAlipayClient.java:395)
	at com.alipay.api.AbstractAlipayClient.execute(AbstractAlipayClient.java:377)
	at com.alipay.api.AbstractAlipayClient.execute(AbstractAlipayClient.java:372)
	at com.alipay.api.AbstractAlipayClient.execute(AbstractAlipayClient.java:366)
	at cn.bugstack.trigger.job.NoPayNotifyOrderJob.exec(NoPayNotifyOrderJob.java:42)
	at jdk.internal.reflect.GeneratedMethodAccessor22.invoke(Unknown Source)
	at java.base/jdk.internal.reflect.DelegatingMethodAccessorImpl.invoke(DelegatingMethodAccessorImpl.java:43)
	at java.base/java.lang.reflect.Method.invoke(Method.java:566)
	at org.springframework.scheduling.support.ScheduledMethodRunnable.run(ScheduledMethodRunnable.java:84)
	at org.springframework.scheduling.support.DelegatingErrorHandlingRunnable.run(DelegatingErrorHandlingRunnable.java:54)
	at org.springframework.scheduling.concurrent.ReschedulingRunnable.run(ReschedulingRunnable.java:95)
	at java.base/java.util.concurrent.Executors$RunnableAdapter.call(Executors.java:515)
	at java.base/java.util.concurrent.FutureTask.run(FutureTask.java:264)
	at java.base/java.util.concurrent.ScheduledThreadPoolExecutor$ScheduledFutureTask.run(ScheduledThreadPoolExecutor.java:304)
	at java.base/java.util.concurrent.ThreadPoolExecutor.runWorker(ThreadPoolExecutor.java:1128)
	at java.base/java.util.concurrent.ThreadPoolExecutor$Worker.run(ThreadPoolExecutor.java:628)
	at java.base/java.lang.Thread.run(Thread.java:829)
Caused by: java.io.IOException: <!DOCTYPE HTML PUBLIC "-//IETF//DTD HTML 2.0//EN">
<html>
<head><title>504 Gateway Time-out</title></head>
<body bgcolor="white">
<h1>504 Gateway Time-out</h1>
<p>The gateway did not receive a timely response from the upstream server or application. Sorry for the inconvenience.<br/>
Please report this message and include the following information to us.<br/>
Thank you very much!</p>
<table>
<tr>
<td>URL:</td>
<td>http://openapi-sandbox.dl.alipaydev.com/gateway.do?charset=utf-8&amp;method=alipay.trade.query&amp;sign=pS1EtCDlBhFx0glWaFg9Md9PSxn6xUveeZ4C6uxy6OInJwmjfbc8yu9RFOnS3k7p13R1XgyoybYbckgLC7zT%2B8uVxl8t3eEyU90rCZqpjj3FL3AIuWNeCJqpANVQvyYsk0RMOmFmLPuiSu4Xn5h3r3jVzoOgMNKJjIA2OAn9t7S%2FD5ojlmaTwtmfh7RKx7Y%2FrU%2FOAx8FI7MX79GgLjdSf3vt4l9rzlDay46wMquc%2FR98DsS0lrAXEcfTV0IUZYWbL9YAvS%2FokCwylvg2RJ8N2baeErLKFeGcIaWq%2FHJfCYuOndzn3KeogxseDxeAlRMvBcIYnhH3zjHblB1XpVCIvw%3D%3D&amp;version=1.0&amp;app_id=9021000165677275&amp;sign_type=RSA2&amp;timestamp=2026-07-28+16%3A06%3A45&amp;alipay_sdk=alipay-sdk-java-4.38.157.ALL&amp;format=json</td>
</tr>
<tr>
<td>Server:</td>
<td>openapi-55.rz21a.sandbox.alipay.net</td>
</tr>
<tr>
<td>Date:</td>
<td>2026/07/28 16:06:50</td>
</tr>
</table>
<hr/>Powered by Tengine
</body>
</html>

	at com.alipay.api.internal.util.WebUtils.getResponseAsString(WebUtils.java:520)
	at com.alipay.api.internal.util.WebUtils.doPost(WebUtils.java:181)
	at com.alipay.api.internal.util.WebUtils.doPost(WebUtils.java:142)
	at com.alipay.api.AbstractAlipayClient.doPost(AbstractAlipayClient.java:1003)
	... 18 common frames omitted
26-07-28.16:06:56.119 [scheduling-1    ] ERROR err                    - 2026-07-28 16:06:56^_^alipay.trade.query^_^null^_^192.168.73.1^_^Windows 11^_^alipay-sdk-java-4.38.157.ALL^_^https://openapi-sandbox.dl.alipaydev.com/gateway.do?charset=utf-8&method=alipay.trade.query&sign=VFL6av2r43GhkVAFiVTIX4%2FKgtgYD7%2BA2sPnDb%2FZgSCYDZBUae1NneidtzR2vyiejJb8pvWzlQWgDAI4DlKv76C0dHHQjnwfWTp4OJ9nvz4MG99uhD8yeQns3XbcU1mmy%2BBDDXhwSmNinOPyB3xCSvhcC6%2B4h5AIQf%2BbcyB9XxAcRVVvHG%2F82nh%2Bh2uVYhztLW3iO3xA91c9J2JYTEXw7j6MX%2FcdBL7IEaO%2BrbkLExS8M%2FqmnRDIbW025R9Ym1PM3WN%2BNmRMz%2FvW4qAisajW3KFFKMTdagLCAtBrhtnF201GOOfZbVz4fA6LZADwCWAibFRCP%2Bf0l0qZroh7Ku2G1Q%3D%3D&version=1.0&app_id=9021000165677275&sign_type=RSA2&timestamp=2026-07-28+16%3A06%3A51&alipay_sdk=alipay-sdk-java-4.38.157.ALL&format=json^_^^_^<!DOCTYPE HTML PUBLIC "-//IETF//DTD HTML 2.0//EN"> <html> <head><title>504 Gateway Time-out</title></head> <body bgcolor="white"> <h1>504 Gateway Time-out</h1> <p>The gateway did not receive a timely response from the upstream server or application. Sorry for the inconvenience.<br/> Please report this message and include the following information to us.<br/> Thank you very much!</p> <table> <tr> <td>URL:</td> <td>http://openapi-sandbox.dl.alipaydev.com/gateway.do?charset=utf-8&amp;method=alipay.trade.query&amp;sign=VFL6av2r43GhkVAFiVTIX4%2FKgtgYD7%2BA2sPnDb%2FZgSCYDZBUae1NneidtzR2vyiejJb8pvWzlQWgDAI4DlKv76C0dHHQjnwfWTp4OJ9nvz4MG99uhD8yeQns3XbcU1mmy%2BBDDXhwSmNinOPyB3xCSvhcC6%2B4h5AIQf%2BbcyB9XxAcRVVvHG%2F82nh%2Bh2uVYhztLW3iO3xA91c9J2JYTEXw7j6MX%2FcdBL7IEaO%2BrbkLExS8M%2FqmnRDIbW025R9Ym1PM3WN%2BNmRMz%2FvW4qAisajW3KFFKMTdagLCAtBrhtnF201GOOfZbVz4fA6LZADwCWAibFRCP%2Bf0l0qZroh7Ku2G1Q%3D%3D&amp;version=1.0&amp;app_id=9021000165677275&amp;sign_type=RSA2&amp;timestamp=2026-07-28+16%3A06%3A51&amp;alipay_sdk=alipay-sdk-java-4.38.157.ALL&amp;format=json</td> </tr> <tr> <td>Server:</td> <td>openapi-57.rz21a.sandbox.alipay.net</td> </tr> <tr> <td>Date:</td> <td>2026/07/28 16:06:56</td> </tr> </table> <hr/>Powered by Tengine </body> </html> 
26-07-28.16:06:56.120 [scheduling-1    ] ERROR NoPayNotifyOrderJob    - 检测未接收到或未正确处理的支付回调通知失败
com.alipay.api.AlipayApiException: java.io.IOException: <!DOCTYPE HTML PUBLIC "-//IETF//DTD HTML 2.0//EN">
<html>
<head><title>504 Gateway Time-out</title></head>
<body bgcolor="white">
<h1>504 Gateway Time-out</h1>
<p>The gateway did not receive a timely response from the upstream server or application. Sorry for the inconvenience.<br/>
Please report this message and include the following information to us.<br/>
Thank you very much!</p>
<table>
<tr>
<td>URL:</td>
<td>http://openapi-sandbox.dl.alipaydev.com/gateway.do?charset=utf-8&amp;method=alipay.trade.query&amp;sign=VFL6av2r43GhkVAFiVTIX4%2FKgtgYD7%2BA2sPnDb%2FZgSCYDZBUae1NneidtzR2vyiejJb8pvWzlQWgDAI4DlKv76C0dHHQjnwfWTp4OJ9nvz4MG99uhD8yeQns3XbcU1mmy%2BBDDXhwSmNinOPyB3xCSvhcC6%2B4h5AIQf%2BbcyB9XxAcRVVvHG%2F82nh%2Bh2uVYhztLW3iO3xA91c9J2JYTEXw7j6MX%2FcdBL7IEaO%2BrbkLExS8M%2FqmnRDIbW025R9Ym1PM3WN%2BNmRMz%2FvW4qAisajW3KFFKMTdagLCAtBrhtnF201GOOfZbVz4fA6LZADwCWAibFRCP%2Bf0l0qZroh7Ku2G1Q%3D%3D&amp;version=1.0&amp;app_id=9021000165677275&amp;sign_type=RSA2&amp;timestamp=2026-07-28+16%3A06%3A51&amp;alipay_sdk=alipay-sdk-java-4.38.157.ALL&amp;format=json</td>
</tr>
<tr>
<td>Server:</td>
<td>openapi-57.rz21a.sandbox.alipay.net</td>
</tr>
<tr>
<td>Date:</td>
<td>2026/07/28 16:06:56</td>
</tr>
</table>
<hr/>Powered by Tengine
</body>
</html>

	at com.alipay.api.AbstractAlipayClient.doPost(AbstractAlipayClient.java:1015)
	at com.alipay.api.AbstractAlipayClient._execute(AbstractAlipayClient.java:921)
	at com.alipay.api.AbstractAlipayClient.execute(AbstractAlipayClient.java:395)
	at com.alipay.api.AbstractAlipayClient.execute(AbstractAlipayClient.java:377)
	at com.alipay.api.AbstractAlipayClient.execute(AbstractAlipayClient.java:372)
	at com.alipay.api.AbstractAlipayClient.execute(AbstractAlipayClient.java:366)
	at cn.bugstack.trigger.job.NoPayNotifyOrderJob.exec(NoPayNotifyOrderJob.java:42)
	at jdk.internal.reflect.GeneratedMethodAccessor22.invoke(Unknown Source)
	at java.base/jdk.internal.reflect.DelegatingMethodAccessorImpl.invoke(DelegatingMethodAccessorImpl.java:43)
	at java.base/java.lang.reflect.Method.invoke(Method.java:566)
	at org.springframework.scheduling.support.ScheduledMethodRunnable.run(ScheduledMethodRunnable.java:84)
	at org.springframework.scheduling.support.DelegatingErrorHandlingRunnable.run(DelegatingErrorHandlingRunnable.java:54)
	at org.springframework.scheduling.concurrent.ReschedulingRunnable.run(ReschedulingRunnable.java:95)
	at java.base/java.util.concurrent.Executors$RunnableAdapter.call(Executors.java:515)
	at java.base/java.util.concurrent.FutureTask.run(FutureTask.java:264)
	at java.base/java.util.concurrent.ScheduledThreadPoolExecutor$ScheduledFutureTask.run(ScheduledThreadPoolExecutor.java:304)
	at java.base/java.util.concurrent.ThreadPoolExecutor.runWorker(ThreadPoolExecutor.java:1128)
	at java.base/java.util.concurrent.ThreadPoolExecutor$Worker.run(ThreadPoolExecutor.java:628)
	at java.base/java.lang.Thread.run(Thread.java:829)
Caused by: java.io.IOException: <!DOCTYPE HTML PUBLIC "-//IETF//DTD HTML 2.0//EN">
<html>
<head><title>504 Gateway Time-out</title></head>
<body bgcolor="white">
<h1>504 Gateway Time-out</h1>
<p>The gateway did not receive a timely response from the upstream server or application. Sorry for the inconvenience.<br/>
Please report this message and include the following information to us.<br/>
Thank you very much!</p>
<table>
<tr>
<td>URL:</td>
<td>http://openapi-sandbox.dl.alipaydev.com/gateway.do?charset=utf-8&amp;method=alipay.trade.query&amp;sign=VFL6av2r43GhkVAFiVTIX4%2FKgtgYD7%2BA2sPnDb%2FZgSCYDZBUae1NneidtzR2vyiejJb8pvWzlQWgDAI4DlKv76C0dHHQjnwfWTp4OJ9nvz4MG99uhD8yeQns3XbcU1mmy%2BBDDXhwSmNinOPyB3xCSvhcC6%2B4h5AIQf%2BbcyB9XxAcRVVvHG%2F82nh%2Bh2uVYhztLW3iO3xA91c9J2JYTEXw7j6MX%2FcdBL7IEaO%2BrbkLExS8M%2FqmnRDIbW025R9Ym1PM3WN%2BNmRMz%2FvW4qAisajW3KFFKMTdagLCAtBrhtnF201GOOfZbVz4fA6LZADwCWAibFRCP%2Bf0l0qZroh7Ku2G1Q%3D%3D&amp;version=1.0&amp;app_id=9021000165677275&amp;sign_type=RSA2&amp;timestamp=2026-07-28+16%3A06%3A51&amp;alipay_sdk=alipay-sdk-java-4.38.157.ALL&amp;format=json</td>
</tr>
<tr>
<td>Server:</td>
<td>openapi-57.rz21a.sandbox.alipay.net</td>
</tr>
<tr>
<td>Date:</td>
<td>2026/07/28 16:06:56</td>
</tr>
</table>
<hr/>Powered by Tengine
</body>
</html>

	at com.alipay.api.internal.util.WebUtils.getResponseAsString(WebUtils.java:520)
	at com.alipay.api.internal.util.WebUtils.doPost(WebUtils.java:181)
	at com.alipay.api.internal.util.WebUtils.doPost(WebUtils.java:142)
	at com.alipay.api.AbstractAlipayClient.doPost(AbstractAlipayClient.java:1003)
	... 18 common frames omitted
26-07-28.16:07:02.135 [scheduling-1    ] ERROR err                    - 2026-07-28 16:07:02^_^alipay.trade.query^_^null^_^192.168.73.1^_^Windows 11^_^alipay-sdk-java-4.38.157.ALL^_^https://openapi-sandbox.dl.alipaydev.com/gateway.do?charset=utf-8&method=alipay.trade.query&sign=JxBxHMwQywk0u%2F%2FDsv0g1bpdL78u47Nean03JFj%2B3VXicGUBwE%2B9ZsxI8l7B0KlRaqZFs9EZw2fKcCUoZINdsAqKe2gPOhRp7rLdSKwIFY405SqlfPtaxbeibwNDCoRFZTZIlKcf5JPepG1V%2FV5dikqmjCJuerCRItYro1IOvop5omgMLlv%2Fivmqq%2F3kqkMKW7efCjWv15SN1k1HinwpGMDaGNUJZqaELQpbjlOx%2BIwL5OvBOCzsqoF0tBJ7otnwHjhKfxGWlBTY9HZu8B0KEHI4hTNtV4i4x%2BQEoc08IMpAE7lHPUZCnIPdJp8z7gklsy8xOIdcGyLWErmMzjB0kw%3D%3D&version=1.0&app_id=9021000165677275&sign_type=RSA2&timestamp=2026-07-28+16%3A06%3A57&alipay_sdk=alipay-sdk-java-4.38.157.ALL&format=json^_^^_^<!DOCTYPE HTML PUBLIC "-//IETF//DTD HTML 2.0//EN"> <html> <head><title>504 Gateway Time-out</title></head> <body bgcolor="white"> <h1>504 Gateway Time-out</h1> <p>The gateway did not receive a timely response from the upstream server or application. Sorry for the inconvenience.<br/> Please report this message and include the following information to us.<br/> Thank you very much!</p> <table> <tr> <td>URL:</td> <td>http://openapi-sandbox.dl.alipaydev.com/gateway.do?charset=utf-8&amp;method=alipay.trade.query&amp;sign=JxBxHMwQywk0u%2F%2FDsv0g1bpdL78u47Nean03JFj%2B3VXicGUBwE%2B9ZsxI8l7B0KlRaqZFs9EZw2fKcCUoZINdsAqKe2gPOhRp7rLdSKwIFY405SqlfPtaxbeibwNDCoRFZTZIlKcf5JPepG1V%2FV5dikqmjCJuerCRItYro1IOvop5omgMLlv%2Fivmqq%2F3kqkMKW7efCjWv15SN1k1HinwpGMDaGNUJZqaELQpbjlOx%2BIwL5OvBOCzsqoF0tBJ7otnwHjhKfxGWlBTY9HZu8B0KEHI4hTNtV4i4x%2BQEoc08IMpAE7lHPUZCnIPdJp8z7gklsy8xOIdcGyLWErmMzjB0kw%3D%3D&amp;version=1.0&amp;app_id=9021000165677275&amp;sign_type=RSA2&amp;timestamp=2026-07-28+16%3A06%3A57&amp;alipay_sdk=alipay-sdk-java-4.38.157.ALL&amp;format=json</td> </tr> <tr> <td>Server:</td> <td>openapi-55.rz21a.sandbox.alipay.net</td> </tr> <tr> <td>Date:</td> <td>2026/07/28 16:07:02</td> </tr> </table> <hr/>Powered by Tengine </body> </html> 
26-07-28.16:07:02.136 [scheduling-1    ] ERROR NoPayNotifyOrderJob    - 检测未接收到或未正确处理的支付回调通知失败
com.alipay.api.AlipayApiException: java.io.IOException: <!DOCTYPE HTML PUBLIC "-//IETF//DTD HTML 2.0//EN">
<html>
<head><title>504 Gateway Time-out</title></head>
<body bgcolor="white">
<h1>504 Gateway Time-out</h1>
<p>The gateway did not receive a timely response from the upstream server or application. Sorry for the inconvenience.<br/>
Please report this message and include the following information to us.<br/>
Thank you very much!</p>
<table>
<tr>
<td>URL:</td>
<td>http://openapi-sandbox.dl.alipaydev.com/gateway.do?charset=utf-8&amp;method=alipay.trade.query&amp;sign=JxBxHMwQywk0u%2F%2FDsv0g1bpdL78u47Nean03JFj%2B3VXicGUBwE%2B9ZsxI8l7B0KlRaqZFs9EZw2fKcCUoZINdsAqKe2gPOhRp7rLdSKwIFY405SqlfPtaxbeibwNDCoRFZTZIlKcf5JPepG1V%2FV5dikqmjCJuerCRItYro1IOvop5omgMLlv%2Fivmqq%2F3kqkMKW7efCjWv15SN1k1HinwpGMDaGNUJZqaELQpbjlOx%2BIwL5OvBOCzsqoF0tBJ7otnwHjhKfxGWlBTY9HZu8B0KEHI4hTNtV4i4x%2BQEoc08IMpAE7lHPUZCnIPdJp8z7gklsy8xOIdcGyLWErmMzjB0kw%3D%3D&amp;version=1.0&amp;app_id=9021000165677275&amp;sign_type=RSA2&amp;timestamp=2026-07-28+16%3A06%3A57&amp;alipay_sdk=alipay-sdk-java-4.38.157.ALL&amp;format=json</td>
</tr>
<tr>
<td>Server:</td>
<td>openapi-55.rz21a.sandbox.alipay.net</td>
</tr>
<tr>
<td>Date:</td>
<td>2026/07/28 16:07:02</td>
</tr>
</table>
<hr/>Powered by Tengine
</body>
</html>

	at com.alipay.api.AbstractAlipayClient.doPost(AbstractAlipayClient.java:1015)
	at com.alipay.api.AbstractAlipayClient._execute(AbstractAlipayClient.java:921)
	at com.alipay.api.AbstractAlipayClient.execute(AbstractAlipayClient.java:395)
	at com.alipay.api.AbstractAlipayClient.execute(AbstractAlipayClient.java:377)
	at com.alipay.api.AbstractAlipayClient.execute(AbstractAlipayClient.java:372)
	at com.alipay.api.AbstractAlipayClient.execute(AbstractAlipayClient.java:366)
	at cn.bugstack.trigger.job.NoPayNotifyOrderJob.exec(NoPayNotifyOrderJob.java:42)
	at jdk.internal.reflect.GeneratedMethodAccessor22.invoke(Unknown Source)
	at java.base/jdk.internal.reflect.DelegatingMethodAccessorImpl.invoke(DelegatingMethodAccessorImpl.java:43)
	at java.base/java.lang.reflect.Method.invoke(Method.java:566)
	at org.springframework.scheduling.support.ScheduledMethodRunnable.run(ScheduledMethodRunnable.java:84)
	at org.springframework.scheduling.support.DelegatingErrorHandlingRunnable.run(DelegatingErrorHandlingRunnable.java:54)
	at org.springframework.scheduling.concurrent.ReschedulingRunnable.run(ReschedulingRunnable.java:95)
	at java.base/java.util.concurrent.Executors$RunnableAdapter.call(Executors.java:515)
	at java.base/java.util.concurrent.FutureTask.run(FutureTask.java:264)
	at java.base/java.util.concurrent.ScheduledThreadPoolExecutor$ScheduledFutureTask.run(ScheduledThreadPoolExecutor.java:304)
	at java.base/java.util.concurrent.ThreadPoolExecutor.runWorker(ThreadPoolExecutor.java:1128)
	at java.base/java.util.concurrent.ThreadPoolExecutor$Worker.run(ThreadPoolExecutor.java:628)
	at java.base/java.lang.Thread.run(Thread.java:829)
Caused by: java.io.IOException: <!DOCTYPE HTML PUBLIC "-//IETF//DTD HTML 2.0//EN">
<html>
<head><title>504 Gateway Time-out</title></head>
<body bgcolor="white">
<h1>504 Gateway Time-out</h1>
<p>The gateway did not receive a timely response from the upstream server or application. Sorry for the inconvenience.<br/>
Please report this message and include the following information to us.<br/>
Thank you very much!</p>
<table>
<tr>
<td>URL:</td>
<td>http://openapi-sandbox.dl.alipaydev.com/gateway.do?charset=utf-8&amp;method=alipay.trade.query&amp;sign=JxBxHMwQywk0u%2F%2FDsv0g1bpdL78u47Nean03JFj%2B3VXicGUBwE%2B9ZsxI8l7B0KlRaqZFs9EZw2fKcCUoZINdsAqKe2gPOhRp7rLdSKwIFY405SqlfPtaxbeibwNDCoRFZTZIlKcf5JPepG1V%2FV5dikqmjCJuerCRItYro1IOvop5omgMLlv%2Fivmqq%2F3kqkMKW7efCjWv15SN1k1HinwpGMDaGNUJZqaELQpbjlOx%2BIwL5OvBOCzsqoF0tBJ7otnwHjhKfxGWlBTY9HZu8B0KEHI4hTNtV4i4x%2BQEoc08IMpAE7lHPUZCnIPdJp8z7gklsy8xOIdcGyLWErmMzjB0kw%3D%3D&amp;version=1.0&amp;app_id=9021000165677275&amp;sign_type=RSA2&amp;timestamp=2026-07-28+16%3A06%3A57&amp;alipay_sdk=alipay-sdk-java-4.38.157.ALL&amp;format=json</td>
</tr>
<tr>
<td>Server:</td>
<td>openapi-55.rz21a.sandbox.alipay.net</td>
</tr>
<tr>
<td>Date:</td>
<td>2026/07/28 16:07:02</td>
</tr>
</table>
<hr/>Powered by Tengine
</body>
</html>

	at com.alipay.api.internal.util.WebUtils.getResponseAsString(WebUtils.java:520)
	at com.alipay.api.internal.util.WebUtils.doPost(WebUtils.java:181)
	at com.alipay.api.internal.util.WebUtils.doPost(WebUtils.java:142)
	at com.alipay.api.AbstractAlipayClient.doPost(AbstractAlipayClient.java:1003)
	... 18 common frames omitted
26-07-28.16:07:08.140 [scheduling-1    ] ERROR err                    - 2026-07-28 16:07:08^_^alipay.trade.query^_^null^_^192.168.73.1^_^Windows 11^_^alipay-sdk-java-4.38.157.ALL^_^https://openapi-sandbox.dl.alipaydev.com/gateway.do?charset=utf-8&method=alipay.trade.query&sign=Nyqbiw0ZWGnxRze1Fek7Zpw3nitwe3HIWmsAsh04ICVf8Fhwjoimn%2Bz7pudXpWW0lt6VxIWu5rgC%2BJeo4HPGEbSP6mZ4tL6TYgQXuSRT5DGIMH0LMEJSkDKAZvj%2BEJ%2Ff%2FyJpVmiwxtUNS2T5Rr5R3Nw9alKpVDBYIBaKc2z7WxZ3ZVOJ%2FrbQewjxSXN4BQWlYu%2BvaN1iaEEfMxtWmSlswkdFOaRqskzjMcTYlTsr4YjimMxZ%2BUcA%2F%2FW8OX%2B8Hhx6zNtvgcV%2BF9%2BARzdYf98RiRLcysXbWr1RAhvHi5bkWRTT6o74cwUkpdG%2FVbwRzuOWyeDjeI8sFi89usg8JdxzYQ%3D%3D&version=1.0&app_id=9021000165677275&sign_type=RSA2&timestamp=2026-07-28+16%3A07%3A03&alipay_sdk=alipay-sdk-java-4.38.157.ALL&format=json^_^^_^<!DOCTYPE HTML PUBLIC "-//IETF//DTD HTML 2.0//EN"> <html> <head><title>504 Gateway Time-out</title></head> <body bgcolor="white"> <h1>504 Gateway Time-out</h1> <p>The gateway did not receive a timely response from the upstream server or application. Sorry for the inconvenience.<br/> Please report this message and include the following information to us.<br/> Thank you very much!</p> <table> <tr> <td>URL:</td> <td>http://openapi-sandbox.dl.alipaydev.com/gateway.do?charset=utf-8&amp;method=alipay.trade.query&amp;sign=Nyqbiw0ZWGnxRze1Fek7Zpw3nitwe3HIWmsAsh04ICVf8Fhwjoimn%2Bz7pudXpWW0lt6VxIWu5rgC%2BJeo4HPGEbSP6mZ4tL6TYgQXuSRT5DGIMH0LMEJSkDKAZvj%2BEJ%2Ff%2FyJpVmiwxtUNS2T5Rr5R3Nw9alKpVDBYIBaKc2z7WxZ3ZVOJ%2FrbQewjxSXN4BQWlYu%2BvaN1iaEEfMxtWmSlswkdFOaRqskzjMcTYlTsr4YjimMxZ%2BUcA%2F%2FW8OX%2B8Hhx6zNtvgcV%2BF9%2BARzdYf98RiRLcysXbWr1RAhvHi5bkWRTT6o74cwUkpdG%2FVbwRzuOWyeDjeI8sFi89usg8JdxzYQ%3D%3D&amp;version=1.0&amp;app_id=9021000165677275&amp;sign_type=RSA2&amp;timestamp=2026-07-28+16%3A07%3A03&amp;alipay_sdk=alipay-sdk-java-4.38.157.ALL&amp;format=json</td> </tr> <tr> <td>Server:</td> <td>openapi-57.rz21a.sandbox.alipay.net</td> </tr> <tr> <td>Date:</td> <td>2026/07/28 16:07:08</td> </tr> </table> <hr/>Powered by Tengine </body> </html> 
26-07-28.16:07:08.141 [scheduling-1    ] ERROR NoPayNotifyOrderJob    - 检测未接收到或未正确处理的支付回调通知失败
com.alipay.api.AlipayApiException: java.io.IOException: <!DOCTYPE HTML PUBLIC "-//IETF//DTD HTML 2.0//EN">
<html>
<head><title>504 Gateway Time-out</title></head>
<body bgcolor="white">
<h1>504 Gateway Time-out</h1>
<p>The gateway did not receive a timely response from the upstream server or application. Sorry for the inconvenience.<br/>
Please report this message and include the following information to us.<br/>
Thank you very much!</p>
<table>
<tr>
<td>URL:</td>
<td>http://openapi-sandbox.dl.alipaydev.com/gateway.do?charset=utf-8&amp;method=alipay.trade.query&amp;sign=Nyqbiw0ZWGnxRze1Fek7Zpw3nitwe3HIWmsAsh04ICVf8Fhwjoimn%2Bz7pudXpWW0lt6VxIWu5rgC%2BJeo4HPGEbSP6mZ4tL6TYgQXuSRT5DGIMH0LMEJSkDKAZvj%2BEJ%2Ff%2FyJpVmiwxtUNS2T5Rr5R3Nw9alKpVDBYIBaKc2z7WxZ3ZVOJ%2FrbQewjxSXN4BQWlYu%2BvaN1iaEEfMxtWmSlswkdFOaRqskzjMcTYlTsr4YjimMxZ%2BUcA%2F%2FW8OX%2B8Hhx6zNtvgcV%2BF9%2BARzdYf98RiRLcysXbWr1RAhvHi5bkWRTT6o74cwUkpdG%2FVbwRzuOWyeDjeI8sFi89usg8JdxzYQ%3D%3D&amp;version=1.0&amp;app_id=9021000165677275&amp;sign_type=RSA2&amp;timestamp=2026-07-28+16%3A07%3A03&amp;alipay_sdk=alipay-sdk-java-4.38.157.ALL&amp;format=json</td>
</tr>
<tr>
<td>Server:</td>
<td>openapi-57.rz21a.sandbox.alipay.net</td>
</tr>
<tr>
<td>Date:</td>
<td>2026/07/28 16:07:08</td>
</tr>
</table>
<hr/>Powered by Tengine
</body>
</html>

	at com.alipay.api.AbstractAlipayClient.doPost(AbstractAlipayClient.java:1015)
	at com.alipay.api.AbstractAlipayClient._execute(AbstractAlipayClient.java:921)
	at com.alipay.api.AbstractAlipayClient.execute(AbstractAlipayClient.java:395)
	at com.alipay.api.AbstractAlipayClient.execute(AbstractAlipayClient.java:377)
	at com.alipay.api.AbstractAlipayClient.execute(AbstractAlipayClient.java:372)
	at com.alipay.api.AbstractAlipayClient.execute(AbstractAlipayClient.java:366)
	at cn.bugstack.trigger.job.NoPayNotifyOrderJob.exec(NoPayNotifyOrderJob.java:42)
	at jdk.internal.reflect.GeneratedMethodAccessor22.invoke(Unknown Source)
	at java.base/jdk.internal.reflect.DelegatingMethodAccessorImpl.invoke(DelegatingMethodAccessorImpl.java:43)
	at java.base/java.lang.reflect.Method.invoke(Method.java:566)
	at org.springframework.scheduling.support.ScheduledMethodRunnable.run(ScheduledMethodRunnable.java:84)
	at org.springframework.scheduling.support.DelegatingErrorHandlingRunnable.run(DelegatingErrorHandlingRunnable.java:54)
	at org.springframework.scheduling.concurrent.ReschedulingRunnable.run(ReschedulingRunnable.java:95)
	at java.base/java.util.concurrent.Executors$RunnableAdapter.call(Executors.java:515)
	at java.base/java.util.concurrent.FutureTask.run(FutureTask.java:264)
	at java.base/java.util.concurrent.ScheduledThreadPoolExecutor$ScheduledFutureTask.run(ScheduledThreadPoolExecutor.java:304)
	at java.base/java.util.concurrent.ThreadPoolExecutor.runWorker(ThreadPoolExecutor.java:1128)
	at java.base/java.util.concurrent.ThreadPoolExecutor$Worker.run(ThreadPoolExecutor.java:628)
	at java.base/java.lang.Thread.run(Thread.java:829)
Caused by: java.io.IOException: <!DOCTYPE HTML PUBLIC "-//IETF//DTD HTML 2.0//EN">
<html>
<head><title>504 Gateway Time-out</title></head>
<body bgcolor="white">
<h1>504 Gateway Time-out</h1>
<p>The gateway did not receive a timely response from the upstream server or application. Sorry for the inconvenience.<br/>
Please report this message and include the following information to us.<br/>
Thank you very much!</p>
<table>
<tr>
<td>URL:</td>
<td>http://openapi-sandbox.dl.alipaydev.com/gateway.do?charset=utf-8&amp;method=alipay.trade.query&amp;sign=Nyqbiw0ZWGnxRze1Fek7Zpw3nitwe3HIWmsAsh04ICVf8Fhwjoimn%2Bz7pudXpWW0lt6VxIWu5rgC%2BJeo4HPGEbSP6mZ4tL6TYgQXuSRT5DGIMH0LMEJSkDKAZvj%2BEJ%2Ff%2FyJpVmiwxtUNS2T5Rr5R3Nw9alKpVDBYIBaKc2z7WxZ3ZVOJ%2FrbQewjxSXN4BQWlYu%2BvaN1iaEEfMxtWmSlswkdFOaRqskzjMcTYlTsr4YjimMxZ%2BUcA%2F%2FW8OX%2B8Hhx6zNtvgcV%2BF9%2BARzdYf98RiRLcysXbWr1RAhvHi5bkWRTT6o74cwUkpdG%2FVbwRzuOWyeDjeI8sFi89usg8JdxzYQ%3D%3D&amp;version=1.0&amp;app_id=9021000165677275&amp;sign_type=RSA2&amp;timestamp=2026-07-28+16%3A07%3A03&amp;alipay_sdk=alipay-sdk-java-4.38.157.ALL&amp;format=json</td>
</tr>
<tr>
<td>Server:</td>
<td>openapi-57.rz21a.sandbox.alipay.net</td>
</tr>
<tr>
<td>Date:</td>
<td>2026/07/28 16:07:08</td>
</tr>
</table>
<hr/>Powered by Tengine
</body>
</html>

	at com.alipay.api.internal.util.WebUtils.getResponseAsString(WebUtils.java:520)
	at com.alipay.api.internal.util.WebUtils.doPost(WebUtils.java:181)
	at com.alipay.api.internal.util.WebUtils.doPost(WebUtils.java:142)
	at com.alipay.api.AbstractAlipayClient.doPost(AbstractAlipayClient.java:1003)
	... 18 common frames omitted
26-07-28.16:07:09.193 [scheduling-1    ] ERROR err                    - ErrorScene^_^40004^_^ACQ.TRADE_NOT_EXIST^_^192.168.73.1^_^Windows 11^_^2026-07-28 16:07:09^_^ProtocalMustParams:charset=utf-8&method=alipay.trade.query&sign=Uzlsuv/rjkc9240+dfHzKvV13jL7ePQw/jFizbnuiGXXNBWU3obvhD6/RWOEc7UiJeJl/OtRIqNcTcsgsvkqlnJIdqVskcur4ctyhFAsyY7/qIuMOq3a8uPzWLxOS+YbfVjynFHK+Jj0DwAZpTWPJ2e29uzxZjaDw9I4pb+tvCrLFges6fMjBClQxUgCAHygODlivxw/ISWBsGEmaBWpBj9NimU1DeGhvzzIiYoc5yPDv2uWfTbzYchZmJcaCvWRpXLJiBbWqTW0ksa62aCDM+hNjlYSSP/WzQmilhYz4b+B1+tQUIylcpET5t60aLrKzxKkLxXJ1ZBZmsnVuLRxCQ==&version=1.0&app_id=9021000165677275&sign_type=RSA2&timestamp=2026-07-28 16:07:09^_^ProtocalOptParams:alipay_sdk=alipay-sdk-java-4.38.157.ALL&format=json^_^ApplicationParams:traceId=060d6922178522602973136853502569&biz_content={"out_trade_no":"59214591885269"}^_^Body:{"alipay_trade_query_response":{"msg":"Business Failed","code":"40004","out_trade_no":"59214591885269","sub_msg":"交易不存在","sub_code":"ACQ.TRADE_NOT_EXIST","receipt_amount":"0.00","point_amount":"0.00","buyer_pay_amount":"0.00","invoice_amount":"0.00"},"sign":"IlGZ9x5UhNF2eAqdNMzeNXtVmLVeP4WAHqOs3UIoTeNqOZPSKddjkKWyTMN0yOnmdmvXLs65xA8iLe3vMAOcTv3IRc5Ly+sfXiILXIoyDMo48N1nGL00QjpY712N35H3czuLP1upFRYorbFoh87mPrUkchUunF+PEBdfORFul87T4s2hkFE5Fl1M1wxQAAUDsoOdZiXF4N0VIlZn8XpWkwGhUJTSzC4T5bTxJpGdI0AVbbLy9QZu0eXIaXEtwYSVDV1oFLVBE/DEmKpridtTn9/6ZOtOpBhjgylpbP+J+f2SCp37feezNW+mRc7kxKeaJfjjdbn7pTI1TeynheyWLQ=="}^_^8ms,173ms,10ms^_^trace_id:060d6922178522602973136853502569
26-07-28.16:07:09.193 [scheduling-1    ] INFO  NoPayNotifyOrderJob    - 检测未接收到或未正确处理的支付回调通知，订单未支付成功 orderId:59214591885269 code:40004 tradeStatus:null
26-07-28.16:07:10.097 [scheduling-1    ] ERROR err                    - ErrorScene^_^40004^_^ACQ.TRADE_NOT_EXIST^_^192.168.73.1^_^Windows 11^_^2026-07-28 16:07:10^_^ProtocalMustParams:charset=utf-8&method=alipay.trade.query&sign=N3b0dV9rIMBMBgIU0yU4K1mXpKFZ4SWPqzJEaH0N5bUKKyI+Nl3AlKpU+H2OLjW9DHCDKFu+c3/eHP2Nyj0zjpoxK4LzkdwuinsZ/spFBEhuUcfhPa5wXt+ZLmFg8Ie/nbOmTRu9nlirMCSlpXXBfSCpuUItA+FN8tpfFUFueZ+oNXMXvcmr+Rm5AYYt3gGBJOAOTOcdVv37VZPtdXY/8G2yksJ1KlTgCeN0E+6cArL9UYhUl4ekRCD6ACnxB2LDp91s7nVHdDgMhI0cJ5VFnUi5kGElwDZb65lVbciHKJzbqWMoWCaTR6mnBO2mga7j8fUdyBEPX+piF37bruf3uA==&version=1.0&app_id=9021000165677275&sign_type=RSA2&timestamp=2026-07-28 16:07:09^_^ProtocalOptParams:alipay_sdk=alipay-sdk-java-4.38.157.ALL&format=json^_^ApplicationParams:traceId=06002c4e178522603057350281578980&biz_content={"out_trade_no":"63015243383423"}^_^Body:{"alipay_trade_query_response":{"msg":"Business Failed","code":"40004","out_trade_no":"63015243383423","sub_msg":"交易不存在","sub_code":"ACQ.TRADE_NOT_EXIST","receipt_amount":"0.00","point_amount":"0.00","buyer_pay_amount":"0.00","invoice_amount":"0.00"},"sign":"j/BKxEaDkp40hVZnDvR3FjkafML/EKkrgK5tm3o7RpXke6JHNNHQj7dtxjFXrid2kn398BXbOviGV9OREaHEsGkNi7IoyBK1JYReqxxHw+KZz8rrBoqtEmOs09WNzTcKyl/5ieUTw21MI9LZ5QoNI9FiQB3n5vdZv5nJ4536haXV/1ocYO4eOii1Wdd47onG0oGH6w7WLvZT+jP9UP1EcysxWQjk4vfPC2p1W/SB9gAsXt/vZ3hDDoI08AIACsojEfWvD71/4rGQQEyT4naQANCIzeGTzHZEfSOYngieu+N8sDW52hL5yDXMIaHr563fJPxX8LcKEtAYz+SGdbzTrw=="}^_^8ms,887ms,9ms^_^trace_id:06002c4e178522603057350281578980
26-07-28.16:07:10.097 [scheduling-1    ] INFO  NoPayNotifyOrderJob    - 检测未接收到或未正确处理的支付回调通知，订单未支付成功 orderId:63015243383423 code:40004 tradeStatus:null
26-07-28.16:07:10.313 [scheduling-1    ] ERROR err                    - ErrorScene^_^40004^_^ACQ.TRADE_NOT_EXIST^_^192.168.73.1^_^Windows 11^_^2026-07-28 16:07:10^_^ProtocalMustParams:charset=utf-8&method=alipay.trade.query&sign=CIOgwfONweBFR1Vh2zMtBm5IdNZMa5RiS6gG2LAmJMOL0dTaSs0Ow6jCw2xXPFX53KUkI4DzGygGajQSNix31tBrPu5ZNSWRpWn4kKBIdiIHbKwggymxvGLuRt6c8xwxxbud+B+Px8xt6c74PuCz8q5ZmVNGx2tk9sDBg3jQDvtgi18+/ImfyBcNyhi31amvhRjswaaTG+Re7MmYgx6cjZkcS4dHpYQEK0ZwVoHIlCgXZavQAszUCyCK6UO3gOVS3pTA08oRbhmOiAe6PQNLtLokflcKMZguB3ShhKQHGewyHQhM+ojPNUI84mI9b41fgSzW9qHykF1aCwRp5R73iw==&version=1.0&app_id=9021000165677275&sign_type=RSA2&timestamp=2026-07-28 16:07:10^_^ProtocalOptParams:alipay_sdk=alipay-sdk-java-4.38.157.ALL&format=json^_^ApplicationParams:traceId=06020e08178522603084456292433085&biz_content={"out_trade_no":"05687486819141"}^_^Body:{"alipay_trade_query_response":{"msg":"Business Failed","code":"40004","out_trade_no":"05687486819141","sub_msg":"交易不存在","sub_code":"ACQ.TRADE_NOT_EXIST","receipt_amount":"0.00","point_amount":"0.00","buyer_pay_amount":"0.00","invoice_amount":"0.00"},"sign":"X8+5Q6lbdoyyrQqpUwxTqfCXdBXg7ThJc2U+u8qezqbw+E5fcgtCqABatoc1r72W+dsojv3i6bkcvvMz3DRr5ahBjxU4gwSWCgz4TBIO+/iTBt57VZmROgv9LqvWSmIQTYHEWA0iBdvVQ8wabF8mzeGODzJcDm0eGuZrLQUuAfb7EsMddzf5Fpsu5TpWoCkIHAS+8CRG2vFJn8fHca0ezh5NORm72mkk1XJRvcuT3PelFHmTo+8KP5OR7ez/2fuIcdGiAD+b2i3e+sfFqMTeUrSfNpunUyXCuTC+ottvD15QxCFhRNfVkTvbOhatQUPyKDv4sjFTxoXvcC8oVH1r9Q=="}^_^8ms,197ms,9ms^_^trace_id:06020e08178522603084456292433085
26-07-28.16:07:10.313 [scheduling-1    ] INFO  NoPayNotifyOrderJob    - 检测未接收到或未正确处理的支付回调通知，订单未支付成功 orderId:05687486819141 code:40004 tradeStatus:null
26-07-28.16:07:12.207 [scheduling-1    ] ERROR err                    - ErrorScene^_^40004^_^ACQ.TRADE_NOT_EXIST^_^192.168.73.1^_^Windows 11^_^2026-07-28 16:07:12^_^ProtocalMustParams:charset=utf-8&method=alipay.trade.query&sign=D4ZGjq7OcxxK6c4Dv2c2IKXHgbsF4CutjvnbhEUdMeEDZF8dMdBA0lyNlakL6N9dcEOrxZIhyurSqhFgc7EoOU6wN2/c/a7DroPpdQcYJAM/P1sLoGUejgZj7NVDVP/M1HC2qlwcLcSEUqUXAeQQJu8aEZV1W5ky+cTLrQlWTWDqAhNC7pfH+LOV1SqikeMznpLF5tAYxM/hBY9QydF2veS8bmZCO8KD5VDs1+hK9y5qcHDAFsNNkKMlsc60njeD30uEOjPi5ACaEXBgCsJRp0ipZTh6dFE0LF0VF2e2JdENBAb+FFnonCKFkqh+J4kYg5gIwHS8VCg2ulmBW+MQeA==&version=1.0&app_id=9021000165677275&sign_type=RSA2&timestamp=2026-07-28 16:07:12^_^ProtocalOptParams:alipay_sdk=alipay-sdk-java-4.38.157.ALL&format=json^_^ApplicationParams:traceId=06020e08178522603274056332433085&biz_content={"out_trade_no":"59214591885269"}^_^Body:{"alipay_trade_query_response":{"msg":"Business Failed","code":"40004","out_trade_no":"59214591885269","sub_msg":"交易不存在","sub_code":"ACQ.TRADE_NOT_EXIST","receipt_amount":"0.00","point_amount":"0.00","buyer_pay_amount":"0.00","invoice_amount":"0.00"},"sign":"IlGZ9x5UhNF2eAqdNMzeNXtVmLVeP4WAHqOs3UIoTeNqOZPSKddjkKWyTMN0yOnmdmvXLs65xA8iLe3vMAOcTv3IRc5Ly+sfXiILXIoyDMo48N1nGL00QjpY712N35H3czuLP1upFRYorbFoh87mPrUkchUunF+PEBdfORFul87T4s2hkFE5Fl1M1wxQAAUDsoOdZiXF4N0VIlZn8XpWkwGhUJTSzC4T5bTxJpGdI0AVbbLy9QZu0eXIaXEtwYSVDV1oFLVBE/DEmKpridtTn9/6ZOtOpBhjgylpbP+J+f2SCp37feezNW+mRc7kxKeaJfjjdbn7pTI1TeynheyWLQ=="}^_^8ms,188ms,10ms^_^trace_id:06020e08178522603274056332433085
26-07-28.16:07:12.207 [scheduling-1    ] INFO  NoPayNotifyOrderJob    - 检测未接收到或未正确处理的支付回调通知，订单未支付成功 orderId:59214591885269 code:40004 tradeStatus:null
26-07-28.16:07:12.684 [scheduling-1    ] ERROR err                    - ErrorScene^_^40004^_^ACQ.TRADE_NOT_EXIST^_^192.168.73.1^_^Windows 11^_^2026-07-28 16:07:12^_^ProtocalMustParams:charset=utf-8&method=alipay.trade.query&sign=Mu+i8ZgaPJBcFTsG4gHD5wEh6S0ONasV0XdjDrVYcBkmzZKnXn8+f/+m3/SL7eqmBvqkdkLwRb8QYL0pmq6+EVpgQSzEuNerDKB7YsTGJpH80v5fTBBXClNkXOUM+fTRTjbr/Q4z1vyHX/1CRHOyLx2MYurWFu+0m6oLFWs7gjHgg0jYHsuuaYTgruSynyWLnLE7LeTxgNNmyhJXm+w63qqYfhSDn4T7nLKsiupnvF2DqA6enkih7iKFU5WvhYvM+uy8wWZJDt1j0XABBIk6hzKE8u6X2Qcgb1fTze1vDvwh3X5NgvZCSsekSdc6+aAJI/a5k+2PpSCOyyS10RbKAg==&version=1.0&app_id=9021000165677275&sign_type=RSA2&timestamp=2026-07-28 16:07:12^_^ProtocalOptParams:alipay_sdk=alipay-sdk-java-4.38.157.ALL&format=json^_^ApplicationParams:traceId=060d6922178522603294736913502569&biz_content={"out_trade_no":"63015243383423"}^_^Body:{"alipay_trade_query_response":{"msg":"Business Failed","code":"40004","out_trade_no":"63015243383423","sub_msg":"交易不存在","sub_code":"ACQ.TRADE_NOT_EXIST","receipt_amount":"0.00","point_amount":"0.00","buyer_pay_amount":"0.00","invoice_amount":"0.00"},"sign":"j/BKxEaDkp40hVZnDvR3FjkafML/EKkrgK5tm3o7RpXke6JHNNHQj7dtxjFXrid2kn398BXbOviGV9OREaHEsGkNi7IoyBK1JYReqxxHw+KZz8rrBoqtEmOs09WNzTcKyl/5ieUTw21MI9LZ5QoNI9FiQB3n5vdZv5nJ4536haXV/1ocYO4eOii1Wdd47onG0oGH6w7WLvZT+jP9UP1EcysxWQjk4vfPC2p1W/SB9gAsXt/vZ3hDDoI08AIACsojEfWvD71/4rGQQEyT4naQANCIzeGTzHZEfSOYngieu+N8sDW52hL5yDXMIaHr563fJPxX8LcKEtAYz+SGdbzTrw=="}^_^11ms,458ms,8ms^_^trace_id:060d6922178522603294736913502569
26-07-28.16:07:12.684 [scheduling-1    ] INFO  NoPayNotifyOrderJob    - 检测未接收到或未正确处理的支付回调通知，订单未支付成功 orderId:63015243383423 code:40004 tradeStatus:null
26-07-28.16:07:19.103 [scheduling-1    ] ERROR err                    - ErrorScene^_^40004^_^ACQ.TRADE_NOT_EXIST^_^192.168.73.1^_^Windows 11^_^2026-07-28 16:07:19^_^ProtocalMustParams:charset=utf-8&method=alipay.trade.query&sign=RFjcuXVolZyx0FYRXRGafRtB+9XtuykSPGEL+j+sUhQN+oOVeNaRf2FVw+UgaIll8K2vso+H81NyMehtFOYQo0vPVr2hvisxw6gKDEL+MiiQj2aNTfpO27ilSHwT/WhY5PCMlrUq9eGLEAGXuDFIvvyX9gDx7tt9rhGevqUPMxQVoEY3hmeCqb6/IC9nEvb3BaxWnqVMN3xSjrTiu8jtH3qGaY7qjmkM+YKlrRv0fokHxue/uERnrAlWKt/O7D9ya1tnzGm6k47McD54NXfqcqI2T/7CyGG0sO9V4v6rcqSd1XkUWFdc4z8YGRp+UArR3SMhwy61uwIcL0sIslteGw==&version=1.0&app_id=9021000165677275&sign_type=RSA2&timestamp=2026-07-28 16:07:12^_^ProtocalOptParams:alipay_sdk=alipay-sdk-java-4.38.157.ALL&format=json^_^ApplicationParams:traceId=060d663d178522603962044228178&biz_content={"out_trade_no":"05687486819141"}^_^Body:{"alipay_trade_query_response":{"msg":"Business Failed","code":"40004","out_trade_no":"05687486819141","sub_msg":"交易不存在","sub_code":"ACQ.TRADE_NOT_EXIST","receipt_amount":"0.00","point_amount":"0.00","buyer_pay_amount":"0.00","invoice_amount":"0.00"},"sign":"X8+5Q6lbdoyyrQqpUwxTqfCXdBXg7ThJc2U+u8qezqbw+E5fcgtCqABatoc1r72W+dsojv3i6bkcvvMz3DRr5ahBjxU4gwSWCgz4TBIO+/iTBt57VZmROgv9LqvWSmIQTYHEWA0iBdvVQ8wabF8mzeGODzJcDm0eGuZrLQUuAfb7EsMddzf5Fpsu5TpWoCkIHAS+8CRG2vFJn8fHca0ezh5NORm72mkk1XJRvcuT3PelFHmTo+8KP5OR7ez/2fuIcdGiAD+b2i3e+sfFqMTeUrSfNpunUyXCuTC+ottvD15QxCFhRNfVkTvbOhatQUPyKDv4sjFTxoXvcC8oVH1r9Q=="}^_^10ms,6400ms,9ms^_^trace_id:060d663d178522603962044228178
26-07-28.16:07:19.103 [scheduling-1    ] INFO  NoPayNotifyOrderJob    - 检测未接收到或未正确处理的支付回调通知，订单未支付成功 orderId:05687486819141 code:40004 tradeStatus:null
26-07-28.16:07:29.396 [scheduling-1    ] ERROR err                    - ErrorScene^_^40004^_^ACQ.TRADE_NOT_EXIST^_^192.168.73.1^_^Windows 11^_^2026-07-28 16:07:29^_^ProtocalMustParams:charset=utf-8&method=alipay.trade.query&sign=Ihu/X2mRGoR0pLaUqD2rY1FC8WZb3YOCdskDA/EM0nb4IFn+v4H3W66Fki5/CJ1wnIBiXNtsw2X5OOlV5z9XOawmtWcXHH24b/1WJZrIFKUEtJjOx/8noarL53cZRhAk3Vivj1fNRV9vuShTfgQDEyJw5lPW945XXtSCy+NhFd4pM2O6vv3ypJZEjvIGpLFiDfc9lhuczhpGti3gU328N7h0zc7E0Ng7pGyMxMu8Zbf52vS2uEqiwmPYkDq31KiMv3Ek6EMXNV2modBG/W46lfQxY0TACXRV6U9lIuPfBlhgYLfTfocfUdXU/HmQDIKynmwU7D+dUuLv+lK1q6o2Zg==&version=1.0&app_id=9021000165677275&sign_type=RSA2&timestamp=2026-07-28 16:07:21^_^ProtocalOptParams:alipay_sdk=alipay-sdk-java-4.38.157.ALL&format=json^_^ApplicationParams:traceId=06002c4e178522604982050701578980&biz_content={"out_trade_no":"59214591885269"}^_^Body:{"alipay_trade_query_response":{"msg":"Business Failed","code":"40004","out_trade_no":"59214591885269","sub_msg":"交易不存在","sub_code":"ACQ.TRADE_NOT_EXIST","receipt_amount":"0.00","point_amount":"0.00","buyer_pay_amount":"0.00","invoice_amount":"0.00"},"sign":"IlGZ9x5UhNF2eAqdNMzeNXtVmLVeP4WAHqOs3UIoTeNqOZPSKddjkKWyTMN0yOnmdmvXLs65xA8iLe3vMAOcTv3IRc5Ly+sfXiILXIoyDMo48N1nGL00QjpY712N35H3czuLP1upFRYorbFoh87mPrUkchUunF+PEBdfORFul87T4s2hkFE5Fl1M1wxQAAUDsoOdZiXF4N0VIlZn8XpWkwGhUJTSzC4T5bTxJpGdI0AVbbLy9QZu0eXIaXEtwYSVDV1oFLVBE/DEmKpridtTn9/6ZOtOpBhjgylpbP+J+f2SCp37feezNW+mRc7kxKeaJfjjdbn7pTI1TeynheyWLQ=="}^_^8ms,8362ms,9ms^_^trace_id:06002c4e178522604982050701578980
26-07-28.16:07:29.397 [scheduling-1    ] INFO  NoPayNotifyOrderJob    - 检测未接收到或未正确处理的支付回调通知，订单未支付成功 orderId:59214591885269 code:40004 tradeStatus:null
26-07-28.16:07:29.704 [scheduling-1    ] ERROR err                    - ErrorScene^_^40004^_^ACQ.TRADE_NOT_EXIST^_^192.168.73.1^_^Windows 11^_^2026-07-28 16:07:29^_^ProtocalMustParams:charset=utf-8&method=alipay.trade.query&sign=P9uF6be15BxkT9tvV5g6U8diHVTbVaKxf8OOdVuvXZFtqW8j2EVTEJnytUFa16iJts8dIeuaw/B6PkBD1jEPFJJEdePcuNdC8wk8JG9Xw5KKsmhypK/LRGqqmpYAlnmlUsNm/DrNvcvR7hPm/O0/zY4UuLgN1JeO9LB8J9FISUxJoNcqTnL70AuNrXbaVha/c1IJL6W987u3VTWzgWeSCEduy2AT9VQ8MQ42e6fo749fgyYcu6xlQd5e1qGVkuXQs8au0W1hgWSxpl8uIe4iB1nfT6n5RShLFc/GiiIulGhylgRsyCnnPOR+g5LJ0scQ1Rs+z2i4XDV+JZXuIMI7Dg==&version=1.0&app_id=9021000165677275&sign_type=RSA2&timestamp=2026-07-28 16:07:29^_^ProtocalOptParams:alipay_sdk=alipay-sdk-java-4.38.157.ALL&format=json^_^ApplicationParams:traceId=06020e08178522605013456992433085&biz_content={"out_trade_no":"63015243383423"}^_^Body:{"alipay_trade_query_response":{"msg":"Business Failed","code":"40004","out_trade_no":"63015243383423","sub_msg":"交易不存在","sub_code":"ACQ.TRADE_NOT_EXIST","receipt_amount":"0.00","point_amount":"0.00","buyer_pay_amount":"0.00","invoice_amount":"0.00"},"sign":"j/BKxEaDkp40hVZnDvR3FjkafML/EKkrgK5tm3o7RpXke6JHNNHQj7dtxjFXrid2kn398BXbOviGV9OREaHEsGkNi7IoyBK1JYReqxxHw+KZz8rrBoqtEmOs09WNzTcKyl/5ieUTw21MI9LZ5QoNI9FiQB3n5vdZv5nJ4536haXV/1ocYO4eOii1Wdd47onG0oGH6w7WLvZT+jP9UP1EcysxWQjk4vfPC2p1W/SB9gAsXt/vZ3hDDoI08AIACsojEfWvD71/4rGQQEyT4naQANCIzeGTzHZEfSOYngieu+N8sDW52hL5yDXMIaHr563fJPxX8LcKEtAYz+SGdbzTrw=="}^_^9ms,289ms,9ms^_^trace_id:06020e08178522605013456992433085
26-07-28.16:07:29.704 [scheduling-1    ] INFO  NoPayNotifyOrderJob    - 检测未接收到或未正确处理的支付回调通知，订单未支付成功 orderId:63015243383423 code:40004 tradeStatus:null
26-07-28.16:07:34.823 [scheduling-1    ] ERROR err                    - 2026-07-28 16:07:34^_^alipay.trade.query^_^null^_^192.168.73.1^_^Windows 11^_^alipay-sdk-java-4.38.157.ALL^_^https://openapi-sandbox.dl.alipaydev.com/gateway.do?charset=utf-8&method=alipay.trade.query&sign=O4hXowEcAIok2PeB7pt7Gj%2Bekd62%2Bs1RH3yWJjFyFKlKhDHTSm8fDrefSyrPHuCiOIW%2F0jNJAAuEIEIxn31dtsvvJ8%2BmEFK08UNGV%2FngsbGChhcFvCD9Zd6l8mEt249VZgDQ4HATLvcPgN2DjfGRt5ZhAza3rgNWcfDEpyeZ%2BZSN6N%2BDwOS%2FRqLUuxDW%2B2oLrrj9UMVi8wm4GWSWMr6seWJmPh1AbbG8GH0EUf%2FEsAiQhrqg4s%2B46HL86Maefb6185n%2BWeEm%2BQ%2FcZEvGtlKJ%2FThCc1KDvP5rx5CqV6SfA2cw5N0gvkZXk%2BFfsfKLuwLMtdORzGojzyOAlVSSi90WwQ%3D%3D&version=1.0&app_id=9021000165677275&sign_type=RSA2&timestamp=2026-07-28+16%3A07%3A29&alipay_sdk=alipay-sdk-java-4.38.157.ALL&format=json^_^^_^<!DOCTYPE HTML PUBLIC "-//IETF//DTD HTML 2.0//EN"> <html> <head><title>504 Gateway Time-out</title></head> <body bgcolor="white"> <h1>504 Gateway Time-out</h1> <p>The gateway did not receive a timely response from the upstream server or application. Sorry for the inconvenience.<br/> Please report this message and include the following information to us.<br/> Thank you very much!</p> <table> <tr> <td>URL:</td> <td>http://openapi-sandbox.dl.alipaydev.com/gateway.do?charset=utf-8&amp;method=alipay.trade.query&amp;sign=O4hXowEcAIok2PeB7pt7Gj%2Bekd62%2Bs1RH3yWJjFyFKlKhDHTSm8fDrefSyrPHuCiOIW%2F0jNJAAuEIEIxn31dtsvvJ8%2BmEFK08UNGV%2FngsbGChhcFvCD9Zd6l8mEt249VZgDQ4HATLvcPgN2DjfGRt5ZhAza3rgNWcfDEpyeZ%2BZSN6N%2BDwOS%2FRqLUuxDW%2B2oLrrj9UMVi8wm4GWSWMr6seWJmPh1AbbG8GH0EUf%2FEsAiQhrqg4s%2B46HL86Maefb6185n%2BWeEm%2BQ%2FcZEvGtlKJ%2FThCc1KDvP5rx5CqV6SfA2cw5N0gvkZXk%2BFfsfKLuwLMtdORzGojzyOAlVSSi90WwQ%3D%3D&amp;version=1.0&amp;app_id=9021000165677275&amp;sign_type=RSA2&amp;timestamp=2026-07-28+16%3A07%3A29&amp;alipay_sdk=alipay-sdk-java-4.38.157.ALL&amp;format=json</td> </tr> <tr> <td>Server:</td> <td>openapi-57.rz21a.sandbox.alipay.net</td> </tr> <tr> <td>Date:</td> <td>2026/07/28 16:07:35</td> </tr> </table> <hr/>Powered by Tengine </body> </html> 
26-07-28.16:07:34.823 [scheduling-1    ] ERROR NoPayNotifyOrderJob    - 检测未接收到或未正确处理的支付回调通知失败
com.alipay.api.AlipayApiException: java.io.IOException: <!DOCTYPE HTML PUBLIC "-//IETF//DTD HTML 2.0//EN">
<html>
<head><title>504 Gateway Time-out</title></head>
<body bgcolor="white">
<h1>504 Gateway Time-out</h1>
<p>The gateway did not receive a timely response from the upstream server or application. Sorry for the inconvenience.<br/>
Please report this message and include the following information to us.<br/>
Thank you very much!</p>
<table>
<tr>
<td>URL:</td>
<td>http://openapi-sandbox.dl.alipaydev.com/gateway.do?charset=utf-8&amp;method=alipay.trade.query&amp;sign=O4hXowEcAIok2PeB7pt7Gj%2Bekd62%2Bs1RH3yWJjFyFKlKhDHTSm8fDrefSyrPHuCiOIW%2F0jNJAAuEIEIxn31dtsvvJ8%2BmEFK08UNGV%2FngsbGChhcFvCD9Zd6l8mEt249VZgDQ4HATLvcPgN2DjfGRt5ZhAza3rgNWcfDEpyeZ%2BZSN6N%2BDwOS%2FRqLUuxDW%2B2oLrrj9UMVi8wm4GWSWMr6seWJmPh1AbbG8GH0EUf%2FEsAiQhrqg4s%2B46HL86Maefb6185n%2BWeEm%2BQ%2FcZEvGtlKJ%2FThCc1KDvP5rx5CqV6SfA2cw5N0gvkZXk%2BFfsfKLuwLMtdORzGojzyOAlVSSi90WwQ%3D%3D&amp;version=1.0&amp;app_id=9021000165677275&amp;sign_type=RSA2&amp;timestamp=2026-07-28+16%3A07%3A29&amp;alipay_sdk=alipay-sdk-java-4.38.157.ALL&amp;format=json</td>
</tr>
<tr>
<td>Server:</td>
<td>openapi-57.rz21a.sandbox.alipay.net</td>
</tr>
<tr>
<td>Date:</td>
<td>2026/07/28 16:07:35</td>
</tr>
</table>
<hr/>Powered by Tengine
</body>
</html>

	at com.alipay.api.AbstractAlipayClient.doPost(AbstractAlipayClient.java:1015)
	at com.alipay.api.AbstractAlipayClient._execute(AbstractAlipayClient.java:921)
	at com.alipay.api.AbstractAlipayClient.execute(AbstractAlipayClient.java:395)
	at com.alipay.api.AbstractAlipayClient.execute(AbstractAlipayClient.java:377)
	at com.alipay.api.AbstractAlipayClient.execute(AbstractAlipayClient.java:372)
	at com.alipay.api.AbstractAlipayClient.execute(AbstractAlipayClient.java:366)
	at cn.bugstack.trigger.job.NoPayNotifyOrderJob.exec(NoPayNotifyOrderJob.java:42)
	at jdk.internal.reflect.GeneratedMethodAccessor22.invoke(Unknown Source)
	at java.base/jdk.internal.reflect.DelegatingMethodAccessorImpl.invoke(DelegatingMethodAccessorImpl.java:43)
	at java.base/java.lang.reflect.Method.invoke(Method.java:566)
	at org.springframework.scheduling.support.ScheduledMethodRunnable.run(ScheduledMethodRunnable.java:84)
	at org.springframework.scheduling.support.DelegatingErrorHandlingRunnable.run(DelegatingErrorHandlingRunnable.java:54)
	at org.springframework.scheduling.concurrent.ReschedulingRunnable.run(ReschedulingRunnable.java:95)
	at java.base/java.util.concurrent.Executors$RunnableAdapter.call(Executors.java:515)
	at java.base/java.util.concurrent.FutureTask.run(FutureTask.java:264)
	at java.base/java.util.concurrent.ScheduledThreadPoolExecutor$ScheduledFutureTask.run(ScheduledThreadPoolExecutor.java:304)
	at java.base/java.util.concurrent.ThreadPoolExecutor.runWorker(ThreadPoolExecutor.java:1128)
	at java.base/java.util.concurrent.ThreadPoolExecutor$Worker.run(ThreadPoolExecutor.java:628)
	at java.base/java.lang.Thread.run(Thread.java:829)
Caused by: java.io.IOException: <!DOCTYPE HTML PUBLIC "-//IETF//DTD HTML 2.0//EN">
<html>
<head><title>504 Gateway Time-out</title></head>
<body bgcolor="white">
<h1>504 Gateway Time-out</h1>
<p>The gateway did not receive a timely response from the upstream server or application. Sorry for the inconvenience.<br/>
Please report this message and include the following information to us.<br/>
Thank you very much!</p>
<table>
<tr>
<td>URL:</td>
<td>http://openapi-sandbox.dl.alipaydev.com/gateway.do?charset=utf-8&amp;method=alipay.trade.query&amp;sign=O4hXowEcAIok2PeB7pt7Gj%2Bekd62%2Bs1RH3yWJjFyFKlKhDHTSm8fDrefSyrPHuCiOIW%2F0jNJAAuEIEIxn31dtsvvJ8%2BmEFK08UNGV%2FngsbGChhcFvCD9Zd6l8mEt249VZgDQ4HATLvcPgN2DjfGRt5ZhAza3rgNWcfDEpyeZ%2BZSN6N%2BDwOS%2FRqLUuxDW%2B2oLrrj9UMVi8wm4GWSWMr6seWJmPh1AbbG8GH0EUf%2FEsAiQhrqg4s%2B46HL86Maefb6185n%2BWeEm%2BQ%2FcZEvGtlKJ%2FThCc1KDvP5rx5CqV6SfA2cw5N0gvkZXk%2BFfsfKLuwLMtdORzGojzyOAlVSSi90WwQ%3D%3D&amp;version=1.0&amp;app_id=9021000165677275&amp;sign_type=RSA2&amp;timestamp=2026-07-28+16%3A07%3A29&amp;alipay_sdk=alipay-sdk-java-4.38.157.ALL&amp;format=json</td>
</tr>
<tr>
<td>Server:</td>
<td>openapi-57.rz21a.sandbox.alipay.net</td>
</tr>
<tr>
<td>Date:</td>
<td>2026/07/28 16:07:35</td>
</tr>
</table>
<hr/>Powered by Tengine
</body>
</html>

	at com.alipay.api.internal.util.WebUtils.getResponseAsString(WebUtils.java:520)
	at com.alipay.api.internal.util.WebUtils.doPost(WebUtils.java:181)
	at com.alipay.api.internal.util.WebUtils.doPost(WebUtils.java:142)
	at com.alipay.api.AbstractAlipayClient.doPost(AbstractAlipayClient.java:1003)
	... 18 common frames omitted
26-07-28.16:07:36.273 [scheduling-1    ] ERROR err                    - ErrorScene^_^40004^_^ACQ.TRADE_NOT_EXIST^_^192.168.73.1^_^Windows 11^_^2026-07-28 16:07:36^_^ProtocalMustParams:charset=utf-8&method=alipay.trade.query&sign=hduZ3O/VE2kuXxAl6GXdPFAOqiVqPNNBaLyG1w2Jl9WpbXo+PKvEuIAL2u1gOKeS/GA7EHqjEWrH4Z8Luy8IwFJAKoe0CV9sNOP+ilQcCHWLLw64vbxD5OUOX9kZYc2WjQ8OyY+rZuCUa0NZ6jcAAQrXhUIlxkK7urxEC86nAoHSbQB4iH9oU8zPHXFfRf4vrsZRZ2GwdP4nnWH6HLRAEKHb3duxeIx0PiHbeS9pNygltEE8OqERPwa4mL0e4HIhsq56TPT/E11cPowEzXiodB2CHBDnNTfYpwrh2CRYQuMzCRPtChye7s4hDlboUA7t6vYVMUHyhqtIJPGd85PgZw==&version=1.0&app_id=9021000165677275&sign_type=RSA2&timestamp=2026-07-28 16:07:36^_^ProtocalOptParams:alipay_sdk=alipay-sdk-java-4.38.157.ALL&format=json^_^ApplicationParams:traceId=060d6922178522605675638013502569&biz_content={"out_trade_no":"59214591885269"}^_^Body:{"alipay_trade_query_response":{"msg":"Business Failed","code":"40004","out_trade_no":"59214591885269","sub_msg":"交易不存在","sub_code":"ACQ.TRADE_NOT_EXIST","receipt_amount":"0.00","point_amount":"0.00","buyer_pay_amount":"0.00","invoice_amount":"0.00"},"sign":"IlGZ9x5UhNF2eAqdNMzeNXtVmLVeP4WAHqOs3UIoTeNqOZPSKddjkKWyTMN0yOnmdmvXLs65xA8iLe3vMAOcTv3IRc5Ly+sfXiILXIoyDMo48N1nGL00QjpY712N35H3czuLP1upFRYorbFoh87mPrUkchUunF+PEBdfORFul87T4s2hkFE5Fl1M1wxQAAUDsoOdZiXF4N0VIlZn8XpWkwGhUJTSzC4T5bTxJpGdI0AVbbLy9QZu0eXIaXEtwYSVDV1oFLVBE/DEmKpridtTn9/6ZOtOpBhjgylpbP+J+f2SCp37feezNW+mRc7kxKeaJfjjdbn7pTI1TeynheyWLQ=="}^_^8ms,238ms,9ms^_^trace_id:060d6922178522605675638013502569
26-07-28.16:07:36.273 [scheduling-1    ] INFO  NoPayNotifyOrderJob    - 检测未接收到或未正确处理的支付回调通知，订单未支付成功 orderId:59214591885269 code:40004 tradeStatus:null
26-07-28.16:07:36.485 [scheduling-1    ] ERROR err                    - ErrorScene^_^40004^_^ACQ.TRADE_NOT_EXIST^_^192.168.73.1^_^Windows 11^_^2026-07-28 16:07:36^_^ProtocalMustParams:charset=utf-8&method=alipay.trade.query&sign=U6htx+TLQ8FtW4fvTmVd8AYpRuFBTmlJ8RrrSLw3/gIK+K2PwDXoDlYXmxHs7gz4a3ti3IrQfUKZb8w8NTeIAmy4quS4XXKz/bHR54QjLl/roykVJqknBSdw81l7ZeT8UXWzNdjWATv/a78yV0YbdbGr4AkNnM85K3pDb6eF4xSXWy6sovmp7zGVIcNrWowOu8YkDqLi7jA+e0n1ccM0lbZU95Eht5aBiX8GAJb2qf1wsUi1j+gGSQUsTcqWkgdmcyH4wuDwNtnbdV/NdRpezbxCCFb6FZSnXuiwlAoQYnF+30Quetsk7LKBMCgRn65Oy0JLkOrcgNd/ilDv0mXu8g==&version=1.0&app_id=9021000165677275&sign_type=RSA2&timestamp=2026-07-28 16:07:36^_^ProtocalOptParams:alipay_sdk=alipay-sdk-java-4.38.157.ALL&format=json^_^ApplicationParams:traceId=060001f3178522605701483662231288&biz_content={"out_trade_no":"63015243383423"}^_^Body:{"alipay_trade_query_response":{"msg":"Business Failed","code":"40004","out_trade_no":"63015243383423","sub_msg":"交易不存在","sub_code":"ACQ.TRADE_NOT_EXIST","receipt_amount":"0.00","point_amount":"0.00","buyer_pay_amount":"0.00","invoice_amount":"0.00"},"sign":"j/BKxEaDkp40hVZnDvR3FjkafML/EKkrgK5tm3o7RpXke6JHNNHQj7dtxjFXrid2kn398BXbOviGV9OREaHEsGkNi7IoyBK1JYReqxxHw+KZz8rrBoqtEmOs09WNzTcKyl/5ieUTw21MI9LZ5QoNI9FiQB3n5vdZv5nJ4536haXV/1ocYO4eOii1Wdd47onG0oGH6w7WLvZT+jP9UP1EcysxWQjk4vfPC2p1W/SB9gAsXt/vZ3hDDoI08AIACsojEfWvD71/4rGQQEyT4naQANCIzeGTzHZEfSOYngieu+N8sDW52hL5yDXMIaHr563fJPxX8LcKEtAYz+SGdbzTrw=="}^_^8ms,195ms,9ms^_^trace_id:060001f3178522605701483662231288
26-07-28.16:07:36.485 [scheduling-1    ] INFO  NoPayNotifyOrderJob    - 检测未接收到或未正确处理的支付回调通知，订单未支付成功 orderId:63015243383423 code:40004 tradeStatus:null
26-07-28.16:07:36.702 [scheduling-1    ] ERROR err                    - ErrorScene^_^40004^_^ACQ.TRADE_NOT_EXIST^_^192.168.73.1^_^Windows 11^_^2026-07-28 16:07:36^_^ProtocalMustParams:charset=utf-8&method=alipay.trade.query&sign=H3ZX64QyeEXNGyODVkf+IRj9S6piKRF7wPAAZ8oD6n/19tM7FHRm8QuRvpOtyqOXITntnux/OsnLZ4gPWMCv8BRgTTsCOdAXF7Pl23isWFcRInDNADiIWEESIwBSgqYu4uFHkBh8Xr6qRyKbsXvLGCI4hs4d6HqP+YhSxp3zLASJHA8BF6OTKLqTWl7kVtO9wz8bpUJ0pO1RAzIR4W/wjkZfiik7CCSf89YIthOyLre9W2Ev7nLo+yNb9pR0MRNrSO+glHYxOToJK60bEdn5LItDg+HsMct0MWidrW5jWcNY6kcDMzO7+7lGK3EgsvezicbF+MJR0PW+o0BG0R4Xgg==&version=1.0&app_id=9021000165677275&sign_type=RSA2&timestamp=2026-07-28 16:07:36^_^ProtocalOptParams:alipay_sdk=alipay-sdk-java-4.38.157.ALL&format=json^_^ApplicationParams:traceId=060001f3178522605723383672231288&biz_content={"out_trade_no":"05687486819141"}^_^Body:{"alipay_trade_query_response":{"msg":"Business Failed","code":"40004","out_trade_no":"05687486819141","sub_msg":"交易不存在","sub_code":"ACQ.TRADE_NOT_EXIST","receipt_amount":"0.00","point_amount":"0.00","buyer_pay_amount":"0.00","invoice_amount":"0.00"},"sign":"X8+5Q6lbdoyyrQqpUwxTqfCXdBXg7ThJc2U+u8qezqbw+E5fcgtCqABatoc1r72W+dsojv3i6bkcvvMz3DRr5ahBjxU4gwSWCgz4TBIO+/iTBt57VZmROgv9LqvWSmIQTYHEWA0iBdvVQ8wabF8mzeGODzJcDm0eGuZrLQUuAfb7EsMddzf5Fpsu5TpWoCkIHAS+8CRG2vFJn8fHca0ezh5NORm72mkk1XJRvcuT3PelFHmTo+8KP5OR7ez/2fuIcdGiAD+b2i3e+sfFqMTeUrSfNpunUyXCuTC+ottvD15QxCFhRNfVkTvbOhatQUPyKDv4sjFTxoXvcC8oVH1r9Q=="}^_^9ms,198ms,9ms^_^trace_id:060001f3178522605723383672231288
26-07-28.16:07:36.702 [scheduling-1    ] INFO  NoPayNotifyOrderJob    - 检测未接收到或未正确处理的支付回调通知，订单未支付成功 orderId:05687486819141 code:40004 tradeStatus:null
26-07-28.16:07:39.204 [scheduling-1    ] ERROR err                    - ErrorScene^_^40004^_^ACQ.TRADE_NOT_EXIST^_^192.168.73.1^_^Windows 11^_^2026-07-28 16:07:39^_^ProtocalMustParams:charset=utf-8&method=alipay.trade.query&sign=cDWpewYtqUCYZQH47g9Baqur73iCfWAJEwac1MKSZfDwZQe8f7FPtSp2STTw4nk++ECcYjBf4mrYR9hqMPxPVCnaLFpDXjDlEq9nz7YkA74nNTv385RqyZd3WKRjtn4bI96slbNlRUp3eWrij8djqWkWf3pXvVgBlqG9wMABHcb9+qVisKDCItvZYkilSglrunTCmlpKfFpdRXlRycZasXTMqCXYB7yC2vRQTnRFSiIKNx4TNwmTI1AN0P4BTTk3YAcNf5ykA7mNId+900MJjBkauY8Utp8kHzc4z+MX8AdZjFoYLnA7e+X7cVk/8FeAH+M35DP4KkvbsxUzh8rN+w==&version=1.0&app_id=9021000165677275&sign_type=RSA2&timestamp=2026-07-28 16:07:39^_^ProtocalOptParams:alipay_sdk=alipay-sdk-java-4.38.157.ALL&format=json^_^ApplicationParams:traceId=06002c4e178522605974551501578980&biz_content={"out_trade_no":"59214591885269"}^_^Body:{"alipay_trade_query_response":{"msg":"Business Failed","code":"40004","out_trade_no":"59214591885269","sub_msg":"交易不存在","sub_code":"ACQ.TRADE_NOT_EXIST","receipt_amount":"0.00","point_amount":"0.00","buyer_pay_amount":"0.00","invoice_amount":"0.00"},"sign":"IlGZ9x5UhNF2eAqdNMzeNXtVmLVeP4WAHqOs3UIoTeNqOZPSKddjkKWyTMN0yOnmdmvXLs65xA8iLe3vMAOcTv3IRc5Ly+sfXiILXIoyDMo48N1nGL00QjpY712N35H3czuLP1upFRYorbFoh87mPrUkchUunF+PEBdfORFul87T4s2hkFE5Fl1M1wxQAAUDsoOdZiXF4N0VIlZn8XpWkwGhUJTSzC4T5bTxJpGdI0AVbbLy9QZu0eXIaXEtwYSVDV1oFLVBE/DEmKpridtTn9/6ZOtOpBhjgylpbP+J+f2SCp37feezNW+mRc7kxKeaJfjjdbn7pTI1TeynheyWLQ=="}^_^8ms,174ms,8ms^_^trace_id:06002c4e178522605974551501578980
26-07-28.16:07:39.204 [scheduling-1    ] INFO  NoPayNotifyOrderJob    - 检测未接收到或未正确处理的支付回调通知，订单未支付成功 orderId:59214591885269 code:40004 tradeStatus:null
26-07-28.16:07:44.332 [scheduling-1    ] ERROR err                    - 2026-07-28 16:07:44^_^alipay.trade.query^_^null^_^192.168.73.1^_^Windows 11^_^alipay-sdk-java-4.38.157.ALL^_^https://openapi-sandbox.dl.alipaydev.com/gateway.do?charset=utf-8&method=alipay.trade.query&sign=bgtezWWTgum0E4Sj2OtFMODVuXHd8TG0T48xrrlPAmWrNKtMay6cD8kAC%2FnAVYKhN1w%2FxzfGtvN4kAvawmIELwDw5xVqyUXejLtGVSldvAZtcjBNa39uGn2tEgby6NYdFY79dN%2Bo70Gzpa7hFXazoqo9xTw8dinieE8w4uTZZjOTDp0%2Bv6dD89WW47ie6U7Kbb1m5K93dVSYr45vFwN%2BKtvL0bbYKAryIQFlYnKX5vE8aggolNCLc%2BCVNgDK9dMeDejJ%2BecWNNSfQQS9r%2BSNdXtjfe1T0gNvvVyKQZrbWJqB4JbdfYkiO41W2KCCNOf1tb8%2F6JRlcbDUjOaWJGe4qg%3D%3D&version=1.0&app_id=9021000165677275&sign_type=RSA2&timestamp=2026-07-28+16%3A07%3A39&alipay_sdk=alipay-sdk-java-4.38.157.ALL&format=json^_^^_^<!DOCTYPE HTML PUBLIC "-//IETF//DTD HTML 2.0//EN"> <html> <head><title>504 Gateway Time-out</title></head> <body bgcolor="white"> <h1>504 Gateway Time-out</h1> <p>The gateway did not receive a timely response from the upstream server or application. Sorry for the inconvenience.<br/> Please report this message and include the following information to us.<br/> Thank you very much!</p> <table> <tr> <td>URL:</td> <td>http://openapi-sandbox.dl.alipaydev.com/gateway.do?charset=utf-8&amp;method=alipay.trade.query&amp;sign=bgtezWWTgum0E4Sj2OtFMODVuXHd8TG0T48xrrlPAmWrNKtMay6cD8kAC%2FnAVYKhN1w%2FxzfGtvN4kAvawmIELwDw5xVqyUXejLtGVSldvAZtcjBNa39uGn2tEgby6NYdFY79dN%2Bo70Gzpa7hFXazoqo9xTw8dinieE8w4uTZZjOTDp0%2Bv6dD89WW47ie6U7Kbb1m5K93dVSYr45vFwN%2BKtvL0bbYKAryIQFlYnKX5vE8aggolNCLc%2BCVNgDK9dMeDejJ%2BecWNNSfQQS9r%2BSNdXtjfe1T0gNvvVyKQZrbWJqB4JbdfYkiO41W2KCCNOf1tb8%2F6JRlcbDUjOaWJGe4qg%3D%3D&amp;version=1.0&amp;app_id=9021000165677275&amp;sign_type=RSA2&amp;timestamp=2026-07-28+16%3A07%3A39&amp;alipay_sdk=alipay-sdk-java-4.38.157.ALL&amp;format=json</td> </tr> <tr> <td>Server:</td> <td>openapi-55.rz21a.sandbox.alipay.net</td> </tr> <tr> <td>Date:</td> <td>2026/07/28 16:07:44</td> </tr> </table> <hr/>Powered by Tengine </body> </html> 
26-07-28.16:07:44.332 [scheduling-1    ] ERROR NoPayNotifyOrderJob    - 检测未接收到或未正确处理的支付回调通知失败
com.alipay.api.AlipayApiException: java.io.IOException: <!DOCTYPE HTML PUBLIC "-//IETF//DTD HTML 2.0//EN">
<html>
<head><title>504 Gateway Time-out</title></head>
<body bgcolor="white">
<h1>504 Gateway Time-out</h1>
<p>The gateway did not receive a timely response from the upstream server or application. Sorry for the inconvenience.<br/>
Please report this message and include the following information to us.<br/>
Thank you very much!</p>
<table>
<tr>
<td>URL:</td>
<td>http://openapi-sandbox.dl.alipaydev.com/gateway.do?charset=utf-8&amp;method=alipay.trade.query&amp;sign=bgtezWWTgum0E4Sj2OtFMODVuXHd8TG0T48xrrlPAmWrNKtMay6cD8kAC%2FnAVYKhN1w%2FxzfGtvN4kAvawmIELwDw5xVqyUXejLtGVSldvAZtcjBNa39uGn2tEgby6NYdFY79dN%2Bo70Gzpa7hFXazoqo9xTw8dinieE8w4uTZZjOTDp0%2Bv6dD89WW47ie6U7Kbb1m5K93dVSYr45vFwN%2BKtvL0bbYKAryIQFlYnKX5vE8aggolNCLc%2BCVNgDK9dMeDejJ%2BecWNNSfQQS9r%2BSNdXtjfe1T0gNvvVyKQZrbWJqB4JbdfYkiO41W2KCCNOf1tb8%2F6JRlcbDUjOaWJGe4qg%3D%3D&amp;version=1.0&amp;app_id=9021000165677275&amp;sign_type=RSA2&amp;timestamp=2026-07-28+16%3A07%3A39&amp;alipay_sdk=alipay-sdk-java-4.38.157.ALL&amp;format=json</td>
</tr>
<tr>
<td>Server:</td>
<td>openapi-55.rz21a.sandbox.alipay.net</td>
</tr>
<tr>
<td>Date:</td>
<td>2026/07/28 16:07:44</td>
</tr>
</table>
<hr/>Powered by Tengine
</body>
</html>

	at com.alipay.api.AbstractAlipayClient.doPost(AbstractAlipayClient.java:1015)
	at com.alipay.api.AbstractAlipayClient._execute(AbstractAlipayClient.java:921)
	at com.alipay.api.AbstractAlipayClient.execute(AbstractAlipayClient.java:395)
	at com.alipay.api.AbstractAlipayClient.execute(AbstractAlipayClient.java:377)
	at com.alipay.api.AbstractAlipayClient.execute(AbstractAlipayClient.java:372)
	at com.alipay.api.AbstractAlipayClient.execute(AbstractAlipayClient.java:366)
	at cn.bugstack.trigger.job.NoPayNotifyOrderJob.exec(NoPayNotifyOrderJob.java:42)
	at jdk.internal.reflect.GeneratedMethodAccessor22.invoke(Unknown Source)
	at java.base/jdk.internal.reflect.DelegatingMethodAccessorImpl.invoke(DelegatingMethodAccessorImpl.java:43)
	at java.base/java.lang.reflect.Method.invoke(Method.java:566)
	at org.springframework.scheduling.support.ScheduledMethodRunnable.run(ScheduledMethodRunnable.java:84)
	at org.springframework.scheduling.support.DelegatingErrorHandlingRunnable.run(DelegatingErrorHandlingRunnable.java:54)
	at org.springframework.scheduling.concurrent.ReschedulingRunnable.run(ReschedulingRunnable.java:95)
	at java.base/java.util.concurrent.Executors$RunnableAdapter.call(Executors.java:515)
	at java.base/java.util.concurrent.FutureTask.run(FutureTask.java:264)
	at java.base/java.util.concurrent.ScheduledThreadPoolExecutor$ScheduledFutureTask.run(ScheduledThreadPoolExecutor.java:304)
	at java.base/java.util.concurrent.ThreadPoolExecutor.runWorker(ThreadPoolExecutor.java:1128)
	at java.base/java.util.concurrent.ThreadPoolExecutor$Worker.run(ThreadPoolExecutor.java:628)
	at java.base/java.lang.Thread.run(Thread.java:829)
Caused by: java.io.IOException: <!DOCTYPE HTML PUBLIC "-//IETF//DTD HTML 2.0//EN">
<html>
<head><title>504 Gateway Time-out</title></head>
<body bgcolor="white">
<h1>504 Gateway Time-out</h1>
<p>The gateway did not receive a timely response from the upstream server or application. Sorry for the inconvenience.<br/>
Please report this message and include the following information to us.<br/>
Thank you very much!</p>
<table>
<tr>
<td>URL:</td>
<td>http://openapi-sandbox.dl.alipaydev.com/gateway.do?charset=utf-8&amp;method=alipay.trade.query&amp;sign=bgtezWWTgum0E4Sj2OtFMODVuXHd8TG0T48xrrlPAmWrNKtMay6cD8kAC%2FnAVYKhN1w%2FxzfGtvN4kAvawmIELwDw5xVqyUXejLtGVSldvAZtcjBNa39uGn2tEgby6NYdFY79dN%2Bo70Gzpa7hFXazoqo9xTw8dinieE8w4uTZZjOTDp0%2Bv6dD89WW47ie6U7Kbb1m5K93dVSYr45vFwN%2BKtvL0bbYKAryIQFlYnKX5vE8aggolNCLc%2BCVNgDK9dMeDejJ%2BecWNNSfQQS9r%2BSNdXtjfe1T0gNvvVyKQZrbWJqB4JbdfYkiO41W2KCCNOf1tb8%2F6JRlcbDUjOaWJGe4qg%3D%3D&amp;version=1.0&amp;app_id=9021000165677275&amp;sign_type=RSA2&amp;timestamp=2026-07-28+16%3A07%3A39&amp;alipay_sdk=alipay-sdk-java-4.38.157.ALL&amp;format=json</td>
</tr>
<tr>
<td>Server:</td>
<td>openapi-55.rz21a.sandbox.alipay.net</td>
</tr>
<tr>
<td>Date:</td>
<td>2026/07/28 16:07:44</td>
</tr>
</table>
<hr/>Powered by Tengine
</body>
</html>

	at com.alipay.api.internal.util.WebUtils.getResponseAsString(WebUtils.java:520)
	at com.alipay.api.internal.util.WebUtils.doPost(WebUtils.java:181)
	at com.alipay.api.internal.util.WebUtils.doPost(WebUtils.java:142)
	at com.alipay.api.AbstractAlipayClient.doPost(AbstractAlipayClient.java:1003)
	... 18 common frames omitted
26-07-28.16:07:50.145 [scheduling-1    ] ERROR err                    - 2026-07-28 16:07:50^_^alipay.trade.query^_^null^_^192.168.73.1^_^Windows 11^_^alipay-sdk-java-4.38.157.ALL^_^https://openapi-sandbox.dl.alipaydev.com/gateway.do?charset=utf-8&method=alipay.trade.query&sign=nM%2FE4gLchInAzqX%2ByWSRcSXmT1Y6go2bV7%2Bk1bIJKVs4CQf1UbUDmUSALzzsdNWBP1iSwQzvjsiW2VNNQrgibcqf%2FNanV2TBCGL4ObTCuHmq%2BtdOe1tFYrwdMlLsaIkBPbAQqC5DdblWuDx%2BMhfSR8Zuijp4d7MNEwRETyZO5p6qAEtIiFs35xGXjkJALMeoJI1T1JYWK2eZCm1e5sYmvFcIFt2xOc%2BNRmVsqdYyXCPNYIFPxxYf%2FXbRYtvmg4vjyzfd1B4wo9zFK7M6OtFjP9UodZQ%2F6jweZy%2FJUxqpnajVwxq0IcMTvusdWF1aRMcyNRpwa8Jx6MoCB%2BED7UueQQ%3D%3D&version=1.0&app_id=9021000165677275&sign_type=RSA2&timestamp=2026-07-28+16%3A07%3A45&alipay_sdk=alipay-sdk-java-4.38.157.ALL&format=json^_^^_^<!DOCTYPE HTML PUBLIC "-//IETF//DTD HTML 2.0//EN"> <html> <head><title>504 Gateway Time-out</title></head> <body bgcolor="white"> <h1>504 Gateway Time-out</h1> <p>The gateway did not receive a timely response from the upstream server or application. Sorry for the inconvenience.<br/> Please report this message and include the following information to us.<br/> Thank you very much!</p> <table> <tr> <td>URL:</td> <td>http://openapi-sandbox.dl.alipaydev.com/gateway.do?charset=utf-8&amp;method=alipay.trade.query&amp;sign=nM%2FE4gLchInAzqX%2ByWSRcSXmT1Y6go2bV7%2Bk1bIJKVs4CQf1UbUDmUSALzzsdNWBP1iSwQzvjsiW2VNNQrgibcqf%2FNanV2TBCGL4ObTCuHmq%2BtdOe1tFYrwdMlLsaIkBPbAQqC5DdblWuDx%2BMhfSR8Zuijp4d7MNEwRETyZO5p6qAEtIiFs35xGXjkJALMeoJI1T1JYWK2eZCm1e5sYmvFcIFt2xOc%2BNRmVsqdYyXCPNYIFPxxYf%2FXbRYtvmg4vjyzfd1B4wo9zFK7M6OtFjP9UodZQ%2F6jweZy%2FJUxqpnajVwxq0IcMTvusdWF1aRMcyNRpwa8Jx6MoCB%2BED7UueQQ%3D%3D&amp;version=1.0&amp;app_id=9021000165677275&amp;sign_type=RSA2&amp;timestamp=2026-07-28+16%3A07%3A45&amp;alipay_sdk=alipay-sdk-java-4.38.157.ALL&amp;format=json</td> </tr> <tr> <td>Server:</td> <td>openapi-57.rz21a.sandbox.alipay.net</td> </tr> <tr> <td>Date:</td> <td>2026/07/28 16:07:50</td> </tr> </table> <hr/>Powered by Tengine </body> </html> 
26-07-28.16:07:50.145 [scheduling-1    ] ERROR NoPayNotifyOrderJob    - 检测未接收到或未正确处理的支付回调通知失败
com.alipay.api.AlipayApiException: java.io.IOException: <!DOCTYPE HTML PUBLIC "-//IETF//DTD HTML 2.0//EN">
<html>
<head><title>504 Gateway Time-out</title></head>
<body bgcolor="white">
<h1>504 Gateway Time-out</h1>
<p>The gateway did not receive a timely response from the upstream server or application. Sorry for the inconvenience.<br/>
Please report this message and include the following information to us.<br/>
Thank you very much!</p>
<table>
<tr>
<td>URL:</td>
<td>http://openapi-sandbox.dl.alipaydev.com/gateway.do?charset=utf-8&amp;method=alipay.trade.query&amp;sign=nM%2FE4gLchInAzqX%2ByWSRcSXmT1Y6go2bV7%2Bk1bIJKVs4CQf1UbUDmUSALzzsdNWBP1iSwQzvjsiW2VNNQrgibcqf%2FNanV2TBCGL4ObTCuHmq%2BtdOe1tFYrwdMlLsaIkBPbAQqC5DdblWuDx%2BMhfSR8Zuijp4d7MNEwRETyZO5p6qAEtIiFs35xGXjkJALMeoJI1T1JYWK2eZCm1e5sYmvFcIFt2xOc%2BNRmVsqdYyXCPNYIFPxxYf%2FXbRYtvmg4vjyzfd1B4wo9zFK7M6OtFjP9UodZQ%2F6jweZy%2FJUxqpnajVwxq0IcMTvusdWF1aRMcyNRpwa8Jx6MoCB%2BED7UueQQ%3D%3D&amp;version=1.0&amp;app_id=9021000165677275&amp;sign_type=RSA2&amp;timestamp=2026-07-28+16%3A07%3A45&amp;alipay_sdk=alipay-sdk-java-4.38.157.ALL&amp;format=json</td>
</tr>
<tr>
<td>Server:</td>
<td>openapi-57.rz21a.sandbox.alipay.net</td>
</tr>
<tr>
<td>Date:</td>
<td>2026/07/28 16:07:50</td>
</tr>
</table>
<hr/>Powered by Tengine
</body>
</html>

	at com.alipay.api.AbstractAlipayClient.doPost(AbstractAlipayClient.java:1015)
	at com.alipay.api.AbstractAlipayClient._execute(AbstractAlipayClient.java:921)
	at com.alipay.api.AbstractAlipayClient.execute(AbstractAlipayClient.java:395)
	at com.alipay.api.AbstractAlipayClient.execute(AbstractAlipayClient.java:377)
	at com.alipay.api.AbstractAlipayClient.execute(AbstractAlipayClient.java:372)
	at com.alipay.api.AbstractAlipayClient.execute(AbstractAlipayClient.java:366)
	at cn.bugstack.trigger.job.NoPayNotifyOrderJob.exec(NoPayNotifyOrderJob.java:42)
	at jdk.internal.reflect.GeneratedMethodAccessor22.invoke(Unknown Source)
	at java.base/jdk.internal.reflect.DelegatingMethodAccessorImpl.invoke(DelegatingMethodAccessorImpl.java:43)
	at java.base/java.lang.reflect.Method.invoke(Method.java:566)
	at org.springframework.scheduling.support.ScheduledMethodRunnable.run(ScheduledMethodRunnable.java:84)
	at org.springframework.scheduling.support.DelegatingErrorHandlingRunnable.run(DelegatingErrorHandlingRunnable.java:54)
	at org.springframework.scheduling.concurrent.ReschedulingRunnable.run(ReschedulingRunnable.java:95)
	at java.base/java.util.concurrent.Executors$RunnableAdapter.call(Executors.java:515)
	at java.base/java.util.concurrent.FutureTask.run(FutureTask.java:264)
	at java.base/java.util.concurrent.ScheduledThreadPoolExecutor$ScheduledFutureTask.run(ScheduledThreadPoolExecutor.java:304)
	at java.base/java.util.concurrent.ThreadPoolExecutor.runWorker(ThreadPoolExecutor.java:1128)
	at java.base/java.util.concurrent.ThreadPoolExecutor$Worker.run(ThreadPoolExecutor.java:628)
	at java.base/java.lang.Thread.run(Thread.java:829)
Caused by: java.io.IOException: <!DOCTYPE HTML PUBLIC "-//IETF//DTD HTML 2.0//EN">
<html>
<head><title>504 Gateway Time-out</title></head>
<body bgcolor="white">
<h1>504 Gateway Time-out</h1>
<p>The gateway did not receive a timely response from the upstream server or application. Sorry for the inconvenience.<br/>
Please report this message and include the following information to us.<br/>
Thank you very much!</p>
<table>
<tr>
<td>URL:</td>
<td>http://openapi-sandbox.dl.alipaydev.com/gateway.do?charset=utf-8&amp;method=alipay.trade.query&amp;sign=nM%2FE4gLchInAzqX%2ByWSRcSXmT1Y6go2bV7%2Bk1bIJKVs4CQf1UbUDmUSALzzsdNWBP1iSwQzvjsiW2VNNQrgibcqf%2FNanV2TBCGL4ObTCuHmq%2BtdOe1tFYrwdMlLsaIkBPbAQqC5DdblWuDx%2BMhfSR8Zuijp4d7MNEwRETyZO5p6qAEtIiFs35xGXjkJALMeoJI1T1JYWK2eZCm1e5sYmvFcIFt2xOc%2BNRmVsqdYyXCPNYIFPxxYf%2FXbRYtvmg4vjyzfd1B4wo9zFK7M6OtFjP9UodZQ%2F6jweZy%2FJUxqpnajVwxq0IcMTvusdWF1aRMcyNRpwa8Jx6MoCB%2BED7UueQQ%3D%3D&amp;version=1.0&amp;app_id=9021000165677275&amp;sign_type=RSA2&amp;timestamp=2026-07-28+16%3A07%3A45&amp;alipay_sdk=alipay-sdk-java-4.38.157.ALL&amp;format=json</td>
</tr>
<tr>
<td>Server:</td>
<td>openapi-57.rz21a.sandbox.alipay.net</td>
</tr>
<tr>
<td>Date:</td>
<td>2026/07/28 16:07:50</td>
</tr>
</table>
<hr/>Powered by Tengine
</body>
</html>

	at com.alipay.api.internal.util.WebUtils.getResponseAsString(WebUtils.java:520)
	at com.alipay.api.internal.util.WebUtils.doPost(WebUtils.java:181)
	at com.alipay.api.internal.util.WebUtils.doPost(WebUtils.java:142)
	at com.alipay.api.AbstractAlipayClient.doPost(AbstractAlipayClient.java:1003)
	... 18 common frames omitted
26-07-28.16:07:51.233 [scheduling-1    ] ERROR err                    - ErrorScene^_^40004^_^ACQ.TRADE_NOT_EXIST^_^192.168.73.1^_^Windows 11^_^2026-07-28 16:07:51^_^ProtocalMustParams:charset=utf-8&method=alipay.trade.query&sign=W63K8KvOf2QNc/pIzU0RIYzJ+a2IwIX7ovaOkLXg3UKu0LGv12Pp9aXiWOCXMybNnWtLR1nhbirplM/y2KNqVtACUW07fRJAQ4y+hyOGwhGx1J4GkZTH7CzyfCwZwiJ6w1a9iTm77CyOfMqMDJQCxT5Nnqqc5E8XNtKSOPj9iTpurPr9DJo2ADXfCqVc+wuJY39pDdQ4SLTOXj6Ab4W0VL/ZocWLWMzn1xqjeTQ7EXlqrWeFqPRxCsmXcmLIXk/hOSZqrM4SRc1M7h9JiOKlV2MHqqvxhHRdXMBpOS/EySnhdvOnDN9bMKO8wDjYaL/bNrotK/o/T52FOXHbNGlYsg==&version=1.0&app_id=9021000165677275&sign_type=RSA2&timestamp=2026-07-28 16:07:51^_^ProtocalOptParams:alipay_sdk=alipay-sdk-java-4.38.157.ALL&format=json^_^ApplicationParams:traceId=06020e08178522607177157992433085&biz_content={"out_trade_no":"59214591885269"}^_^Body:{"alipay_trade_query_response":{"msg":"Business Failed","code":"40004","out_trade_no":"59214591885269","sub_msg":"交易不存在","sub_code":"ACQ.TRADE_NOT_EXIST","receipt_amount":"0.00","point_amount":"0.00","buyer_pay_amount":"0.00","invoice_amount":"0.00"},"sign":"IlGZ9x5UhNF2eAqdNMzeNXtVmLVeP4WAHqOs3UIoTeNqOZPSKddjkKWyTMN0yOnmdmvXLs65xA8iLe3vMAOcTv3IRc5Ly+sfXiILXIoyDMo48N1nGL00QjpY712N35H3czuLP1upFRYorbFoh87mPrUkchUunF+PEBdfORFul87T4s2hkFE5Fl1M1wxQAAUDsoOdZiXF4N0VIlZn8XpWkwGhUJTSzC4T5bTxJpGdI0AVbbLy9QZu0eXIaXEtwYSVDV1oFLVBE/DEmKpridtTn9/6ZOtOpBhjgylpbP+J+f2SCp37feezNW+mRc7kxKeaJfjjdbn7pTI1TeynheyWLQ=="}^_^8ms,208ms,8ms^_^trace_id:06020e08178522607177157992433085
26-07-28.16:07:51.233 [scheduling-1    ] INFO  NoPayNotifyOrderJob    - 检测未接收到或未正确处理的支付回调通知，订单未支付成功 orderId:59214591885269 code:40004 tradeStatus:null
26-07-28.16:07:51.508 [scheduling-1    ] ERROR err                    - ErrorScene^_^40004^_^ACQ.TRADE_NOT_EXIST^_^192.168.73.1^_^Windows 11^_^2026-07-28 16:07:51^_^ProtocalMustParams:charset=utf-8&method=alipay.trade.query&sign=DI+Z+MC1uhjtnrsD3X+gYpys1OSXbWjhYgJeN7uI8/JnSM5f0+Olra+sIBcBX5UuNG9ygcdCQcoimdbpnS/GyWVxmzh/Kdg3v3ICBXcVYRzxaqQYiPq+5qRLU/RPcPVhgAPOxn4jNoIkh3QalZv2Mq4bS6QQi1Raw8WBC43LIx7Z2KgKtbLMSPw6x/BWMgULPKKYc2IPBvcErcCXTKDxJH6UAwEYHrvaCODdzlRToWPhcOeN3UGRawEH4OO5jkayyS4+SApT1hcrl/LE6HkrkzJDLDxSqnHkHxo5UNLX6VgCDFcWOJFxRC2OZGTTu6tHamwLCv+rHypxKQjokyOtcw==&version=1.0&app_id=9021000165677275&sign_type=RSA2&timestamp=2026-07-28 16:07:51^_^ProtocalOptParams:alipay_sdk=alipay-sdk-java-4.38.157.ALL&format=json^_^ApplicationParams:traceId=06020e08178522607203058012433085&biz_content={"out_trade_no":"63015243383423"}^_^Body:{"alipay_trade_query_response":{"msg":"Business Failed","code":"40004","out_trade_no":"63015243383423","sub_msg":"交易不存在","sub_code":"ACQ.TRADE_NOT_EXIST","receipt_amount":"0.00","point_amount":"0.00","buyer_pay_amount":"0.00","invoice_amount":"0.00"},"sign":"j/BKxEaDkp40hVZnDvR3FjkafML/EKkrgK5tm3o7RpXke6JHNNHQj7dtxjFXrid2kn398BXbOviGV9OREaHEsGkNi7IoyBK1JYReqxxHw+KZz8rrBoqtEmOs09WNzTcKyl/5ieUTw21MI9LZ5QoNI9FiQB3n5vdZv5nJ4536haXV/1ocYO4eOii1Wdd47onG0oGH6w7WLvZT+jP9UP1EcysxWQjk4vfPC2p1W/SB9gAsXt/vZ3hDDoI08AIACsojEfWvD71/4rGQQEyT4naQANCIzeGTzHZEfSOYngieu+N8sDW52hL5yDXMIaHr563fJPxX8LcKEtAYz+SGdbzTrw=="}^_^8ms,258ms,9ms^_^trace_id:06020e08178522607203058012433085
26-07-28.16:07:51.508 [scheduling-1    ] INFO  NoPayNotifyOrderJob    - 检测未接收到或未正确处理的支付回调通知，订单未支付成功 orderId:63015243383423 code:40004 tradeStatus:null
26-07-28.16:07:51.831 [scheduling-1    ] ERROR err                    - ErrorScene^_^40004^_^ACQ.TRADE_NOT_EXIST^_^192.168.73.1^_^Windows 11^_^2026-07-28 16:07:51^_^ProtocalMustParams:charset=utf-8&method=alipay.trade.query&sign=mgAQizMW5b3rcRbmIGkL5AbPrFSXHJj+dgyZT2hvFseYdvsG11JfsNDbF1NP/srzkUTM3IzPxA+EhJxc3SNAHG15s+PcYckqdmel5NOKUMgFvPuN28SI0Ono3LowCLREURm7uDsvTEogE7eZjojUmEsE3ZVM+Imhb/bcYKtLJf4aSYgeE7FamkRWjY2ZveeBX1k1Bdxr9qzFnyWIztlllLdmxUrueeuYVtnbW0eTNaNARQBBNM0lOhbCVc1s3pqumXoBFI0/O0t+1tim5uou9/1ae428a0xih8pk8+z033BjLMoeOaDDDtHfIINz9PeqQK+YowhFgy9NY8JZfSP3EQ==&version=1.0&app_id=9021000165677275&sign_type=RSA2&timestamp=2026-07-28 16:07:51^_^ProtocalOptParams:alipay_sdk=alipay-sdk-java-4.38.157.ALL&format=json^_^ApplicationParams:traceId=06002c4e178522607229052071578980&biz_content={"out_trade_no":"05687486819141"}^_^Body:{"alipay_trade_query_response":{"msg":"Business Failed","code":"40004","out_trade_no":"05687486819141","sub_msg":"交易不存在","sub_code":"ACQ.TRADE_NOT_EXIST","receipt_amount":"0.00","point_amount":"0.00","buyer_pay_amount":"0.00","invoice_amount":"0.00"},"sign":"X8+5Q6lbdoyyrQqpUwxTqfCXdBXg7ThJc2U+u8qezqbw+E5fcgtCqABatoc1r72W+dsojv3i6bkcvvMz3DRr5ahBjxU4gwSWCgz4TBIO+/iTBt57VZmROgv9LqvWSmIQTYHEWA0iBdvVQ8wabF8mzeGODzJcDm0eGuZrLQUuAfb7EsMddzf5Fpsu5TpWoCkIHAS+8CRG2vFJn8fHca0ezh5NORm72mkk1XJRvcuT3PelFHmTo+8KP5OR7ez/2fuIcdGiAD+b2i3e+sfFqMTeUrSfNpunUyXCuTC+ottvD15QxCFhRNfVkTvbOhatQUPyKDv4sjFTxoXvcC8oVH1r9Q=="}^_^8ms,306ms,9ms^_^trace_id:06002c4e178522607229052071578980
26-07-28.16:07:51.831 [scheduling-1    ] INFO  NoPayNotifyOrderJob    - 检测未接收到或未正确处理的支付回调通知，订单未支付成功 orderId:05687486819141 code:40004 tradeStatus:null
26-07-28.16:07:54.190 [scheduling-1    ] ERROR err                    - ErrorScene^_^40004^_^ACQ.TRADE_NOT_EXIST^_^192.168.73.1^_^Windows 11^_^2026-07-28 16:07:54^_^ProtocalMustParams:charset=utf-8&method=alipay.trade.query&sign=Vb2tSg/PmSCNM1o2L/rn0wnwTIQ4v2GhZIdowUPSoijQCbsnjPPk2O3mAZ7btSrshOflfSEEksF9VW6d8oDxm4VE3xhL8f0rCll/qCoxIUwfBqCUBHGBSAH3+PUnzsRTYCWWtyiRAa2pY7+fIAP8qPGidpO2ntBnbp2ELV8C0cVWNYFPAZFGaMYqEVOUwjBvsfzCPXosPunW+clNws3B6lHb3DQ8JA2iXwJpTw8sPQIWpp8XNg+oT/RszTw/icYOp8Wn4v48E1XAsBBPLgnblTvJbqEdaADi+DoVFDx4o0W+/uBt9qEhunoPhnr1/pJQuADRjD1YuK9AkwnUnlChUQ==&version=1.0&app_id=9021000165677275&sign_type=RSA2&timestamp=2026-07-28 16:07:54^_^ProtocalOptParams:alipay_sdk=alipay-sdk-java-4.38.157.ALL&format=json^_^ApplicationParams:traceId=060d6922178522607473438643502569&biz_content={"out_trade_no":"59214591885269"}^_^Body:{"alipay_trade_query_response":{"msg":"Business Failed","code":"40004","out_trade_no":"59214591885269","sub_msg":"交易不存在","sub_code":"ACQ.TRADE_NOT_EXIST","receipt_amount":"0.00","point_amount":"0.00","buyer_pay_amount":"0.00","invoice_amount":"0.00"},"sign":"IlGZ9x5UhNF2eAqdNMzeNXtVmLVeP4WAHqOs3UIoTeNqOZPSKddjkKWyTMN0yOnmdmvXLs65xA8iLe3vMAOcTv3IRc5Ly+sfXiILXIoyDMo48N1nGL00QjpY712N35H3czuLP1upFRYorbFoh87mPrUkchUunF+PEBdfORFul87T4s2hkFE5Fl1M1wxQAAUDsoOdZiXF4N0VIlZn8XpWkwGhUJTSzC4T5bTxJpGdI0AVbbLy9QZu0eXIaXEtwYSVDV1oFLVBE/DEmKpridtTn9/6ZOtOpBhjgylpbP+J+f2SCp37feezNW+mRc7kxKeaJfjjdbn7pTI1TeynheyWLQ=="}^_^8ms,166ms,9ms^_^trace_id:060d6922178522607473438643502569
26-07-28.16:07:54.190 [scheduling-1    ] INFO  NoPayNotifyOrderJob    - 检测未接收到或未正确处理的支付回调通知，订单未支付成功 orderId:59214591885269 code:40004 tradeStatus:null
26-07-28.16:07:54.405 [scheduling-1    ] ERROR err                    - ErrorScene^_^40004^_^ACQ.TRADE_NOT_EXIST^_^192.168.73.1^_^Windows 11^_^2026-07-28 16:07:54^_^ProtocalMustParams:charset=utf-8&method=alipay.trade.query&sign=hmuJPfwvdkVKVqxhts8F6Deto5zqV0X/7epsCIYwravQVu90pq6h4Ei2AflYSASrgJ4HGkCleAp/6ySl8GRLm/W32XXETSaMRC3IVKJJwYh+Cv5aq36HFfp6G60BrcSm/JMluabtpDQDo9oEoGnGzmpSK8dchQs3fBsA8JfKWAsBkIwSkl28S2dIOEiB0TEL2lCE0lfh7wxp/ANyi2Zzble+jO4zyGIjMpwi+jRnChIzo/rbv5mbgKmcQlXyRlcSHTAq1xp32pjgnQk3usRA/1laqFyzfC91GCwtvo5qTs9LxEXE9M0q4l409bAYtpe4ahhPxfredqpzX9E7FI3rXA==&version=1.0&app_id=9021000165677275&sign_type=RSA2&timestamp=2026-07-28 16:07:54^_^ProtocalOptParams:alipay_sdk=alipay-sdk-java-4.38.157.ALL&format=json^_^ApplicationParams:traceId=06020e08178522607493658242433085&biz_content={"out_trade_no":"63015243383423"}^_^Body:{"alipay_trade_query_response":{"msg":"Business Failed","code":"40004","out_trade_no":"63015243383423","sub_msg":"交易不存在","sub_code":"ACQ.TRADE_NOT_EXIST","receipt_amount":"0.00","point_amount":"0.00","buyer_pay_amount":"0.00","invoice_amount":"0.00"},"sign":"j/BKxEaDkp40hVZnDvR3FjkafML/EKkrgK5tm3o7RpXke6JHNNHQj7dtxjFXrid2kn398BXbOviGV9OREaHEsGkNi7IoyBK1JYReqxxHw+KZz8rrBoqtEmOs09WNzTcKyl/5ieUTw21MI9LZ5QoNI9FiQB3n5vdZv5nJ4536haXV/1ocYO4eOii1Wdd47onG0oGH6w7WLvZT+jP9UP1EcysxWQjk4vfPC2p1W/SB9gAsXt/vZ3hDDoI08AIACsojEfWvD71/4rGQQEyT4naQANCIzeGTzHZEfSOYngieu+N8sDW52hL5yDXMIaHr563fJPxX8LcKEtAYz+SGdbzTrw=="}^_^9ms,197ms,9ms^_^trace_id:06020e08178522607493658242433085
26-07-28.16:07:54.405 [scheduling-1    ] INFO  NoPayNotifyOrderJob    - 检测未接收到或未正确处理的支付回调通知，订单未支付成功 orderId:63015243383423 code:40004 tradeStatus:null
26-07-28.16:07:59.516 [scheduling-1    ] ERROR err                    - 2026-07-28 16:07:59^_^alipay.trade.query^_^null^_^192.168.73.1^_^Windows 11^_^alipay-sdk-java-4.38.157.ALL^_^https://openapi-sandbox.dl.alipaydev.com/gateway.do?charset=utf-8&method=alipay.trade.query&sign=jhc003tVJqLOj6%2B4BRGhauTf3taxCpmCmesUz%2FR6Z9ZPUGxwI81t5nGFbIk%2FknKFvpxo98J3suHVJ6p%2FYeagtLw6cYh4wKj%2BzH%2FhYTihFTyPVoXF2wcVkbgGrD9zJufrBXu9xJckS9TxsZj5SJ0QAYsMvqZyknys3Q6Pncx8KIprYEap1hbNQSEGx9AUJc1hrSJEysx69MH0fnn5B%2BQgKUaFke7d0bAkfu%2BLBTpwYjC4P6o1RdB364LrUtV7TVWYh7yJ29mgAvL4jmYI0imMYvP9E7V5DG42FtvOvr2T%2F3r4brMZ5LIINXyLtUCdw5KpuMR8QNPtifjyXAObmYQwTA%3D%3D&version=1.0&app_id=9021000165677275&sign_type=RSA2&timestamp=2026-07-28+16%3A07%3A54&alipay_sdk=alipay-sdk-java-4.38.157.ALL&format=json^_^^_^<!DOCTYPE HTML PUBLIC "-//IETF//DTD HTML 2.0//EN"> <html> <head><title>504 Gateway Time-out</title></head> <body bgcolor="white"> <h1>504 Gateway Time-out</h1> <p>The gateway did not receive a timely response from the upstream server or application. Sorry for the inconvenience.<br/> Please report this message and include the following information to us.<br/> Thank you very much!</p> <table> <tr> <td>URL:</td> <td>http://openapi-sandbox.dl.alipaydev.com/gateway.do?charset=utf-8&amp;method=alipay.trade.query&amp;sign=jhc003tVJqLOj6%2B4BRGhauTf3taxCpmCmesUz%2FR6Z9ZPUGxwI81t5nGFbIk%2FknKFvpxo98J3suHVJ6p%2FYeagtLw6cYh4wKj%2BzH%2FhYTihFTyPVoXF2wcVkbgGrD9zJufrBXu9xJckS9TxsZj5SJ0QAYsMvqZyknys3Q6Pncx8KIprYEap1hbNQSEGx9AUJc1hrSJEysx69MH0fnn5B%2BQgKUaFke7d0bAkfu%2BLBTpwYjC4P6o1RdB364LrUtV7TVWYh7yJ29mgAvL4jmYI0imMYvP9E7V5DG42FtvOvr2T%2F3r4brMZ5LIINXyLtUCdw5KpuMR8QNPtifjyXAObmYQwTA%3D%3D&amp;version=1.0&amp;app_id=9021000165677275&amp;sign_type=RSA2&amp;timestamp=2026-07-28+16%3A07%3A54&amp;alipay_sdk=alipay-sdk-java-4.38.157.ALL&amp;format=json</td> </tr> <tr> <td>Server:</td> <td>openapi-55.rz21a.sandbox.alipay.net</td> </tr> <tr> <td>Date:</td> <td>2026/07/28 16:08:00</td> </tr> </table> <hr/>Powered by Tengine </body> </html> 
26-07-28.16:07:59.517 [scheduling-1    ] ERROR NoPayNotifyOrderJob    - 检测未接收到或未正确处理的支付回调通知失败
com.alipay.api.AlipayApiException: java.io.IOException: <!DOCTYPE HTML PUBLIC "-//IETF//DTD HTML 2.0//EN">
<html>
<head><title>504 Gateway Time-out</title></head>
<body bgcolor="white">
<h1>504 Gateway Time-out</h1>
<p>The gateway did not receive a timely response from the upstream server or application. Sorry for the inconvenience.<br/>
Please report this message and include the following information to us.<br/>
Thank you very much!</p>
<table>
<tr>
<td>URL:</td>
<td>http://openapi-sandbox.dl.alipaydev.com/gateway.do?charset=utf-8&amp;method=alipay.trade.query&amp;sign=jhc003tVJqLOj6%2B4BRGhauTf3taxCpmCmesUz%2FR6Z9ZPUGxwI81t5nGFbIk%2FknKFvpxo98J3suHVJ6p%2FYeagtLw6cYh4wKj%2BzH%2FhYTihFTyPVoXF2wcVkbgGrD9zJufrBXu9xJckS9TxsZj5SJ0QAYsMvqZyknys3Q6Pncx8KIprYEap1hbNQSEGx9AUJc1hrSJEysx69MH0fnn5B%2BQgKUaFke7d0bAkfu%2BLBTpwYjC4P6o1RdB364LrUtV7TVWYh7yJ29mgAvL4jmYI0imMYvP9E7V5DG42FtvOvr2T%2F3r4brMZ5LIINXyLtUCdw5KpuMR8QNPtifjyXAObmYQwTA%3D%3D&amp;version=1.0&amp;app_id=9021000165677275&amp;sign_type=RSA2&amp;timestamp=2026-07-28+16%3A07%3A54&amp;alipay_sdk=alipay-sdk-java-4.38.157.ALL&amp;format=json</td>
</tr>
<tr>
<td>Server:</td>
<td>openapi-55.rz21a.sandbox.alipay.net</td>
</tr>
<tr>
<td>Date:</td>
<td>2026/07/28 16:08:00</td>
</tr>
</table>
<hr/>Powered by Tengine
</body>
</html>

	at com.alipay.api.AbstractAlipayClient.doPost(AbstractAlipayClient.java:1015)
	at com.alipay.api.AbstractAlipayClient._execute(AbstractAlipayClient.java:921)
	at com.alipay.api.AbstractAlipayClient.execute(AbstractAlipayClient.java:395)
	at com.alipay.api.AbstractAlipayClient.execute(AbstractAlipayClient.java:377)
	at com.alipay.api.AbstractAlipayClient.execute(AbstractAlipayClient.java:372)
	at com.alipay.api.AbstractAlipayClient.execute(AbstractAlipayClient.java:366)
	at cn.bugstack.trigger.job.NoPayNotifyOrderJob.exec(NoPayNotifyOrderJob.java:42)
	at jdk.internal.reflect.GeneratedMethodAccessor22.invoke(Unknown Source)
	at java.base/jdk.internal.reflect.DelegatingMethodAccessorImpl.invoke(DelegatingMethodAccessorImpl.java:43)
	at java.base/java.lang.reflect.Method.invoke(Method.java:566)
	at org.springframework.scheduling.support.ScheduledMethodRunnable.run(ScheduledMethodRunnable.java:84)
	at org.springframework.scheduling.support.DelegatingErrorHandlingRunnable.run(DelegatingErrorHandlingRunnable.java:54)
	at org.springframework.scheduling.concurrent.ReschedulingRunnable.run(ReschedulingRunnable.java:95)
	at java.base/java.util.concurrent.Executors$RunnableAdapter.call(Executors.java:515)
	at java.base/java.util.concurrent.FutureTask.run(FutureTask.java:264)
	at java.base/java.util.concurrent.ScheduledThreadPoolExecutor$ScheduledFutureTask.run(ScheduledThreadPoolExecutor.java:304)
	at java.base/java.util.concurrent.ThreadPoolExecutor.runWorker(ThreadPoolExecutor.java:1128)
	at java.base/java.util.concurrent.ThreadPoolExecutor$Worker.run(ThreadPoolExecutor.java:628)
	at java.base/java.lang.Thread.run(Thread.java:829)
Caused by: java.io.IOException: <!DOCTYPE HTML PUBLIC "-//IETF//DTD HTML 2.0//EN">
<html>
<head><title>504 Gateway Time-out</title></head>
<body bgcolor="white">
<h1>504 Gateway Time-out</h1>
<p>The gateway did not receive a timely response from the upstream server or application. Sorry for the inconvenience.<br/>
Please report this message and include the following information to us.<br/>
Thank you very much!</p>
<table>
<tr>
<td>URL:</td>
<td>http://openapi-sandbox.dl.alipaydev.com/gateway.do?charset=utf-8&amp;method=alipay.trade.query&amp;sign=jhc003tVJqLOj6%2B4BRGhauTf3taxCpmCmesUz%2FR6Z9ZPUGxwI81t5nGFbIk%2FknKFvpxo98J3suHVJ6p%2FYeagtLw6cYh4wKj%2BzH%2FhYTihFTyPVoXF2wcVkbgGrD9zJufrBXu9xJckS9TxsZj5SJ0QAYsMvqZyknys3Q6Pncx8KIprYEap1hbNQSEGx9AUJc1hrSJEysx69MH0fnn5B%2BQgKUaFke7d0bAkfu%2BLBTpwYjC4P6o1RdB364LrUtV7TVWYh7yJ29mgAvL4jmYI0imMYvP9E7V5DG42FtvOvr2T%2F3r4brMZ5LIINXyLtUCdw5KpuMR8QNPtifjyXAObmYQwTA%3D%3D&amp;version=1.0&amp;app_id=9021000165677275&amp;sign_type=RSA2&amp;timestamp=2026-07-28+16%3A07%3A54&amp;alipay_sdk=alipay-sdk-java-4.38.157.ALL&amp;format=json</td>
</tr>
<tr>
<td>Server:</td>
<td>openapi-55.rz21a.sandbox.alipay.net</td>
</tr>
<tr>
<td>Date:</td>
<td>2026/07/28 16:08:00</td>
</tr>
</table>
<hr/>Powered by Tengine
</body>
</html>

	at com.alipay.api.internal.util.WebUtils.getResponseAsString(WebUtils.java:520)
	at com.alipay.api.internal.util.WebUtils.doPost(WebUtils.java:181)
	at com.alipay.api.internal.util.WebUtils.doPost(WebUtils.java:142)
	at com.alipay.api.AbstractAlipayClient.doPost(AbstractAlipayClient.java:1003)
	... 18 common frames omitted
26-07-28.16:08:00.198 [scheduling-1    ] ERROR err                    - ErrorScene^_^40004^_^ACQ.TRADE_NOT_EXIST^_^192.168.73.1^_^Windows 11^_^2026-07-28 16:08:00^_^ProtocalMustParams:charset=utf-8&method=alipay.trade.query&sign=RDVdBQKJ48VIMuMbjWBJaSvG2jtyO8OXhvyPs2JkTsjEhuP2LYvyueIy9Ih0BDEJJxUl+EeMNfTelc27nENqQ6vw8/x7ho1zTNmXSdjGOjGAm6ttgPbo/es7iofz+5RCbX+tYCIMo7RS1QR8aiEwjJ5y+c/9QTOTgpRx51MgoSGU4STjja6uVKLVFKAjYpahfuE2/yI0g0O3TSXJGhfDvzWOaKMi6/p/9ILBdV9gpACGWMuGvqWnlPlEmrlYrzOJxaxDy8xyqeNVBROfU1/YABPjnbwkUmLkSiXCdIxoh+KxXFnXWGAip02TVFbSjk76WxgXQcZ/npVX+B4kgWAklg==&version=1.0&app_id=9021000165677275&sign_type=RSA2&timestamp=2026-07-28 16:08:00^_^ProtocalOptParams:alipay_sdk=alipay-sdk-java-4.38.157.ALL&format=json^_^ApplicationParams:traceId=06020e08178522608073958432433085&biz_content={"out_trade_no":"59214591885269"}^_^Body:{"alipay_trade_query_response":{"msg":"Business Failed","code":"40004","out_trade_no":"59214591885269","sub_msg":"交易不存在","sub_code":"ACQ.TRADE_NOT_EXIST","receipt_amount":"0.00","point_amount":"0.00","buyer_pay_amount":"0.00","invoice_amount":"0.00"},"sign":"IlGZ9x5UhNF2eAqdNMzeNXtVmLVeP4WAHqOs3UIoTeNqOZPSKddjkKWyTMN0yOnmdmvXLs65xA8iLe3vMAOcTv3IRc5Ly+sfXiILXIoyDMo48N1nGL00QjpY712N35H3czuLP1upFRYorbFoh87mPrUkchUunF+PEBdfORFul87T4s2hkFE5Fl1M1wxQAAUDsoOdZiXF4N0VIlZn8XpWkwGhUJTSzC4T5bTxJpGdI0AVbbLy9QZu0eXIaXEtwYSVDV1oFLVBE/DEmKpridtTn9/6ZOtOpBhjgylpbP+J+f2SCp37feezNW+mRc7kxKeaJfjjdbn7pTI1TeynheyWLQ=="}^_^8ms,179ms,8ms^_^trace_id:06020e08178522608073958432433085
26-07-28.16:08:00.198 [scheduling-1    ] INFO  NoPayNotifyOrderJob    - 检测未接收到或未正确处理的支付回调通知，订单未支付成功 orderId:59214591885269 code:40004 tradeStatus:null
26-07-28.16:08:08.001 [scheduling-1    ] ERROR err                    - ErrorScene^_^40004^_^ACQ.TRADE_NOT_EXIST^_^192.168.73.1^_^Windows 11^_^2026-07-28 16:08:08^_^ProtocalMustParams:charset=utf-8&method=alipay.trade.query&sign=dW2JBNKYmAx1N5gYadvwqJ2EbzxfvX4SgtRrlYL5qKy9LRDyZN1bPXSF5f0xvz2BBLrC8Xg3mfGiRZC8bNErn+cNqtUoOhG2tmS1iIbH171Yl/puYdBAmSd+aVOtzc+H2Nex2DPWdG5a+GcRyKQcu7BaFottj1eiUILG92yHZ8PMkho5Zaj/01MFUOrwzr5iPFDlTCQzavPjBPQbT+tHnDIBlsj1QO9qvkGHw4HicBdrErLrOAZ1iiAUgot8RdutOG2MgTh+Q6kQEZKjzQVQpEjvGAP2HHzk3Sn7KE6Evpe/SE1UEmXwwBBn3wgTOWg9br+zlYxnoa3TkVLnivkbFQ==&version=1.0&app_id=9021000165677275&sign_type=RSA2&timestamp=2026-07-28 16:08:00^_^ProtocalOptParams:alipay_sdk=alipay-sdk-java-4.38.157.ALL&format=json^_^ApplicationParams:traceId=060d663d178522608836346258178&biz_content={"out_trade_no":"63015243383423"}^_^Body:{"alipay_trade_query_response":{"msg":"Business Failed","code":"40004","out_trade_no":"63015243383423","sub_msg":"交易不存在","sub_code":"ACQ.TRADE_NOT_EXIST","receipt_amount":"0.00","point_amount":"0.00","buyer_pay_amount":"0.00","invoice_amount":"0.00"},"sign":"j/BKxEaDkp40hVZnDvR3FjkafML/EKkrgK5tm3o7RpXke6JHNNHQj7dtxjFXrid2kn398BXbOviGV9OREaHEsGkNi7IoyBK1JYReqxxHw+KZz8rrBoqtEmOs09WNzTcKyl/5ieUTw21MI9LZ5QoNI9FiQB3n5vdZv5nJ4536haXV/1ocYO4eOii1Wdd47onG0oGH6w7WLvZT+jP9UP1EcysxWQjk4vfPC2p1W/SB9gAsXt/vZ3hDDoI08AIACsojEfWvD71/4rGQQEyT4naQANCIzeGTzHZEfSOYngieu+N8sDW52hL5yDXMIaHr563fJPxX8LcKEtAYz+SGdbzTrw=="}^_^9ms,7785ms,9ms^_^trace_id:060d663d178522608836346258178
26-07-28.16:08:08.001 [scheduling-1    ] INFO  NoPayNotifyOrderJob    - 检测未接收到或未正确处理的支付回调通知，订单未支付成功 orderId:63015243383423 code:40004 tradeStatus:null
26-07-28.16:08:08.308 [scheduling-1    ] ERROR err                    - ErrorScene^_^40004^_^ACQ.TRADE_NOT_EXIST^_^192.168.73.1^_^Windows 11^_^2026-07-28 16:08:08^_^ProtocalMustParams:charset=utf-8&method=alipay.trade.query&sign=BjOPcaxOClFa9T79VXV11KVEkvCYSBjjiBAYxZhzXI38oul2gXgVdXaJ2M6UPZ/0KaXg8bNhmYxb71Cugz/0Is7SuYeLQHyIzefRqXHnJK8Nv7zHns2heRr4Alr08f2IGyZmhJSATaNq/VevGD9nD2iA/M98SW4GhaxzmBKPIHXAgkzDnIBRezBeRQbwmKkV8VrJY+VlerUPxWvrM/9DwjXyPNTHwEJK7O2MX0lzNfGWmwwNx1lJEE3OipSoK1DaF2GH3+yk7aZeHS/IPlJSAAR1b00AWuczEnkMGgWcPstDinDm6Q5hYSzAtyv54hDMc/gTmFV0lBmuPl2bHzdWFA==&version=1.0&app_id=9021000165677275&sign_type=RSA2&timestamp=2026-07-28 16:08:08^_^ProtocalOptParams:alipay_sdk=alipay-sdk-java-4.38.157.ALL&format=json^_^ApplicationParams:traceId=060001f3178522608872985062231288&biz_content={"out_trade_no":"05687486819141"}^_^Body:{"alipay_trade_query_response":{"msg":"Business Failed","code":"40004","out_trade_no":"05687486819141","sub_msg":"交易不存在","sub_code":"ACQ.TRADE_NOT_EXIST","receipt_amount":"0.00","point_amount":"0.00","buyer_pay_amount":"0.00","invoice_amount":"0.00"},"sign":"X8+5Q6lbdoyyrQqpUwxTqfCXdBXg7ThJc2U+u8qezqbw+E5fcgtCqABatoc1r72W+dsojv3i6bkcvvMz3DRr5ahBjxU4gwSWCgz4TBIO+/iTBt57VZmROgv9LqvWSmIQTYHEWA0iBdvVQ8wabF8mzeGODzJcDm0eGuZrLQUuAfb7EsMddzf5Fpsu5TpWoCkIHAS+8CRG2vFJn8fHca0ezh5NORm72mkk1XJRvcuT3PelFHmTo+8KP5OR7ez/2fuIcdGiAD+b2i3e+sfFqMTeUrSfNpunUyXCuTC+ottvD15QxCFhRNfVkTvbOhatQUPyKDv4sjFTxoXvcC8oVH1r9Q=="}^_^8ms,290ms,9ms^_^trace_id:060001f3178522608872985062231288
26-07-28.16:08:08.308 [scheduling-1    ] INFO  NoPayNotifyOrderJob    - 检测未接收到或未正确处理的支付回调通知，订单未支付成功 orderId:05687486819141 code:40004 tradeStatus:null
26-07-28.16:08:09.208 [scheduling-1    ] ERROR err                    - ErrorScene^_^40004^_^ACQ.TRADE_NOT_EXIST^_^192.168.73.1^_^Windows 11^_^2026-07-28 16:08:09^_^ProtocalMustParams:charset=utf-8&method=alipay.trade.query&sign=NfE1tqZHt/dngvdXYOR6YbVfnYZWGvCSRNZ37YxTNY69dlcAN/oKcdAuJphgWhx6Ou5j1ioK6aBxHNDO6dCvV70x5XX0pRS3swahMSLayMoSuQGgP54KVvD0p1iIlcjklbncqdzd5msB++ddNA/u3JE+5XLJJfl5jP940MIWFCnWg9dPxaukfm+e17OSXyKsxkhTAtHjrYfuV8lRn/nXFTvBQ44aRbXDh8Jwtuwiv9pVGSbamjShHTcrGvii3ynLqR5tvf9iuZXIsahTk6dFz3oUyXh/tyVugVTZ+etojQtnhrbSMT5GbDCEorSeWbLEeDsnq9LR/SMmPkaParlMGA==&version=1.0&app_id=9021000165677275&sign_type=RSA2&timestamp=2026-07-28 16:08:09^_^ProtocalOptParams:alipay_sdk=alipay-sdk-java-4.38.157.ALL&format=json^_^ApplicationParams:traceId=060001f3178522608974085142231288&biz_content={"out_trade_no":"59214591885269"}^_^Body:{"alipay_trade_query_response":{"msg":"Business Failed","code":"40004","out_trade_no":"59214591885269","sub_msg":"交易不存在","sub_code":"ACQ.TRADE_NOT_EXIST","receipt_amount":"0.00","point_amount":"0.00","buyer_pay_amount":"0.00","invoice_amount":"0.00"},"sign":"IlGZ9x5UhNF2eAqdNMzeNXtVmLVeP4WAHqOs3UIoTeNqOZPSKddjkKWyTMN0yOnmdmvXLs65xA8iLe3vMAOcTv3IRc5Ly+sfXiILXIoyDMo48N1nGL00QjpY712N35H3czuLP1upFRYorbFoh87mPrUkchUunF+PEBdfORFul87T4s2hkFE5Fl1M1wxQAAUDsoOdZiXF4N0VIlZn8XpWkwGhUJTSzC4T5bTxJpGdI0AVbbLy9QZu0eXIaXEtwYSVDV1oFLVBE/DEmKpridtTn9/6ZOtOpBhjgylpbP+J+f2SCp37feezNW+mRc7kxKeaJfjjdbn7pTI1TeynheyWLQ=="}^_^9ms,179ms,8ms^_^trace_id:060001f3178522608974085142231288
26-07-28.16:08:09.208 [scheduling-1    ] INFO  NoPayNotifyOrderJob    - 检测未接收到或未正确处理的支付回调通知，订单未支付成功 orderId:59214591885269 code:40004 tradeStatus:null
26-07-28.16:08:09.413 [scheduling-1    ] ERROR err                    - ErrorScene^_^40004^_^ACQ.TRADE_NOT_EXIST^_^192.168.73.1^_^Windows 11^_^2026-07-28 16:08:09^_^ProtocalMustParams:charset=utf-8&method=alipay.trade.query&sign=V+HM2iRU8LRXncZTfPcZQnWx/s6cyb6xB6Yj6SJ2qaxszedVSEHgcAtj1PLJV5lYtlLwVaEvqdYX7PF8pmt19HO/pLMJwlqMcpG9FbCuyjtEV7/7VV9Kh0G7DrjuQeOn6SKwYlDFN/+/zLqcHxRzpTWomTCSM9+zuLOJc5Wq1NF6qaHyhlxLRvE/oizhfx7N+TC9umYYsGzzbeoOvN8c6G5B3ovbtyCnGzN4PdDqv19XBDLOUCBgLLfCuzzN3Q/T8gsyOb+X+2t+L7rJWwX/89ArRSBnVDn6YOck0Vdi3MdgXdIDW7Oj1zUXi7JlsNbFfvzGQknLO7nvW7mhwh9sTw==&version=1.0&app_id=9021000165677275&sign_type=RSA2&timestamp=2026-07-28 16:08:09^_^ProtocalOptParams:alipay_sdk=alipay-sdk-java-4.38.157.ALL&format=json^_^ApplicationParams:traceId=06020e08178522608994458832433085&biz_content={"out_trade_no":"63015243383423"}^_^Body:{"alipay_trade_query_response":{"msg":"Business Failed","code":"40004","out_trade_no":"63015243383423","sub_msg":"交易不存在","sub_code":"ACQ.TRADE_NOT_EXIST","receipt_amount":"0.00","point_amount":"0.00","buyer_pay_amount":"0.00","invoice_amount":"0.00"},"sign":"j/BKxEaDkp40hVZnDvR3FjkafML/EKkrgK5tm3o7RpXke6JHNNHQj7dtxjFXrid2kn398BXbOviGV9OREaHEsGkNi7IoyBK1JYReqxxHw+KZz8rrBoqtEmOs09WNzTcKyl/5ieUTw21MI9LZ5QoNI9FiQB3n5vdZv5nJ4536haXV/1ocYO4eOii1Wdd47onG0oGH6w7WLvZT+jP9UP1EcysxWQjk4vfPC2p1W/SB9gAsXt/vZ3hDDoI08AIACsojEfWvD71/4rGQQEyT4naQANCIzeGTzHZEfSOYngieu+N8sDW52hL5yDXMIaHr563fJPxX8LcKEtAYz+SGdbzTrw=="}^_^7ms,189ms,9ms^_^trace_id:06020e08178522608994458832433085
26-07-28.16:08:09.413 [scheduling-1    ] INFO  NoPayNotifyOrderJob    - 检测未接收到或未正确处理的支付回调通知，订单未支付成功 orderId:63015243383423 code:40004 tradeStatus:null
26-07-28.16:08:14.546 [scheduling-1    ] ERROR err                    - 2026-07-28 16:08:14^_^alipay.trade.query^_^null^_^192.168.73.1^_^Windows 11^_^alipay-sdk-java-4.38.157.ALL^_^https://openapi-sandbox.dl.alipaydev.com/gateway.do?charset=utf-8&method=alipay.trade.query&sign=ZZ%2FAeokszYJiWTVTzamSV2WAsuq7Lxq905HqAO1iTTNJiuP9lVMBlnrn7XMy1y3gPh2SLrVZD48e7L4SdPiy5d1xrytGaFQtZlDHk7xYLS%2Bs%2FTMAbAF78dpvQ7eQCAh%2F6S2o6RHVQaXz%2FeZmqe3uRVUejG%2FNGGPEAF81bCGOvlGM4k9sXQoSfMoik%2FSSqtfmpFsA4yYM5n0zbqPb7MaKUV0u2DoByHzdCCmpnibfk4FlyAIbI5E%2FSyQrA4%2FOtGwG1grmgZOzmREmXBxj1ZYc%2FCNsqAPHD32Ovuz1g%2FA937s3PqY0RQJw3zHnJ9TbPtJGBHg5DrIIGQcUE0D499ZUXg%3D%3D&version=1.0&app_id=9021000165677275&sign_type=RSA2&timestamp=2026-07-28+16%3A08%3A09&alipay_sdk=alipay-sdk-java-4.38.157.ALL&format=json^_^^_^<!DOCTYPE HTML PUBLIC "-//IETF//DTD HTML 2.0//EN"> <html> <head><title>504 Gateway Time-out</title></head> <body bgcolor="white"> <h1>504 Gateway Time-out</h1> <p>The gateway did not receive a timely response from the upstream server or application. Sorry for the inconvenience.<br/> Please report this message and include the following information to us.<br/> Thank you very much!</p> <table> <tr> <td>URL:</td> <td>http://openapi-sandbox.dl.alipaydev.com/gateway.do?charset=utf-8&amp;method=alipay.trade.query&amp;sign=ZZ%2FAeokszYJiWTVTzamSV2WAsuq7Lxq905HqAO1iTTNJiuP9lVMBlnrn7XMy1y3gPh2SLrVZD48e7L4SdPiy5d1xrytGaFQtZlDHk7xYLS%2Bs%2FTMAbAF78dpvQ7eQCAh%2F6S2o6RHVQaXz%2FeZmqe3uRVUejG%2FNGGPEAF81bCGOvlGM4k9sXQoSfMoik%2FSSqtfmpFsA4yYM5n0zbqPb7MaKUV0u2DoByHzdCCmpnibfk4FlyAIbI5E%2FSyQrA4%2FOtGwG1grmgZOzmREmXBxj1ZYc%2FCNsqAPHD32Ovuz1g%2FA937s3PqY0RQJw3zHnJ9TbPtJGBHg5DrIIGQcUE0D499ZUXg%3D%3D&amp;version=1.0&amp;app_id=9021000165677275&amp;sign_type=RSA2&amp;timestamp=2026-07-28+16%3A08%3A09&amp;alipay_sdk=alipay-sdk-java-4.38.157.ALL&amp;format=json</td> </tr> <tr> <td>Server:</td> <td>openapi-55.rz21a.sandbox.alipay.net</td> </tr> <tr> <td>Date:</td> <td>2026/07/28 16:08:15</td> </tr> </table> <hr/>Powered by Tengine </body> </html> 
26-07-28.16:08:14.546 [scheduling-1    ] ERROR NoPayNotifyOrderJob    - 检测未接收到或未正确处理的支付回调通知失败
com.alipay.api.AlipayApiException: java.io.IOException: <!DOCTYPE HTML PUBLIC "-//IETF//DTD HTML 2.0//EN">
<html>
<head><title>504 Gateway Time-out</title></head>
<body bgcolor="white">
<h1>504 Gateway Time-out</h1>
<p>The gateway did not receive a timely response from the upstream server or application. Sorry for the inconvenience.<br/>
Please report this message and include the following information to us.<br/>
Thank you very much!</p>
<table>
<tr>
<td>URL:</td>
<td>http://openapi-sandbox.dl.alipaydev.com/gateway.do?charset=utf-8&amp;method=alipay.trade.query&amp;sign=ZZ%2FAeokszYJiWTVTzamSV2WAsuq7Lxq905HqAO1iTTNJiuP9lVMBlnrn7XMy1y3gPh2SLrVZD48e7L4SdPiy5d1xrytGaFQtZlDHk7xYLS%2Bs%2FTMAbAF78dpvQ7eQCAh%2F6S2o6RHVQaXz%2FeZmqe3uRVUejG%2FNGGPEAF81bCGOvlGM4k9sXQoSfMoik%2FSSqtfmpFsA4yYM5n0zbqPb7MaKUV0u2DoByHzdCCmpnibfk4FlyAIbI5E%2FSyQrA4%2FOtGwG1grmgZOzmREmXBxj1ZYc%2FCNsqAPHD32Ovuz1g%2FA937s3PqY0RQJw3zHnJ9TbPtJGBHg5DrIIGQcUE0D499ZUXg%3D%3D&amp;version=1.0&amp;app_id=9021000165677275&amp;sign_type=RSA2&amp;timestamp=2026-07-28+16%3A08%3A09&amp;alipay_sdk=alipay-sdk-java-4.38.157.ALL&amp;format=json</td>
</tr>
<tr>
<td>Server:</td>
<td>openapi-55.rz21a.sandbox.alipay.net</td>
</tr>
<tr>
<td>Date:</td>
<td>2026/07/28 16:08:15</td>
</tr>
</table>
<hr/>Powered by Tengine
</body>
</html>

	at com.alipay.api.AbstractAlipayClient.doPost(AbstractAlipayClient.java:1015)
	at com.alipay.api.AbstractAlipayClient._execute(AbstractAlipayClient.java:921)
	at com.alipay.api.AbstractAlipayClient.execute(AbstractAlipayClient.java:395)
	at com.alipay.api.AbstractAlipayClient.execute(AbstractAlipayClient.java:377)
	at com.alipay.api.AbstractAlipayClient.execute(AbstractAlipayClient.java:372)
	at com.alipay.api.AbstractAlipayClient.execute(AbstractAlipayClient.java:366)
	at cn.bugstack.trigger.job.NoPayNotifyOrderJob.exec(NoPayNotifyOrderJob.java:42)
	at jdk.internal.reflect.GeneratedMethodAccessor22.invoke(Unknown Source)
	at java.base/jdk.internal.reflect.DelegatingMethodAccessorImpl.invoke(DelegatingMethodAccessorImpl.java:43)
	at java.base/java.lang.reflect.Method.invoke(Method.java:566)
	at org.springframework.scheduling.support.ScheduledMethodRunnable.run(ScheduledMethodRunnable.java:84)
	at org.springframework.scheduling.support.DelegatingErrorHandlingRunnable.run(DelegatingErrorHandlingRunnable.java:54)
	at org.springframework.scheduling.concurrent.ReschedulingRunnable.run(ReschedulingRunnable.java:95)
	at java.base/java.util.concurrent.Executors$RunnableAdapter.call(Executors.java:515)
	at java.base/java.util.concurrent.FutureTask.run(FutureTask.java:264)
	at java.base/java.util.concurrent.ScheduledThreadPoolExecutor$ScheduledFutureTask.run(ScheduledThreadPoolExecutor.java:304)
	at java.base/java.util.concurrent.ThreadPoolExecutor.runWorker(ThreadPoolExecutor.java:1128)
	at java.base/java.util.concurrent.ThreadPoolExecutor$Worker.run(ThreadPoolExecutor.java:628)
	at java.base/java.lang.Thread.run(Thread.java:829)
Caused by: java.io.IOException: <!DOCTYPE HTML PUBLIC "-//IETF//DTD HTML 2.0//EN">
<html>
<head><title>504 Gateway Time-out</title></head>
<body bgcolor="white">
<h1>504 Gateway Time-out</h1>
<p>The gateway did not receive a timely response from the upstream server or application. Sorry for the inconvenience.<br/>
Please report this message and include the following information to us.<br/>
Thank you very much!</p>
<table>
<tr>
<td>URL:</td>
<td>http://openapi-sandbox.dl.alipaydev.com/gateway.do?charset=utf-8&amp;method=alipay.trade.query&amp;sign=ZZ%2FAeokszYJiWTVTzamSV2WAsuq7Lxq905HqAO1iTTNJiuP9lVMBlnrn7XMy1y3gPh2SLrVZD48e7L4SdPiy5d1xrytGaFQtZlDHk7xYLS%2Bs%2FTMAbAF78dpvQ7eQCAh%2F6S2o6RHVQaXz%2FeZmqe3uRVUejG%2FNGGPEAF81bCGOvlGM4k9sXQoSfMoik%2FSSqtfmpFsA4yYM5n0zbqPb7MaKUV0u2DoByHzdCCmpnibfk4FlyAIbI5E%2FSyQrA4%2FOtGwG1grmgZOzmREmXBxj1ZYc%2FCNsqAPHD32Ovuz1g%2FA937s3PqY0RQJw3zHnJ9TbPtJGBHg5DrIIGQcUE0D499ZUXg%3D%3D&amp;version=1.0&amp;app_id=9021000165677275&amp;sign_type=RSA2&amp;timestamp=2026-07-28+16%3A08%3A09&amp;alipay_sdk=alipay-sdk-java-4.38.157.ALL&amp;format=json</td>
</tr>
<tr>
<td>Server:</td>
<td>openapi-55.rz21a.sandbox.alipay.net</td>
</tr>
<tr>
<td>Date:</td>
<td>2026/07/28 16:08:15</td>
</tr>
</table>
<hr/>Powered by Tengine
</body>
</html>

	at com.alipay.api.internal.util.WebUtils.getResponseAsString(WebUtils.java:520)
	at com.alipay.api.internal.util.WebUtils.doPost(WebUtils.java:181)
	at com.alipay.api.internal.util.WebUtils.doPost(WebUtils.java:142)
	at com.alipay.api.AbstractAlipayClient.doPost(AbstractAlipayClient.java:1003)
	... 18 common frames omitted
26-07-28.16:08:20.178 [scheduling-1    ] ERROR err                    - 2026-07-28 16:08:20^_^alipay.trade.query^_^null^_^192.168.73.1^_^Windows 11^_^alipay-sdk-java-4.38.157.ALL^_^https://openapi-sandbox.dl.alipaydev.com/gateway.do?charset=utf-8&method=alipay.trade.query&sign=hgjQgBRxVlxF42Oirn3yyYTn8lX7ChdGH4KZ1MMbuAuEHab%2FQn6pmb3fd531V7VeI67IXaMpSpazzSUo8RiBkrM2VhxiRES0baCHicYUfRvmMI189QkdPIn4q%2B1L5BgziYsJZQVc6J9hEJqzrNYA3f64OXBXNVgCmLzF5c11Juzm1pTdOxMzICQ2FPZeRd%2FC9Fu18%2F5fnyGW8A6OVKERbam1eogMV1H5lsiuYEySzsrFDsD2LP%2Bg9h2UX1TiasqaITNvF6Kl0v4v%2F5CgIyCiVA3HyNOYJZ9X6NHrun3uer5dnPKCxLIN4HPCtZVMzO1mHHkNnsLmoeWLJG4ICa6Gfg%3D%3D&version=1.0&app_id=9021000165677275&sign_type=RSA2&timestamp=2026-07-28+16%3A08%3A15&alipay_sdk=alipay-sdk-java-4.38.157.ALL&format=json^_^^_^<!DOCTYPE HTML PUBLIC "-//IETF//DTD HTML 2.0//EN"> <html> <head><title>504 Gateway Time-out</title></head> <body bgcolor="white"> <h1>504 Gateway Time-out</h1> <p>The gateway did not receive a timely response from the upstream server or application. Sorry for the inconvenience.<br/> Please report this message and include the following information to us.<br/> Thank you very much!</p> <table> <tr> <td>URL:</td> <td>http://openapi-sandbox.dl.alipaydev.com/gateway.do?charset=utf-8&amp;method=alipay.trade.query&amp;sign=hgjQgBRxVlxF42Oirn3yyYTn8lX7ChdGH4KZ1MMbuAuEHab%2FQn6pmb3fd531V7VeI67IXaMpSpazzSUo8RiBkrM2VhxiRES0baCHicYUfRvmMI189QkdPIn4q%2B1L5BgziYsJZQVc6J9hEJqzrNYA3f64OXBXNVgCmLzF5c11Juzm1pTdOxMzICQ2FPZeRd%2FC9Fu18%2F5fnyGW8A6OVKERbam1eogMV1H5lsiuYEySzsrFDsD2LP%2Bg9h2UX1TiasqaITNvF6Kl0v4v%2F5CgIyCiVA3HyNOYJZ9X6NHrun3uer5dnPKCxLIN4HPCtZVMzO1mHHkNnsLmoeWLJG4ICa6Gfg%3D%3D&amp;version=1.0&amp;app_id=9021000165677275&amp;sign_type=RSA2&amp;timestamp=2026-07-28+16%3A08%3A15&amp;alipay_sdk=alipay-sdk-java-4.38.157.ALL&amp;format=json</td> </tr> <tr> <td>Server:</td> <td>openapi-55.rz21a.sandbox.alipay.net</td> </tr> <tr> <td>Date:</td> <td>2026/07/28 16:08:20</td> </tr> </table> <hr/>Powered by Tengine </body> </html> 
26-07-28.16:08:20.179 [scheduling-1    ] ERROR NoPayNotifyOrderJob    - 检测未接收到或未正确处理的支付回调通知失败
com.alipay.api.AlipayApiException: java.io.IOException: <!DOCTYPE HTML PUBLIC "-//IETF//DTD HTML 2.0//EN">
<html>
<head><title>504 Gateway Time-out</title></head>
<body bgcolor="white">
<h1>504 Gateway Time-out</h1>
<p>The gateway did not receive a timely response from the upstream server or application. Sorry for the inconvenience.<br/>
Please report this message and include the following information to us.<br/>
Thank you very much!</p>
<table>
<tr>
<td>URL:</td>
<td>http://openapi-sandbox.dl.alipaydev.com/gateway.do?charset=utf-8&amp;method=alipay.trade.query&amp;sign=hgjQgBRxVlxF42Oirn3yyYTn8lX7ChdGH4KZ1MMbuAuEHab%2FQn6pmb3fd531V7VeI67IXaMpSpazzSUo8RiBkrM2VhxiRES0baCHicYUfRvmMI189QkdPIn4q%2B1L5BgziYsJZQVc6J9hEJqzrNYA3f64OXBXNVgCmLzF5c11Juzm1pTdOxMzICQ2FPZeRd%2FC9Fu18%2F5fnyGW8A6OVKERbam1eogMV1H5lsiuYEySzsrFDsD2LP%2Bg9h2UX1TiasqaITNvF6Kl0v4v%2F5CgIyCiVA3HyNOYJZ9X6NHrun3uer5dnPKCxLIN4HPCtZVMzO1mHHkNnsLmoeWLJG4ICa6Gfg%3D%3D&amp;version=1.0&amp;app_id=9021000165677275&amp;sign_type=RSA2&amp;timestamp=2026-07-28+16%3A08%3A15&amp;alipay_sdk=alipay-sdk-java-4.38.157.ALL&amp;format=json</td>
</tr>
<tr>
<td>Server:</td>
<td>openapi-55.rz21a.sandbox.alipay.net</td>
</tr>
<tr>
<td>Date:</td>
<td>2026/07/28 16:08:20</td>
</tr>
</table>
<hr/>Powered by Tengine
</body>
</html>

	at com.alipay.api.AbstractAlipayClient.doPost(AbstractAlipayClient.java:1015)
	at com.alipay.api.AbstractAlipayClient._execute(AbstractAlipayClient.java:921)
	at com.alipay.api.AbstractAlipayClient.execute(AbstractAlipayClient.java:395)
	at com.alipay.api.AbstractAlipayClient.execute(AbstractAlipayClient.java:377)
	at com.alipay.api.AbstractAlipayClient.execute(AbstractAlipayClient.java:372)
	at com.alipay.api.AbstractAlipayClient.execute(AbstractAlipayClient.java:366)
	at cn.bugstack.trigger.job.NoPayNotifyOrderJob.exec(NoPayNotifyOrderJob.java:42)
	at jdk.internal.reflect.GeneratedMethodAccessor22.invoke(Unknown Source)
	at java.base/jdk.internal.reflect.DelegatingMethodAccessorImpl.invoke(DelegatingMethodAccessorImpl.java:43)
	at java.base/java.lang.reflect.Method.invoke(Method.java:566)
	at org.springframework.scheduling.support.ScheduledMethodRunnable.run(ScheduledMethodRunnable.java:84)
	at org.springframework.scheduling.support.DelegatingErrorHandlingRunnable.run(DelegatingErrorHandlingRunnable.java:54)
	at org.springframework.scheduling.concurrent.ReschedulingRunnable.run(ReschedulingRunnable.java:95)
	at java.base/java.util.concurrent.Executors$RunnableAdapter.call(Executors.java:515)
	at java.base/java.util.concurrent.FutureTask.run(FutureTask.java:264)
	at java.base/java.util.concurrent.ScheduledThreadPoolExecutor$ScheduledFutureTask.run(ScheduledThreadPoolExecutor.java:304)
	at java.base/java.util.concurrent.ThreadPoolExecutor.runWorker(ThreadPoolExecutor.java:1128)
	at java.base/java.util.concurrent.ThreadPoolExecutor$Worker.run(ThreadPoolExecutor.java:628)
	at java.base/java.lang.Thread.run(Thread.java:829)
Caused by: java.io.IOException: <!DOCTYPE HTML PUBLIC "-//IETF//DTD HTML 2.0//EN">
<html>
<head><title>504 Gateway Time-out</title></head>
<body bgcolor="white">
<h1>504 Gateway Time-out</h1>
<p>The gateway did not receive a timely response from the upstream server or application. Sorry for the inconvenience.<br/>
Please report this message and include the following information to us.<br/>
Thank you very much!</p>
<table>
<tr>
<td>URL:</td>
<td>http://openapi-sandbox.dl.alipaydev.com/gateway.do?charset=utf-8&amp;method=alipay.trade.query&amp;sign=hgjQgBRxVlxF42Oirn3yyYTn8lX7ChdGH4KZ1MMbuAuEHab%2FQn6pmb3fd531V7VeI67IXaMpSpazzSUo8RiBkrM2VhxiRES0baCHicYUfRvmMI189QkdPIn4q%2B1L5BgziYsJZQVc6J9hEJqzrNYA3f64OXBXNVgCmLzF5c11Juzm1pTdOxMzICQ2FPZeRd%2FC9Fu18%2F5fnyGW8A6OVKERbam1eogMV1H5lsiuYEySzsrFDsD2LP%2Bg9h2UX1TiasqaITNvF6Kl0v4v%2F5CgIyCiVA3HyNOYJZ9X6NHrun3uer5dnPKCxLIN4HPCtZVMzO1mHHkNnsLmoeWLJG4ICa6Gfg%3D%3D&amp;version=1.0&amp;app_id=9021000165677275&amp;sign_type=RSA2&amp;timestamp=2026-07-28+16%3A08%3A15&amp;alipay_sdk=alipay-sdk-java-4.38.157.ALL&amp;format=json</td>
</tr>
<tr>
<td>Server:</td>
<td>openapi-55.rz21a.sandbox.alipay.net</td>
</tr>
<tr>
<td>Date:</td>
<td>2026/07/28 16:08:20</td>
</tr>
</table>
<hr/>Powered by Tengine
</body>
</html>

	at com.alipay.api.internal.util.WebUtils.getResponseAsString(WebUtils.java:520)
	at com.alipay.api.internal.util.WebUtils.doPost(WebUtils.java:181)
	at com.alipay.api.internal.util.WebUtils.doPost(WebUtils.java:142)
	at com.alipay.api.AbstractAlipayClient.doPost(AbstractAlipayClient.java:1003)
	... 18 common frames omitted
26-07-28.16:08:21.278 [scheduling-1    ] ERROR err                    - ErrorScene^_^40004^_^ACQ.TRADE_NOT_EXIST^_^192.168.73.1^_^Windows 11^_^2026-07-28 16:08:21^_^ProtocalMustParams:charset=utf-8&method=alipay.trade.query&sign=bvxcWEG8BM3jq4wkDqXn0+QvcWcq2PzM7ZWqEfwr2ixcji1epgIXpdAXZdQu0PQWZ5Uwm32j+IQ6slPnHGeVoBNaTcf12vQZWa6cvGVXKWYHnx4KLV+3csUVa80mJTibBmjLbFXD5qtluL3stRQ1545natYEuNxwTffTZhJUL3BBr1r/B5iBkwGD4xhJ97Ok73G62lAm+QV+cyedgjEk9djmieHdQN1G7GnJZaKEqSQcNJ1pG+hPjWPpPeiVv2SdEFyTFIlss4ef1CljjIEp3c5GtPuOc+wbVpXFavRXorEo0R5+FFV/aCU3Pyq9GJmz1D2Xd7INl6GtUm+feudGqA==&version=1.0&app_id=9021000165677275&sign_type=RSA2&timestamp=2026-07-28 16:08:21^_^ProtocalOptParams:alipay_sdk=alipay-sdk-java-4.38.157.ALL&format=json^_^ApplicationParams:traceId=06002c4e178522610176353331578980&biz_content={"out_trade_no":"59214591885269"}^_^Body:{"alipay_trade_query_response":{"msg":"Business Failed","code":"40004","out_trade_no":"59214591885269","sub_msg":"交易不存在","sub_code":"ACQ.TRADE_NOT_EXIST","receipt_amount":"0.00","point_amount":"0.00","buyer_pay_amount":"0.00","invoice_amount":"0.00"},"sign":"IlGZ9x5UhNF2eAqdNMzeNXtVmLVeP4WAHqOs3UIoTeNqOZPSKddjkKWyTMN0yOnmdmvXLs65xA8iLe3vMAOcTv3IRc5Ly+sfXiILXIoyDMo48N1nGL00QjpY712N35H3czuLP1upFRYorbFoh87mPrUkchUunF+PEBdfORFul87T4s2hkFE5Fl1M1wxQAAUDsoOdZiXF4N0VIlZn8XpWkwGhUJTSzC4T5bTxJpGdI0AVbbLy9QZu0eXIaXEtwYSVDV1oFLVBE/DEmKpridtTn9/6ZOtOpBhjgylpbP+J+f2SCp37feezNW+mRc7kxKeaJfjjdbn7pTI1TeynheyWLQ=="}^_^7ms,249ms,8ms^_^trace_id:06002c4e178522610176353331578980
26-07-28.16:08:21.278 [scheduling-1    ] INFO  NoPayNotifyOrderJob    - 检测未接收到或未正确处理的支付回调通知，订单未支付成功 orderId:59214591885269 code:40004 tradeStatus:null
26-07-28.16:08:26.425 [scheduling-1    ] ERROR err                    - 2026-07-28 16:08:26^_^alipay.trade.query^_^null^_^192.168.73.1^_^Windows 11^_^alipay-sdk-java-4.38.157.ALL^_^https://openapi-sandbox.dl.alipaydev.com/gateway.do?charset=utf-8&method=alipay.trade.query&sign=VsnTnk3rjytie9VVUxjDb55Ui4qzznfIqJw4a09ivtXJMzg%2B4F9PbuEQuNKNLEtDZlU%2Fk4HM1PxPnFe3b7sm9Kp7xZZ618lQBWuY32y28ekHiPbGnmNT3T6H0WZalGgTv7iDkKHENhPXXp68PMefh0j117U5kCsMAA7PxiMpOSvcsC8PqauxTnaYMN0u4N9T7Wv7Hmz8nvGiLhwU%2FkV2Mmcxe9Gb3Os%2BUgWDLx25aY6nH%2Fzff9cZQZlXvA802efIelqgwLWWjcpHJ3itpPSd9kEI0y52AyuB3MwnEUWQQfrAxj%2BwCAA5QXf5WtNZy0qfnJGm6XLa873pDUI0ipDOJQ%3D%3D&version=1.0&app_id=9021000165677275&sign_type=RSA2&timestamp=2026-07-28+16%3A08%3A21&alipay_sdk=alipay-sdk-java-4.38.157.ALL&format=json^_^^_^<!DOCTYPE HTML PUBLIC "-//IETF//DTD HTML 2.0//EN"> <html> <head><title>504 Gateway Time-out</title></head> <body bgcolor="white"> <h1>504 Gateway Time-out</h1> <p>The gateway did not receive a timely response from the upstream server or application. Sorry for the inconvenience.<br/> Please report this message and include the following information to us.<br/> Thank you very much!</p> <table> <tr> <td>URL:</td> <td>http://openapi-sandbox.dl.alipaydev.com/gateway.do?charset=utf-8&amp;method=alipay.trade.query&amp;sign=VsnTnk3rjytie9VVUxjDb55Ui4qzznfIqJw4a09ivtXJMzg%2B4F9PbuEQuNKNLEtDZlU%2Fk4HM1PxPnFe3b7sm9Kp7xZZ618lQBWuY32y28ekHiPbGnmNT3T6H0WZalGgTv7iDkKHENhPXXp68PMefh0j117U5kCsMAA7PxiMpOSvcsC8PqauxTnaYMN0u4N9T7Wv7Hmz8nvGiLhwU%2FkV2Mmcxe9Gb3Os%2BUgWDLx25aY6nH%2Fzff9cZQZlXvA802efIelqgwLWWjcpHJ3itpPSd9kEI0y52AyuB3MwnEUWQQfrAxj%2BwCAA5QXf5WtNZy0qfnJGm6XLa873pDUI0ipDOJQ%3D%3D&amp;version=1.0&amp;app_id=9021000165677275&amp;sign_type=RSA2&amp;timestamp=2026-07-28+16%3A08%3A21&amp;alipay_sdk=alipay-sdk-java-4.38.157.ALL&amp;format=json</td> </tr> <tr> <td>Server:</td> <td>openapi-57.rz21a.sandbox.alipay.net</td> </tr> <tr> <td>Date:</td> <td>2026/07/28 16:08:26</td> </tr> </table> <hr/>Powered by Tengine </body> </html> 
26-07-28.16:08:26.425 [scheduling-1    ] ERROR NoPayNotifyOrderJob    - 检测未接收到或未正确处理的支付回调通知失败
com.alipay.api.AlipayApiException: java.io.IOException: <!DOCTYPE HTML PUBLIC "-//IETF//DTD HTML 2.0//EN">
<html>
<head><title>504 Gateway Time-out</title></head>
<body bgcolor="white">
<h1>504 Gateway Time-out</h1>
<p>The gateway did not receive a timely response from the upstream server or application. Sorry for the inconvenience.<br/>
Please report this message and include the following information to us.<br/>
Thank you very much!</p>
<table>
<tr>
<td>URL:</td>
<td>http://openapi-sandbox.dl.alipaydev.com/gateway.do?charset=utf-8&amp;method=alipay.trade.query&amp;sign=VsnTnk3rjytie9VVUxjDb55Ui4qzznfIqJw4a09ivtXJMzg%2B4F9PbuEQuNKNLEtDZlU%2Fk4HM1PxPnFe3b7sm9Kp7xZZ618lQBWuY32y28ekHiPbGnmNT3T6H0WZalGgTv7iDkKHENhPXXp68PMefh0j117U5kCsMAA7PxiMpOSvcsC8PqauxTnaYMN0u4N9T7Wv7Hmz8nvGiLhwU%2FkV2Mmcxe9Gb3Os%2BUgWDLx25aY6nH%2Fzff9cZQZlXvA802efIelqgwLWWjcpHJ3itpPSd9kEI0y52AyuB3MwnEUWQQfrAxj%2BwCAA5QXf5WtNZy0qfnJGm6XLa873pDUI0ipDOJQ%3D%3D&amp;version=1.0&amp;app_id=9021000165677275&amp;sign_type=RSA2&amp;timestamp=2026-07-28+16%3A08%3A21&amp;alipay_sdk=alipay-sdk-java-4.38.157.ALL&amp;format=json</td>
</tr>
<tr>
<td>Server:</td>
<td>openapi-57.rz21a.sandbox.alipay.net</td>
</tr>
<tr>
<td>Date:</td>
<td>2026/07/28 16:08:26</td>
</tr>
</table>
<hr/>Powered by Tengine
</body>
</html>

	at com.alipay.api.AbstractAlipayClient.doPost(AbstractAlipayClient.java:1015)
	at com.alipay.api.AbstractAlipayClient._execute(AbstractAlipayClient.java:921)
	at com.alipay.api.AbstractAlipayClient.execute(AbstractAlipayClient.java:395)
	at com.alipay.api.AbstractAlipayClient.execute(AbstractAlipayClient.java:377)
	at com.alipay.api.AbstractAlipayClient.execute(AbstractAlipayClient.java:372)
	at com.alipay.api.AbstractAlipayClient.execute(AbstractAlipayClient.java:366)
	at cn.bugstack.trigger.job.NoPayNotifyOrderJob.exec(NoPayNotifyOrderJob.java:42)
	at jdk.internal.reflect.GeneratedMethodAccessor22.invoke(Unknown Source)
	at java.base/jdk.internal.reflect.DelegatingMethodAccessorImpl.invoke(DelegatingMethodAccessorImpl.java:43)
	at java.base/java.lang.reflect.Method.invoke(Method.java:566)
	at org.springframework.scheduling.support.ScheduledMethodRunnable.run(ScheduledMethodRunnable.java:84)
	at org.springframework.scheduling.support.DelegatingErrorHandlingRunnable.run(DelegatingErrorHandlingRunnable.java:54)
	at org.springframework.scheduling.concurrent.ReschedulingRunnable.run(ReschedulingRunnable.java:95)
	at java.base/java.util.concurrent.Executors$RunnableAdapter.call(Executors.java:515)
	at java.base/java.util.concurrent.FutureTask.run(FutureTask.java:264)
	at java.base/java.util.concurrent.ScheduledThreadPoolExecutor$ScheduledFutureTask.run(ScheduledThreadPoolExecutor.java:304)
	at java.base/java.util.concurrent.ThreadPoolExecutor.runWorker(ThreadPoolExecutor.java:1128)
	at java.base/java.util.concurrent.ThreadPoolExecutor$Worker.run(ThreadPoolExecutor.java:628)
	at java.base/java.lang.Thread.run(Thread.java:829)
Caused by: java.io.IOException: <!DOCTYPE HTML PUBLIC "-//IETF//DTD HTML 2.0//EN">
<html>
<head><title>504 Gateway Time-out</title></head>
<body bgcolor="white">
<h1>504 Gateway Time-out</h1>
<p>The gateway did not receive a timely response from the upstream server or application. Sorry for the inconvenience.<br/>
Please report this message and include the following information to us.<br/>
Thank you very much!</p>
<table>
<tr>
<td>URL:</td>
<td>http://openapi-sandbox.dl.alipaydev.com/gateway.do?charset=utf-8&amp;method=alipay.trade.query&amp;sign=VsnTnk3rjytie9VVUxjDb55Ui4qzznfIqJw4a09ivtXJMzg%2B4F9PbuEQuNKNLEtDZlU%2Fk4HM1PxPnFe3b7sm9Kp7xZZ618lQBWuY32y28ekHiPbGnmNT3T6H0WZalGgTv7iDkKHENhPXXp68PMefh0j117U5kCsMAA7PxiMpOSvcsC8PqauxTnaYMN0u4N9T7Wv7Hmz8nvGiLhwU%2FkV2Mmcxe9Gb3Os%2BUgWDLx25aY6nH%2Fzff9cZQZlXvA802efIelqgwLWWjcpHJ3itpPSd9kEI0y52AyuB3MwnEUWQQfrAxj%2BwCAA5QXf5WtNZy0qfnJGm6XLa873pDUI0ipDOJQ%3D%3D&amp;version=1.0&amp;app_id=9021000165677275&amp;sign_type=RSA2&amp;timestamp=2026-07-28+16%3A08%3A21&amp;alipay_sdk=alipay-sdk-java-4.38.157.ALL&amp;format=json</td>
</tr>
<tr>
<td>Server:</td>
<td>openapi-57.rz21a.sandbox.alipay.net</td>
</tr>
<tr>
<td>Date:</td>
<td>2026/07/28 16:08:26</td>
</tr>
</table>
<hr/>Powered by Tengine
</body>
</html>

	at com.alipay.api.internal.util.WebUtils.getResponseAsString(WebUtils.java:520)
	at com.alipay.api.internal.util.WebUtils.doPost(WebUtils.java:181)
	at com.alipay.api.internal.util.WebUtils.doPost(WebUtils.java:142)
	at com.alipay.api.AbstractAlipayClient.doPost(AbstractAlipayClient.java:1003)
	... 18 common frames omitted
26-07-28.16:08:27.252 [scheduling-1    ] ERROR err                    - ErrorScene^_^40004^_^ACQ.TRADE_NOT_EXIST^_^192.168.73.1^_^Windows 11^_^2026-07-28 16:08:27^_^ProtocalMustParams:charset=utf-8&method=alipay.trade.query&sign=AZ4p5YFt5VVqkzE8VJI4DKb115KK2J0y8ONT7I5KmldIF0ZT4QazrhgF4s/wvixthxpmRqihvQlyJtS8YDJEkMJBhZPk6gjW7FSrjrzRJFwbN/lQUDDCv4R5NM7MD+YWJQPn5d7o/cxpo8ZK/CAavKowrhWfWMMNGrxdf6FwchQHitgCPgWjBxTdyEgl8xeNJiXHKjrKbFE0m8JLuTFMPWXUKpL4MYmKbRFU2codb1FUU8yEZkn+PHR6iFwVkWkEqlqBDQ6kwCop3at9c47s7doiW1U2qSFFA3AY/zw0Q3gfV1mGwradtuMYB/1RkGVyJilm70S7Lb6Aydtxm/6ueA==&version=1.0&app_id=9021000165677275&sign_type=RSA2&timestamp=2026-07-28 16:08:27^_^ProtocalOptParams:alipay_sdk=alipay-sdk-java-4.38.157.ALL&format=json^_^ApplicationParams:traceId=060d6922178522610773940393502569&biz_content={"out_trade_no":"59214591885269"}^_^Body:{"alipay_trade_query_response":{"msg":"Business Failed","code":"40004","out_trade_no":"59214591885269","sub_msg":"交易不存在","sub_code":"ACQ.TRADE_NOT_EXIST","receipt_amount":"0.00","point_amount":"0.00","buyer_pay_amount":"0.00","invoice_amount":"0.00"},"sign":"IlGZ9x5UhNF2eAqdNMzeNXtVmLVeP4WAHqOs3UIoTeNqOZPSKddjkKWyTMN0yOnmdmvXLs65xA8iLe3vMAOcTv3IRc5Ly+sfXiILXIoyDMo48N1nGL00QjpY712N35H3czuLP1upFRYorbFoh87mPrUkchUunF+PEBdfORFul87T4s2hkFE5Fl1M1wxQAAUDsoOdZiXF4N0VIlZn8XpWkwGhUJTSzC4T5bTxJpGdI0AVbbLy9QZu0eXIaXEtwYSVDV1oFLVBE/DEmKpridtTn9/6ZOtOpBhjgylpbP+J+f2SCp37feezNW+mRc7kxKeaJfjjdbn7pTI1TeynheyWLQ=="}^_^7ms,232ms,8ms^_^trace_id:060d6922178522610773940393502569
26-07-28.16:08:27.252 [scheduling-1    ] INFO  NoPayNotifyOrderJob    - 检测未接收到或未正确处理的支付回调通知，订单未支付成功 orderId:59214591885269 code:40004 tradeStatus:null
26-07-28.16:08:27.503 [scheduling-1    ] ERROR err                    - ErrorScene^_^40004^_^ACQ.TRADE_NOT_EXIST^_^192.168.73.1^_^Windows 11^_^2026-07-28 16:08:27^_^ProtocalMustParams:charset=utf-8&method=alipay.trade.query&sign=X/m39E+RGKl2/fyEv5xKfwZ3/NwDWv1BYkhrWPJQGT85pH4WrVP5X5/FZgPGdCUbaJOs2APsb2Uj20ePXOwodPs7UfYhYY8aScmdCsGmwdEpzlKz2NyTkFRjXV0wgmy7C4/kEtdgA7cxof98GwAfKzS2dEOtKPy3P/cUTZJvW4cfZm5ccsRkR+sBc3KZ0+5HMaAlzmisn83YTL95z8FWyHfIEpkhY4aN13rwzTFSPhAoRbO/IzcMV2wRcOv6RiVh+x4HyRP6VpsPK4tQFMhuOCV6kXntI9/YDonMW6K8PDntwySOlhccoGaZyGHYnZn2llFfx+hMAD5wSoYMKZwk/g==&version=1.0&app_id=9021000165677275&sign_type=RSA2&timestamp=2026-07-28 16:08:27^_^ProtocalOptParams:alipay_sdk=alipay-sdk-java-4.38.157.ALL&format=json^_^ApplicationParams:traceId=060d663d178522610798447418178&biz_content={"out_trade_no":"63015243383423"}^_^Body:{"alipay_trade_query_response":{"msg":"Business Failed","code":"40004","out_trade_no":"63015243383423","sub_msg":"交易不存在","sub_code":"ACQ.TRADE_NOT_EXIST","receipt_amount":"0.00","point_amount":"0.00","buyer_pay_amount":"0.00","invoice_amount":"0.00"},"sign":"j/BKxEaDkp40hVZnDvR3FjkafML/EKkrgK5tm3o7RpXke6JHNNHQj7dtxjFXrid2kn398BXbOviGV9OREaHEsGkNi7IoyBK1JYReqxxHw+KZz8rrBoqtEmOs09WNzTcKyl/5ieUTw21MI9LZ5QoNI9FiQB3n5vdZv5nJ4536haXV/1ocYO4eOii1Wdd47onG0oGH6w7WLvZT+jP9UP1EcysxWQjk4vfPC2p1W/SB9gAsXt/vZ3hDDoI08AIACsojEfWvD71/4rGQQEyT4naQANCIzeGTzHZEfSOYngieu+N8sDW52hL5yDXMIaHr563fJPxX8LcKEtAYz+SGdbzTrw=="}^_^8ms,234ms,9ms^_^trace_id:060d663d178522610798447418178
26-07-28.16:08:27.503 [scheduling-1    ] INFO  NoPayNotifyOrderJob    - 检测未接收到或未正确处理的支付回调通知，订单未支付成功 orderId:63015243383423 code:40004 tradeStatus:null
26-07-28.16:08:27.764 [scheduling-1    ] ERROR err                    - ErrorScene^_^40004^_^ACQ.TRADE_NOT_EXIST^_^192.168.73.1^_^Windows 11^_^2026-07-28 16:08:27^_^ProtocalMustParams:charset=utf-8&method=alipay.trade.query&sign=KkFEiHf52VsmnOACLKjkT/PEjvh8LCgB2Mme0XpRUmZNy4qfkTi27j88IHR0WG75eEGg6fNDCUvuvdsin9pXKDmQoFUSSzrwyy3WHLWximmXQ4CY5HWTYNuOzmThHDYICnrI1JySZrXTxLm4R3DizZaBOL+X8cU0eMkKe+1Cqp2MvTTQv1XNL0UL5d2/Z1cp9YIFzXpiNGRGDgHMnK25LpbbrwsTMmsPc8/2VADplHKgHSl6s2oxha4mH6NWtaPYO4KZPWx9hdJdpQ8Td6xGV2KOTweD6py14UOaEltZ4KmQqSzl++GfL2wZtBODkWDjDS6M8s1WtArLYiuuWo2Fvg==&version=1.0&app_id=9021000165677275&sign_type=RSA2&timestamp=2026-07-28 16:08:27^_^ProtocalOptParams:alipay_sdk=alipay-sdk-java-4.38.157.ALL&format=json^_^ApplicationParams:traceId=060001f3178522610823486022231288&biz_content={"out_trade_no":"05687486819141"}^_^Body:{"alipay_trade_query_response":{"msg":"Business Failed","code":"40004","out_trade_no":"05687486819141","sub_msg":"交易不存在","sub_code":"ACQ.TRADE_NOT_EXIST","receipt_amount":"0.00","point_amount":"0.00","buyer_pay_amount":"0.00","invoice_amount":"0.00"},"sign":"X8+5Q6lbdoyyrQqpUwxTqfCXdBXg7ThJc2U+u8qezqbw+E5fcgtCqABatoc1r72W+dsojv3i6bkcvvMz3DRr5ahBjxU4gwSWCgz4TBIO+/iTBt57VZmROgv9LqvWSmIQTYHEWA0iBdvVQ8wabF8mzeGODzJcDm0eGuZrLQUuAfb7EsMddzf5Fpsu5TpWoCkIHAS+8CRG2vFJn8fHca0ezh5NORm72mkk1XJRvcuT3PelFHmTo+8KP5OR7ez/2fuIcdGiAD+b2i3e+sfFqMTeUrSfNpunUyXCuTC+ottvD15QxCFhRNfVkTvbOhatQUPyKDv4sjFTxoXvcC8oVH1r9Q=="}^_^8ms,246ms,7ms^_^trace_id:060001f3178522610823486022231288
26-07-28.16:08:27.764 [scheduling-1    ] INFO  NoPayNotifyOrderJob    - 检测未接收到或未正确处理的支付回调通知，订单未支付成功 orderId:05687486819141 code:40004 tradeStatus:null
26-07-28.16:08:30.221 [scheduling-1    ] ERROR err                    - ErrorScene^_^40004^_^ACQ.TRADE_NOT_EXIST^_^192.168.73.1^_^Windows 11^_^2026-07-28 16:08:30^_^ProtocalMustParams:charset=utf-8&method=alipay.trade.query&sign=lIY6W4hGFKfrohlfGrRjfZMS8HhMdyh6jT3KEzioOTUqfcXzapmcfR29TlYZojslVR9V7tIongr+Q9w7HxktCtBq3PO36ondJad+Mp0a98QQnQ9ibbd+O/qf7DJJx7baU7FB1NUECkvGaRnfoWlExmzLISWf6xTEqtsSY08nip4JuNrVo4OIFioVKyAkO39UugVOf85+ic9zhnEvyfi5gT6GGgcDwx6wwcpqo8hGqowgQudbngsN0YZ9Yh2+QLEkJ8vdZOsKwsH18MCqd0IJHe0KOU9xFiVR7iBjAlatP3Ru3xFipKWwnkGFSXAwulX5vFli9t42UmNlDKyVKeToyQ==&version=1.0&app_id=9021000165677275&sign_type=RSA2&timestamp=2026-07-28 16:08:30^_^ProtocalOptParams:alipay_sdk=alipay-sdk-java-4.38.157.ALL&format=json^_^ApplicationParams:traceId=060001f3178522611074386112231288&biz_content={"out_trade_no":"59214591885269"}^_^Body:{"alipay_trade_query_response":{"msg":"Business Failed","code":"40004","out_trade_no":"59214591885269","sub_msg":"交易不存在","sub_code":"ACQ.TRADE_NOT_EXIST","receipt_amount":"0.00","point_amount":"0.00","buyer_pay_amount":"0.00","invoice_amount":"0.00"},"sign":"IlGZ9x5UhNF2eAqdNMzeNXtVmLVeP4WAHqOs3UIoTeNqOZPSKddjkKWyTMN0yOnmdmvXLs65xA8iLe3vMAOcTv3IRc5Ly+sfXiILXIoyDMo48N1nGL00QjpY712N35H3czuLP1upFRYorbFoh87mPrUkchUunF+PEBdfORFul87T4s2hkFE5Fl1M1wxQAAUDsoOdZiXF4N0VIlZn8XpWkwGhUJTSzC4T5bTxJpGdI0AVbbLy9QZu0eXIaXEtwYSVDV1oFLVBE/DEmKpridtTn9/6ZOtOpBhjgylpbP+J+f2SCp37feezNW+mRc7kxKeaJfjjdbn7pTI1TeynheyWLQ=="}^_^7ms,194ms,8ms^_^trace_id:060001f3178522611074386112231288
26-07-28.16:08:30.221 [scheduling-1    ] INFO  NoPayNotifyOrderJob    - 检测未接收到或未正确处理的支付回调通知，订单未支付成功 orderId:59214591885269 code:40004 tradeStatus:null
26-07-28.16:08:31.005 [scheduling-1    ] ERROR err                    - ErrorScene^_^40004^_^ACQ.TRADE_NOT_EXIST^_^192.168.73.1^_^Windows 11^_^2026-07-28 16:08:31^_^ProtocalMustParams:charset=utf-8&method=alipay.trade.query&sign=GcVTi+h+NxVGMY+GJpSSqB6C6xsGdCGREG1abww0MAGnZrWGu+3flydiMYW+5IpVKT2AEJZFfaK1Y1LLpb5BhPfF+cJ3vTDKycreWrgBPejU9o1LPsiXzNFzzEtisxphgHGW7oduZ6jWzTl2naotPT1K62L4D+a/SA/rbezBzwG2Qg64Nq/UWjMAF6N3nDxZ96XUCw0BP2Asf+77k3DdJI3Xbdktdm0rcEDQ3m/liVZjGQ2Tzj5E8xWDADrY0LNfALm9lctZtg/F2WHrBeiwCpCKwknR38l6MhEVjOw9WNQC3yedxj6So3L6kFG7JIGJzzglNJaqGAr+gJk2PNfAkw==&version=1.0&app_id=9021000165677275&sign_type=RSA2&timestamp=2026-07-28 16:08:30^_^ProtocalOptParams:alipay_sdk=alipay-sdk-java-4.38.157.ALL&format=json^_^ApplicationParams:traceId=060d663d178522611146547488178&biz_content={"out_trade_no":"63015243383423"}^_^Body:{"alipay_trade_query_response":{"msg":"Business Failed","code":"40004","out_trade_no":"63015243383423","sub_msg":"交易不存在","sub_code":"ACQ.TRADE_NOT_EXIST","receipt_amount":"0.00","point_amount":"0.00","buyer_pay_amount":"0.00","invoice_amount":"0.00"},"sign":"j/BKxEaDkp40hVZnDvR3FjkafML/EKkrgK5tm3o7RpXke6JHNNHQj7dtxjFXrid2kn398BXbOviGV9OREaHEsGkNi7IoyBK1JYReqxxHw+KZz8rrBoqtEmOs09WNzTcKyl/5ieUTw21MI9LZ5QoNI9FiQB3n5vdZv5nJ4536haXV/1ocYO4eOii1Wdd47onG0oGH6w7WLvZT+jP9UP1EcysxWQjk4vfPC2p1W/SB9gAsXt/vZ3hDDoI08AIACsojEfWvD71/4rGQQEyT4naQANCIzeGTzHZEfSOYngieu+N8sDW52hL5yDXMIaHr563fJPxX8LcKEtAYz+SGdbzTrw=="}^_^8ms,768ms,8ms^_^trace_id:060d663d178522611146547488178
26-07-28.16:08:31.005 [scheduling-1    ] INFO  NoPayNotifyOrderJob    - 检测未接收到或未正确处理的支付回调通知，订单未支付成功 orderId:63015243383423 code:40004 tradeStatus:null
26-07-28.16:08:45.377 [scheduling-1    ] ERROR err                    - ErrorScene^_^40004^_^ACQ.TRADE_NOT_EXIST^_^192.168.73.1^_^Windows 11^_^2026-07-28 16:08:45^_^ProtocalMustParams:charset=utf-8&method=alipay.trade.query&sign=e46qTxZDTMFP5PiQ5aDZfa+/l0aoJM4cabZoMT2YZ4K4hpeqv9h5KOG6hoSXQXZYmK+9PyCfR8Pfxw4+Lxpmyi51V35rIl0PP9qo3WvHq3Z9XRn5bV5bC0k1NU9nvPI8KBRW6/rRUnCg2IEeVguyHhxNwuv0gobY4ha1+Su0ydsZt4atdoR52jMqCxkLx4X0U/U/Gv/4pICPfNN7/dAe2RzHjx90yZQV5o02FPkHAAvOTaoWGmMSZDJKH1WNxTSIDlRaOeoOeMbPR72yrJDC786icKel2n/KdMdE6VDtJSouXaoP8FHgUUZIpv2C5CTntazG3RgB1451vlRaIoTttw==&version=1.0&app_id=9021000165677275&sign_type=RSA2&timestamp=2026-07-28 16:08:31^_^ProtocalOptParams:alipay_sdk=alipay-sdk-java-4.38.157.ALL&format=json^_^ApplicationParams:traceId=060d663d178522612588648158178&biz_content={"out_trade_no":"05687486819141"}^_^Body:{"alipay_trade_query_response":{"msg":"Business Failed","code":"40004","out_trade_no":"05687486819141","sub_msg":"交易不存在","sub_code":"ACQ.TRADE_NOT_EXIST","receipt_amount":"0.00","point_amount":"0.00","buyer_pay_amount":"0.00","invoice_amount":"0.00"},"sign":"X8+5Q6lbdoyyrQqpUwxTqfCXdBXg7ThJc2U+u8qezqbw+E5fcgtCqABatoc1r72W+dsojv3i6bkcvvMz3DRr5ahBjxU4gwSWCgz4TBIO+/iTBt57VZmROgv9LqvWSmIQTYHEWA0iBdvVQ8wabF8mzeGODzJcDm0eGuZrLQUuAfb7EsMddzf5Fpsu5TpWoCkIHAS+8CRG2vFJn8fHca0ezh5NORm72mkk1XJRvcuT3PelFHmTo+8KP5OR7ez/2fuIcdGiAD+b2i3e+sfFqMTeUrSfNpunUyXCuTC+ottvD15QxCFhRNfVkTvbOhatQUPyKDv4sjFTxoXvcC8oVH1r9Q=="}^_^8ms,14355ms,9ms^_^trace_id:060d663d178522612588648158178
26-07-28.16:08:45.377 [scheduling-1    ] INFO  NoPayNotifyOrderJob    - 检测未接收到或未正确处理的支付回调通知，订单未支付成功 orderId:05687486819141 code:40004 tradeStatus:null
26-07-28.16:08:53.154 [scheduling-1    ] ERROR err                    - 2026-07-28 16:08:53^_^alipay.trade.query^_^null^_^192.168.73.1^_^Windows 11^_^alipay-sdk-java-4.38.157.ALL^_^https://openapi-sandbox.dl.alipaydev.com/gateway.do?charset=utf-8&method=alipay.trade.query&sign=NmYmjnt0BM%2F%2FrXm6kTo75eD%2BR%2Fwzq%2BAFGDGpeg%2BkM0D4uVJ9J46cx8Z4r8rJvlyptVaLOjXP%2BDa6GgaO6JqVKYxjw%2Fsz1k9vzBJ9f0yl84kzSUkaLCIgZbq1DGD90ece%2FG3of2dTe2k7fRLEg%2FW12M%2FJV1KBtqbveyc5eACfDmTFC95Ysj8e7CXot4iJ93b6eg8RV%2Fv8gAP1ZOGgT3Gn9b0CLxV52%2BcW1K2g5inz%2FRScktTTSCO%2BMCEV8jnnw1jc0U2m%2F6DZ9wDslFH9oNsv646jMq%2F0PWXqA8D6CsRYQ%2BuZDeyDPlVtEmunFe04bGYOtoJ%2Fkl0bTqtjUAfMONa2zQ%3D%3D&version=1.0&app_id=9021000165677275&sign_type=RSA2&timestamp=2026-07-28+16%3A08%3A48&alipay_sdk=alipay-sdk-java-4.38.157.ALL&format=json^_^^_^<!DOCTYPE HTML PUBLIC "-//IETF//DTD HTML 2.0//EN"> <html> <head><title>504 Gateway Time-out</title></head> <body bgcolor="white"> <h1>504 Gateway Time-out</h1> <p>The gateway did not receive a timely response from the upstream server or application. Sorry for the inconvenience.<br/> Please report this message and include the following information to us.<br/> Thank you very much!</p> <table> <tr> <td>URL:</td> <td>http://openapi-sandbox.dl.alipaydev.com/gateway.do?charset=utf-8&amp;method=alipay.trade.query&amp;sign=NmYmjnt0BM%2F%2FrXm6kTo75eD%2BR%2Fwzq%2BAFGDGpeg%2BkM0D4uVJ9J46cx8Z4r8rJvlyptVaLOjXP%2BDa6GgaO6JqVKYxjw%2Fsz1k9vzBJ9f0yl84kzSUkaLCIgZbq1DGD90ece%2FG3of2dTe2k7fRLEg%2FW12M%2FJV1KBtqbveyc5eACfDmTFC95Ysj8e7CXot4iJ93b6eg8RV%2Fv8gAP1ZOGgT3Gn9b0CLxV52%2BcW1K2g5inz%2FRScktTTSCO%2BMCEV8jnnw1jc0U2m%2F6DZ9wDslFH9oNsv646jMq%2F0PWXqA8D6CsRYQ%2BuZDeyDPlVtEmunFe04bGYOtoJ%2Fkl0bTqtjUAfMONa2zQ%3D%3D&amp;version=1.0&amp;app_id=9021000165677275&amp;sign_type=RSA2&amp;timestamp=2026-07-28+16%3A08%3A48&amp;alipay_sdk=alipay-sdk-java-4.38.157.ALL&amp;format=json</td> </tr> <tr> <td>Server:</td> <td>openapi-55.rz21a.sandbox.alipay.net</td> </tr> <tr> <td>Date:</td> <td>2026/07/28 16:08:53</td> </tr> </table> <hr/>Powered by Tengine </body> </html> 
26-07-28.16:08:53.154 [scheduling-1    ] ERROR NoPayNotifyOrderJob    - 检测未接收到或未正确处理的支付回调通知失败
com.alipay.api.AlipayApiException: java.io.IOException: <!DOCTYPE HTML PUBLIC "-//IETF//DTD HTML 2.0//EN">
<html>
<head><title>504 Gateway Time-out</title></head>
<body bgcolor="white">
<h1>504 Gateway Time-out</h1>
<p>The gateway did not receive a timely response from the upstream server or application. Sorry for the inconvenience.<br/>
Please report this message and include the following information to us.<br/>
Thank you very much!</p>
<table>
<tr>
<td>URL:</td>
<td>http://openapi-sandbox.dl.alipaydev.com/gateway.do?charset=utf-8&amp;method=alipay.trade.query&amp;sign=NmYmjnt0BM%2F%2FrXm6kTo75eD%2BR%2Fwzq%2BAFGDGpeg%2BkM0D4uVJ9J46cx8Z4r8rJvlyptVaLOjXP%2BDa6GgaO6JqVKYxjw%2Fsz1k9vzBJ9f0yl84kzSUkaLCIgZbq1DGD90ece%2FG3of2dTe2k7fRLEg%2FW12M%2FJV1KBtqbveyc5eACfDmTFC95Ysj8e7CXot4iJ93b6eg8RV%2Fv8gAP1ZOGgT3Gn9b0CLxV52%2BcW1K2g5inz%2FRScktTTSCO%2BMCEV8jnnw1jc0U2m%2F6DZ9wDslFH9oNsv646jMq%2F0PWXqA8D6CsRYQ%2BuZDeyDPlVtEmunFe04bGYOtoJ%2Fkl0bTqtjUAfMONa2zQ%3D%3D&amp;version=1.0&amp;app_id=9021000165677275&amp;sign_type=RSA2&amp;timestamp=2026-07-28+16%3A08%3A48&amp;alipay_sdk=alipay-sdk-java-4.38.157.ALL&amp;format=json</td>
</tr>
<tr>
<td>Server:</td>
<td>openapi-55.rz21a.sandbox.alipay.net</td>
</tr>
<tr>
<td>Date:</td>
<td>2026/07/28 16:08:53</td>
</tr>
</table>
<hr/>Powered by Tengine
</body>
</html>

	at com.alipay.api.AbstractAlipayClient.doPost(AbstractAlipayClient.java:1015)
	at com.alipay.api.AbstractAlipayClient._execute(AbstractAlipayClient.java:921)
	at com.alipay.api.AbstractAlipayClient.execute(AbstractAlipayClient.java:395)
	at com.alipay.api.AbstractAlipayClient.execute(AbstractAlipayClient.java:377)
	at com.alipay.api.AbstractAlipayClient.execute(AbstractAlipayClient.java:372)
	at com.alipay.api.AbstractAlipayClient.execute(AbstractAlipayClient.java:366)
	at cn.bugstack.trigger.job.NoPayNotifyOrderJob.exec(NoPayNotifyOrderJob.java:42)
	at jdk.internal.reflect.GeneratedMethodAccessor22.invoke(Unknown Source)
	at java.base/jdk.internal.reflect.DelegatingMethodAccessorImpl.invoke(DelegatingMethodAccessorImpl.java:43)
	at java.base/java.lang.reflect.Method.invoke(Method.java:566)
	at org.springframework.scheduling.support.ScheduledMethodRunnable.run(ScheduledMethodRunnable.java:84)
	at org.springframework.scheduling.support.DelegatingErrorHandlingRunnable.run(DelegatingErrorHandlingRunnable.java:54)
	at org.springframework.scheduling.concurrent.ReschedulingRunnable.run(ReschedulingRunnable.java:95)
	at java.base/java.util.concurrent.Executors$RunnableAdapter.call(Executors.java:515)
	at java.base/java.util.concurrent.FutureTask.run(FutureTask.java:264)
	at java.base/java.util.concurrent.ScheduledThreadPoolExecutor$ScheduledFutureTask.run(ScheduledThreadPoolExecutor.java:304)
	at java.base/java.util.concurrent.ThreadPoolExecutor.runWorker(ThreadPoolExecutor.java:1128)
	at java.base/java.util.concurrent.ThreadPoolExecutor$Worker.run(ThreadPoolExecutor.java:628)
	at java.base/java.lang.Thread.run(Thread.java:829)
Caused by: java.io.IOException: <!DOCTYPE HTML PUBLIC "-//IETF//DTD HTML 2.0//EN">
<html>
<head><title>504 Gateway Time-out</title></head>
<body bgcolor="white">
<h1>504 Gateway Time-out</h1>
<p>The gateway did not receive a timely response from the upstream server or application. Sorry for the inconvenience.<br/>
Please report this message and include the following information to us.<br/>
Thank you very much!</p>
<table>
<tr>
<td>URL:</td>
<td>http://openapi-sandbox.dl.alipaydev.com/gateway.do?charset=utf-8&amp;method=alipay.trade.query&amp;sign=NmYmjnt0BM%2F%2FrXm6kTo75eD%2BR%2Fwzq%2BAFGDGpeg%2BkM0D4uVJ9J46cx8Z4r8rJvlyptVaLOjXP%2BDa6GgaO6JqVKYxjw%2Fsz1k9vzBJ9f0yl84kzSUkaLCIgZbq1DGD90ece%2FG3of2dTe2k7fRLEg%2FW12M%2FJV1KBtqbveyc5eACfDmTFC95Ysj8e7CXot4iJ93b6eg8RV%2Fv8gAP1ZOGgT3Gn9b0CLxV52%2BcW1K2g5inz%2FRScktTTSCO%2BMCEV8jnnw1jc0U2m%2F6DZ9wDslFH9oNsv646jMq%2F0PWXqA8D6CsRYQ%2BuZDeyDPlVtEmunFe04bGYOtoJ%2Fkl0bTqtjUAfMONa2zQ%3D%3D&amp;version=1.0&amp;app_id=9021000165677275&amp;sign_type=RSA2&amp;timestamp=2026-07-28+16%3A08%3A48&amp;alipay_sdk=alipay-sdk-java-4.38.157.ALL&amp;format=json</td>
</tr>
<tr>
<td>Server:</td>
<td>openapi-55.rz21a.sandbox.alipay.net</td>
</tr>
<tr>
<td>Date:</td>
<td>2026/07/28 16:08:53</td>
</tr>
</table>
<hr/>Powered by Tengine
</body>
</html>

	at com.alipay.api.internal.util.WebUtils.getResponseAsString(WebUtils.java:520)
	at com.alipay.api.internal.util.WebUtils.doPost(WebUtils.java:181)
	at com.alipay.api.internal.util.WebUtils.doPost(WebUtils.java:142)
	at com.alipay.api.AbstractAlipayClient.doPost(AbstractAlipayClient.java:1003)
	... 18 common frames omitted
26-07-28.16:08:54.286 [scheduling-1    ] ERROR err                    - ErrorScene^_^40004^_^ACQ.TRADE_NOT_EXIST^_^192.168.73.1^_^Windows 11^_^2026-07-28 16:08:54^_^ProtocalMustParams:charset=utf-8&method=alipay.trade.query&sign=pMU2LjXRkmt/MKNFFr7EYCQ3LSHzeq60XDX+8O0XlBlujasdodYh2dN4j/hrd6SqzKVjpYveduJ8wLb+LDPvedThcYsN4YxMszBmqR/Vx2y1odP+htnWuq5DXCdcUGiCP/r/5LCIPHPE/bwGX+t+SQ+2kGRRQYkCdyy/ika1ZPNRolvouSytyThWh/cTKA3VXc6NNKxk+K4LHiooOFUpce+zRsJRgIA6z/bVuaz7uFrY3tHQoFoeTQYMt6AQGM54/E8FVobl8R/qLWVUeo3LJAdZNxv+hfes81VV3NUmguS5OMuLoZ8yCd2p1s3VvAQa8GTlreKfMROG9wxepeT+/w==&version=1.0&app_id=9021000165677275&sign_type=RSA2&timestamp=2026-07-28 16:08:54^_^ProtocalOptParams:alipay_sdk=alipay-sdk-java-4.38.157.ALL&format=json^_^ApplicationParams:traceId=06020e08178522613475160712433085&biz_content={"out_trade_no":"59214591885269"}^_^Body:{"alipay_trade_query_response":{"msg":"Business Failed","code":"40004","out_trade_no":"59214591885269","sub_msg":"交易不存在","sub_code":"ACQ.TRADE_NOT_EXIST","receipt_amount":"0.00","point_amount":"0.00","buyer_pay_amount":"0.00","invoice_amount":"0.00"},"sign":"IlGZ9x5UhNF2eAqdNMzeNXtVmLVeP4WAHqOs3UIoTeNqOZPSKddjkKWyTMN0yOnmdmvXLs65xA8iLe3vMAOcTv3IRc5Ly+sfXiILXIoyDMo48N1nGL00QjpY712N35H3czuLP1upFRYorbFoh87mPrUkchUunF+PEBdfORFul87T4s2hkFE5Fl1M1wxQAAUDsoOdZiXF4N0VIlZn8XpWkwGhUJTSzC4T5bTxJpGdI0AVbbLy9QZu0eXIaXEtwYSVDV1oFLVBE/DEmKpridtTn9/6ZOtOpBhjgylpbP+J+f2SCp37feezNW+mRc7kxKeaJfjjdbn7pTI1TeynheyWLQ=="}^_^7ms,263ms,8ms^_^trace_id:06020e08178522613475160712433085
26-07-28.16:08:54.286 [scheduling-1    ] INFO  NoPayNotifyOrderJob    - 检测未接收到或未正确处理的支付回调通知，订单未支付成功 orderId:59214591885269 code:40004 tradeStatus:null
26-07-28.16:08:54.595 [scheduling-1    ] ERROR err                    - ErrorScene^_^40004^_^ACQ.TRADE_NOT_EXIST^_^192.168.73.1^_^Windows 11^_^2026-07-28 16:08:54^_^ProtocalMustParams:charset=utf-8&method=alipay.trade.query&sign=BFizce5hJ1uOrhDJiByil2GE5XH6+Xa7qTosWcpuGbMptX7PjcEX5kl2VmdVVZMJDVZzMIuQfP9hyQhlOgF9wIwWFu6sAxGpgCWzm6cfjOmjM1ffxCRf4vwRhIZhIlWb23eftE9G/7jk41HvyzkSndt381KU6WGO+c5WEgmEaFjcDeliICxFvHme9afskVKKAFFVViFgbGqBG2v9jjMM4w8tjWBrFmTaqsP3Uf4yQVES/uAGoLSm2UJnjBYEFmz22Q+VIrVZXq7f+FMdIACFaw7TzrLonkAZj6soq+MZ48FRej1/jVmroB7xx9NofnPQwkQ79xFjfdaeHKG3yhqajg==&version=1.0&app_id=9021000165677275&sign_type=RSA2&timestamp=2026-07-28 16:08:54^_^ProtocalOptParams:alipay_sdk=alipay-sdk-java-4.38.157.ALL&format=json^_^ApplicationParams:traceId=06020e08178522613501660752433085&biz_content={"out_trade_no":"63015243383423"}^_^Body:{"alipay_trade_query_response":{"msg":"Business Failed","code":"40004","out_trade_no":"63015243383423","sub_msg":"交易不存在","sub_code":"ACQ.TRADE_NOT_EXIST","receipt_amount":"0.00","point_amount":"0.00","buyer_pay_amount":"0.00","invoice_amount":"0.00"},"sign":"j/BKxEaDkp40hVZnDvR3FjkafML/EKkrgK5tm3o7RpXke6JHNNHQj7dtxjFXrid2kn398BXbOviGV9OREaHEsGkNi7IoyBK1JYReqxxHw+KZz8rrBoqtEmOs09WNzTcKyl/5ieUTw21MI9LZ5QoNI9FiQB3n5vdZv5nJ4536haXV/1ocYO4eOii1Wdd47onG0oGH6w7WLvZT+jP9UP1EcysxWQjk4vfPC2p1W/SB9gAsXt/vZ3hDDoI08AIACsojEfWvD71/4rGQQEyT4naQANCIzeGTzHZEfSOYngieu+N8sDW52hL5yDXMIaHr563fJPxX8LcKEtAYz+SGdbzTrw=="}^_^7ms,292ms,10ms^_^trace_id:06020e08178522613501660752433085
26-07-28.16:08:54.595 [scheduling-1    ] INFO  NoPayNotifyOrderJob    - 检测未接收到或未正确处理的支付回调通知，订单未支付成功 orderId:63015243383423 code:40004 tradeStatus:null
26-07-28.16:08:54.900 [scheduling-1    ] ERROR err                    - ErrorScene^_^40004^_^ACQ.TRADE_NOT_EXIST^_^192.168.73.1^_^Windows 11^_^2026-07-28 16:08:54^_^ProtocalMustParams:charset=utf-8&method=alipay.trade.query&sign=HbhKo/K4tSCLUmXkKT1tVd2m9+07Bfl7BVKi6iwzElWy7unu5nX8egTabEDho8n2pzDTyMZF/KJt1c52YXXZMiD5ngluddpIhBIR384Q72/XRffPr+Xr9EXoADfvrcmuwNBj7Rl/UvccvCiVzjLq9q7y4WjJi8l61OdHEg9PEoiFoor2X4PwnaxtdW5JN6B6XXFRG2SPp1Bt0+II+4zCyTkuXP5PJBiLP9wvvVWw0d1o6SnEyOG91wMf53xNn0PwfY4C8J+qvv8t1VmCsvD0gSAfVdKB+CcdZRDdVfe9hYc26Px2rkoZQh38tbyCJ+LtRYIsCsnaI2VwcMmXHSAC9A==&version=1.0&app_id=9021000165677275&sign_type=RSA2&timestamp=2026-07-28 16:08:54^_^ProtocalOptParams:alipay_sdk=alipay-sdk-java-4.38.157.ALL&format=json^_^ApplicationParams:traceId=06002c4e178522613533554791578980&biz_content={"out_trade_no":"05687486819141"}^_^Body:{"alipay_trade_query_response":{"msg":"Business Failed","code":"40004","out_trade_no":"05687486819141","sub_msg":"交易不存在","sub_code":"ACQ.TRADE_NOT_EXIST","receipt_amount":"0.00","point_amount":"0.00","buyer_pay_amount":"0.00","invoice_amount":"0.00"},"sign":"X8+5Q6lbdoyyrQqpUwxTqfCXdBXg7ThJc2U+u8qezqbw+E5fcgtCqABatoc1r72W+dsojv3i6bkcvvMz3DRr5ahBjxU4gwSWCgz4TBIO+/iTBt57VZmROgv9LqvWSmIQTYHEWA0iBdvVQ8wabF8mzeGODzJcDm0eGuZrLQUuAfb7EsMddzf5Fpsu5TpWoCkIHAS+8CRG2vFJn8fHca0ezh5NORm72mkk1XJRvcuT3PelFHmTo+8KP5OR7ez/2fuIcdGiAD+b2i3e+sfFqMTeUrSfNpunUyXCuTC+ottvD15QxCFhRNfVkTvbOhatQUPyKDv4sjFTxoXvcC8oVH1r9Q=="}^_^8ms,289ms,8ms^_^trace_id:06002c4e178522613533554791578980
26-07-28.16:08:54.900 [scheduling-1    ] INFO  NoPayNotifyOrderJob    - 检测未接收到或未正确处理的支付回调通知，订单未支付成功 orderId:05687486819141 code:40004 tradeStatus:null
26-07-28.16:09:02.129 [scheduling-1    ] ERROR err                    - 2026-07-28 16:09:02^_^alipay.trade.query^_^null^_^192.168.73.1^_^Windows 11^_^alipay-sdk-java-4.38.157.ALL^_^https://openapi-sandbox.dl.alipaydev.com/gateway.do?charset=utf-8&method=alipay.trade.query&sign=JEVEKY9C%2FZ7guNenytvajpicx34Bh%2BwNjDJ1%2BA13UF60LNkexkmK7by0li2POZTZ0UwAZIpL5q02Do%2F1puvMf478ZY3z33wWrMntk0NoVNQ6aDaXvLeVAPgnaQAOvfvGSjGFygRN5pPX9H7PIdGMhj0wbeD3WqmuMbEqdafRlULOCp87GE4FYPs4WaDwUUJfghmYMZjOi7Ir6jKCTF5BzsX9KtwAGF1uZwLa%2ByQJ7KEp3xo686vyWqT6CN1sEkmk9h9HrW6lAufJBzxBOgZGUw4DcZge0ZKpTXRji798Ci2T9TWIdv1%2FNslaxdcVZZU%2Fu682DJOJgIJIz5no2EqrJA%3D%3D&version=1.0&app_id=9021000165677275&sign_type=RSA2&timestamp=2026-07-28+16%3A08%3A57&alipay_sdk=alipay-sdk-java-4.38.157.ALL&format=json^_^^_^<!DOCTYPE HTML PUBLIC "-//IETF//DTD HTML 2.0//EN"> <html> <head><title>504 Gateway Time-out</title></head> <body bgcolor="white"> <h1>504 Gateway Time-out</h1> <p>The gateway did not receive a timely response from the upstream server or application. Sorry for the inconvenience.<br/> Please report this message and include the following information to us.<br/> Thank you very much!</p> <table> <tr> <td>URL:</td> <td>http://openapi-sandbox.dl.alipaydev.com/gateway.do?charset=utf-8&amp;method=alipay.trade.query&amp;sign=JEVEKY9C%2FZ7guNenytvajpicx34Bh%2BwNjDJ1%2BA13UF60LNkexkmK7by0li2POZTZ0UwAZIpL5q02Do%2F1puvMf478ZY3z33wWrMntk0NoVNQ6aDaXvLeVAPgnaQAOvfvGSjGFygRN5pPX9H7PIdGMhj0wbeD3WqmuMbEqdafRlULOCp87GE4FYPs4WaDwUUJfghmYMZjOi7Ir6jKCTF5BzsX9KtwAGF1uZwLa%2ByQJ7KEp3xo686vyWqT6CN1sEkmk9h9HrW6lAufJBzxBOgZGUw4DcZge0ZKpTXRji798Ci2T9TWIdv1%2FNslaxdcVZZU%2Fu682DJOJgIJIz5no2EqrJA%3D%3D&amp;version=1.0&amp;app_id=9021000165677275&amp;sign_type=RSA2&amp;timestamp=2026-07-28+16%3A08%3A57&amp;alipay_sdk=alipay-sdk-java-4.38.157.ALL&amp;format=json</td> </tr> <tr> <td>Server:</td> <td>openapi-57.rz21a.sandbox.alipay.net</td> </tr> <tr> <td>Date:</td> <td>2026/07/28 16:09:02</td> </tr> </table> <hr/>Powered by Tengine </body> </html> 
26-07-28.16:09:02.130 [scheduling-1    ] ERROR NoPayNotifyOrderJob    - 检测未接收到或未正确处理的支付回调通知失败
com.alipay.api.AlipayApiException: java.io.IOException: <!DOCTYPE HTML PUBLIC "-//IETF//DTD HTML 2.0//EN">
<html>
<head><title>504 Gateway Time-out</title></head>
<body bgcolor="white">
<h1>504 Gateway Time-out</h1>
<p>The gateway did not receive a timely response from the upstream server or application. Sorry for the inconvenience.<br/>
Please report this message and include the following information to us.<br/>
Thank you very much!</p>
<table>
<tr>
<td>URL:</td>
<td>http://openapi-sandbox.dl.alipaydev.com/gateway.do?charset=utf-8&amp;method=alipay.trade.query&amp;sign=JEVEKY9C%2FZ7guNenytvajpicx34Bh%2BwNjDJ1%2BA13UF60LNkexkmK7by0li2POZTZ0UwAZIpL5q02Do%2F1puvMf478ZY3z33wWrMntk0NoVNQ6aDaXvLeVAPgnaQAOvfvGSjGFygRN5pPX9H7PIdGMhj0wbeD3WqmuMbEqdafRlULOCp87GE4FYPs4WaDwUUJfghmYMZjOi7Ir6jKCTF5BzsX9KtwAGF1uZwLa%2ByQJ7KEp3xo686vyWqT6CN1sEkmk9h9HrW6lAufJBzxBOgZGUw4DcZge0ZKpTXRji798Ci2T9TWIdv1%2FNslaxdcVZZU%2Fu682DJOJgIJIz5no2EqrJA%3D%3D&amp;version=1.0&amp;app_id=9021000165677275&amp;sign_type=RSA2&amp;timestamp=2026-07-28+16%3A08%3A57&amp;alipay_sdk=alipay-sdk-java-4.38.157.ALL&amp;format=json</td>
</tr>
<tr>
<td>Server:</td>
<td>openapi-57.rz21a.sandbox.alipay.net</td>
</tr>
<tr>
<td>Date:</td>
<td>2026/07/28 16:09:02</td>
</tr>
</table>
<hr/>Powered by Tengine
</body>
</html>

	at com.alipay.api.AbstractAlipayClient.doPost(AbstractAlipayClient.java:1015)
	at com.alipay.api.AbstractAlipayClient._execute(AbstractAlipayClient.java:921)
	at com.alipay.api.AbstractAlipayClient.execute(AbstractAlipayClient.java:395)
	at com.alipay.api.AbstractAlipayClient.execute(AbstractAlipayClient.java:377)
	at com.alipay.api.AbstractAlipayClient.execute(AbstractAlipayClient.java:372)
	at com.alipay.api.AbstractAlipayClient.execute(AbstractAlipayClient.java:366)
	at cn.bugstack.trigger.job.NoPayNotifyOrderJob.exec(NoPayNotifyOrderJob.java:42)
	at jdk.internal.reflect.GeneratedMethodAccessor22.invoke(Unknown Source)
	at java.base/jdk.internal.reflect.DelegatingMethodAccessorImpl.invoke(DelegatingMethodAccessorImpl.java:43)
	at java.base/java.lang.reflect.Method.invoke(Method.java:566)
	at org.springframework.scheduling.support.ScheduledMethodRunnable.run(ScheduledMethodRunnable.java:84)
	at org.springframework.scheduling.support.DelegatingErrorHandlingRunnable.run(DelegatingErrorHandlingRunnable.java:54)
	at org.springframework.scheduling.concurrent.ReschedulingRunnable.run(ReschedulingRunnable.java:95)
	at java.base/java.util.concurrent.Executors$RunnableAdapter.call(Executors.java:515)
	at java.base/java.util.concurrent.FutureTask.run(FutureTask.java:264)
	at java.base/java.util.concurrent.ScheduledThreadPoolExecutor$ScheduledFutureTask.run(ScheduledThreadPoolExecutor.java:304)
	at java.base/java.util.concurrent.ThreadPoolExecutor.runWorker(ThreadPoolExecutor.java:1128)
	at java.base/java.util.concurrent.ThreadPoolExecutor$Worker.run(ThreadPoolExecutor.java:628)
	at java.base/java.lang.Thread.run(Thread.java:829)
Caused by: java.io.IOException: <!DOCTYPE HTML PUBLIC "-//IETF//DTD HTML 2.0//EN">
<html>
<head><title>504 Gateway Time-out</title></head>
<body bgcolor="white">
<h1>504 Gateway Time-out</h1>
<p>The gateway did not receive a timely response from the upstream server or application. Sorry for the inconvenience.<br/>
Please report this message and include the following information to us.<br/>
Thank you very much!</p>
<table>
<tr>
<td>URL:</td>
<td>http://openapi-sandbox.dl.alipaydev.com/gateway.do?charset=utf-8&amp;method=alipay.trade.query&amp;sign=JEVEKY9C%2FZ7guNenytvajpicx34Bh%2BwNjDJ1%2BA13UF60LNkexkmK7by0li2POZTZ0UwAZIpL5q02Do%2F1puvMf478ZY3z33wWrMntk0NoVNQ6aDaXvLeVAPgnaQAOvfvGSjGFygRN5pPX9H7PIdGMhj0wbeD3WqmuMbEqdafRlULOCp87GE4FYPs4WaDwUUJfghmYMZjOi7Ir6jKCTF5BzsX9KtwAGF1uZwLa%2ByQJ7KEp3xo686vyWqT6CN1sEkmk9h9HrW6lAufJBzxBOgZGUw4DcZge0ZKpTXRji798Ci2T9TWIdv1%2FNslaxdcVZZU%2Fu682DJOJgIJIz5no2EqrJA%3D%3D&amp;version=1.0&amp;app_id=9021000165677275&amp;sign_type=RSA2&amp;timestamp=2026-07-28+16%3A08%3A57&amp;alipay_sdk=alipay-sdk-java-4.38.157.ALL&amp;format=json</td>
</tr>
<tr>
<td>Server:</td>
<td>openapi-57.rz21a.sandbox.alipay.net</td>
</tr>
<tr>
<td>Date:</td>
<td>2026/07/28 16:09:02</td>
</tr>
</table>
<hr/>Powered by Tengine
</body>
</html>

	at com.alipay.api.internal.util.WebUtils.getResponseAsString(WebUtils.java:520)
	at com.alipay.api.internal.util.WebUtils.doPost(WebUtils.java:181)
	at com.alipay.api.internal.util.WebUtils.doPost(WebUtils.java:142)
	at com.alipay.api.AbstractAlipayClient.doPost(AbstractAlipayClient.java:1003)
	... 18 common frames omitted
26-07-28.16:09:08.203 [scheduling-1    ] ERROR err                    - 2026-07-28 16:09:08^_^alipay.trade.query^_^null^_^192.168.73.1^_^Windows 11^_^alipay-sdk-java-4.38.157.ALL^_^https://openapi-sandbox.dl.alipaydev.com/gateway.do?charset=utf-8&method=alipay.trade.query&sign=bHp8EAm5czaCVZurSXR%2FImNfe2zZg67RB1gQ5iwwPXIllKJwaNzqmpsLQ5mWY9ZMdi5Co%2Fv9InORB%2BHxGB%2BQnybx6CwcJnM%2Bmmztz4LkuWjg%2F1tmUAWAxnYEZHCRNX%2BN%2BLs%2FlnMv30dKNqwJnota%2FerOpLmpG5mH%2Fulmk8iuvjw8XR2SwWurNvoNWz3E%2BoVjxqpgRXHxCpKvsv0%2FleeUKWnmO%2FvkjYAbHbDeeK5piG1HIs6HpvEvhma3KR%2FWiH3cqyuXXsYar4jMaPH%2FbqtZVFNBn1X5fskKIN%2F9kpcmrYtgXrEmepj4zbRkv6aNxS0osS2UP8ItirxhyI84bT%2BXmw%3D%3D&version=1.0&app_id=9021000165677275&sign_type=RSA2&timestamp=2026-07-28+16%3A09%3A03&alipay_sdk=alipay-sdk-java-4.38.157.ALL&format=json^_^^_^<!DOCTYPE HTML PUBLIC "-//IETF//DTD HTML 2.0//EN"> <html> <head><title>504 Gateway Time-out</title></head> <body bgcolor="white"> <h1>504 Gateway Time-out</h1> <p>The gateway did not receive a timely response from the upstream server or application. Sorry for the inconvenience.<br/> Please report this message and include the following information to us.<br/> Thank you very much!</p> <table> <tr> <td>URL:</td> <td>http://openapi-sandbox.dl.alipaydev.com/gateway.do?charset=utf-8&amp;method=alipay.trade.query&amp;sign=bHp8EAm5czaCVZurSXR%2FImNfe2zZg67RB1gQ5iwwPXIllKJwaNzqmpsLQ5mWY9ZMdi5Co%2Fv9InORB%2BHxGB%2BQnybx6CwcJnM%2Bmmztz4LkuWjg%2F1tmUAWAxnYEZHCRNX%2BN%2BLs%2FlnMv30dKNqwJnota%2FerOpLmpG5mH%2Fulmk8iuvjw8XR2SwWurNvoNWz3E%2BoVjxqpgRXHxCpKvsv0%2FleeUKWnmO%2FvkjYAbHbDeeK5piG1HIs6HpvEvhma3KR%2FWiH3cqyuXXsYar4jMaPH%2FbqtZVFNBn1X5fskKIN%2F9kpcmrYtgXrEmepj4zbRkv6aNxS0osS2UP8ItirxhyI84bT%2BXmw%3D%3D&amp;version=1.0&amp;app_id=9021000165677275&amp;sign_type=RSA2&amp;timestamp=2026-07-28+16%3A09%3A03&amp;alipay_sdk=alipay-sdk-java-4.38.157.ALL&amp;format=json</td> </tr> <tr> <td>Server:</td> <td>openapi-55.rz21a.sandbox.alipay.net</td> </tr> <tr> <td>Date:</td> <td>2026/07/28 16:09:08</td> </tr> </table> <hr/>Powered by Tengine </body> </html> 
26-07-28.16:09:08.203 [scheduling-1    ] ERROR NoPayNotifyOrderJob    - 检测未接收到或未正确处理的支付回调通知失败
com.alipay.api.AlipayApiException: java.io.IOException: <!DOCTYPE HTML PUBLIC "-//IETF//DTD HTML 2.0//EN">
<html>
<head><title>504 Gateway Time-out</title></head>
<body bgcolor="white">
<h1>504 Gateway Time-out</h1>
<p>The gateway did not receive a timely response from the upstream server or application. Sorry for the inconvenience.<br/>
Please report this message and include the following information to us.<br/>
Thank you very much!</p>
<table>
<tr>
<td>URL:</td>
<td>http://openapi-sandbox.dl.alipaydev.com/gateway.do?charset=utf-8&amp;method=alipay.trade.query&amp;sign=bHp8EAm5czaCVZurSXR%2FImNfe2zZg67RB1gQ5iwwPXIllKJwaNzqmpsLQ5mWY9ZMdi5Co%2Fv9InORB%2BHxGB%2BQnybx6CwcJnM%2Bmmztz4LkuWjg%2F1tmUAWAxnYEZHCRNX%2BN%2BLs%2FlnMv30dKNqwJnota%2FerOpLmpG5mH%2Fulmk8iuvjw8XR2SwWurNvoNWz3E%2BoVjxqpgRXHxCpKvsv0%2FleeUKWnmO%2FvkjYAbHbDeeK5piG1HIs6HpvEvhma3KR%2FWiH3cqyuXXsYar4jMaPH%2FbqtZVFNBn1X5fskKIN%2F9kpcmrYtgXrEmepj4zbRkv6aNxS0osS2UP8ItirxhyI84bT%2BXmw%3D%3D&amp;version=1.0&amp;app_id=9021000165677275&amp;sign_type=RSA2&amp;timestamp=2026-07-28+16%3A09%3A03&amp;alipay_sdk=alipay-sdk-java-4.38.157.ALL&amp;format=json</td>
</tr>
<tr>
<td>Server:</td>
<td>openapi-55.rz21a.sandbox.alipay.net</td>
</tr>
<tr>
<td>Date:</td>
<td>2026/07/28 16:09:08</td>
</tr>
</table>
<hr/>Powered by Tengine
</body>
</html>

	at com.alipay.api.AbstractAlipayClient.doPost(AbstractAlipayClient.java:1015)
	at com.alipay.api.AbstractAlipayClient._execute(AbstractAlipayClient.java:921)
	at com.alipay.api.AbstractAlipayClient.execute(AbstractAlipayClient.java:395)
	at com.alipay.api.AbstractAlipayClient.execute(AbstractAlipayClient.java:377)
	at com.alipay.api.AbstractAlipayClient.execute(AbstractAlipayClient.java:372)
	at com.alipay.api.AbstractAlipayClient.execute(AbstractAlipayClient.java:366)
	at cn.bugstack.trigger.job.NoPayNotifyOrderJob.exec(NoPayNotifyOrderJob.java:42)
	at jdk.internal.reflect.GeneratedMethodAccessor22.invoke(Unknown Source)
	at java.base/jdk.internal.reflect.DelegatingMethodAccessorImpl.invoke(DelegatingMethodAccessorImpl.java:43)
	at java.base/java.lang.reflect.Method.invoke(Method.java:566)
	at org.springframework.scheduling.support.ScheduledMethodRunnable.run(ScheduledMethodRunnable.java:84)
	at org.springframework.scheduling.support.DelegatingErrorHandlingRunnable.run(DelegatingErrorHandlingRunnable.java:54)
	at org.springframework.scheduling.concurrent.ReschedulingRunnable.run(ReschedulingRunnable.java:95)
	at java.base/java.util.concurrent.Executors$RunnableAdapter.call(Executors.java:515)
	at java.base/java.util.concurrent.FutureTask.run(FutureTask.java:264)
	at java.base/java.util.concurrent.ScheduledThreadPoolExecutor$ScheduledFutureTask.run(ScheduledThreadPoolExecutor.java:304)
	at java.base/java.util.concurrent.ThreadPoolExecutor.runWorker(ThreadPoolExecutor.java:1128)
	at java.base/java.util.concurrent.ThreadPoolExecutor$Worker.run(ThreadPoolExecutor.java:628)
	at java.base/java.lang.Thread.run(Thread.java:829)
Caused by: java.io.IOException: <!DOCTYPE HTML PUBLIC "-//IETF//DTD HTML 2.0//EN">
<html>
<head><title>504 Gateway Time-out</title></head>
<body bgcolor="white">
<h1>504 Gateway Time-out</h1>
<p>The gateway did not receive a timely response from the upstream server or application. Sorry for the inconvenience.<br/>
Please report this message and include the following information to us.<br/>
Thank you very much!</p>
<table>
<tr>
<td>URL:</td>
<td>http://openapi-sandbox.dl.alipaydev.com/gateway.do?charset=utf-8&amp;method=alipay.trade.query&amp;sign=bHp8EAm5czaCVZurSXR%2FImNfe2zZg67RB1gQ5iwwPXIllKJwaNzqmpsLQ5mWY9ZMdi5Co%2Fv9InORB%2BHxGB%2BQnybx6CwcJnM%2Bmmztz4LkuWjg%2F1tmUAWAxnYEZHCRNX%2BN%2BLs%2FlnMv30dKNqwJnota%2FerOpLmpG5mH%2Fulmk8iuvjw8XR2SwWurNvoNWz3E%2BoVjxqpgRXHxCpKvsv0%2FleeUKWnmO%2FvkjYAbHbDeeK5piG1HIs6HpvEvhma3KR%2FWiH3cqyuXXsYar4jMaPH%2FbqtZVFNBn1X5fskKIN%2F9kpcmrYtgXrEmepj4zbRkv6aNxS0osS2UP8ItirxhyI84bT%2BXmw%3D%3D&amp;version=1.0&amp;app_id=9021000165677275&amp;sign_type=RSA2&amp;timestamp=2026-07-28+16%3A09%3A03&amp;alipay_sdk=alipay-sdk-java-4.38.157.ALL&amp;format=json</td>
</tr>
<tr>
<td>Server:</td>
<td>openapi-55.rz21a.sandbox.alipay.net</td>
</tr>
<tr>
<td>Date:</td>
<td>2026/07/28 16:09:08</td>
</tr>
</table>
<hr/>Powered by Tengine
</body>
</html>

	at com.alipay.api.internal.util.WebUtils.getResponseAsString(WebUtils.java:520)
	at com.alipay.api.internal.util.WebUtils.doPost(WebUtils.java:181)
	at com.alipay.api.internal.util.WebUtils.doPost(WebUtils.java:142)
	at com.alipay.api.AbstractAlipayClient.doPost(AbstractAlipayClient.java:1003)
	... 18 common frames omitted
26-07-28.16:09:17.515 [scheduling-1    ] ERROR err                    - ErrorScene^_^40004^_^ACQ.TRADE_NOT_EXIST^_^192.168.73.1^_^Windows 11^_^2026-07-28 16:09:17^_^ProtocalMustParams:charset=utf-8&method=alipay.trade.query&sign=AKvJ21L0LCrh6NKnSZGAFiFUilIpzTjheRFNzZHvzuLYBQErVazAaJ9ClEovO92ko01mgifAIHRVdDlzGfv37Ov4W+JspnckhA31QenAx7xxTLftSMyxV6l1d0aisESCMeRBnVgAKTX28+Eu2f5p1noGuDncFtkBvozlwMmI5mdYUyPP5a0+vbSr2TMsOlSnf/89ie3zTE6PF+4FI7coZx033nU991i2NpvEtAaxCjxLz+ugGwIf/bhE5Doa57Y7X6ObQ/RehkvwYTS9IiokuOacHOJIsFabLhPnarwn/jGTbkSar/svLTWuSstFcHol2gOym0g0nPkztL1yDx6hUg==&version=1.0&app_id=9021000165677275&sign_type=RSA2&timestamp=2026-07-28 16:09:09^_^ProtocalOptParams:alipay_sdk=alipay-sdk-java-4.38.157.ALL&format=json^_^ApplicationParams:traceId=06002c4e178522615796755191578980&biz_content={"out_trade_no":"59214591885269"}^_^Body:{"alipay_trade_query_response":{"msg":"Business Failed","code":"40004","out_trade_no":"59214591885269","sub_msg":"交易不存在","sub_code":"ACQ.TRADE_NOT_EXIST","receipt_amount":"0.00","point_amount":"0.00","buyer_pay_amount":"0.00","invoice_amount":"0.00"},"sign":"IlGZ9x5UhNF2eAqdNMzeNXtVmLVeP4WAHqOs3UIoTeNqOZPSKddjkKWyTMN0yOnmdmvXLs65xA8iLe3vMAOcTv3IRc5Ly+sfXiILXIoyDMo48N1nGL00QjpY712N35H3czuLP1upFRYorbFoh87mPrUkchUunF+PEBdfORFul87T4s2hkFE5Fl1M1wxQAAUDsoOdZiXF4N0VIlZn8XpWkwGhUJTSzC4T5bTxJpGdI0AVbbLy9QZu0eXIaXEtwYSVDV1oFLVBE/DEmKpridtTn9/6ZOtOpBhjgylpbP+J+f2SCp37feezNW+mRc7kxKeaJfjjdbn7pTI1TeynheyWLQ=="}^_^8ms,8492ms,8ms^_^trace_id:06002c4e178522615796755191578980
26-07-28.16:09:17.515 [scheduling-1    ] INFO  NoPayNotifyOrderJob    - 检测未接收到或未正确处理的支付回调通知，订单未支付成功 orderId:59214591885269 code:40004 tradeStatus:null
26-07-28.16:09:17.736 [scheduling-1    ] ERROR err                    - ErrorScene^_^40004^_^ACQ.TRADE_NOT_EXIST^_^192.168.73.1^_^Windows 11^_^2026-07-28 16:09:17^_^ProtocalMustParams:charset=utf-8&method=alipay.trade.query&sign=DTHpwnmvFHlm+8sf9Fhdc6i8iY2HaQLKb0PeCj7kqvSAbr473WLyJdlusgpqMTK4995+RKrA72SlNX5kBdGKOiUyqHUk2xFw8LdJy+7bOG1Qm/KkAcsbpO0YQYZygG5DqdxNqfCcQLBExFCiuRWA0eFB+36mK7yfakvooac7OE3aEsdAb972N9En8hwqDyyGthJ/pDfDk3w97HtZFRrw1ppbY2TaXvzTo8HOlkf9QSMiDqWXRb0LM6uArmn2V6wrKv1q9rOCt7K81SlmpAcGRlo+DhXrmRsENEEIqiRJIxdmAg5zXPMKDoFbsJruVdp6OImhmztk5gHaZ7W25qLH2Q==&version=1.0&app_id=9021000165677275&sign_type=RSA2&timestamp=2026-07-28 16:09:17^_^ProtocalOptParams:alipay_sdk=alipay-sdk-java-4.38.157.ALL&format=json^_^ApplicationParams:traceId=06002c4e178522615824555701578980&biz_content={"out_trade_no":"63015243383423"}^_^Body:{"alipay_trade_query_response":{"msg":"Business Failed","code":"40004","out_trade_no":"63015243383423","sub_msg":"交易不存在","sub_code":"ACQ.TRADE_NOT_EXIST","receipt_amount":"0.00","point_amount":"0.00","buyer_pay_amount":"0.00","invoice_amount":"0.00"},"sign":"j/BKxEaDkp40hVZnDvR3FjkafML/EKkrgK5tm3o7RpXke6JHNNHQj7dtxjFXrid2kn398BXbOviGV9OREaHEsGkNi7IoyBK1JYReqxxHw+KZz8rrBoqtEmOs09WNzTcKyl/5ieUTw21MI9LZ5QoNI9FiQB3n5vdZv5nJ4536haXV/1ocYO4eOii1Wdd47onG0oGH6w7WLvZT+jP9UP1EcysxWQjk4vfPC2p1W/SB9gAsXt/vZ3hDDoI08AIACsojEfWvD71/4rGQQEyT4naQANCIzeGTzHZEfSOYngieu+N8sDW52hL5yDXMIaHr563fJPxX8LcKEtAYz+SGdbzTrw=="}^_^8ms,204ms,9ms^_^trace_id:06002c4e178522615824555701578980
26-07-28.16:09:17.736 [scheduling-1    ] INFO  NoPayNotifyOrderJob    - 检测未接收到或未正确处理的支付回调通知，订单未支付成功 orderId:63015243383423 code:40004 tradeStatus:null
26-07-28.16:09:17.996 [scheduling-1    ] ERROR err                    - ErrorScene^_^40004^_^ACQ.TRADE_NOT_EXIST^_^192.168.73.1^_^Windows 11^_^2026-07-28 16:09:17^_^ProtocalMustParams:charset=utf-8&method=alipay.trade.query&sign=c+beFK9MIgsEoaVEgFVEsWww+DdHSZYOVqPvYIbTB5maoFvC6diWZ5bTWJpng43Welbto5BeZHoVUyBDforMqv574Te6pMpGnkclPEwqMs+/H7U3RiBhJO9m3H3/oY1KyScjUtOg4//meN48ImlQ1uNp7A66ftdYrPlZuEROTvMG0oJnrDLMZl1ZPMOWYoxBMSH9+BecydRs5G4AG9bcHcmF/bar9AyGnNimhPY+qmeheUfBSTpwSUJdA/9WYCgcwfvr8IPs9ItfUK0iVlmG5fIS+YnfcNrGnEOCN+wyx7J27nasOa8q2dTlm+oWJwbAqDQQLX8Y2yVfdCXkNbscJg==&version=1.0&app_id=9021000165677275&sign_type=RSA2&timestamp=2026-07-28 16:09:17^_^ProtocalOptParams:alipay_sdk=alipay-sdk-java-4.38.157.ALL&format=json^_^ApplicationParams:traceId=06002c4e178522615846555711578980&biz_content={"out_trade_no":"05687486819141"}^_^Body:{"alipay_trade_query_response":{"msg":"Business Failed","code":"40004","out_trade_no":"05687486819141","sub_msg":"交易不存在","sub_code":"ACQ.TRADE_NOT_EXIST","receipt_amount":"0.00","point_amount":"0.00","buyer_pay_amount":"0.00","invoice_amount":"0.00"},"sign":"X8+5Q6lbdoyyrQqpUwxTqfCXdBXg7ThJc2U+u8qezqbw+E5fcgtCqABatoc1r72W+dsojv3i6bkcvvMz3DRr5ahBjxU4gwSWCgz4TBIO+/iTBt57VZmROgv9LqvWSmIQTYHEWA0iBdvVQ8wabF8mzeGODzJcDm0eGuZrLQUuAfb7EsMddzf5Fpsu5TpWoCkIHAS+8CRG2vFJn8fHca0ezh5NORm72mkk1XJRvcuT3PelFHmTo+8KP5OR7ez/2fuIcdGiAD+b2i3e+sfFqMTeUrSfNpunUyXCuTC+ottvD15QxCFhRNfVkTvbOhatQUPyKDv4sjFTxoXvcC8oVH1r9Q=="}^_^7ms,245ms,8ms^_^trace_id:06002c4e178522615846555711578980
26-07-28.16:09:17.996 [scheduling-1    ] INFO  NoPayNotifyOrderJob    - 检测未接收到或未正确处理的支付回调通知，订单未支付成功 orderId:05687486819141 code:40004 tradeStatus:null
26-07-28.16:09:18.248 [scheduling-1    ] ERROR err                    - ErrorScene^_^40004^_^ACQ.TRADE_NOT_EXIST^_^192.168.73.1^_^Windows 11^_^2026-07-28 16:09:18^_^ProtocalMustParams:charset=utf-8&method=alipay.trade.query&sign=UstBbjCKH8cx9hnMIyH8gb0xSEhNm3w79xz5VF9Vtc37fgupH6MXJVVhbs8OGKJwFZjqpcw9MYxS2K6TmeqsXh6LNvD0zG5HDVjbtBZxaUdEBaIudOluOO8bgrKDSE8Jt3Ho/7hZ9fE38wWS9yQQEEr8ypOCt84QUSY6KnIhcpXXjYgErTH6D5GbmXb4FereUT9M43ThOUd+ZBdbpp2WQxjpLQ+AD+H+T8guDA4mGFB08GK9msCjoOgY/2k9/EjV9SJnfSveatksLyJCFsfaUTVNkqXJGLHJr9ubbs4mm7XJc52PSi85t+/2FDgZWZk4uUFNgsU2yn8YpqcYCGY0Tw==&version=1.0&app_id=9021000165677275&sign_type=RSA2&timestamp=2026-07-28 16:09:18^_^ProtocalOptParams:alipay_sdk=alipay-sdk-java-4.38.157.ALL&format=json^_^ApplicationParams:traceId=060d6922178522615875642283502569&biz_content={"out_trade_no":"59214591885269"}^_^Body:{"alipay_trade_query_response":{"msg":"Business Failed","code":"40004","out_trade_no":"59214591885269","sub_msg":"交易不存在","sub_code":"ACQ.TRADE_NOT_EXIST","receipt_amount":"0.00","point_amount":"0.00","buyer_pay_amount":"0.00","invoice_amount":"0.00"},"sign":"IlGZ9x5UhNF2eAqdNMzeNXtVmLVeP4WAHqOs3UIoTeNqOZPSKddjkKWyTMN0yOnmdmvXLs65xA8iLe3vMAOcTv3IRc5Ly+sfXiILXIoyDMo48N1nGL00QjpY712N35H3czuLP1upFRYorbFoh87mPrUkchUunF+PEBdfORFul87T4s2hkFE5Fl1M1wxQAAUDsoOdZiXF4N0VIlZn8XpWkwGhUJTSzC4T5bTxJpGdI0AVbbLy9QZu0eXIaXEtwYSVDV1oFLVBE/DEmKpridtTn9/6ZOtOpBhjgylpbP+J+f2SCp37feezNW+mRc7kxKeaJfjjdbn7pTI1TeynheyWLQ=="}^_^7ms,217ms,9ms^_^trace_id:060d6922178522615875642283502569
26-07-28.16:09:18.248 [scheduling-1    ] INFO  NoPayNotifyOrderJob    - 检测未接收到或未正确处理的支付回调通知，订单未支付成功 orderId:59214591885269 code:40004 tradeStatus:null
26-07-28.16:09:28.315 [scheduling-1    ] ERROR err                    - ErrorScene^_^40004^_^ACQ.TRADE_NOT_EXIST^_^192.168.73.1^_^Windows 11^_^2026-07-28 16:09:28^_^ProtocalMustParams:charset=utf-8&method=alipay.trade.query&sign=S0HOIptRBa7K+V7zVGM67dBbtJ3XQAaAIgl7EfDLoQhYfgiq8XvPCdDkeVdAgXz2BJlOjmacjZZXnwygNlcOekQEFuW6br9Si9sgk2mnFqRL9eoRSjSVwF2+4t7sib9lW+LeDVkuiyD3hgu2agWGv/lY2OmdlnB4icM4cTMHNya/PL4SbmT5MSqTx1EoNZioqMR0SkSDX5ORt/6F3vKbxB9vvsZT5fmiZt15NhKttvoINTwikUset4Ey3DZC2DT09hv7aQwDjqN4oz7oI2oXHiGV4x62LbBiXt+iCGEMbpd6IQnhQ+4J3a4fmtWO2Me+u8N6WTyS3ztUZEu5xXBHVw==&version=1.0&app_id=9021000165677275&sign_type=RSA2&timestamp=2026-07-28 16:09:18^_^ProtocalOptParams:alipay_sdk=alipay-sdk-java-4.38.157.ALL&format=json^_^ApplicationParams:traceId=060d663d178522616882949348178&biz_content={"out_trade_no":"63015243383423"}^_^Body:{"alipay_trade_query_response":{"msg":"Business Failed","code":"40004","out_trade_no":"63015243383423","sub_msg":"交易不存在","sub_code":"ACQ.TRADE_NOT_EXIST","receipt_amount":"0.00","point_amount":"0.00","buyer_pay_amount":"0.00","invoice_amount":"0.00"},"sign":"j/BKxEaDkp40hVZnDvR3FjkafML/EKkrgK5tm3o7RpXke6JHNNHQj7dtxjFXrid2kn398BXbOviGV9OREaHEsGkNi7IoyBK1JYReqxxHw+KZz8rrBoqtEmOs09WNzTcKyl/5ieUTw21MI9LZ5QoNI9FiQB3n5vdZv5nJ4536haXV/1ocYO4eOii1Wdd47onG0oGH6w7WLvZT+jP9UP1EcysxWQjk4vfPC2p1W/SB9gAsXt/vZ3hDDoI08AIACsojEfWvD71/4rGQQEyT4naQANCIzeGTzHZEfSOYngieu+N8sDW52hL5yDXMIaHr563fJPxX8LcKEtAYz+SGdbzTrw=="}^_^7ms,10051ms,9ms^_^trace_id:060d663d178522616882949348178
26-07-28.16:09:28.315 [scheduling-1    ] INFO  NoPayNotifyOrderJob    - 检测未接收到或未正确处理的支付回调通知，订单未支付成功 orderId:63015243383423 code:40004 tradeStatus:null
26-07-28.16:09:28.588 [scheduling-1    ] ERROR err                    - ErrorScene^_^40004^_^ACQ.TRADE_NOT_EXIST^_^192.168.73.1^_^Windows 11^_^2026-07-28 16:09:28^_^ProtocalMustParams:charset=utf-8&method=alipay.trade.query&sign=d2999mszKDImlqzqynLyR9GY/CV+IupECclpMcyttYR62cj0Rm+QhEWnCOBhve3FCtbRxvCAZQrXhceWz4rNkuUTgcU0R/ntoIqbEE2PgLYtibRkRF6vm81NnwaRj5juz92GObwUBDlA5WFJM+VdYWj5ydC4pFuosMoThAdMRGxBy38fWU1kEh8viOW4rpuL7WQ0adMB9StJ9karq9nO6SdtCTB543gG3r9prYU6LFivY2kGd76oiCWQVEQvH4sMlXZqEjGjJrIyN1pi+T269Tv4bw4BZgVjk/pgmA/VE4lF6OL7LVKuGi+G540OD6Ei+68nIowI0Zof25NXvv0JeA==&version=1.0&app_id=9021000165677275&sign_type=RSA2&timestamp=2026-07-28 16:09:28^_^ProtocalOptParams:alipay_sdk=alipay-sdk-java-4.38.157.ALL&format=json^_^ApplicationParams:traceId=060d663d178522616907349848178&biz_content={"out_trade_no":"05687486819141"}^_^Body:{"alipay_trade_query_response":{"msg":"Business Failed","code":"40004","out_trade_no":"05687486819141","sub_msg":"交易不存在","sub_code":"ACQ.TRADE_NOT_EXIST","receipt_amount":"0.00","point_amount":"0.00","buyer_pay_amount":"0.00","invoice_amount":"0.00"},"sign":"X8+5Q6lbdoyyrQqpUwxTqfCXdBXg7ThJc2U+u8qezqbw+E5fcgtCqABatoc1r72W+dsojv3i6bkcvvMz3DRr5ahBjxU4gwSWCgz4TBIO+/iTBt57VZmROgv9LqvWSmIQTYHEWA0iBdvVQ8wabF8mzeGODzJcDm0eGuZrLQUuAfb7EsMddzf5Fpsu5TpWoCkIHAS+8CRG2vFJn8fHca0ezh5NORm72mkk1XJRvcuT3PelFHmTo+8KP5OR7ez/2fuIcdGiAD+b2i3e+sfFqMTeUrSfNpunUyXCuTC+ottvD15QxCFhRNfVkTvbOhatQUPyKDv4sjFTxoXvcC8oVH1r9Q=="}^_^8ms,257ms,8ms^_^trace_id:060d663d178522616907349848178
26-07-28.16:09:28.588 [scheduling-1    ] INFO  NoPayNotifyOrderJob    - 检测未接收到或未正确处理的支付回调通知，订单未支付成功 orderId:05687486819141 code:40004 tradeStatus:null
26-07-28.16:09:30.228 [scheduling-1    ] ERROR err                    - ErrorScene^_^40004^_^ACQ.TRADE_NOT_EXIST^_^192.168.73.1^_^Windows 11^_^2026-07-28 16:09:30^_^ProtocalMustParams:charset=utf-8&method=alipay.trade.query&sign=kiE1zJfN703jEq8j0kG5zpcDX7ulu+pt3PXUNXYNLB0PddeEz3v8h/jLnmeDRgJj4mdwNi2Ax2VjCulzpf+DBWwMBXU96EpBZuqS1p2pSWKoyMtV37kSaGI3rE/YMWWYtEcXxdeYLKC1mGow9Jd3h0K+fZnYqEYkzx/fJtKX9edGsrdDhg4wkZ4xH+4Vm4YTFkMhWYycIyyqKwEXU5B5IrLFETaHC42HQD1/x4jIXc2EqI1GqF7LTFhpWgoqEfFGYAAtthOCxFeNRifQ2mclMfIwRitrcoJEA66RxDSnv4mwdcKTejSBcDmW5kffxCUhDBlnqzZitMHrApjYexLvKg==&version=1.0&app_id=9021000165677275&sign_type=RSA2&timestamp=2026-07-28 16:09:30^_^ProtocalOptParams:alipay_sdk=alipay-sdk-java-4.38.157.ALL&format=json^_^ApplicationParams:traceId=060d6922178522617074842783502569&biz_content={"out_trade_no":"59214591885269"}^_^Body:{"alipay_trade_query_response":{"msg":"Business Failed","code":"40004","out_trade_no":"59214591885269","sub_msg":"交易不存在","sub_code":"ACQ.TRADE_NOT_EXIST","receipt_amount":"0.00","point_amount":"0.00","buyer_pay_amount":"0.00","invoice_amount":"0.00"},"sign":"IlGZ9x5UhNF2eAqdNMzeNXtVmLVeP4WAHqOs3UIoTeNqOZPSKddjkKWyTMN0yOnmdmvXLs65xA8iLe3vMAOcTv3IRc5Ly+sfXiILXIoyDMo48N1nGL00QjpY712N35H3czuLP1upFRYorbFoh87mPrUkchUunF+PEBdfORFul87T4s2hkFE5Fl1M1wxQAAUDsoOdZiXF4N0VIlZn8XpWkwGhUJTSzC4T5bTxJpGdI0AVbbLy9QZu0eXIaXEtwYSVDV1oFLVBE/DEmKpridtTn9/6ZOtOpBhjgylpbP+J+f2SCp37feezNW+mRc7kxKeaJfjjdbn7pTI1TeynheyWLQ=="}^_^7ms,198ms,8ms^_^trace_id:060d6922178522617074842783502569
26-07-28.16:09:30.228 [scheduling-1    ] INFO  NoPayNotifyOrderJob    - 检测未接收到或未正确处理的支付回调通知，订单未支付成功 orderId:59214591885269 code:40004 tradeStatus:null
26-07-28.16:09:35.337 [scheduling-1    ] ERROR err                    - 2026-07-28 16:09:35^_^alipay.trade.query^_^null^_^192.168.73.1^_^Windows 11^_^alipay-sdk-java-4.38.157.ALL^_^https://openapi-sandbox.dl.alipaydev.com/gateway.do?charset=utf-8&method=alipay.trade.query&sign=PaGt9qU89EsVqxzW%2FLC4kMAxJ42z%2BVRPz6ylGGIme730IiDjIi%2BGO8naBgzBKQpteV8DbzpT1GPupAFeABsNWI7PnHkxl7V%2FRMxxqAYO9DmiAuu%2FqE%2BZZf%2BOxFM%2FYGoo1AexsPJODwiTb2SXo5Sxiy8FYW43VpxqMBIYcrfzXTeOpMMECa%2FS8gKrqDk7A9HlOJx%2BrdSAUvz62fA1FVbDfA%2BbrI4XvGB4eSrjQ%2F%2Br3hhk6D8MLpboLjUr7i9kfMyMY%2B1xXSG5NFI0I5jktoXnN1vPtadYcxwJSi5uY15mA1moBX6vkDGDwiLaBSUil7Qa4PKyClJLZKMVgwrLzLfN4w%3D%3D&version=1.0&app_id=9021000165677275&sign_type=RSA2&timestamp=2026-07-28+16%3A09%3A30&alipay_sdk=alipay-sdk-java-4.38.157.ALL&format=json^_^^_^<!DOCTYPE HTML PUBLIC "-//IETF//DTD HTML 2.0//EN"> <html> <head><title>504 Gateway Time-out</title></head> <body bgcolor="white"> <h1>504 Gateway Time-out</h1> <p>The gateway did not receive a timely response from the upstream server or application. Sorry for the inconvenience.<br/> Please report this message and include the following information to us.<br/> Thank you very much!</p> <table> <tr> <td>URL:</td> <td>http://openapi-sandbox.dl.alipaydev.com/gateway.do?charset=utf-8&amp;method=alipay.trade.query&amp;sign=PaGt9qU89EsVqxzW%2FLC4kMAxJ42z%2BVRPz6ylGGIme730IiDjIi%2BGO8naBgzBKQpteV8DbzpT1GPupAFeABsNWI7PnHkxl7V%2FRMxxqAYO9DmiAuu%2FqE%2BZZf%2BOxFM%2FYGoo1AexsPJODwiTb2SXo5Sxiy8FYW43VpxqMBIYcrfzXTeOpMMECa%2FS8gKrqDk7A9HlOJx%2BrdSAUvz62fA1FVbDfA%2BbrI4XvGB4eSrjQ%2F%2Br3hhk6D8MLpboLjUr7i9kfMyMY%2B1xXSG5NFI0I5jktoXnN1vPtadYcxwJSi5uY15mA1moBX6vkDGDwiLaBSUil7Qa4PKyClJLZKMVgwrLzLfN4w%3D%3D&amp;version=1.0&amp;app_id=9021000165677275&amp;sign_type=RSA2&amp;timestamp=2026-07-28+16%3A09%3A30&amp;alipay_sdk=alipay-sdk-java-4.38.157.ALL&amp;format=json</td> </tr> <tr> <td>Server:</td> <td>openapi-55.rz21a.sandbox.alipay.net</td> </tr> <tr> <td>Date:</td> <td>2026/07/28 16:09:35</td> </tr> </table> <hr/>Powered by Tengine </body> </html> 
26-07-28.16:09:35.337 [scheduling-1    ] ERROR NoPayNotifyOrderJob    - 检测未接收到或未正确处理的支付回调通知失败
com.alipay.api.AlipayApiException: java.io.IOException: <!DOCTYPE HTML PUBLIC "-//IETF//DTD HTML 2.0//EN">
<html>
<head><title>504 Gateway Time-out</title></head>
<body bgcolor="white">
<h1>504 Gateway Time-out</h1>
<p>The gateway did not receive a timely response from the upstream server or application. Sorry for the inconvenience.<br/>
Please report this message and include the following information to us.<br/>
Thank you very much!</p>
<table>
<tr>
<td>URL:</td>
<td>http://openapi-sandbox.dl.alipaydev.com/gateway.do?charset=utf-8&amp;method=alipay.trade.query&amp;sign=PaGt9qU89EsVqxzW%2FLC4kMAxJ42z%2BVRPz6ylGGIme730IiDjIi%2BGO8naBgzBKQpteV8DbzpT1GPupAFeABsNWI7PnHkxl7V%2FRMxxqAYO9DmiAuu%2FqE%2BZZf%2BOxFM%2FYGoo1AexsPJODwiTb2SXo5Sxiy8FYW43VpxqMBIYcrfzXTeOpMMECa%2FS8gKrqDk7A9HlOJx%2BrdSAUvz62fA1FVbDfA%2BbrI4XvGB4eSrjQ%2F%2Br3hhk6D8MLpboLjUr7i9kfMyMY%2B1xXSG5NFI0I5jktoXnN1vPtadYcxwJSi5uY15mA1moBX6vkDGDwiLaBSUil7Qa4PKyClJLZKMVgwrLzLfN4w%3D%3D&amp;version=1.0&amp;app_id=9021000165677275&amp;sign_type=RSA2&amp;timestamp=2026-07-28+16%3A09%3A30&amp;alipay_sdk=alipay-sdk-java-4.38.157.ALL&amp;format=json</td>
</tr>
<tr>
<td>Server:</td>
<td>openapi-55.rz21a.sandbox.alipay.net</td>
</tr>
<tr>
<td>Date:</td>
<td>2026/07/28 16:09:35</td>
</tr>
</table>
<hr/>Powered by Tengine
</body>
</html>

	at com.alipay.api.AbstractAlipayClient.doPost(AbstractAlipayClient.java:1015)
	at com.alipay.api.AbstractAlipayClient._execute(AbstractAlipayClient.java:921)
	at com.alipay.api.AbstractAlipayClient.execute(AbstractAlipayClient.java:395)
	at com.alipay.api.AbstractAlipayClient.execute(AbstractAlipayClient.java:377)
	at com.alipay.api.AbstractAlipayClient.execute(AbstractAlipayClient.java:372)
	at com.alipay.api.AbstractAlipayClient.execute(AbstractAlipayClient.java:366)
	at cn.bugstack.trigger.job.NoPayNotifyOrderJob.exec(NoPayNotifyOrderJob.java:42)
	at jdk.internal.reflect.GeneratedMethodAccessor22.invoke(Unknown Source)
	at java.base/jdk.internal.reflect.DelegatingMethodAccessorImpl.invoke(DelegatingMethodAccessorImpl.java:43)
	at java.base/java.lang.reflect.Method.invoke(Method.java:566)
	at org.springframework.scheduling.support.ScheduledMethodRunnable.run(ScheduledMethodRunnable.java:84)
	at org.springframework.scheduling.support.DelegatingErrorHandlingRunnable.run(DelegatingErrorHandlingRunnable.java:54)
	at org.springframework.scheduling.concurrent.ReschedulingRunnable.run(ReschedulingRunnable.java:95)
	at java.base/java.util.concurrent.Executors$RunnableAdapter.call(Executors.java:515)
	at java.base/java.util.concurrent.FutureTask.run(FutureTask.java:264)
	at java.base/java.util.concurrent.ScheduledThreadPoolExecutor$ScheduledFutureTask.run(ScheduledThreadPoolExecutor.java:304)
	at java.base/java.util.concurrent.ThreadPoolExecutor.runWorker(ThreadPoolExecutor.java:1128)
	at java.base/java.util.concurrent.ThreadPoolExecutor$Worker.run(ThreadPoolExecutor.java:628)
	at java.base/java.lang.Thread.run(Thread.java:829)
Caused by: java.io.IOException: <!DOCTYPE HTML PUBLIC "-//IETF//DTD HTML 2.0//EN">
<html>
<head><title>504 Gateway Time-out</title></head>
<body bgcolor="white">
<h1>504 Gateway Time-out</h1>
<p>The gateway did not receive a timely response from the upstream server or application. Sorry for the inconvenience.<br/>
Please report this message and include the following information to us.<br/>
Thank you very much!</p>
<table>
<tr>
<td>URL:</td>
<td>http://openapi-sandbox.dl.alipaydev.com/gateway.do?charset=utf-8&amp;method=alipay.trade.query&amp;sign=PaGt9qU89EsVqxzW%2FLC4kMAxJ42z%2BVRPz6ylGGIme730IiDjIi%2BGO8naBgzBKQpteV8DbzpT1GPupAFeABsNWI7PnHkxl7V%2FRMxxqAYO9DmiAuu%2FqE%2BZZf%2BOxFM%2FYGoo1AexsPJODwiTb2SXo5Sxiy8FYW43VpxqMBIYcrfzXTeOpMMECa%2FS8gKrqDk7A9HlOJx%2BrdSAUvz62fA1FVbDfA%2BbrI4XvGB4eSrjQ%2F%2Br3hhk6D8MLpboLjUr7i9kfMyMY%2B1xXSG5NFI0I5jktoXnN1vPtadYcxwJSi5uY15mA1moBX6vkDGDwiLaBSUil7Qa4PKyClJLZKMVgwrLzLfN4w%3D%3D&amp;version=1.0&amp;app_id=9021000165677275&amp;sign_type=RSA2&amp;timestamp=2026-07-28+16%3A09%3A30&amp;alipay_sdk=alipay-sdk-java-4.38.157.ALL&amp;format=json</td>
</tr>
<tr>
<td>Server:</td>
<td>openapi-55.rz21a.sandbox.alipay.net</td>
</tr>
<tr>
<td>Date:</td>
<td>2026/07/28 16:09:35</td>
</tr>
</table>
<hr/>Powered by Tengine
</body>
</html>

	at com.alipay.api.internal.util.WebUtils.getResponseAsString(WebUtils.java:520)
	at com.alipay.api.internal.util.WebUtils.doPost(WebUtils.java:181)
	at com.alipay.api.internal.util.WebUtils.doPost(WebUtils.java:142)
	at com.alipay.api.AbstractAlipayClient.doPost(AbstractAlipayClient.java:1003)
	... 18 common frames omitted
26-07-28.16:09:41.130 [scheduling-1    ] ERROR err                    - 2026-07-28 16:09:41^_^alipay.trade.query^_^null^_^192.168.73.1^_^Windows 11^_^alipay-sdk-java-4.38.157.ALL^_^https://openapi-sandbox.dl.alipaydev.com/gateway.do?charset=utf-8&method=alipay.trade.query&sign=o1QA0Jt%2BmJqW994sIwIRSNsOfn4w9hC9p8zSrrDVZ9OZVcyub3pERX0lU8xr3MARhB1w4Uj01D9VF1xxsrvaZIe%2FE7yn1e2M87fLzlVq0EDvHcB%2BMKZnfFPZhYJCvUA0%2Boht5diwMNKyGYun4ssNvwX2tTz4c19FBVhGwkmmItqdbNX4fvM0FpVL8tghNbHp%2BQuCoDdT9gs7B9K1IloALi%2B09ULWvNI43ej30mBykcig7Z6SSuNbYXGjTOYFdfL6yCR54PxWa9mIfa%2F4bfs4aK2C%2Fsvq9pWSWf0WUMEDCfL%2FTsL6r%2BLfndJ8h%2BSxcU6g4Tlmr4CBry52HtN1n9zRgQ%3D%3D&version=1.0&app_id=9021000165677275&sign_type=RSA2&timestamp=2026-07-28+16%3A09%3A36&alipay_sdk=alipay-sdk-java-4.38.157.ALL&format=json^_^^_^<!DOCTYPE HTML PUBLIC "-//IETF//DTD HTML 2.0//EN"> <html> <head><title>504 Gateway Time-out</title></head> <body bgcolor="white"> <h1>504 Gateway Time-out</h1> <p>The gateway did not receive a timely response from the upstream server or application. Sorry for the inconvenience.<br/> Please report this message and include the following information to us.<br/> Thank you very much!</p> <table> <tr> <td>URL:</td> <td>http://openapi-sandbox.dl.alipaydev.com/gateway.do?charset=utf-8&amp;method=alipay.trade.query&amp;sign=o1QA0Jt%2BmJqW994sIwIRSNsOfn4w9hC9p8zSrrDVZ9OZVcyub3pERX0lU8xr3MARhB1w4Uj01D9VF1xxsrvaZIe%2FE7yn1e2M87fLzlVq0EDvHcB%2BMKZnfFPZhYJCvUA0%2Boht5diwMNKyGYun4ssNvwX2tTz4c19FBVhGwkmmItqdbNX4fvM0FpVL8tghNbHp%2BQuCoDdT9gs7B9K1IloALi%2B09ULWvNI43ej30mBykcig7Z6SSuNbYXGjTOYFdfL6yCR54PxWa9mIfa%2F4bfs4aK2C%2Fsvq9pWSWf0WUMEDCfL%2FTsL6r%2BLfndJ8h%2BSxcU6g4Tlmr4CBry52HtN1n9zRgQ%3D%3D&amp;version=1.0&amp;app_id=9021000165677275&amp;sign_type=RSA2&amp;timestamp=2026-07-28+16%3A09%3A36&amp;alipay_sdk=alipay-sdk-java-4.38.157.ALL&amp;format=json</td> </tr> <tr> <td>Server:</td> <td>openapi-55.rz21a.sandbox.alipay.net</td> </tr> <tr> <td>Date:</td> <td>2026/07/28 16:09:41</td> </tr> </table> <hr/>Powered by Tengine </body> </html> 
26-07-28.16:09:41.132 [scheduling-1    ] ERROR NoPayNotifyOrderJob    - 检测未接收到或未正确处理的支付回调通知失败
com.alipay.api.AlipayApiException: java.io.IOException: <!DOCTYPE HTML PUBLIC "-//IETF//DTD HTML 2.0//EN">
<html>
<head><title>504 Gateway Time-out</title></head>
<body bgcolor="white">
<h1>504 Gateway Time-out</h1>
<p>The gateway did not receive a timely response from the upstream server or application. Sorry for the inconvenience.<br/>
Please report this message and include the following information to us.<br/>
Thank you very much!</p>
<table>
<tr>
<td>URL:</td>
<td>http://openapi-sandbox.dl.alipaydev.com/gateway.do?charset=utf-8&amp;method=alipay.trade.query&amp;sign=o1QA0Jt%2BmJqW994sIwIRSNsOfn4w9hC9p8zSrrDVZ9OZVcyub3pERX0lU8xr3MARhB1w4Uj01D9VF1xxsrvaZIe%2FE7yn1e2M87fLzlVq0EDvHcB%2BMKZnfFPZhYJCvUA0%2Boht5diwMNKyGYun4ssNvwX2tTz4c19FBVhGwkmmItqdbNX4fvM0FpVL8tghNbHp%2BQuCoDdT9gs7B9K1IloALi%2B09ULWvNI43ej30mBykcig7Z6SSuNbYXGjTOYFdfL6yCR54PxWa9mIfa%2F4bfs4aK2C%2Fsvq9pWSWf0WUMEDCfL%2FTsL6r%2BLfndJ8h%2BSxcU6g4Tlmr4CBry52HtN1n9zRgQ%3D%3D&amp;version=1.0&amp;app_id=9021000165677275&amp;sign_type=RSA2&amp;timestamp=2026-07-28+16%3A09%3A36&amp;alipay_sdk=alipay-sdk-java-4.38.157.ALL&amp;format=json</td>
</tr>
<tr>
<td>Server:</td>
<td>openapi-55.rz21a.sandbox.alipay.net</td>
</tr>
<tr>
<td>Date:</td>
<td>2026/07/28 16:09:41</td>
</tr>
</table>
<hr/>Powered by Tengine
</body>
</html>

	at com.alipay.api.AbstractAlipayClient.doPost(AbstractAlipayClient.java:1015)
	at com.alipay.api.AbstractAlipayClient._execute(AbstractAlipayClient.java:921)
	at com.alipay.api.AbstractAlipayClient.execute(AbstractAlipayClient.java:395)
	at com.alipay.api.AbstractAlipayClient.execute(AbstractAlipayClient.java:377)
	at com.alipay.api.AbstractAlipayClient.execute(AbstractAlipayClient.java:372)
	at com.alipay.api.AbstractAlipayClient.execute(AbstractAlipayClient.java:366)
	at cn.bugstack.trigger.job.NoPayNotifyOrderJob.exec(NoPayNotifyOrderJob.java:42)
	at jdk.internal.reflect.GeneratedMethodAccessor22.invoke(Unknown Source)
	at java.base/jdk.internal.reflect.DelegatingMethodAccessorImpl.invoke(DelegatingMethodAccessorImpl.java:43)
	at java.base/java.lang.reflect.Method.invoke(Method.java:566)
	at org.springframework.scheduling.support.ScheduledMethodRunnable.run(ScheduledMethodRunnable.java:84)
	at org.springframework.scheduling.support.DelegatingErrorHandlingRunnable.run(DelegatingErrorHandlingRunnable.java:54)
	at org.springframework.scheduling.concurrent.ReschedulingRunnable.run(ReschedulingRunnable.java:95)
	at java.base/java.util.concurrent.Executors$RunnableAdapter.call(Executors.java:515)
	at java.base/java.util.concurrent.FutureTask.run(FutureTask.java:264)
	at java.base/java.util.concurrent.ScheduledThreadPoolExecutor$ScheduledFutureTask.run(ScheduledThreadPoolExecutor.java:304)
	at java.base/java.util.concurrent.ThreadPoolExecutor.runWorker(ThreadPoolExecutor.java:1128)
	at java.base/java.util.concurrent.ThreadPoolExecutor$Worker.run(ThreadPoolExecutor.java:628)
	at java.base/java.lang.Thread.run(Thread.java:829)
Caused by: java.io.IOException: <!DOCTYPE HTML PUBLIC "-//IETF//DTD HTML 2.0//EN">
<html>
<head><title>504 Gateway Time-out</title></head>
<body bgcolor="white">
<h1>504 Gateway Time-out</h1>
<p>The gateway did not receive a timely response from the upstream server or application. Sorry for the inconvenience.<br/>
Please report this message and include the following information to us.<br/>
Thank you very much!</p>
<table>
<tr>
<td>URL:</td>
<td>http://openapi-sandbox.dl.alipaydev.com/gateway.do?charset=utf-8&amp;method=alipay.trade.query&amp;sign=o1QA0Jt%2BmJqW994sIwIRSNsOfn4w9hC9p8zSrrDVZ9OZVcyub3pERX0lU8xr3MARhB1w4Uj01D9VF1xxsrvaZIe%2FE7yn1e2M87fLzlVq0EDvHcB%2BMKZnfFPZhYJCvUA0%2Boht5diwMNKyGYun4ssNvwX2tTz4c19FBVhGwkmmItqdbNX4fvM0FpVL8tghNbHp%2BQuCoDdT9gs7B9K1IloALi%2B09ULWvNI43ej30mBykcig7Z6SSuNbYXGjTOYFdfL6yCR54PxWa9mIfa%2F4bfs4aK2C%2Fsvq9pWSWf0WUMEDCfL%2FTsL6r%2BLfndJ8h%2BSxcU6g4Tlmr4CBry52HtN1n9zRgQ%3D%3D&amp;version=1.0&amp;app_id=9021000165677275&amp;sign_type=RSA2&amp;timestamp=2026-07-28+16%3A09%3A36&amp;alipay_sdk=alipay-sdk-java-4.38.157.ALL&amp;format=json</td>
</tr>
<tr>
<td>Server:</td>
<td>openapi-55.rz21a.sandbox.alipay.net</td>
</tr>
<tr>
<td>Date:</td>
<td>2026/07/28 16:09:41</td>
</tr>
</table>
<hr/>Powered by Tengine
</body>
</html>

	at com.alipay.api.internal.util.WebUtils.getResponseAsString(WebUtils.java:520)
	at com.alipay.api.internal.util.WebUtils.doPost(WebUtils.java:181)
	at com.alipay.api.internal.util.WebUtils.doPost(WebUtils.java:142)
	at com.alipay.api.AbstractAlipayClient.doPost(AbstractAlipayClient.java:1003)
	... 18 common frames omitted
26-07-28.16:09:42.311 [scheduling-1    ] ERROR err                    - ErrorScene^_^40004^_^ACQ.TRADE_NOT_EXIST^_^192.168.73.1^_^Windows 11^_^2026-07-28 16:09:42^_^ProtocalMustParams:charset=utf-8&method=alipay.trade.query&sign=KghEQiaHdQiRHzsQEDjLfXFU5zSRMMjN3VQTxmKppI+7b4zRpBtSiGz+PpeGL8xzgpICatxTXyxtf3bRUmiMqvS0ZaQlQxu48V2/W7pr3SFXGPvIRe7UjV0hx8B0IUT3fJOrPNwPXLa6GswcQr21zcXrCsOPX54l70yTRox2wI/klXJ/KcQCOuo7g0aSK7jO7bxd01+ojkW7Nfqw5TTPgN3Z8wKBUTu5kqKhY3EeK/eAiFQIjZnl3aiIuNitgmUEv4TchvUtek3Qmy6U7y5uDRUUzw6H45LvgzXMxf7V8hfgO7BORXteXfhzCTfs+sEo1YwGfzpGPHgPOvGVLKvfHw==&version=1.0&app_id=9021000165677275&sign_type=RSA2&timestamp=2026-07-28 16:09:42^_^ProtocalOptParams:alipay_sdk=alipay-sdk-java-4.38.157.ALL&format=json^_^ApplicationParams:traceId=060d663d178522618277650458178&biz_content={"out_trade_no":"59214591885269"}^_^Body:{"alipay_trade_query_response":{"msg":"Business Failed","code":"40004","out_trade_no":"59214591885269","sub_msg":"交易不存在","sub_code":"ACQ.TRADE_NOT_EXIST","receipt_amount":"0.00","point_amount":"0.00","buyer_pay_amount":"0.00","invoice_amount":"0.00"},"sign":"IlGZ9x5UhNF2eAqdNMzeNXtVmLVeP4WAHqOs3UIoTeNqOZPSKddjkKWyTMN0yOnmdmvXLs65xA8iLe3vMAOcTv3IRc5Ly+sfXiILXIoyDMo48N1nGL00QjpY712N35H3czuLP1upFRYorbFoh87mPrUkchUunF+PEBdfORFul87T4s2hkFE5Fl1M1wxQAAUDsoOdZiXF4N0VIlZn8XpWkwGhUJTSzC4T5bTxJpGdI0AVbbLy9QZu0eXIaXEtwYSVDV1oFLVBE/DEmKpridtTn9/6ZOtOpBhjgylpbP+J+f2SCp37feezNW+mRc7kxKeaJfjjdbn7pTI1TeynheyWLQ=="}^_^10ms,275ms,12ms^_^trace_id:060d663d178522618277650458178
26-07-28.16:09:42.311 [scheduling-1    ] INFO  NoPayNotifyOrderJob    - 检测未接收到或未正确处理的支付回调通知，订单未支付成功 orderId:59214591885269 code:40004 tradeStatus:null
26-07-28.16:09:47.448 [scheduling-1    ] ERROR err                    - 2026-07-28 16:09:47^_^alipay.trade.query^_^null^_^192.168.73.1^_^Windows 11^_^alipay-sdk-java-4.38.157.ALL^_^https://openapi-sandbox.dl.alipaydev.com/gateway.do?charset=utf-8&method=alipay.trade.query&sign=dwlUcsk%2BsCZ70RjSWMK9DJEvyF7xXasQYNdMKvw2xTxXN1qjazhsNRspYv1qe4OYKabi8CJ5KclGA%2BjoD77pcvJ1NWel%2BM6WKj%2BCR2k32CskbtAZWlBL7L6SyO9I2LVrvgRnDm9Cq0IIWtwmG8XeHCdTncED%2BOYcCcPZp7jFs09jW7D6tKuQkRdclfkNccQCqRKPKZBL9HHIB1Y2pE77eyJBU6fNznbazvdxNwWKc3iu0si30WhGsb2FYNLUBmC%2FVQCOcJsDljK1mZj%2Bzee4r7ZuUSdWC%2B1WkraUK6R65wxDTqhMEU2DSpq9mDdompMX19jPFN9v4oAVyabLkkN8dw%3D%3D&version=1.0&app_id=9021000165677275&sign_type=RSA2&timestamp=2026-07-28+16%3A09%3A42&alipay_sdk=alipay-sdk-java-4.38.157.ALL&format=json^_^^_^<!DOCTYPE HTML PUBLIC "-//IETF//DTD HTML 2.0//EN"> <html> <head><title>504 Gateway Time-out</title></head> <body bgcolor="white"> <h1>504 Gateway Time-out</h1> <p>The gateway did not receive a timely response from the upstream server or application. Sorry for the inconvenience.<br/> Please report this message and include the following information to us.<br/> Thank you very much!</p> <table> <tr> <td>URL:</td> <td>http://openapi-sandbox.dl.alipaydev.com/gateway.do?charset=utf-8&amp;method=alipay.trade.query&amp;sign=dwlUcsk%2BsCZ70RjSWMK9DJEvyF7xXasQYNdMKvw2xTxXN1qjazhsNRspYv1qe4OYKabi8CJ5KclGA%2BjoD77pcvJ1NWel%2BM6WKj%2BCR2k32CskbtAZWlBL7L6SyO9I2LVrvgRnDm9Cq0IIWtwmG8XeHCdTncED%2BOYcCcPZp7jFs09jW7D6tKuQkRdclfkNccQCqRKPKZBL9HHIB1Y2pE77eyJBU6fNznbazvdxNwWKc3iu0si30WhGsb2FYNLUBmC%2FVQCOcJsDljK1mZj%2Bzee4r7ZuUSdWC%2B1WkraUK6R65wxDTqhMEU2DSpq9mDdompMX19jPFN9v4oAVyabLkkN8dw%3D%3D&amp;version=1.0&amp;app_id=9021000165677275&amp;sign_type=RSA2&amp;timestamp=2026-07-28+16%3A09%3A42&amp;alipay_sdk=alipay-sdk-java-4.38.157.ALL&amp;format=json</td> </tr> <tr> <td>Server:</td> <td>openapi-57.rz21a.sandbox.alipay.net</td> </tr> <tr> <td>Date:</td> <td>2026/07/28 16:09:48</td> </tr> </table> <hr/>Powered by Tengine </body> </html> 
26-07-28.16:09:47.448 [scheduling-1    ] ERROR NoPayNotifyOrderJob    - 检测未接收到或未正确处理的支付回调通知失败
com.alipay.api.AlipayApiException: java.io.IOException: <!DOCTYPE HTML PUBLIC "-//IETF//DTD HTML 2.0//EN">
<html>
<head><title>504 Gateway Time-out</title></head>
<body bgcolor="white">
<h1>504 Gateway Time-out</h1>
<p>The gateway did not receive a timely response from the upstream server or application. Sorry for the inconvenience.<br/>
Please report this message and include the following information to us.<br/>
Thank you very much!</p>
<table>
<tr>
<td>URL:</td>
<td>http://openapi-sandbox.dl.alipaydev.com/gateway.do?charset=utf-8&amp;method=alipay.trade.query&amp;sign=dwlUcsk%2BsCZ70RjSWMK9DJEvyF7xXasQYNdMKvw2xTxXN1qjazhsNRspYv1qe4OYKabi8CJ5KclGA%2BjoD77pcvJ1NWel%2BM6WKj%2BCR2k32CskbtAZWlBL7L6SyO9I2LVrvgRnDm9Cq0IIWtwmG8XeHCdTncED%2BOYcCcPZp7jFs09jW7D6tKuQkRdclfkNccQCqRKPKZBL9HHIB1Y2pE77eyJBU6fNznbazvdxNwWKc3iu0si30WhGsb2FYNLUBmC%2FVQCOcJsDljK1mZj%2Bzee4r7ZuUSdWC%2B1WkraUK6R65wxDTqhMEU2DSpq9mDdompMX19jPFN9v4oAVyabLkkN8dw%3D%3D&amp;version=1.0&amp;app_id=9021000165677275&amp;sign_type=RSA2&amp;timestamp=2026-07-28+16%3A09%3A42&amp;alipay_sdk=alipay-sdk-java-4.38.157.ALL&amp;format=json</td>
</tr>
<tr>
<td>Server:</td>
<td>openapi-57.rz21a.sandbox.alipay.net</td>
</tr>
<tr>
<td>Date:</td>
<td>2026/07/28 16:09:48</td>
</tr>
</table>
<hr/>Powered by Tengine
</body>
</html>

	at com.alipay.api.AbstractAlipayClient.doPost(AbstractAlipayClient.java:1015)
	at com.alipay.api.AbstractAlipayClient._execute(AbstractAlipayClient.java:921)
	at com.alipay.api.AbstractAlipayClient.execute(AbstractAlipayClient.java:395)
	at com.alipay.api.AbstractAlipayClient.execute(AbstractAlipayClient.java:377)
	at com.alipay.api.AbstractAlipayClient.execute(AbstractAlipayClient.java:372)
	at com.alipay.api.AbstractAlipayClient.execute(AbstractAlipayClient.java:366)
	at cn.bugstack.trigger.job.NoPayNotifyOrderJob.exec(NoPayNotifyOrderJob.java:42)
	at jdk.internal.reflect.GeneratedMethodAccessor22.invoke(Unknown Source)
	at java.base/jdk.internal.reflect.DelegatingMethodAccessorImpl.invoke(DelegatingMethodAccessorImpl.java:43)
	at java.base/java.lang.reflect.Method.invoke(Method.java:566)
	at org.springframework.scheduling.support.ScheduledMethodRunnable.run(ScheduledMethodRunnable.java:84)
	at org.springframework.scheduling.support.DelegatingErrorHandlingRunnable.run(DelegatingErrorHandlingRunnable.java:54)
	at org.springframework.scheduling.concurrent.ReschedulingRunnable.run(ReschedulingRunnable.java:95)
	at java.base/java.util.concurrent.Executors$RunnableAdapter.call(Executors.java:515)
	at java.base/java.util.concurrent.FutureTask.run(FutureTask.java:264)
	at java.base/java.util.concurrent.ScheduledThreadPoolExecutor$ScheduledFutureTask.run(ScheduledThreadPoolExecutor.java:304)
	at java.base/java.util.concurrent.ThreadPoolExecutor.runWorker(ThreadPoolExecutor.java:1128)
	at java.base/java.util.concurrent.ThreadPoolExecutor$Worker.run(ThreadPoolExecutor.java:628)
	at java.base/java.lang.Thread.run(Thread.java:829)
Caused by: java.io.IOException: <!DOCTYPE HTML PUBLIC "-//IETF//DTD HTML 2.0//EN">
<html>
<head><title>504 Gateway Time-out</title></head>
<body bgcolor="white">
<h1>504 Gateway Time-out</h1>
<p>The gateway did not receive a timely response from the upstream server or application. Sorry for the inconvenience.<br/>
Please report this message and include the following information to us.<br/>
Thank you very much!</p>
<table>
<tr>
<td>URL:</td>
<td>http://openapi-sandbox.dl.alipaydev.com/gateway.do?charset=utf-8&amp;method=alipay.trade.query&amp;sign=dwlUcsk%2BsCZ70RjSWMK9DJEvyF7xXasQYNdMKvw2xTxXN1qjazhsNRspYv1qe4OYKabi8CJ5KclGA%2BjoD77pcvJ1NWel%2BM6WKj%2BCR2k32CskbtAZWlBL7L6SyO9I2LVrvgRnDm9Cq0IIWtwmG8XeHCdTncED%2BOYcCcPZp7jFs09jW7D6tKuQkRdclfkNccQCqRKPKZBL9HHIB1Y2pE77eyJBU6fNznbazvdxNwWKc3iu0si30WhGsb2FYNLUBmC%2FVQCOcJsDljK1mZj%2Bzee4r7ZuUSdWC%2B1WkraUK6R65wxDTqhMEU2DSpq9mDdompMX19jPFN9v4oAVyabLkkN8dw%3D%3D&amp;version=1.0&amp;app_id=9021000165677275&amp;sign_type=RSA2&amp;timestamp=2026-07-28+16%3A09%3A42&amp;alipay_sdk=alipay-sdk-java-4.38.157.ALL&amp;format=json</td>
</tr>
<tr>
<td>Server:</td>
<td>openapi-57.rz21a.sandbox.alipay.net</td>
</tr>
<tr>
<td>Date:</td>
<td>2026/07/28 16:09:48</td>
</tr>
</table>
<hr/>Powered by Tengine
</body>
</html>

	at com.alipay.api.internal.util.WebUtils.getResponseAsString(WebUtils.java:520)
	at com.alipay.api.internal.util.WebUtils.doPost(WebUtils.java:181)
	at com.alipay.api.internal.util.WebUtils.doPost(WebUtils.java:142)
	at com.alipay.api.AbstractAlipayClient.doPost(AbstractAlipayClient.java:1003)
	... 18 common frames omitted
26-07-28.16:09:48.207 [scheduling-1    ] ERROR err                    - ErrorScene^_^40004^_^ACQ.TRADE_NOT_EXIST^_^192.168.73.1^_^Windows 11^_^2026-07-28 16:09:48^_^ProtocalMustParams:charset=utf-8&method=alipay.trade.query&sign=osgcxv376bguoNEFnUPDRMyKsyccWSLgYAmMPoN4dzw8j09MUkK+NKEvphVr9aIBzsNh+s68bjstAGKo6wBnCnuFkX+zJpnb7DzfgCuLuyJD8NeKDKShZKnfxbpJ5oPmZXG7DQqWcMqoJ+RCmzE1sU3YMYelFNucjtlrXqtJ903D8s8dHMcY7FS2z83lb4LpQ8gUjL54huux1QAXYAFYmwA82AgDpvI4EUneWaHERVM76V2/UuBDC0SSM2iWW7ZE8JNW0LHDi5iKP9fjFi7Ew9yH8erjI/z4rRhtLrG+b/yDHtptZrcoIr5SqvUNyhfg9v/KbnugltPA8ltplXq5jQ==&version=1.0&app_id=9021000165677275&sign_type=RSA2&timestamp=2026-07-28 16:09:48^_^ProtocalOptParams:alipay_sdk=alipay-sdk-java-4.38.157.ALL&format=json^_^ApplicationParams:traceId=060d6922178522618873743693502569&biz_content={"out_trade_no":"59214591885269"}^_^Body:{"alipay_trade_query_response":{"msg":"Business Failed","code":"40004","out_trade_no":"59214591885269","sub_msg":"交易不存在","sub_code":"ACQ.TRADE_NOT_EXIST","receipt_amount":"0.00","point_amount":"0.00","buyer_pay_amount":"0.00","invoice_amount":"0.00"},"sign":"IlGZ9x5UhNF2eAqdNMzeNXtVmLVeP4WAHqOs3UIoTeNqOZPSKddjkKWyTMN0yOnmdmvXLs65xA8iLe3vMAOcTv3IRc5Ly+sfXiILXIoyDMo48N1nGL00QjpY712N35H3czuLP1upFRYorbFoh87mPrUkchUunF+PEBdfORFul87T4s2hkFE5Fl1M1wxQAAUDsoOdZiXF4N0VIlZn8XpWkwGhUJTSzC4T5bTxJpGdI0AVbbLy9QZu0eXIaXEtwYSVDV1oFLVBE/DEmKpridtTn9/6ZOtOpBhjgylpbP+J+f2SCp37feezNW+mRc7kxKeaJfjjdbn7pTI1TeynheyWLQ=="}^_^8ms,185ms,8ms^_^trace_id:060d6922178522618873743693502569
26-07-28.16:09:48.207 [scheduling-1    ] INFO  NoPayNotifyOrderJob    - 检测未接收到或未正确处理的支付回调通知，订单未支付成功 orderId:59214591885269 code:40004 tradeStatus:null
26-07-28.16:09:53.322 [scheduling-1    ] ERROR err                    - 2026-07-28 16:09:53^_^alipay.trade.query^_^null^_^192.168.73.1^_^Windows 11^_^alipay-sdk-java-4.38.157.ALL^_^https://openapi-sandbox.dl.alipaydev.com/gateway.do?charset=utf-8&method=alipay.trade.query&sign=iYLEUczWgO7JI3zAXaizCKN3eFVjUHYujQtG9eIZvWKyeYwC%2Fsxb6%2Bk3pWc8EB93TJQ4gASf3LSRfji7V%2BrDj1FerpPGigMxPq8m%2FxdmiDYzfBYxFNFTwKNn9t51u6RzupjOymCudoINqYLFf%2Fwmwqth5TGr8URRQs7BV2vxg8LKayIhySC9Xtd1T7pC4eWR7qDcIKU1OCzPO9DAEWudp6ha60wbao8NF0fesQJeNluKFePKyjK1PQHw0ucr0onelJjoO5zTJtNzZRg2O%2FZ%2FKZWIH3zRaC4LfuCRKFuHozg4aaHn4DqzK1KnuV6CWH6F9x0oDh3F6v1SO0lK6%2FdtpA%3D%3D&version=1.0&app_id=9021000165677275&sign_type=RSA2&timestamp=2026-07-28+16%3A09%3A48&alipay_sdk=alipay-sdk-java-4.38.157.ALL&format=json^_^^_^<!DOCTYPE HTML PUBLIC "-//IETF//DTD HTML 2.0//EN"> <html> <head><title>504 Gateway Time-out</title></head> <body bgcolor="white"> <h1>504 Gateway Time-out</h1> <p>The gateway did not receive a timely response from the upstream server or application. Sorry for the inconvenience.<br/> Please report this message and include the following information to us.<br/> Thank you very much!</p> <table> <tr> <td>URL:</td> <td>http://openapi-sandbox.dl.alipaydev.com/gateway.do?charset=utf-8&amp;method=alipay.trade.query&amp;sign=iYLEUczWgO7JI3zAXaizCKN3eFVjUHYujQtG9eIZvWKyeYwC%2Fsxb6%2Bk3pWc8EB93TJQ4gASf3LSRfji7V%2BrDj1FerpPGigMxPq8m%2FxdmiDYzfBYxFNFTwKNn9t51u6RzupjOymCudoINqYLFf%2Fwmwqth5TGr8URRQs7BV2vxg8LKayIhySC9Xtd1T7pC4eWR7qDcIKU1OCzPO9DAEWudp6ha60wbao8NF0fesQJeNluKFePKyjK1PQHw0ucr0onelJjoO5zTJtNzZRg2O%2FZ%2FKZWIH3zRaC4LfuCRKFuHozg4aaHn4DqzK1KnuV6CWH6F9x0oDh3F6v1SO0lK6%2FdtpA%3D%3D&amp;version=1.0&amp;app_id=9021000165677275&amp;sign_type=RSA2&amp;timestamp=2026-07-28+16%3A09%3A48&amp;alipay_sdk=alipay-sdk-java-4.38.157.ALL&amp;format=json</td> </tr> <tr> <td>Server:</td> <td>openapi-55.rz21a.sandbox.alipay.net</td> </tr> <tr> <td>Date:</td> <td>2026/07/28 16:09:53</td> </tr> </table> <hr/>Powered by Tengine </body> </html> 
26-07-28.16:09:53.322 [scheduling-1    ] ERROR NoPayNotifyOrderJob    - 检测未接收到或未正确处理的支付回调通知失败
com.alipay.api.AlipayApiException: java.io.IOException: <!DOCTYPE HTML PUBLIC "-//IETF//DTD HTML 2.0//EN">
<html>
<head><title>504 Gateway Time-out</title></head>
<body bgcolor="white">
<h1>504 Gateway Time-out</h1>
<p>The gateway did not receive a timely response from the upstream server or application. Sorry for the inconvenience.<br/>
Please report this message and include the following information to us.<br/>
Thank you very much!</p>
<table>
<tr>
<td>URL:</td>
<td>http://openapi-sandbox.dl.alipaydev.com/gateway.do?charset=utf-8&amp;method=alipay.trade.query&amp;sign=iYLEUczWgO7JI3zAXaizCKN3eFVjUHYujQtG9eIZvWKyeYwC%2Fsxb6%2Bk3pWc8EB93TJQ4gASf3LSRfji7V%2BrDj1FerpPGigMxPq8m%2FxdmiDYzfBYxFNFTwKNn9t51u6RzupjOymCudoINqYLFf%2Fwmwqth5TGr8URRQs7BV2vxg8LKayIhySC9Xtd1T7pC4eWR7qDcIKU1OCzPO9DAEWudp6ha60wbao8NF0fesQJeNluKFePKyjK1PQHw0ucr0onelJjoO5zTJtNzZRg2O%2FZ%2FKZWIH3zRaC4LfuCRKFuHozg4aaHn4DqzK1KnuV6CWH6F9x0oDh3F6v1SO0lK6%2FdtpA%3D%3D&amp;version=1.0&amp;app_id=9021000165677275&amp;sign_type=RSA2&amp;timestamp=2026-07-28+16%3A09%3A48&amp;alipay_sdk=alipay-sdk-java-4.38.157.ALL&amp;format=json</td>
</tr>
<tr>
<td>Server:</td>
<td>openapi-55.rz21a.sandbox.alipay.net</td>
</tr>
<tr>
<td>Date:</td>
<td>2026/07/28 16:09:53</td>
</tr>
</table>
<hr/>Powered by Tengine
</body>
</html>

	at com.alipay.api.AbstractAlipayClient.doPost(AbstractAlipayClient.java:1015)
	at com.alipay.api.AbstractAlipayClient._execute(AbstractAlipayClient.java:921)
	at com.alipay.api.AbstractAlipayClient.execute(AbstractAlipayClient.java:395)
	at com.alipay.api.AbstractAlipayClient.execute(AbstractAlipayClient.java:377)
	at com.alipay.api.AbstractAlipayClient.execute(AbstractAlipayClient.java:372)
	at com.alipay.api.AbstractAlipayClient.execute(AbstractAlipayClient.java:366)
	at cn.bugstack.trigger.job.NoPayNotifyOrderJob.exec(NoPayNotifyOrderJob.java:42)
	at jdk.internal.reflect.GeneratedMethodAccessor22.invoke(Unknown Source)
	at java.base/jdk.internal.reflect.DelegatingMethodAccessorImpl.invoke(DelegatingMethodAccessorImpl.java:43)
	at java.base/java.lang.reflect.Method.invoke(Method.java:566)
	at org.springframework.scheduling.support.ScheduledMethodRunnable.run(ScheduledMethodRunnable.java:84)
	at org.springframework.scheduling.support.DelegatingErrorHandlingRunnable.run(DelegatingErrorHandlingRunnable.java:54)
	at org.springframework.scheduling.concurrent.ReschedulingRunnable.run(ReschedulingRunnable.java:95)
	at java.base/java.util.concurrent.Executors$RunnableAdapter.call(Executors.java:515)
	at java.base/java.util.concurrent.FutureTask.run(FutureTask.java:264)
	at java.base/java.util.concurrent.ScheduledThreadPoolExecutor$ScheduledFutureTask.run(ScheduledThreadPoolExecutor.java:304)
	at java.base/java.util.concurrent.ThreadPoolExecutor.runWorker(ThreadPoolExecutor.java:1128)
	at java.base/java.util.concurrent.ThreadPoolExecutor$Worker.run(ThreadPoolExecutor.java:628)
	at java.base/java.lang.Thread.run(Thread.java:829)
Caused by: java.io.IOException: <!DOCTYPE HTML PUBLIC "-//IETF//DTD HTML 2.0//EN">
<html>
<head><title>504 Gateway Time-out</title></head>
<body bgcolor="white">
<h1>504 Gateway Time-out</h1>
<p>The gateway did not receive a timely response from the upstream server or application. Sorry for the inconvenience.<br/>
Please report this message and include the following information to us.<br/>
Thank you very much!</p>
<table>
<tr>
<td>URL:</td>
<td>http://openapi-sandbox.dl.alipaydev.com/gateway.do?charset=utf-8&amp;method=alipay.trade.query&amp;sign=iYLEUczWgO7JI3zAXaizCKN3eFVjUHYujQtG9eIZvWKyeYwC%2Fsxb6%2Bk3pWc8EB93TJQ4gASf3LSRfji7V%2BrDj1FerpPGigMxPq8m%2FxdmiDYzfBYxFNFTwKNn9t51u6RzupjOymCudoINqYLFf%2Fwmwqth5TGr8URRQs7BV2vxg8LKayIhySC9Xtd1T7pC4eWR7qDcIKU1OCzPO9DAEWudp6ha60wbao8NF0fesQJeNluKFePKyjK1PQHw0ucr0onelJjoO5zTJtNzZRg2O%2FZ%2FKZWIH3zRaC4LfuCRKFuHozg4aaHn4DqzK1KnuV6CWH6F9x0oDh3F6v1SO0lK6%2FdtpA%3D%3D&amp;version=1.0&amp;app_id=9021000165677275&amp;sign_type=RSA2&amp;timestamp=2026-07-28+16%3A09%3A48&amp;alipay_sdk=alipay-sdk-java-4.38.157.ALL&amp;format=json</td>
</tr>
<tr>
<td>Server:</td>
<td>openapi-55.rz21a.sandbox.alipay.net</td>
</tr>
<tr>
<td>Date:</td>
<td>2026/07/28 16:09:53</td>
</tr>
</table>
<hr/>Powered by Tengine
</body>
</html>

	at com.alipay.api.internal.util.WebUtils.getResponseAsString(WebUtils.java:520)
	at com.alipay.api.internal.util.WebUtils.doPost(WebUtils.java:181)
	at com.alipay.api.internal.util.WebUtils.doPost(WebUtils.java:142)
	at com.alipay.api.AbstractAlipayClient.doPost(AbstractAlipayClient.java:1003)
	... 18 common frames omitted
26-07-28.16:09:59.134 [scheduling-1    ] ERROR err                    - 2026-07-28 16:09:59^_^alipay.trade.query^_^null^_^192.168.73.1^_^Windows 11^_^alipay-sdk-java-4.38.157.ALL^_^https://openapi-sandbox.dl.alipaydev.com/gateway.do?charset=utf-8&method=alipay.trade.query&sign=bMKJnihBqr5MlI7Ea6WdQB80N5YBZc0B4jn%2F%2Bov5sHNZoT8wBZV%2Bzfn3JvoB6BZ8HB%2BOTCdAJCMiDZnxwNsD05IAdVHW1g77MRvzoaeotVy%2FpJ1awj6uLjFUq4Cy44F1XWF1deAlZfrdLqhX7W3KRLrR89GrFPIFYEwhKKjyAXMePONsC4nG57R0u8tav9Av3t%2BoASGjMiXtW8aKEdFD45vzVkW2zJdRtVvyx79nyWzua1HozIXzFuPGNxfLsbnhJWd4MO92DIuSwDIfSx%2FgwQoEYOKHsLyLbcBghu2UyMcCh8U4GG66zCwEyh8fR0QyDcxqtfonSdcotQhOrkc%2FHA%3D%3D&version=1.0&app_id=9021000165677275&sign_type=RSA2&timestamp=2026-07-28+16%3A09%3A54&alipay_sdk=alipay-sdk-java-4.38.157.ALL&format=json^_^^_^<!DOCTYPE HTML PUBLIC "-//IETF//DTD HTML 2.0//EN"> <html> <head><title>504 Gateway Time-out</title></head> <body bgcolor="white"> <h1>504 Gateway Time-out</h1> <p>The gateway did not receive a timely response from the upstream server or application. Sorry for the inconvenience.<br/> Please report this message and include the following information to us.<br/> Thank you very much!</p> <table> <tr> <td>URL:</td> <td>http://openapi-sandbox.dl.alipaydev.com/gateway.do?charset=utf-8&amp;method=alipay.trade.query&amp;sign=bMKJnihBqr5MlI7Ea6WdQB80N5YBZc0B4jn%2F%2Bov5sHNZoT8wBZV%2Bzfn3JvoB6BZ8HB%2BOTCdAJCMiDZnxwNsD05IAdVHW1g77MRvzoaeotVy%2FpJ1awj6uLjFUq4Cy44F1XWF1deAlZfrdLqhX7W3KRLrR89GrFPIFYEwhKKjyAXMePONsC4nG57R0u8tav9Av3t%2BoASGjMiXtW8aKEdFD45vzVkW2zJdRtVvyx79nyWzua1HozIXzFuPGNxfLsbnhJWd4MO92DIuSwDIfSx%2FgwQoEYOKHsLyLbcBghu2UyMcCh8U4GG66zCwEyh8fR0QyDcxqtfonSdcotQhOrkc%2FHA%3D%3D&amp;version=1.0&amp;app_id=9021000165677275&amp;sign_type=RSA2&amp;timestamp=2026-07-28+16%3A09%3A54&amp;alipay_sdk=alipay-sdk-java-4.38.157.ALL&amp;format=json</td> </tr> <tr> <td>Server:</td> <td>openapi-55.rz21a.sandbox.alipay.net</td> </tr> <tr> <td>Date:</td> <td>2026/07/28 16:09:59</td> </tr> </table> <hr/>Powered by Tengine </body> </html> 
26-07-28.16:09:59.135 [scheduling-1    ] ERROR NoPayNotifyOrderJob    - 检测未接收到或未正确处理的支付回调通知失败
com.alipay.api.AlipayApiException: java.io.IOException: <!DOCTYPE HTML PUBLIC "-//IETF//DTD HTML 2.0//EN">
<html>
<head><title>504 Gateway Time-out</title></head>
<body bgcolor="white">
<h1>504 Gateway Time-out</h1>
<p>The gateway did not receive a timely response from the upstream server or application. Sorry for the inconvenience.<br/>
Please report this message and include the following information to us.<br/>
Thank you very much!</p>
<table>
<tr>
<td>URL:</td>
<td>http://openapi-sandbox.dl.alipaydev.com/gateway.do?charset=utf-8&amp;method=alipay.trade.query&amp;sign=bMKJnihBqr5MlI7Ea6WdQB80N5YBZc0B4jn%2F%2Bov5sHNZoT8wBZV%2Bzfn3JvoB6BZ8HB%2BOTCdAJCMiDZnxwNsD05IAdVHW1g77MRvzoaeotVy%2FpJ1awj6uLjFUq4Cy44F1XWF1deAlZfrdLqhX7W3KRLrR89GrFPIFYEwhKKjyAXMePONsC4nG57R0u8tav9Av3t%2BoASGjMiXtW8aKEdFD45vzVkW2zJdRtVvyx79nyWzua1HozIXzFuPGNxfLsbnhJWd4MO92DIuSwDIfSx%2FgwQoEYOKHsLyLbcBghu2UyMcCh8U4GG66zCwEyh8fR0QyDcxqtfonSdcotQhOrkc%2FHA%3D%3D&amp;version=1.0&amp;app_id=9021000165677275&amp;sign_type=RSA2&amp;timestamp=2026-07-28+16%3A09%3A54&amp;alipay_sdk=alipay-sdk-java-4.38.157.ALL&amp;format=json</td>
</tr>
<tr>
<td>Server:</td>
<td>openapi-55.rz21a.sandbox.alipay.net</td>
</tr>
<tr>
<td>Date:</td>
<td>2026/07/28 16:09:59</td>
</tr>
</table>
<hr/>Powered by Tengine
</body>
</html>

	at com.alipay.api.AbstractAlipayClient.doPost(AbstractAlipayClient.java:1015)
	at com.alipay.api.AbstractAlipayClient._execute(AbstractAlipayClient.java:921)
	at com.alipay.api.AbstractAlipayClient.execute(AbstractAlipayClient.java:395)
	at com.alipay.api.AbstractAlipayClient.execute(AbstractAlipayClient.java:377)
	at com.alipay.api.AbstractAlipayClient.execute(AbstractAlipayClient.java:372)
	at com.alipay.api.AbstractAlipayClient.execute(AbstractAlipayClient.java:366)
	at cn.bugstack.trigger.job.NoPayNotifyOrderJob.exec(NoPayNotifyOrderJob.java:42)
	at jdk.internal.reflect.GeneratedMethodAccessor22.invoke(Unknown Source)
	at java.base/jdk.internal.reflect.DelegatingMethodAccessorImpl.invoke(DelegatingMethodAccessorImpl.java:43)
	at java.base/java.lang.reflect.Method.invoke(Method.java:566)
	at org.springframework.scheduling.support.ScheduledMethodRunnable.run(ScheduledMethodRunnable.java:84)
	at org.springframework.scheduling.support.DelegatingErrorHandlingRunnable.run(DelegatingErrorHandlingRunnable.java:54)
	at org.springframework.scheduling.concurrent.ReschedulingRunnable.run(ReschedulingRunnable.java:95)
	at java.base/java.util.concurrent.Executors$RunnableAdapter.call(Executors.java:515)
	at java.base/java.util.concurrent.FutureTask.run(FutureTask.java:264)
	at java.base/java.util.concurrent.ScheduledThreadPoolExecutor$ScheduledFutureTask.run(ScheduledThreadPoolExecutor.java:304)
	at java.base/java.util.concurrent.ThreadPoolExecutor.runWorker(ThreadPoolExecutor.java:1128)
	at java.base/java.util.concurrent.ThreadPoolExecutor$Worker.run(ThreadPoolExecutor.java:628)
	at java.base/java.lang.Thread.run(Thread.java:829)
Caused by: java.io.IOException: <!DOCTYPE HTML PUBLIC "-//IETF//DTD HTML 2.0//EN">
<html>
<head><title>504 Gateway Time-out</title></head>
<body bgcolor="white">
<h1>504 Gateway Time-out</h1>
<p>The gateway did not receive a timely response from the upstream server or application. Sorry for the inconvenience.<br/>
Please report this message and include the following information to us.<br/>
Thank you very much!</p>
<table>
<tr>
<td>URL:</td>
<td>http://openapi-sandbox.dl.alipaydev.com/gateway.do?charset=utf-8&amp;method=alipay.trade.query&amp;sign=bMKJnihBqr5MlI7Ea6WdQB80N5YBZc0B4jn%2F%2Bov5sHNZoT8wBZV%2Bzfn3JvoB6BZ8HB%2BOTCdAJCMiDZnxwNsD05IAdVHW1g77MRvzoaeotVy%2FpJ1awj6uLjFUq4Cy44F1XWF1deAlZfrdLqhX7W3KRLrR89GrFPIFYEwhKKjyAXMePONsC4nG57R0u8tav9Av3t%2BoASGjMiXtW8aKEdFD45vzVkW2zJdRtVvyx79nyWzua1HozIXzFuPGNxfLsbnhJWd4MO92DIuSwDIfSx%2FgwQoEYOKHsLyLbcBghu2UyMcCh8U4GG66zCwEyh8fR0QyDcxqtfonSdcotQhOrkc%2FHA%3D%3D&amp;version=1.0&amp;app_id=9021000165677275&amp;sign_type=RSA2&amp;timestamp=2026-07-28+16%3A09%3A54&amp;alipay_sdk=alipay-sdk-java-4.38.157.ALL&amp;format=json</td>
</tr>
<tr>
<td>Server:</td>
<td>openapi-55.rz21a.sandbox.alipay.net</td>
</tr>
<tr>
<td>Date:</td>
<td>2026/07/28 16:09:59</td>
</tr>
</table>
<hr/>Powered by Tengine
</body>
</html>

	at com.alipay.api.internal.util.WebUtils.getResponseAsString(WebUtils.java:520)
	at com.alipay.api.internal.util.WebUtils.doPost(WebUtils.java:181)
	at com.alipay.api.internal.util.WebUtils.doPost(WebUtils.java:142)
	at com.alipay.api.AbstractAlipayClient.doPost(AbstractAlipayClient.java:1003)
	... 18 common frames omitted
26-07-28.16:10:00.231 [scheduling-1    ] ERROR err                    - ErrorScene^_^40004^_^ACQ.TRADE_NOT_EXIST^_^192.168.73.1^_^Windows 11^_^2026-07-28 16:10:00^_^ProtocalMustParams:charset=utf-8&method=alipay.trade.query&sign=gdg3nzLOwlfLgB54r9F7fJvX7LhJnFgX+wpDiXuk1Mjcf7+z8OZzx0Jlr9My/h0SU8ZLeuolSrKD7aunYilnIjbVrSRklh43QZTo5exo47+vKTZt7vQEipEVw1laCGwL74F8VFhqkRZhCbFFTsHfxzQ+m2YqHUAbTaCw3hZRZoMiSr8/urmW3ZbVgiopEeCztkSzfWmfnMNRJCpWSlI5Fx5rF3ivOkYA/jNSSFbob6job/V2u5lKIYL5Rk99BeX9amfk0j1P84xuZAdaICUAaGJDi14CyWXfh5D3VCXsqixfVBDNiPdrkbz+OqvUpaD/zi5e0/UpPwTj7ZaAzlDg9g==&version=1.0&app_id=9021000165677275&sign_type=RSA2&timestamp=2026-07-28 16:10:00^_^ProtocalOptParams:alipay_sdk=alipay-sdk-java-4.38.157.ALL&format=json^_^ApplicationParams:traceId=060d6922178522620076844193502569&biz_content={"out_trade_no":"59214591885269"}^_^Body:{"alipay_trade_query_response":{"msg":"Business Failed","code":"40004","out_trade_no":"59214591885269","sub_msg":"交易不存在","sub_code":"ACQ.TRADE_NOT_EXIST","receipt_amount":"0.00","point_amount":"0.00","buyer_pay_amount":"0.00","invoice_amount":"0.00"},"sign":"IlGZ9x5UhNF2eAqdNMzeNXtVmLVeP4WAHqOs3UIoTeNqOZPSKddjkKWyTMN0yOnmdmvXLs65xA8iLe3vMAOcTv3IRc5Ly+sfXiILXIoyDMo48N1nGL00QjpY712N35H3czuLP1upFRYorbFoh87mPrUkchUunF+PEBdfORFul87T4s2hkFE5Fl1M1wxQAAUDsoOdZiXF4N0VIlZn8XpWkwGhUJTSzC4T5bTxJpGdI0AVbbLy9QZu0eXIaXEtwYSVDV1oFLVBE/DEmKpridtTn9/6ZOtOpBhjgylpbP+J+f2SCp37feezNW+mRc7kxKeaJfjjdbn7pTI1TeynheyWLQ=="}^_^9ms,202ms,10ms^_^trace_id:060d6922178522620076844193502569
26-07-28.16:10:00.231 [scheduling-1    ] INFO  NoPayNotifyOrderJob    - 检测未接收到或未正确处理的支付回调通知，订单未支付成功 orderId:59214591885269 code:40004 tradeStatus:null
26-07-28.16:10:05.347 [scheduling-1    ] ERROR err                    - 2026-07-28 16:10:05^_^alipay.trade.query^_^null^_^192.168.73.1^_^Windows 11^_^alipay-sdk-java-4.38.157.ALL^_^https://openapi-sandbox.dl.alipaydev.com/gateway.do?charset=utf-8&method=alipay.trade.query&sign=lCNfGJsaImh2hbI7vJNIeSe8KeQO7eEha7u%2FaakZ0mC2lxt5zHL9UKFzz9YjetA0LXfyaKO5%2FduWbAiYIsXqujdblKH9T2Ue1mhgHD7VciVa30YJRdiO2AX%2BirUaF8usvcird4qe43tWzTVGc%2BY4BMtpUuDsAEAcQ1IbftdfYEN1sBKWo57tQZP6Z2FOlZHuvyTIfteBKKg1kpi3m7nc5LXV%2BjT2Z%2BaMxUi9nyRNrv9eEMRCstBrTd8RX3giw1hW8rZJ%2Bn2WqPfWv%2BQJbhEIBfsR4FAEBGAjR8TuFV3CuKeojgqYiiCb%2Ba2Lc1IWl3Li0apmIxTgGvI65DmxiUm9ow%3D%3D&version=1.0&app_id=9021000165677275&sign_type=RSA2&timestamp=2026-07-28+16%3A10%3A00&alipay_sdk=alipay-sdk-java-4.38.157.ALL&format=json^_^^_^<!DOCTYPE HTML PUBLIC "-//IETF//DTD HTML 2.0//EN"> <html> <head><title>504 Gateway Time-out</title></head> <body bgcolor="white"> <h1>504 Gateway Time-out</h1> <p>The gateway did not receive a timely response from the upstream server or application. Sorry for the inconvenience.<br/> Please report this message and include the following information to us.<br/> Thank you very much!</p> <table> <tr> <td>URL:</td> <td>http://openapi-sandbox.dl.alipaydev.com/gateway.do?charset=utf-8&amp;method=alipay.trade.query&amp;sign=lCNfGJsaImh2hbI7vJNIeSe8KeQO7eEha7u%2FaakZ0mC2lxt5zHL9UKFzz9YjetA0LXfyaKO5%2FduWbAiYIsXqujdblKH9T2Ue1mhgHD7VciVa30YJRdiO2AX%2BirUaF8usvcird4qe43tWzTVGc%2BY4BMtpUuDsAEAcQ1IbftdfYEN1sBKWo57tQZP6Z2FOlZHuvyTIfteBKKg1kpi3m7nc5LXV%2BjT2Z%2BaMxUi9nyRNrv9eEMRCstBrTd8RX3giw1hW8rZJ%2Bn2WqPfWv%2BQJbhEIBfsR4FAEBGAjR8TuFV3CuKeojgqYiiCb%2Ba2Lc1IWl3Li0apmIxTgGvI65DmxiUm9ow%3D%3D&amp;version=1.0&amp;app_id=9021000165677275&amp;sign_type=RSA2&amp;timestamp=2026-07-28+16%3A10%3A00&amp;alipay_sdk=alipay-sdk-java-4.38.157.ALL&amp;format=json</td> </tr> <tr> <td>Server:</td> <td>openapi-55.rz21a.sandbox.alipay.net</td> </tr> <tr> <td>Date:</td> <td>2026/07/28 16:10:05</td> </tr> </table> <hr/>Powered by Tengine </body> </html> 
26-07-28.16:10:05.348 [scheduling-1    ] ERROR NoPayNotifyOrderJob    - 检测未接收到或未正确处理的支付回调通知失败
com.alipay.api.AlipayApiException: java.io.IOException: <!DOCTYPE HTML PUBLIC "-//IETF//DTD HTML 2.0//EN">
<html>
<head><title>504 Gateway Time-out</title></head>
<body bgcolor="white">
<h1>504 Gateway Time-out</h1>
<p>The gateway did not receive a timely response from the upstream server or application. Sorry for the inconvenience.<br/>
Please report this message and include the following information to us.<br/>
Thank you very much!</p>
<table>
<tr>
<td>URL:</td>
<td>http://openapi-sandbox.dl.alipaydev.com/gateway.do?charset=utf-8&amp;method=alipay.trade.query&amp;sign=lCNfGJsaImh2hbI7vJNIeSe8KeQO7eEha7u%2FaakZ0mC2lxt5zHL9UKFzz9YjetA0LXfyaKO5%2FduWbAiYIsXqujdblKH9T2Ue1mhgHD7VciVa30YJRdiO2AX%2BirUaF8usvcird4qe43tWzTVGc%2BY4BMtpUuDsAEAcQ1IbftdfYEN1sBKWo57tQZP6Z2FOlZHuvyTIfteBKKg1kpi3m7nc5LXV%2BjT2Z%2BaMxUi9nyRNrv9eEMRCstBrTd8RX3giw1hW8rZJ%2Bn2WqPfWv%2BQJbhEIBfsR4FAEBGAjR8TuFV3CuKeojgqYiiCb%2Ba2Lc1IWl3Li0apmIxTgGvI65DmxiUm9ow%3D%3D&amp;version=1.0&amp;app_id=9021000165677275&amp;sign_type=RSA2&amp;timestamp=2026-07-28+16%3A10%3A00&amp;alipay_sdk=alipay-sdk-java-4.38.157.ALL&amp;format=json</td>
</tr>
<tr>
<td>Server:</td>
<td>openapi-55.rz21a.sandbox.alipay.net</td>
</tr>
<tr>
<td>Date:</td>
<td>2026/07/28 16:10:05</td>
</tr>
</table>
<hr/>Powered by Tengine
</body>
</html>

	at com.alipay.api.AbstractAlipayClient.doPost(AbstractAlipayClient.java:1015)
	at com.alipay.api.AbstractAlipayClient._execute(AbstractAlipayClient.java:921)
	at com.alipay.api.AbstractAlipayClient.execute(AbstractAlipayClient.java:395)
	at com.alipay.api.AbstractAlipayClient.execute(AbstractAlipayClient.java:377)
	at com.alipay.api.AbstractAlipayClient.execute(AbstractAlipayClient.java:372)
	at com.alipay.api.AbstractAlipayClient.execute(AbstractAlipayClient.java:366)
	at cn.bugstack.trigger.job.NoPayNotifyOrderJob.exec(NoPayNotifyOrderJob.java:42)
	at jdk.internal.reflect.GeneratedMethodAccessor22.invoke(Unknown Source)
	at java.base/jdk.internal.reflect.DelegatingMethodAccessorImpl.invoke(DelegatingMethodAccessorImpl.java:43)
	at java.base/java.lang.reflect.Method.invoke(Method.java:566)
	at org.springframework.scheduling.support.ScheduledMethodRunnable.run(ScheduledMethodRunnable.java:84)
	at org.springframework.scheduling.support.DelegatingErrorHandlingRunnable.run(DelegatingErrorHandlingRunnable.java:54)
	at org.springframework.scheduling.concurrent.ReschedulingRunnable.run(ReschedulingRunnable.java:95)
	at java.base/java.util.concurrent.Executors$RunnableAdapter.call(Executors.java:515)
	at java.base/java.util.concurrent.FutureTask.run(FutureTask.java:264)
	at java.base/java.util.concurrent.ScheduledThreadPoolExecutor$ScheduledFutureTask.run(ScheduledThreadPoolExecutor.java:304)
	at java.base/java.util.concurrent.ThreadPoolExecutor.runWorker(ThreadPoolExecutor.java:1128)
	at java.base/java.util.concurrent.ThreadPoolExecutor$Worker.run(ThreadPoolExecutor.java:628)
	at java.base/java.lang.Thread.run(Thread.java:829)
Caused by: java.io.IOException: <!DOCTYPE HTML PUBLIC "-//IETF//DTD HTML 2.0//EN">
<html>
<head><title>504 Gateway Time-out</title></head>
<body bgcolor="white">
<h1>504 Gateway Time-out</h1>
<p>The gateway did not receive a timely response from the upstream server or application. Sorry for the inconvenience.<br/>
Please report this message and include the following information to us.<br/>
Thank you very much!</p>
<table>
<tr>
<td>URL:</td>
<td>http://openapi-sandbox.dl.alipaydev.com/gateway.do?charset=utf-8&amp;method=alipay.trade.query&amp;sign=lCNfGJsaImh2hbI7vJNIeSe8KeQO7eEha7u%2FaakZ0mC2lxt5zHL9UKFzz9YjetA0LXfyaKO5%2FduWbAiYIsXqujdblKH9T2Ue1mhgHD7VciVa30YJRdiO2AX%2BirUaF8usvcird4qe43tWzTVGc%2BY4BMtpUuDsAEAcQ1IbftdfYEN1sBKWo57tQZP6Z2FOlZHuvyTIfteBKKg1kpi3m7nc5LXV%2BjT2Z%2BaMxUi9nyRNrv9eEMRCstBrTd8RX3giw1hW8rZJ%2Bn2WqPfWv%2BQJbhEIBfsR4FAEBGAjR8TuFV3CuKeojgqYiiCb%2Ba2Lc1IWl3Li0apmIxTgGvI65DmxiUm9ow%3D%3D&amp;version=1.0&amp;app_id=9021000165677275&amp;sign_type=RSA2&amp;timestamp=2026-07-28+16%3A10%3A00&amp;alipay_sdk=alipay-sdk-java-4.38.157.ALL&amp;format=json</td>
</tr>
<tr>
<td>Server:</td>
<td>openapi-55.rz21a.sandbox.alipay.net</td>
</tr>
<tr>
<td>Date:</td>
<td>2026/07/28 16:10:05</td>
</tr>
</table>
<hr/>Powered by Tengine
</body>
</html>

	at com.alipay.api.internal.util.WebUtils.getResponseAsString(WebUtils.java:520)
	at com.alipay.api.internal.util.WebUtils.doPost(WebUtils.java:181)
	at com.alipay.api.internal.util.WebUtils.doPost(WebUtils.java:142)
	at com.alipay.api.AbstractAlipayClient.doPost(AbstractAlipayClient.java:1003)
	... 18 common frames omitted
26-07-28.16:10:05.354 [scheduling-1    ] INFO  TimeoutCloseOrderJob   - 定时任务，超时30分钟订单关闭 orderId: 59214591885269 status：true
26-07-28.16:10:05.357 [scheduling-1    ] INFO  TimeoutCloseOrderJob   - 定时任务，超时30分钟订单关闭 orderId: 63015243383423 status：true
26-07-28.16:10:05.360 [scheduling-1    ] INFO  TimeoutCloseOrderJob   - 定时任务，超时30分钟订单关闭 orderId: 05687486819141 status：true
26-07-28.16:20:00.009 [scheduling-1    ] INFO  TimeoutCloseOrderJob   - 定时任务，超时30分钟订单关闭，暂无超时未支付订单 orderIds is null
26-07-28.16:30:00.013 [scheduling-1    ] INFO  TimeoutCloseOrderJob   - 定时任务，超时30分钟订单关闭，暂无超时未支付订单 orderIds is null
26-07-28.16:40:00.009 [scheduling-1    ] INFO  TimeoutCloseOrderJob   - 定时任务，超时30分钟订单关闭，暂无超时未支付订单 orderIds is null
26-07-28.16:50:00.010 [scheduling-1    ] INFO  TimeoutCloseOrderJob   - 定时任务，超时30分钟订单关闭，暂无超时未支付订单 orderIds is null
26-07-28.17:00:00.013 [scheduling-1    ] INFO  TimeoutCloseOrderJob   - 定时任务，超时30分钟订单关闭，暂无超时未支付订单 orderIds is null
26-07-28.17:05:42.439 [SpringApplicationShutdownHook] INFO  HikariDataSource       - HikariPool-1 - Shutdown initiated...
26-07-28.17:05:42.444 [SpringApplicationShutdownHook] INFO  HikariDataSource       - HikariPool-1 - Shutdown completed.
26-07-28.17:05:48.298 [main            ] INFO  Application            - Starting Application using Java 11.0.31 on ASUS with PID 33148 (D:\code\s-pay-mall-ddd-cc\s-pay-mall-ddd-app\target\classes started by 13267 in D:\code\s-pay-mall-ddd-cc)
26-07-28.17:05:48.302 [main            ] INFO  Application            - The following 1 profile is active: "dev"
26-07-28.17:05:49.016 [main            ] INFO  RepositoryConfigurationDelegate - Multiple Spring Data modules found, entering strict repository configuration mode
26-07-28.17:05:49.018 [main            ] INFO  RepositoryConfigurationDelegate - Bootstrapping Spring Data Redis repositories in DEFAULT mode.
26-07-28.17:05:49.045 [main            ] INFO  RepositoryConfigurationDelegate - Finished Spring Data repository scanning in 18 ms. Found 0 Redis repository interfaces.
26-07-28.17:05:49.803 [main            ] INFO  TomcatWebServer        - Tomcat initialized with port(s): 8080 (http)
26-07-28.17:05:49.812 [main            ] INFO  Http11NioProtocol      - Initializing ProtocolHandler ["http-nio-8080"]
26-07-28.17:05:49.813 [main            ] INFO  StandardService        - Starting service [Tomcat]
26-07-28.17:05:49.813 [main            ] INFO  StandardEngine         - Starting Servlet engine: [Apache Tomcat/9.0.75]
26-07-28.17:05:49.937 [main            ] INFO  [/]                    - Initializing Spring embedded WebApplicationContext
26-07-28.17:05:49.937 [main            ] INFO  ServletWebServerApplicationContext - Root WebApplicationContext: initialization completed in 1600 ms
26-07-28.17:05:50.200 [main            ] WARN  AnnotationConfigServletWebServerApplicationContext - Exception encountered during context initialization - cancelling refresh attempt: org.springframework.beans.factory.BeanCreationException: Error creating bean with name 'aliPayController': Injection of resource dependencies failed; nested exception is org.springframework.beans.factory.UnsatisfiedDependencyException: Error creating bean with name 'orderService' defined in file [D:\code\s-pay-mall-ddd-cc\s-pay-mall-ddd-domain\target\classes\cn\bugstack\domain\order\service\OrderService.class]: Unsatisfied dependency expressed through constructor parameter 0; nested exception is org.springframework.beans.factory.BeanCreationException: Error creating bean with name 'orderRepository': Injection of resource dependencies failed; nested exception is org.springframework.beans.factory.UnsatisfiedDependencyException: Error creating bean with name 'IOrderDao' defined in file [D:\code\s-pay-mall-ddd-cc\s-pay-mall-ddd-infrastructure\target\classes\cn\bugstack\infrastructure\dao\IOrderDao.class]: Unsatisfied dependency expressed through bean property 'sqlSessionFactory'; nested exception is org.springframework.beans.factory.BeanCreationException: Error creating bean with name 'sqlSessionFactory' defined in class path resource [org/mybatis/spring/boot/autoconfigure/MybatisAutoConfiguration.class]: Bean instantiation via factory method failed; nested exception is org.springframework.beans.BeanInstantiationException: Failed to instantiate [org.apache.ibatis.session.SqlSessionFactory]: Factory method 'sqlSessionFactory' threw exception; nested exception is org.springframework.core.NestedIOException: Failed to parse mapping resource: 'file [D:\code\s-pay-mall-ddd-cc\s-pay-mall-ddd-app\target\classes\mybatis\mapper\product_mapper.xml]'; nested exception is org.apache.ibatis.builder.BuilderException: Error creating document instance.  Cause: org.xml.sax.SAXParseException; lineNumber: 1; columnNumber: 1; 文件提前结束。
26-07-28.17:05:50.203 [main            ] INFO  StandardService        - Stopping service [Tomcat]
26-07-28.17:05:50.214 [main            ] INFO  ConditionEvaluationReportLoggingListener - 

Error starting ApplicationContext. To display the conditions report re-run your application with 'debug' enabled.
26-07-28.17:05:50.232 [main            ] ERROR SpringApplication      - Application run failed
org.springframework.beans.factory.BeanCreationException: Error creating bean with name 'aliPayController': Injection of resource dependencies failed; nested exception is org.springframework.beans.factory.UnsatisfiedDependencyException: Error creating bean with name 'orderService' defined in file [D:\code\s-pay-mall-ddd-cc\s-pay-mall-ddd-domain\target\classes\cn\bugstack\domain\order\service\OrderService.class]: Unsatisfied dependency expressed through constructor parameter 0; nested exception is org.springframework.beans.factory.BeanCreationException: Error creating bean with name 'orderRepository': Injection of resource dependencies failed; nested exception is org.springframework.beans.factory.UnsatisfiedDependencyException: Error creating bean with name 'IOrderDao' defined in file [D:\code\s-pay-mall-ddd-cc\s-pay-mall-ddd-infrastructure\target\classes\cn\bugstack\infrastructure\dao\IOrderDao.class]: Unsatisfied dependency expressed through bean property 'sqlSessionFactory'; nested exception is org.springframework.beans.factory.BeanCreationException: Error creating bean with name 'sqlSessionFactory' defined in class path resource [org/mybatis/spring/boot/autoconfigure/MybatisAutoConfiguration.class]: Bean instantiation via factory method failed; nested exception is org.springframework.beans.BeanInstantiationException: Failed to instantiate [org.apache.ibatis.session.SqlSessionFactory]: Factory method 'sqlSessionFactory' threw exception; nested exception is org.springframework.core.NestedIOException: Failed to parse mapping resource: 'file [D:\code\s-pay-mall-ddd-cc\s-pay-mall-ddd-app\target\classes\mybatis\mapper\product_mapper.xml]'; nested exception is org.apache.ibatis.builder.BuilderException: Error creating document instance.  Cause: org.xml.sax.SAXParseException; lineNumber: 1; columnNumber: 1; 文件提前结束。
	at org.springframework.context.annotation.CommonAnnotationBeanPostProcessor.postProcessProperties(CommonAnnotationBeanPostProcessor.java:332)
	at org.springframework.beans.factory.support.AbstractAutowireCapableBeanFactory.populateBean(AbstractAutowireCapableBeanFactory.java:1431)
	at org.springframework.beans.factory.support.AbstractAutowireCapableBeanFactory.doCreateBean(AbstractAutowireCapableBeanFactory.java:619)
	at org.springframework.beans.factory.support.AbstractAutowireCapableBeanFactory.createBean(AbstractAutowireCapableBeanFactory.java:542)
	at org.springframework.beans.factory.support.AbstractBeanFactory.lambda$doGetBean$0(AbstractBeanFactory.java:335)
	at org.springframework.beans.factory.support.DefaultSingletonBeanRegistry.getSingleton(DefaultSingletonBeanRegistry.java:234)
	at org.springframework.beans.factory.support.AbstractBeanFactory.doGetBean(AbstractBeanFactory.java:333)
	at org.springframework.beans.factory.support.AbstractBeanFactory.getBean(AbstractBeanFactory.java:208)
	at org.springframework.beans.factory.support.DefaultListableBeanFactory.preInstantiateSingletons(DefaultListableBeanFactory.java:955)
	at org.springframework.context.support.AbstractApplicationContext.finishBeanFactoryInitialization(AbstractApplicationContext.java:920)
	at org.springframework.context.support.AbstractApplicationContext.refresh(AbstractApplicationContext.java:583)
	at org.springframework.boot.web.servlet.context.ServletWebServerApplicationContext.refresh(ServletWebServerApplicationContext.java:147)
	at org.springframework.boot.SpringApplication.refresh(SpringApplication.java:731)
	at org.springframework.boot.SpringApplication.refreshContext(SpringApplication.java:408)
	at org.springframework.boot.SpringApplication.run(SpringApplication.java:307)
	at org.springframework.boot.SpringApplication.run(SpringApplication.java:1303)
	at org.springframework.boot.SpringApplication.run(SpringApplication.java:1292)
	at cn.bugstack.Application.main(Application.java:14)
Caused by: org.springframework.beans.factory.UnsatisfiedDependencyException: Error creating bean with name 'orderService' defined in file [D:\code\s-pay-mall-ddd-cc\s-pay-mall-ddd-domain\target\classes\cn\bugstack\domain\order\service\OrderService.class]: Unsatisfied dependency expressed through constructor parameter 0; nested exception is org.springframework.beans.factory.BeanCreationException: Error creating bean with name 'orderRepository': Injection of resource dependencies failed; nested exception is org.springframework.beans.factory.UnsatisfiedDependencyException: Error creating bean with name 'IOrderDao' defined in file [D:\code\s-pay-mall-ddd-cc\s-pay-mall-ddd-infrastructure\target\classes\cn\bugstack\infrastructure\dao\IOrderDao.class]: Unsatisfied dependency expressed through bean property 'sqlSessionFactory'; nested exception is org.springframework.beans.factory.BeanCreationException: Error creating bean with name 'sqlSessionFactory' defined in class path resource [org/mybatis/spring/boot/autoconfigure/MybatisAutoConfiguration.class]: Bean instantiation via factory method failed; nested exception is org.springframework.beans.BeanInstantiationException: Failed to instantiate [org.apache.ibatis.session.SqlSessionFactory]: Factory method 'sqlSessionFactory' threw exception; nested exception is org.springframework.core.NestedIOException: Failed to parse mapping resource: 'file [D:\code\s-pay-mall-ddd-cc\s-pay-mall-ddd-app\target\classes\mybatis\mapper\product_mapper.xml]'; nested exception is org.apache.ibatis.builder.BuilderException: Error creating document instance.  Cause: org.xml.sax.SAXParseException; lineNumber: 1; columnNumber: 1; 文件提前结束。
	at org.springframework.beans.factory.support.ConstructorResolver.createArgumentArray(ConstructorResolver.java:800)
	at org.springframework.beans.factory.support.ConstructorResolver.autowireConstructor(ConstructorResolver.java:229)
	at org.springframework.beans.factory.support.AbstractAutowireCapableBeanFactory.autowireConstructor(AbstractAutowireCapableBeanFactory.java:1372)
	at org.springframework.beans.factory.support.AbstractAutowireCapableBeanFactory.createBeanInstance(AbstractAutowireCapableBeanFactory.java:1222)
	at org.springframework.beans.factory.support.AbstractAutowireCapableBeanFactory.doCreateBean(AbstractAutowireCapableBeanFactory.java:582)
	at org.springframework.beans.factory.support.AbstractAutowireCapableBeanFactory.createBean(AbstractAutowireCapableBeanFactory.java:542)
	at org.springframework.beans.factory.support.AbstractBeanFactory.lambda$doGetBean$0(AbstractBeanFactory.java:335)
	at org.springframework.beans.factory.support.DefaultSingletonBeanRegistry.getSingleton(DefaultSingletonBeanRegistry.java:234)
	at org.springframework.beans.factory.support.AbstractBeanFactory.doGetBean(AbstractBeanFactory.java:333)
	at org.springframework.beans.factory.support.AbstractBeanFactory.getBean(AbstractBeanFactory.java:213)
	at org.springframework.beans.factory.support.AbstractAutowireCapableBeanFactory.resolveBeanByName(AbstractAutowireCapableBeanFactory.java:479)
	at org.springframework.context.annotation.CommonAnnotationBeanPostProcessor.autowireResource(CommonAnnotationBeanPostProcessor.java:550)
	at org.springframework.context.annotation.CommonAnnotationBeanPostProcessor.getResource(CommonAnnotationBeanPostProcessor.java:520)
	at org.springframework.context.annotation.CommonAnnotationBeanPostProcessor$ResourceElement.getResourceToInject(CommonAnnotationBeanPostProcessor.java:673)
	at org.springframework.beans.factory.annotation.InjectionMetadata$InjectedElement.inject(InjectionMetadata.java:228)
	at org.springframework.beans.factory.annotation.InjectionMetadata.inject(InjectionMetadata.java:119)
	at org.springframework.context.annotation.CommonAnnotationBeanPostProcessor.postProcessProperties(CommonAnnotationBeanPostProcessor.java:329)
	... 17 common frames omitted
Caused by: org.springframework.beans.factory.BeanCreationException: Error creating bean with name 'orderRepository': Injection of resource dependencies failed; nested exception is org.springframework.beans.factory.UnsatisfiedDependencyException: Error creating bean with name 'IOrderDao' defined in file [D:\code\s-pay-mall-ddd-cc\s-pay-mall-ddd-infrastructure\target\classes\cn\bugstack\infrastructure\dao\IOrderDao.class]: Unsatisfied dependency expressed through bean property 'sqlSessionFactory'; nested exception is org.springframework.beans.factory.BeanCreationException: Error creating bean with name 'sqlSessionFactory' defined in class path resource [org/mybatis/spring/boot/autoconfigure/MybatisAutoConfiguration.class]: Bean instantiation via factory method failed; nested exception is org.springframework.beans.BeanInstantiationException: Failed to instantiate [org.apache.ibatis.session.SqlSessionFactory]: Factory method 'sqlSessionFactory' threw exception; nested exception is org.springframework.core.NestedIOException: Failed to parse mapping resource: 'file [D:\code\s-pay-mall-ddd-cc\s-pay-mall-ddd-app\target\classes\mybatis\mapper\product_mapper.xml]'; nested exception is org.apache.ibatis.builder.BuilderException: Error creating document instance.  Cause: org.xml.sax.SAXParseException; lineNumber: 1; columnNumber: 1; 文件提前结束。
	at org.springframework.context.annotation.CommonAnnotationBeanPostProcessor.postProcessProperties(CommonAnnotationBeanPostProcessor.java:332)
	at org.springframework.beans.factory.support.AbstractAutowireCapableBeanFactory.populateBean(AbstractAutowireCapableBeanFactory.java:1431)
	at org.springframework.beans.factory.support.AbstractAutowireCapableBeanFactory.doCreateBean(AbstractAutowireCapableBeanFactory.java:619)
	at org.springframework.beans.factory.support.AbstractAutowireCapableBeanFactory.createBean(AbstractAutowireCapableBeanFactory.java:542)
	at org.springframework.beans.factory.support.AbstractBeanFactory.lambda$doGetBean$0(AbstractBeanFactory.java:335)
	at org.springframework.beans.factory.support.DefaultSingletonBeanRegistry.getSingleton(DefaultSingletonBeanRegistry.java:234)
	at org.springframework.beans.factory.support.AbstractBeanFactory.doGetBean(AbstractBeanFactory.java:333)
	at org.springframework.beans.factory.support.AbstractBeanFactory.getBean(AbstractBeanFactory.java:208)
	at org.springframework.beans.factory.config.DependencyDescriptor.resolveCandidate(DependencyDescriptor.java:276)
	at org.springframework.beans.factory.support.DefaultListableBeanFactory.doResolveDependency(DefaultListableBeanFactory.java:1391)
	at org.springframework.beans.factory.support.DefaultListableBeanFactory.resolveDependency(DefaultListableBeanFactory.java:1311)
	at org.springframework.beans.factory.support.ConstructorResolver.resolveAutowiredArgument(ConstructorResolver.java:887)
	at org.springframework.beans.factory.support.ConstructorResolver.createArgumentArray(ConstructorResolver.java:791)
	... 33 common frames omitted
Caused by: org.springframework.beans.factory.UnsatisfiedDependencyException: Error creating bean with name 'IOrderDao' defined in file [D:\code\s-pay-mall-ddd-cc\s-pay-mall-ddd-infrastructure\target\classes\cn\bugstack\infrastructure\dao\IOrderDao.class]: Unsatisfied dependency expressed through bean property 'sqlSessionFactory'; nested exception is org.springframework.beans.factory.BeanCreationException: Error creating bean with name 'sqlSessionFactory' defined in class path resource [org/mybatis/spring/boot/autoconfigure/MybatisAutoConfiguration.class]: Bean instantiation via factory method failed; nested exception is org.springframework.beans.BeanInstantiationException: Failed to instantiate [org.apache.ibatis.session.SqlSessionFactory]: Factory method 'sqlSessionFactory' threw exception; nested exception is org.springframework.core.NestedIOException: Failed to parse mapping resource: 'file [D:\code\s-pay-mall-ddd-cc\s-pay-mall-ddd-app\target\classes\mybatis\mapper\product_mapper.xml]'; nested exception is org.apache.ibatis.builder.BuilderException: Error creating document instance.  Cause: org.xml.sax.SAXParseException; lineNumber: 1; columnNumber: 1; 文件提前结束。
	at org.springframework.beans.factory.support.AbstractAutowireCapableBeanFactory.autowireByType(AbstractAutowireCapableBeanFactory.java:1534)
	at org.springframework.beans.factory.support.AbstractAutowireCapableBeanFactory.populateBean(AbstractAutowireCapableBeanFactory.java:1417)
	at org.springframework.beans.factory.support.AbstractAutowireCapableBeanFactory.doCreateBean(AbstractAutowireCapableBeanFactory.java:619)
	at org.springframework.beans.factory.support.AbstractAutowireCapableBeanFactory.createBean(AbstractAutowireCapableBeanFactory.java:542)
	at org.springframework.beans.factory.support.AbstractBeanFactory.lambda$doGetBean$0(AbstractBeanFactory.java:335)
	at org.springframework.beans.factory.support.DefaultSingletonBeanRegistry.getSingleton(DefaultSingletonBeanRegistry.java:234)
	at org.springframework.beans.factory.support.AbstractBeanFactory.doGetBean(AbstractBeanFactory.java:333)
	at org.springframework.beans.factory.support.AbstractBeanFactory.getBean(AbstractBeanFactory.java:208)
	at org.springframework.beans.factory.config.DependencyDescriptor.resolveCandidate(DependencyDescriptor.java:276)
	at org.springframework.beans.factory.support.DefaultListableBeanFactory.doResolveDependency(DefaultListableBeanFactory.java:1391)
	at org.springframework.beans.factory.support.DefaultListableBeanFactory.resolveDependency(DefaultListableBeanFactory.java:1311)
	at org.springframework.context.annotation.CommonAnnotationBeanPostProcessor.autowireResource(CommonAnnotationBeanPostProcessor.java:544)
	at org.springframework.context.annotation.CommonAnnotationBeanPostProcessor.getResource(CommonAnnotationBeanPostProcessor.java:520)
	at org.springframework.context.annotation.CommonAnnotationBeanPostProcessor$ResourceElement.getResourceToInject(CommonAnnotationBeanPostProcessor.java:673)
	at org.springframework.beans.factory.annotation.InjectionMetadata$InjectedElement.inject(InjectionMetadata.java:228)
	at org.springframework.beans.factory.annotation.InjectionMetadata.inject(InjectionMetadata.java:119)
	at org.springframework.context.annotation.CommonAnnotationBeanPostProcessor.postProcessProperties(CommonAnnotationBeanPostProcessor.java:329)
	... 45 common frames omitted
Caused by: org.springframework.beans.factory.BeanCreationException: Error creating bean with name 'sqlSessionFactory' defined in class path resource [org/mybatis/spring/boot/autoconfigure/MybatisAutoConfiguration.class]: Bean instantiation via factory method failed; nested exception is org.springframework.beans.BeanInstantiationException: Failed to instantiate [org.apache.ibatis.session.SqlSessionFactory]: Factory method 'sqlSessionFactory' threw exception; nested exception is org.springframework.core.NestedIOException: Failed to parse mapping resource: 'file [D:\code\s-pay-mall-ddd-cc\s-pay-mall-ddd-app\target\classes\mybatis\mapper\product_mapper.xml]'; nested exception is org.apache.ibatis.builder.BuilderException: Error creating document instance.  Cause: org.xml.sax.SAXParseException; lineNumber: 1; columnNumber: 1; 文件提前结束。
	at org.springframework.beans.factory.support.ConstructorResolver.instantiate(ConstructorResolver.java:658)
	at org.springframework.beans.factory.support.ConstructorResolver.instantiateUsingFactoryMethod(ConstructorResolver.java:638)
	at org.springframework.beans.factory.support.AbstractAutowireCapableBeanFactory.instantiateUsingFactoryMethod(AbstractAutowireCapableBeanFactory.java:1352)
	at org.springframework.beans.factory.support.AbstractAutowireCapableBeanFactory.createBeanInstance(AbstractAutowireCapableBeanFactory.java:1195)
	at org.springframework.beans.factory.support.AbstractAutowireCapableBeanFactory.doCreateBean(AbstractAutowireCapableBeanFactory.java:582)
	at org.springframework.beans.factory.support.AbstractAutowireCapableBeanFactory.createBean(AbstractAutowireCapableBeanFactory.java:542)
	at org.springframework.beans.factory.support.AbstractBeanFactory.lambda$doGetBean$0(AbstractBeanFactory.java:335)
	at org.springframework.beans.factory.support.DefaultSingletonBeanRegistry.getSingleton(DefaultSingletonBeanRegistry.java:234)
	at org.springframework.beans.factory.support.AbstractBeanFactory.doGetBean(AbstractBeanFactory.java:333)
	at org.springframework.beans.factory.support.AbstractBeanFactory.getBean(AbstractBeanFactory.java:208)
	at org.springframework.beans.factory.config.DependencyDescriptor.resolveCandidate(DependencyDescriptor.java:276)
	at org.springframework.beans.factory.support.DefaultListableBeanFactory.doResolveDependency(DefaultListableBeanFactory.java:1391)
	at org.springframework.beans.factory.support.DefaultListableBeanFactory.resolveDependency(DefaultListableBeanFactory.java:1311)
	at org.springframework.beans.factory.support.AbstractAutowireCapableBeanFactory.autowireByType(AbstractAutowireCapableBeanFactory.java:1519)
	... 61 common frames omitted
Caused by: org.springframework.beans.BeanInstantiationException: Failed to instantiate [org.apache.ibatis.session.SqlSessionFactory]: Factory method 'sqlSessionFactory' threw exception; nested exception is org.springframework.core.NestedIOException: Failed to parse mapping resource: 'file [D:\code\s-pay-mall-ddd-cc\s-pay-mall-ddd-app\target\classes\mybatis\mapper\product_mapper.xml]'; nested exception is org.apache.ibatis.builder.BuilderException: Error creating document instance.  Cause: org.xml.sax.SAXParseException; lineNumber: 1; columnNumber: 1; 文件提前结束。
	at org.springframework.beans.factory.support.SimpleInstantiationStrategy.instantiate(SimpleInstantiationStrategy.java:185)
	at org.springframework.beans.factory.support.ConstructorResolver.instantiate(ConstructorResolver.java:653)
	... 74 common frames omitted
Caused by: org.springframework.core.NestedIOException: Failed to parse mapping resource: 'file [D:\code\s-pay-mall-ddd-cc\s-pay-mall-ddd-app\target\classes\mybatis\mapper\product_mapper.xml]'; nested exception is org.apache.ibatis.builder.BuilderException: Error creating document instance.  Cause: org.xml.sax.SAXParseException; lineNumber: 1; columnNumber: 1; 文件提前结束。
	at org.mybatis.spring.SqlSessionFactoryBean.buildSqlSessionFactory(SqlSessionFactoryBean.java:613)
	at org.mybatis.spring.SqlSessionFactoryBean.afterPropertiesSet(SqlSessionFactoryBean.java:491)
	at org.mybatis.spring.SqlSessionFactoryBean.getObject(SqlSessionFactoryBean.java:633)
	at org.mybatis.spring.boot.autoconfigure.MybatisAutoConfiguration.sqlSessionFactory(MybatisAutoConfiguration.java:179)
	at org.mybatis.spring.boot.autoconfigure.MybatisAutoConfiguration$$EnhancerBySpringCGLIB$$4ad3ef76.CGLIB$sqlSessionFactory$0(<generated>)
	at org.mybatis.spring.boot.autoconfigure.MybatisAutoConfiguration$$EnhancerBySpringCGLIB$$4ad3ef76$$FastClassBySpringCGLIB$$a187832a.invoke(<generated>)
	at org.springframework.cglib.proxy.MethodProxy.invokeSuper(MethodProxy.java:244)
	at org.springframework.context.annotation.ConfigurationClassEnhancer$BeanMethodInterceptor.intercept(ConfigurationClassEnhancer.java:331)
	at org.mybatis.spring.boot.autoconfigure.MybatisAutoConfiguration$$EnhancerBySpringCGLIB$$4ad3ef76.sqlSessionFactory(<generated>)
	at java.base/jdk.internal.reflect.NativeMethodAccessorImpl.invoke0(Native Method)
	at java.base/jdk.internal.reflect.NativeMethodAccessorImpl.invoke(NativeMethodAccessorImpl.java:62)
	at java.base/jdk.internal.reflect.DelegatingMethodAccessorImpl.invoke(DelegatingMethodAccessorImpl.java:43)
	at java.base/java.lang.reflect.Method.invoke(Method.java:566)
	at org.springframework.beans.factory.support.SimpleInstantiationStrategy.instantiate(SimpleInstantiationStrategy.java:154)
	... 75 common frames omitted
Caused by: org.apache.ibatis.builder.BuilderException: Error creating document instance.  Cause: org.xml.sax.SAXParseException; lineNumber: 1; columnNumber: 1; 文件提前结束。
	at org.apache.ibatis.parsing.XPathParser.createDocument(XPathParser.java:263)
	at org.apache.ibatis.parsing.XPathParser.<init>(XPathParser.java:127)
	at org.apache.ibatis.builder.xml.XMLMapperBuilder.<init>(XMLMapperBuilder.java:81)
	at org.mybatis.spring.SqlSessionFactoryBean.buildSqlSessionFactory(SqlSessionFactoryBean.java:610)
	... 88 common frames omitted
Caused by: org.xml.sax.SAXParseException: 文件提前结束。
	at java.xml/com.sun.org.apache.xerces.internal.util.ErrorHandlerWrapper.createSAXParseException(ErrorHandlerWrapper.java:204)
	at java.xml/com.sun.org.apache.xerces.internal.util.ErrorHandlerWrapper.fatalError(ErrorHandlerWrapper.java:178)
	at java.xml/com.sun.org.apache.xerces.internal.impl.XMLErrorReporter.reportError(XMLErrorReporter.java:400)
	at java.xml/com.sun.org.apache.xerces.internal.impl.XMLErrorReporter.reportError(XMLErrorReporter.java:327)
	at java.xml/com.sun.org.apache.xerces.internal.impl.XMLScanner.reportFatalError(XMLScanner.java:1465)
	at java.xml/com.sun.org.apache.xerces.internal.impl.XMLDocumentScannerImpl$PrologDriver.next(XMLDocumentScannerImpl.java:1013)
	at java.xml/com.sun.org.apache.xerces.internal.impl.XMLDocumentScannerImpl.next(XMLDocumentScannerImpl.java:605)
	at java.xml/com.sun.org.apache.xerces.internal.impl.XMLDocumentFragmentScannerImpl.scanDocument(XMLDocumentFragmentScannerImpl.java:534)
	at java.xml/com.sun.org.apache.xerces.internal.parsers.XML11Configuration.parse(XML11Configuration.java:888)
	at java.xml/com.sun.org.apache.xerces.internal.parsers.XML11Configuration.parse(XML11Configuration.java:824)
	at java.xml/com.sun.org.apache.xerces.internal.parsers.XMLParser.parse(XMLParser.java:141)
	at java.xml/com.sun.org.apache.xerces.internal.parsers.DOMParser.parse(DOMParser.java:246)
	at java.xml/com.sun.org.apache.xerces.internal.jaxp.DocumentBuilderImpl.parse(DocumentBuilderImpl.java:339)
	at org.apache.ibatis.parsing.XPathParser.createDocument(XPathParser.java:261)
	... 91 common frames omitted
26-07-28.17:08:27.023 [main            ] INFO  Application            - Starting Application using Java 11.0.31 on ASUS with PID 30684 (D:\code\s-pay-mall-ddd-cc\s-pay-mall-ddd-app\target\classes started by 13267 in D:\code\s-pay-mall-ddd-cc)
26-07-28.17:08:27.026 [main            ] INFO  Application            - The following 1 profile is active: "dev"
26-07-28.17:08:27.789 [main            ] INFO  RepositoryConfigurationDelegate - Multiple Spring Data modules found, entering strict repository configuration mode
26-07-28.17:08:27.791 [main            ] INFO  RepositoryConfigurationDelegate - Bootstrapping Spring Data Redis repositories in DEFAULT mode.
26-07-28.17:08:27.822 [main            ] INFO  RepositoryConfigurationDelegate - Finished Spring Data repository scanning in 20 ms. Found 0 Redis repository interfaces.
26-07-28.17:08:28.624 [main            ] INFO  TomcatWebServer        - Tomcat initialized with port(s): 8080 (http)
26-07-28.17:08:28.631 [main            ] INFO  Http11NioProtocol      - Initializing ProtocolHandler ["http-nio-8080"]
26-07-28.17:08:28.631 [main            ] INFO  StandardService        - Starting service [Tomcat]
26-07-28.17:08:28.631 [main            ] INFO  StandardEngine         - Starting Servlet engine: [Apache Tomcat/9.0.75]
26-07-28.17:08:28.743 [main            ] INFO  [/]                    - Initializing Spring embedded WebApplicationContext
26-07-28.17:08:28.743 [main            ] INFO  ServletWebServerApplicationContext - Root WebApplicationContext: initialization completed in 1684 ms
26-07-28.17:08:29.015 [main            ] WARN  AnnotationConfigServletWebServerApplicationContext - Exception encountered during context initialization - cancelling refresh attempt: org.springframework.beans.factory.BeanCreationException: Error creating bean with name 'aliPayController': Injection of resource dependencies failed; nested exception is org.springframework.beans.factory.UnsatisfiedDependencyException: Error creating bean with name 'orderService' defined in file [D:\code\s-pay-mall-ddd-cc\s-pay-mall-ddd-domain\target\classes\cn\bugstack\domain\order\service\OrderService.class]: Unsatisfied dependency expressed through constructor parameter 0; nested exception is org.springframework.beans.factory.BeanCreationException: Error creating bean with name 'orderRepository': Injection of resource dependencies failed; nested exception is org.springframework.beans.factory.UnsatisfiedDependencyException: Error creating bean with name 'IOrderDao' defined in file [D:\code\s-pay-mall-ddd-cc\s-pay-mall-ddd-infrastructure\target\classes\cn\bugstack\infrastructure\dao\IOrderDao.class]: Unsatisfied dependency expressed through bean property 'sqlSessionFactory'; nested exception is org.springframework.beans.factory.BeanCreationException: Error creating bean with name 'sqlSessionFactory' defined in class path resource [org/mybatis/spring/boot/autoconfigure/MybatisAutoConfiguration.class]: Bean instantiation via factory method failed; nested exception is org.springframework.beans.BeanInstantiationException: Failed to instantiate [org.apache.ibatis.session.SqlSessionFactory]: Factory method 'sqlSessionFactory' threw exception; nested exception is org.springframework.core.NestedIOException: Failed to parse mapping resource: 'file [D:\code\s-pay-mall-ddd-cc\s-pay-mall-ddd-app\target\classes\mybatis\mapper\product_mapper.xml]'; nested exception is org.apache.ibatis.builder.BuilderException: Error creating document instance.  Cause: org.xml.sax.SAXParseException; lineNumber: 1; columnNumber: 1; 文件提前结束。
26-07-28.17:08:29.017 [main            ] INFO  StandardService        - Stopping service [Tomcat]
26-07-28.17:08:29.030 [main            ] INFO  ConditionEvaluationReportLoggingListener - 

Error starting ApplicationContext. To display the conditions report re-run your application with 'debug' enabled.
26-07-28.17:08:29.047 [main            ] ERROR SpringApplication      - Application run failed
org.springframework.beans.factory.BeanCreationException: Error creating bean with name 'aliPayController': Injection of resource dependencies failed; nested exception is org.springframework.beans.factory.UnsatisfiedDependencyException: Error creating bean with name 'orderService' defined in file [D:\code\s-pay-mall-ddd-cc\s-pay-mall-ddd-domain\target\classes\cn\bugstack\domain\order\service\OrderService.class]: Unsatisfied dependency expressed through constructor parameter 0; nested exception is org.springframework.beans.factory.BeanCreationException: Error creating bean with name 'orderRepository': Injection of resource dependencies failed; nested exception is org.springframework.beans.factory.UnsatisfiedDependencyException: Error creating bean with name 'IOrderDao' defined in file [D:\code\s-pay-mall-ddd-cc\s-pay-mall-ddd-infrastructure\target\classes\cn\bugstack\infrastructure\dao\IOrderDao.class]: Unsatisfied dependency expressed through bean property 'sqlSessionFactory'; nested exception is org.springframework.beans.factory.BeanCreationException: Error creating bean with name 'sqlSessionFactory' defined in class path resource [org/mybatis/spring/boot/autoconfigure/MybatisAutoConfiguration.class]: Bean instantiation via factory method failed; nested exception is org.springframework.beans.BeanInstantiationException: Failed to instantiate [org.apache.ibatis.session.SqlSessionFactory]: Factory method 'sqlSessionFactory' threw exception; nested exception is org.springframework.core.NestedIOException: Failed to parse mapping resource: 'file [D:\code\s-pay-mall-ddd-cc\s-pay-mall-ddd-app\target\classes\mybatis\mapper\product_mapper.xml]'; nested exception is org.apache.ibatis.builder.BuilderException: Error creating document instance.  Cause: org.xml.sax.SAXParseException; lineNumber: 1; columnNumber: 1; 文件提前结束。
	at org.springframework.context.annotation.CommonAnnotationBeanPostProcessor.postProcessProperties(CommonAnnotationBeanPostProcessor.java:332)
	at org.springframework.beans.factory.support.AbstractAutowireCapableBeanFactory.populateBean(AbstractAutowireCapableBeanFactory.java:1431)
	at org.springframework.beans.factory.support.AbstractAutowireCapableBeanFactory.doCreateBean(AbstractAutowireCapableBeanFactory.java:619)
	at org.springframework.beans.factory.support.AbstractAutowireCapableBeanFactory.createBean(AbstractAutowireCapableBeanFactory.java:542)
	at org.springframework.beans.factory.support.AbstractBeanFactory.lambda$doGetBean$0(AbstractBeanFactory.java:335)
	at org.springframework.beans.factory.support.DefaultSingletonBeanRegistry.getSingleton(DefaultSingletonBeanRegistry.java:234)
	at org.springframework.beans.factory.support.AbstractBeanFactory.doGetBean(AbstractBeanFactory.java:333)
	at org.springframework.beans.factory.support.AbstractBeanFactory.getBean(AbstractBeanFactory.java:208)
	at org.springframework.beans.factory.support.DefaultListableBeanFactory.preInstantiateSingletons(DefaultListableBeanFactory.java:955)
	at org.springframework.context.support.AbstractApplicationContext.finishBeanFactoryInitialization(AbstractApplicationContext.java:920)
	at org.springframework.context.support.AbstractApplicationContext.refresh(AbstractApplicationContext.java:583)
	at org.springframework.boot.web.servlet.context.ServletWebServerApplicationContext.refresh(ServletWebServerApplicationContext.java:147)
	at org.springframework.boot.SpringApplication.refresh(SpringApplication.java:731)
	at org.springframework.boot.SpringApplication.refreshContext(SpringApplication.java:408)
	at org.springframework.boot.SpringApplication.run(SpringApplication.java:307)
	at org.springframework.boot.SpringApplication.run(SpringApplication.java:1303)
	at org.springframework.boot.SpringApplication.run(SpringApplication.java:1292)
	at cn.bugstack.Application.main(Application.java:14)
Caused by: org.springframework.beans.factory.UnsatisfiedDependencyException: Error creating bean with name 'orderService' defined in file [D:\code\s-pay-mall-ddd-cc\s-pay-mall-ddd-domain\target\classes\cn\bugstack\domain\order\service\OrderService.class]: Unsatisfied dependency expressed through constructor parameter 0; nested exception is org.springframework.beans.factory.BeanCreationException: Error creating bean with name 'orderRepository': Injection of resource dependencies failed; nested exception is org.springframework.beans.factory.UnsatisfiedDependencyException: Error creating bean with name 'IOrderDao' defined in file [D:\code\s-pay-mall-ddd-cc\s-pay-mall-ddd-infrastructure\target\classes\cn\bugstack\infrastructure\dao\IOrderDao.class]: Unsatisfied dependency expressed through bean property 'sqlSessionFactory'; nested exception is org.springframework.beans.factory.BeanCreationException: Error creating bean with name 'sqlSessionFactory' defined in class path resource [org/mybatis/spring/boot/autoconfigure/MybatisAutoConfiguration.class]: Bean instantiation via factory method failed; nested exception is org.springframework.beans.BeanInstantiationException: Failed to instantiate [org.apache.ibatis.session.SqlSessionFactory]: Factory method 'sqlSessionFactory' threw exception; nested exception is org.springframework.core.NestedIOException: Failed to parse mapping resource: 'file [D:\code\s-pay-mall-ddd-cc\s-pay-mall-ddd-app\target\classes\mybatis\mapper\product_mapper.xml]'; nested exception is org.apache.ibatis.builder.BuilderException: Error creating document instance.  Cause: org.xml.sax.SAXParseException; lineNumber: 1; columnNumber: 1; 文件提前结束。
	at org.springframework.beans.factory.support.ConstructorResolver.createArgumentArray(ConstructorResolver.java:800)
	at org.springframework.beans.factory.support.ConstructorResolver.autowireConstructor(ConstructorResolver.java:229)
	at org.springframework.beans.factory.support.AbstractAutowireCapableBeanFactory.autowireConstructor(AbstractAutowireCapableBeanFactory.java:1372)
	at org.springframework.beans.factory.support.AbstractAutowireCapableBeanFactory.createBeanInstance(AbstractAutowireCapableBeanFactory.java:1222)
	at org.springframework.beans.factory.support.AbstractAutowireCapableBeanFactory.doCreateBean(AbstractAutowireCapableBeanFactory.java:582)
	at org.springframework.beans.factory.support.AbstractAutowireCapableBeanFactory.createBean(AbstractAutowireCapableBeanFactory.java:542)
	at org.springframework.beans.factory.support.AbstractBeanFactory.lambda$doGetBean$0(AbstractBeanFactory.java:335)
	at org.springframework.beans.factory.support.DefaultSingletonBeanRegistry.getSingleton(DefaultSingletonBeanRegistry.java:234)
	at org.springframework.beans.factory.support.AbstractBeanFactory.doGetBean(AbstractBeanFactory.java:333)
	at org.springframework.beans.factory.support.AbstractBeanFactory.getBean(AbstractBeanFactory.java:213)
	at org.springframework.beans.factory.support.AbstractAutowireCapableBeanFactory.resolveBeanByName(AbstractAutowireCapableBeanFactory.java:479)
	at org.springframework.context.annotation.CommonAnnotationBeanPostProcessor.autowireResource(CommonAnnotationBeanPostProcessor.java:550)
	at org.springframework.context.annotation.CommonAnnotationBeanPostProcessor.getResource(CommonAnnotationBeanPostProcessor.java:520)
	at org.springframework.context.annotation.CommonAnnotationBeanPostProcessor$ResourceElement.getResourceToInject(CommonAnnotationBeanPostProcessor.java:673)
	at org.springframework.beans.factory.annotation.InjectionMetadata$InjectedElement.inject(InjectionMetadata.java:228)
	at org.springframework.beans.factory.annotation.InjectionMetadata.inject(InjectionMetadata.java:119)
	at org.springframework.context.annotation.CommonAnnotationBeanPostProcessor.postProcessProperties(CommonAnnotationBeanPostProcessor.java:329)
	... 17 common frames omitted
Caused by: org.springframework.beans.factory.BeanCreationException: Error creating bean with name 'orderRepository': Injection of resource dependencies failed; nested exception is org.springframework.beans.factory.UnsatisfiedDependencyException: Error creating bean with name 'IOrderDao' defined in file [D:\code\s-pay-mall-ddd-cc\s-pay-mall-ddd-infrastructure\target\classes\cn\bugstack\infrastructure\dao\IOrderDao.class]: Unsatisfied dependency expressed through bean property 'sqlSessionFactory'; nested exception is org.springframework.beans.factory.BeanCreationException: Error creating bean with name 'sqlSessionFactory' defined in class path resource [org/mybatis/spring/boot/autoconfigure/MybatisAutoConfiguration.class]: Bean instantiation via factory method failed; nested exception is org.springframework.beans.BeanInstantiationException: Failed to instantiate [org.apache.ibatis.session.SqlSessionFactory]: Factory method 'sqlSessionFactory' threw exception; nested exception is org.springframework.core.NestedIOException: Failed to parse mapping resource: 'file [D:\code\s-pay-mall-ddd-cc\s-pay-mall-ddd-app\target\classes\mybatis\mapper\product_mapper.xml]'; nested exception is org.apache.ibatis.builder.BuilderException: Error creating document instance.  Cause: org.xml.sax.SAXParseException; lineNumber: 1; columnNumber: 1; 文件提前结束。
	at org.springframework.context.annotation.CommonAnnotationBeanPostProcessor.postProcessProperties(CommonAnnotationBeanPostProcessor.java:332)
	at org.springframework.beans.factory.support.AbstractAutowireCapableBeanFactory.populateBean(AbstractAutowireCapableBeanFactory.java:1431)
	at org.springframework.beans.factory.support.AbstractAutowireCapableBeanFactory.doCreateBean(AbstractAutowireCapableBeanFactory.java:619)
	at org.springframework.beans.factory.support.AbstractAutowireCapableBeanFactory.createBean(AbstractAutowireCapableBeanFactory.java:542)
	at org.springframework.beans.factory.support.AbstractBeanFactory.lambda$doGetBean$0(AbstractBeanFactory.java:335)
	at org.springframework.beans.factory.support.DefaultSingletonBeanRegistry.getSingleton(DefaultSingletonBeanRegistry.java:234)
	at org.springframework.beans.factory.support.AbstractBeanFactory.doGetBean(AbstractBeanFactory.java:333)
	at org.springframework.beans.factory.support.AbstractBeanFactory.getBean(AbstractBeanFactory.java:208)
	at org.springframework.beans.factory.config.DependencyDescriptor.resolveCandidate(DependencyDescriptor.java:276)
	at org.springframework.beans.factory.support.DefaultListableBeanFactory.doResolveDependency(DefaultListableBeanFactory.java:1391)
	at org.springframework.beans.factory.support.DefaultListableBeanFactory.resolveDependency(DefaultListableBeanFactory.java:1311)
	at org.springframework.beans.factory.support.ConstructorResolver.resolveAutowiredArgument(ConstructorResolver.java:887)
	at org.springframework.beans.factory.support.ConstructorResolver.createArgumentArray(ConstructorResolver.java:791)
	... 33 common frames omitted
Caused by: org.springframework.beans.factory.UnsatisfiedDependencyException: Error creating bean with name 'IOrderDao' defined in file [D:\code\s-pay-mall-ddd-cc\s-pay-mall-ddd-infrastructure\target\classes\cn\bugstack\infrastructure\dao\IOrderDao.class]: Unsatisfied dependency expressed through bean property 'sqlSessionFactory'; nested exception is org.springframework.beans.factory.BeanCreationException: Error creating bean with name 'sqlSessionFactory' defined in class path resource [org/mybatis/spring/boot/autoconfigure/MybatisAutoConfiguration.class]: Bean instantiation via factory method failed; nested exception is org.springframework.beans.BeanInstantiationException: Failed to instantiate [org.apache.ibatis.session.SqlSessionFactory]: Factory method 'sqlSessionFactory' threw exception; nested exception is org.springframework.core.NestedIOException: Failed to parse mapping resource: 'file [D:\code\s-pay-mall-ddd-cc\s-pay-mall-ddd-app\target\classes\mybatis\mapper\product_mapper.xml]'; nested exception is org.apache.ibatis.builder.BuilderException: Error creating document instance.  Cause: org.xml.sax.SAXParseException; lineNumber: 1; columnNumber: 1; 文件提前结束。
	at org.springframework.beans.factory.support.AbstractAutowireCapableBeanFactory.autowireByType(AbstractAutowireCapableBeanFactory.java:1534)
	at org.springframework.beans.factory.support.AbstractAutowireCapableBeanFactory.populateBean(AbstractAutowireCapableBeanFactory.java:1417)
	at org.springframework.beans.factory.support.AbstractAutowireCapableBeanFactory.doCreateBean(AbstractAutowireCapableBeanFactory.java:619)
	at org.springframework.beans.factory.support.AbstractAutowireCapableBeanFactory.createBean(AbstractAutowireCapableBeanFactory.java:542)
	at org.springframework.beans.factory.support.AbstractBeanFactory.lambda$doGetBean$0(AbstractBeanFactory.java:335)
	at org.springframework.beans.factory.support.DefaultSingletonBeanRegistry.getSingleton(DefaultSingletonBeanRegistry.java:234)
	at org.springframework.beans.factory.support.AbstractBeanFactory.doGetBean(AbstractBeanFactory.java:333)
	at org.springframework.beans.factory.support.AbstractBeanFactory.getBean(AbstractBeanFactory.java:208)
	at org.springframework.beans.factory.config.DependencyDescriptor.resolveCandidate(DependencyDescriptor.java:276)
	at org.springframework.beans.factory.support.DefaultListableBeanFactory.doResolveDependency(DefaultListableBeanFactory.java:1391)
	at org.springframework.beans.factory.support.DefaultListableBeanFactory.resolveDependency(DefaultListableBeanFactory.java:1311)
	at org.springframework.context.annotation.CommonAnnotationBeanPostProcessor.autowireResource(CommonAnnotationBeanPostProcessor.java:544)
	at org.springframework.context.annotation.CommonAnnotationBeanPostProcessor.getResource(CommonAnnotationBeanPostProcessor.java:520)
	at org.springframework.context.annotation.CommonAnnotationBeanPostProcessor$ResourceElement.getResourceToInject(CommonAnnotationBeanPostProcessor.java:673)
	at org.springframework.beans.factory.annotation.InjectionMetadata$InjectedElement.inject(InjectionMetadata.java:228)
	at org.springframework.beans.factory.annotation.InjectionMetadata.inject(InjectionMetadata.java:119)
	at org.springframework.context.annotation.CommonAnnotationBeanPostProcessor.postProcessProperties(CommonAnnotationBeanPostProcessor.java:329)
	... 45 common frames omitted
Caused by: org.springframework.beans.factory.BeanCreationException: Error creating bean with name 'sqlSessionFactory' defined in class path resource [org/mybatis/spring/boot/autoconfigure/MybatisAutoConfiguration.class]: Bean instantiation via factory method failed; nested exception is org.springframework.beans.BeanInstantiationException: Failed to instantiate [org.apache.ibatis.session.SqlSessionFactory]: Factory method 'sqlSessionFactory' threw exception; nested exception is org.springframework.core.NestedIOException: Failed to parse mapping resource: 'file [D:\code\s-pay-mall-ddd-cc\s-pay-mall-ddd-app\target\classes\mybatis\mapper\product_mapper.xml]'; nested exception is org.apache.ibatis.builder.BuilderException: Error creating document instance.  Cause: org.xml.sax.SAXParseException; lineNumber: 1; columnNumber: 1; 文件提前结束。
	at org.springframework.beans.factory.support.ConstructorResolver.instantiate(ConstructorResolver.java:658)
	at org.springframework.beans.factory.support.ConstructorResolver.instantiateUsingFactoryMethod(ConstructorResolver.java:638)
	at org.springframework.beans.factory.support.AbstractAutowireCapableBeanFactory.instantiateUsingFactoryMethod(AbstractAutowireCapableBeanFactory.java:1352)
	at org.springframework.beans.factory.support.AbstractAutowireCapableBeanFactory.createBeanInstance(AbstractAutowireCapableBeanFactory.java:1195)
	at org.springframework.beans.factory.support.AbstractAutowireCapableBeanFactory.doCreateBean(AbstractAutowireCapableBeanFactory.java:582)
	at org.springframework.beans.factory.support.AbstractAutowireCapableBeanFactory.createBean(AbstractAutowireCapableBeanFactory.java:542)
	at org.springframework.beans.factory.support.AbstractBeanFactory.lambda$doGetBean$0(AbstractBeanFactory.java:335)
	at org.springframework.beans.factory.support.DefaultSingletonBeanRegistry.getSingleton(DefaultSingletonBeanRegistry.java:234)
	at org.springframework.beans.factory.support.AbstractBeanFactory.doGetBean(AbstractBeanFactory.java:333)
	at org.springframework.beans.factory.support.AbstractBeanFactory.getBean(AbstractBeanFactory.java:208)
	at org.springframework.beans.factory.config.DependencyDescriptor.resolveCandidate(DependencyDescriptor.java:276)
	at org.springframework.beans.factory.support.DefaultListableBeanFactory.doResolveDependency(DefaultListableBeanFactory.java:1391)
	at org.springframework.beans.factory.support.DefaultListableBeanFactory.resolveDependency(DefaultListableBeanFactory.java:1311)
	at org.springframework.beans.factory.support.AbstractAutowireCapableBeanFactory.autowireByType(AbstractAutowireCapableBeanFactory.java:1519)
	... 61 common frames omitted
Caused by: org.springframework.beans.BeanInstantiationException: Failed to instantiate [org.apache.ibatis.session.SqlSessionFactory]: Factory method 'sqlSessionFactory' threw exception; nested exception is org.springframework.core.NestedIOException: Failed to parse mapping resource: 'file [D:\code\s-pay-mall-ddd-cc\s-pay-mall-ddd-app\target\classes\mybatis\mapper\product_mapper.xml]'; nested exception is org.apache.ibatis.builder.BuilderException: Error creating document instance.  Cause: org.xml.sax.SAXParseException; lineNumber: 1; columnNumber: 1; 文件提前结束。
	at org.springframework.beans.factory.support.SimpleInstantiationStrategy.instantiate(SimpleInstantiationStrategy.java:185)
	at org.springframework.beans.factory.support.ConstructorResolver.instantiate(ConstructorResolver.java:653)
	... 74 common frames omitted
Caused by: org.springframework.core.NestedIOException: Failed to parse mapping resource: 'file [D:\code\s-pay-mall-ddd-cc\s-pay-mall-ddd-app\target\classes\mybatis\mapper\product_mapper.xml]'; nested exception is org.apache.ibatis.builder.BuilderException: Error creating document instance.  Cause: org.xml.sax.SAXParseException; lineNumber: 1; columnNumber: 1; 文件提前结束。
	at org.mybatis.spring.SqlSessionFactoryBean.buildSqlSessionFactory(SqlSessionFactoryBean.java:613)
	at org.mybatis.spring.SqlSessionFactoryBean.afterPropertiesSet(SqlSessionFactoryBean.java:491)
	at org.mybatis.spring.SqlSessionFactoryBean.getObject(SqlSessionFactoryBean.java:633)
	at org.mybatis.spring.boot.autoconfigure.MybatisAutoConfiguration.sqlSessionFactory(MybatisAutoConfiguration.java:179)
	at org.mybatis.spring.boot.autoconfigure.MybatisAutoConfiguration$$EnhancerBySpringCGLIB$$cff40077.CGLIB$sqlSessionFactory$0(<generated>)
	at org.mybatis.spring.boot.autoconfigure.MybatisAutoConfiguration$$EnhancerBySpringCGLIB$$cff40077$$FastClassBySpringCGLIB$$bfbccebf.invoke(<generated>)
	at org.springframework.cglib.proxy.MethodProxy.invokeSuper(MethodProxy.java:244)
	at org.springframework.context.annotation.ConfigurationClassEnhancer$BeanMethodInterceptor.intercept(ConfigurationClassEnhancer.java:331)
	at org.mybatis.spring.boot.autoconfigure.MybatisAutoConfiguration$$EnhancerBySpringCGLIB$$cff40077.sqlSessionFactory(<generated>)
	at java.base/jdk.internal.reflect.NativeMethodAccessorImpl.invoke0(Native Method)
	at java.base/jdk.internal.reflect.NativeMethodAccessorImpl.invoke(NativeMethodAccessorImpl.java:62)
	at java.base/jdk.internal.reflect.DelegatingMethodAccessorImpl.invoke(DelegatingMethodAccessorImpl.java:43)
	at java.base/java.lang.reflect.Method.invoke(Method.java:566)
	at org.springframework.beans.factory.support.SimpleInstantiationStrategy.instantiate(SimpleInstantiationStrategy.java:154)
	... 75 common frames omitted
Caused by: org.apache.ibatis.builder.BuilderException: Error creating document instance.  Cause: org.xml.sax.SAXParseException; lineNumber: 1; columnNumber: 1; 文件提前结束。
	at org.apache.ibatis.parsing.XPathParser.createDocument(XPathParser.java:263)
	at org.apache.ibatis.parsing.XPathParser.<init>(XPathParser.java:127)
	at org.apache.ibatis.builder.xml.XMLMapperBuilder.<init>(XMLMapperBuilder.java:81)
	at org.mybatis.spring.SqlSessionFactoryBean.buildSqlSessionFactory(SqlSessionFactoryBean.java:610)
	... 88 common frames omitted
Caused by: org.xml.sax.SAXParseException: 文件提前结束。
	at java.xml/com.sun.org.apache.xerces.internal.util.ErrorHandlerWrapper.createSAXParseException(ErrorHandlerWrapper.java:204)
	at java.xml/com.sun.org.apache.xerces.internal.util.ErrorHandlerWrapper.fatalError(ErrorHandlerWrapper.java:178)
	at java.xml/com.sun.org.apache.xerces.internal.impl.XMLErrorReporter.reportError(XMLErrorReporter.java:400)
	at java.xml/com.sun.org.apache.xerces.internal.impl.XMLErrorReporter.reportError(XMLErrorReporter.java:327)
	at java.xml/com.sun.org.apache.xerces.internal.impl.XMLScanner.reportFatalError(XMLScanner.java:1465)
	at java.xml/com.sun.org.apache.xerces.internal.impl.XMLDocumentScannerImpl$PrologDriver.next(XMLDocumentScannerImpl.java:1013)
	at java.xml/com.sun.org.apache.xerces.internal.impl.XMLDocumentScannerImpl.next(XMLDocumentScannerImpl.java:605)
	at java.xml/com.sun.org.apache.xerces.internal.impl.XMLDocumentFragmentScannerImpl.scanDocument(XMLDocumentFragmentScannerImpl.java:534)
	at java.xml/com.sun.org.apache.xerces.internal.parsers.XML11Configuration.parse(XML11Configuration.java:888)
	at java.xml/com.sun.org.apache.xerces.internal.parsers.XML11Configuration.parse(XML11Configuration.java:824)
	at java.xml/com.sun.org.apache.xerces.internal.parsers.XMLParser.parse(XMLParser.java:141)
	at java.xml/com.sun.org.apache.xerces.internal.parsers.DOMParser.parse(DOMParser.java:246)
	at java.xml/com.sun.org.apache.xerces.internal.jaxp.DocumentBuilderImpl.parse(DocumentBuilderImpl.java:339)
	at org.apache.ibatis.parsing.XPathParser.createDocument(XPathParser.java:261)
	... 91 common frames omitted
26-07-28.17:23:11.031 [main            ] INFO  Application            - Starting Application using Java 11.0.31 on ASUS with PID 29544 (D:\code\s-pay-mall-ddd-cc\s-pay-mall-ddd-app\target\classes started by 13267 in D:\code\s-pay-mall-ddd-cc)
26-07-28.17:23:11.033 [main            ] INFO  Application            - The following 1 profile is active: "dev"
26-07-28.17:23:11.807 [main            ] INFO  RepositoryConfigurationDelegate - Multiple Spring Data modules found, entering strict repository configuration mode
26-07-28.17:23:11.809 [main            ] INFO  RepositoryConfigurationDelegate - Bootstrapping Spring Data Redis repositories in DEFAULT mode.
26-07-28.17:23:11.843 [main            ] INFO  RepositoryConfigurationDelegate - Finished Spring Data repository scanning in 20 ms. Found 0 Redis repository interfaces.
26-07-28.17:23:12.623 [main            ] INFO  TomcatWebServer        - Tomcat initialized with port(s): 8080 (http)
26-07-28.17:23:12.631 [main            ] INFO  Http11NioProtocol      - Initializing ProtocolHandler ["http-nio-8080"]
26-07-28.17:23:12.631 [main            ] INFO  StandardService        - Starting service [Tomcat]
26-07-28.17:23:12.631 [main            ] INFO  StandardEngine         - Starting Servlet engine: [Apache Tomcat/9.0.75]
26-07-28.17:23:12.750 [main            ] INFO  [/]                    - Initializing Spring embedded WebApplicationContext
26-07-28.17:23:12.750 [main            ] INFO  ServletWebServerApplicationContext - Root WebApplicationContext: initialization completed in 1682 ms
26-07-28.17:23:13.635 [main            ] INFO  Version                - Redisson 3.26.0
26-07-28.17:23:14.192 [redisson-netty-1-6] INFO  ConnectionsHolder      - 1 connections initialized for localhost/127.0.0.1:6379
26-07-28.17:23:14.261 [redisson-netty-1-20] INFO  ConnectionsHolder      - 24 connections initialized for localhost/127.0.0.1:6379
26-07-28.17:23:14.563 [main            ] INFO  EndpointLinksResolver  - Exposing 1 endpoint(s) beneath base path '/actuator'
26-07-28.17:23:14.578 [main            ] INFO  Http11NioProtocol      - Starting ProtocolHandler ["http-nio-8080"]
26-07-28.17:23:14.587 [main            ] INFO  TomcatWebServer        - Tomcat started on port(s): 8080 (http) with context path ''
26-07-28.17:23:14.600 [main            ] INFO  Application            - Started Application in 4.03 seconds (JVM running for 4.421)
26-07-28.17:23:15.028 [scheduling-1    ] INFO  HikariDataSource       - HikariPool-1 - Starting...
26-07-28.17:23:15.230 [scheduling-1    ] INFO  HikariDataSource       - HikariPool-1 - Start completed.
26-07-28.17:24:12.761 [SpringApplicationShutdownHook] INFO  HikariDataSource       - HikariPool-1 - Shutdown initiated...
26-07-28.17:24:12.774 [SpringApplicationShutdownHook] INFO  HikariDataSource       - HikariPool-1 - Shutdown completed.
26-07-28.17:24:15.744 [main            ] INFO  Application            - Starting Application using Java 11.0.31 on ASUS with PID 7596 (D:\code\s-pay-mall-ddd-cc\s-pay-mall-ddd-app\target\classes started by 13267 in D:\code\s-pay-mall-ddd-cc)
26-07-28.17:24:15.746 [main            ] INFO  Application            - The following 1 profile is active: "dev"
26-07-28.17:24:16.484 [main            ] INFO  RepositoryConfigurationDelegate - Multiple Spring Data modules found, entering strict repository configuration mode
26-07-28.17:24:16.488 [main            ] INFO  RepositoryConfigurationDelegate - Bootstrapping Spring Data Redis repositories in DEFAULT mode.
26-07-28.17:24:16.515 [main            ] INFO  RepositoryConfigurationDelegate - Finished Spring Data repository scanning in 18 ms. Found 0 Redis repository interfaces.
26-07-28.17:24:17.237 [main            ] INFO  TomcatWebServer        - Tomcat initialized with port(s): 8080 (http)
26-07-28.17:24:17.244 [main            ] INFO  Http11NioProtocol      - Initializing ProtocolHandler ["http-nio-8080"]
26-07-28.17:24:17.245 [main            ] INFO  StandardService        - Starting service [Tomcat]
26-07-28.17:24:17.245 [main            ] INFO  StandardEngine         - Starting Servlet engine: [Apache Tomcat/9.0.75]
26-07-28.17:24:17.359 [main            ] INFO  [/]                    - Initializing Spring embedded WebApplicationContext
26-07-28.17:24:17.360 [main            ] INFO  ServletWebServerApplicationContext - Root WebApplicationContext: initialization completed in 1579 ms
26-07-28.17:24:18.176 [main            ] INFO  Version                - Redisson 3.26.0
26-07-28.17:24:18.717 [redisson-netty-1-5] INFO  ConnectionsHolder      - 1 connections initialized for localhost/127.0.0.1:6379
26-07-28.17:24:18.790 [redisson-netty-1-20] INFO  ConnectionsHolder      - 24 connections initialized for localhost/127.0.0.1:6379
26-07-28.17:24:19.082 [main            ] INFO  EndpointLinksResolver  - Exposing 1 endpoint(s) beneath base path '/actuator'
26-07-28.17:24:19.097 [main            ] INFO  Http11NioProtocol      - Starting ProtocolHandler ["http-nio-8080"]
26-07-28.17:24:19.106 [main            ] INFO  TomcatWebServer        - Tomcat started on port(s): 8080 (http) with context path ''
26-07-28.17:24:19.118 [main            ] INFO  Application            - Started Application in 3.777 seconds (JVM running for 4.12)
26-07-28.17:24:21.022 [scheduling-1    ] INFO  HikariDataSource       - HikariPool-1 - Starting...
26-07-28.17:24:21.199 [scheduling-1    ] INFO  HikariDataSource       - HikariPool-1 - Start completed.
26-07-28.17:27:37.360 [http-nio-8080-exec-4] INFO  [/]                    - Initializing Spring DispatcherServlet 'dispatcherServlet'
26-07-28.17:27:37.360 [http-nio-8080-exec-4] INFO  DispatcherServlet      - Initializing Servlet 'dispatcherServlet'
26-07-28.17:27:37.362 [http-nio-8080-exec-4] INFO  DispatcherServlet      - Completed initialization in 2 ms
26-07-28.17:27:37.519 [http-nio-8080-exec-4] ERROR [dispatcherServlet]    - Servlet.service() for servlet [dispatcherServlet] in context with path [] threw exception [Request processing failed; nested exception is org.springframework.dao.DataIntegrityViolationException: 
### Error updating database.  Cause: java.sql.SQLIntegrityConstraintViolationException: Column 'is_del' cannot be null
### The error may exist in file [D:\code\s-pay-mall-ddd-cc\s-pay-mall-ddd-app\target\classes\mybatis\mapper\product_mapper.xml]
### The error may involve cn.bugstack.infrastructure.dao.IProductDao.insert-Inline
### The error occurred while setting parameters
### SQL: insert into product         (name, description, sku, category_id, status, price, is_del, create_time, update_time)         values         (?, ?, ?, ?, ?, ?, ?, now(), now())
### Cause: java.sql.SQLIntegrityConstraintViolationException: Column 'is_del' cannot be null
; Column 'is_del' cannot be null; nested exception is java.sql.SQLIntegrityConstraintViolationException: Column 'is_del' cannot be null] with root cause
java.sql.SQLIntegrityConstraintViolationException: Column 'is_del' cannot be null
	at com.mysql.cj.jdbc.exceptions.SQLError.createSQLException(SQLError.java:117)
	at com.mysql.cj.jdbc.exceptions.SQLError.createSQLException(SQLError.java:97)
	at com.mysql.cj.jdbc.exceptions.SQLExceptionsMapping.translateException(SQLExceptionsMapping.java:122)
	at com.mysql.cj.jdbc.ClientPreparedStatement.executeInternal(ClientPreparedStatement.java:953)
	at com.mysql.cj.jdbc.ClientPreparedStatement.execute(ClientPreparedStatement.java:370)
	at com.zaxxer.hikari.pool.ProxyPreparedStatement.execute(ProxyPreparedStatement.java:44)
	at com.zaxxer.hikari.pool.HikariProxyPreparedStatement.execute(HikariProxyPreparedStatement.java)
	at org.apache.ibatis.executor.statement.PreparedStatementHandler.update(PreparedStatementHandler.java:47)
	at org.apache.ibatis.executor.statement.RoutingStatementHandler.update(RoutingStatementHandler.java:74)
	at org.apache.ibatis.executor.SimpleExecutor.doUpdate(SimpleExecutor.java:50)
	at org.apache.ibatis.executor.BaseExecutor.update(BaseExecutor.java:117)
	at org.apache.ibatis.executor.CachingExecutor.update(CachingExecutor.java:76)
	at org.apache.ibatis.session.defaults.DefaultSqlSession.update(DefaultSqlSession.java:197)
	at org.apache.ibatis.session.defaults.DefaultSqlSession.insert(DefaultSqlSession.java:184)
	at java.base/jdk.internal.reflect.NativeMethodAccessorImpl.invoke0(Native Method)
	at java.base/jdk.internal.reflect.NativeMethodAccessorImpl.invoke(NativeMethodAccessorImpl.java:62)
	at java.base/jdk.internal.reflect.DelegatingMethodAccessorImpl.invoke(DelegatingMethodAccessorImpl.java:43)
	at java.base/java.lang.reflect.Method.invoke(Method.java:566)
	at org.mybatis.spring.SqlSessionTemplate$SqlSessionInterceptor.invoke(SqlSessionTemplate.java:427)
	at com.sun.proxy.$Proxy89.insert(Unknown Source)
	at org.mybatis.spring.SqlSessionTemplate.insert(SqlSessionTemplate.java:272)
	at org.apache.ibatis.binding.MapperMethod.execute(MapperMethod.java:62)
	at org.apache.ibatis.binding.MapperProxy$PlainMethodInvoker.invoke(MapperProxy.java:152)
	at org.apache.ibatis.binding.MapperProxy.invoke(MapperProxy.java:85)
	at com.sun.proxy.$Proxy99.insert(Unknown Source)
	at cn.bugstack.infrastructure.repository.ProductRepository.save(ProductRepository.java:35)
	at cn.bugstack.infrastructure.repository.ProductRepository$$FastClassBySpringCGLIB$$84f9e789.invoke(<generated>)
	at org.springframework.cglib.proxy.MethodProxy.invoke(MethodProxy.java:218)
	at org.springframework.aop.framework.CglibAopProxy$CglibMethodInvocation.invokeJoinpoint(CglibAopProxy.java:793)
	at org.springframework.aop.framework.ReflectiveMethodInvocation.proceed(ReflectiveMethodInvocation.java:163)
	at org.springframework.aop.framework.CglibAopProxy$CglibMethodInvocation.proceed(CglibAopProxy.java:763)
	at org.springframework.dao.support.PersistenceExceptionTranslationInterceptor.invoke(PersistenceExceptionTranslationInterceptor.java:137)
	at org.springframework.aop.framework.ReflectiveMethodInvocation.proceed(ReflectiveMethodInvocation.java:186)
	at org.springframework.aop.framework.CglibAopProxy$CglibMethodInvocation.proceed(CglibAopProxy.java:763)
	at org.springframework.aop.framework.CglibAopProxy$DynamicAdvisedInterceptor.intercept(CglibAopProxy.java:708)
	at cn.bugstack.infrastructure.repository.ProductRepository$$EnhancerBySpringCGLIB$$bb72cc53.save(<generated>)
	at cn.bugstack.domain.product.service.ProductService.addNewProduct(ProductService.java:20)
	at cn.bugstack.trigger.http.ProductController.add(ProductController.java:30)
	at java.base/jdk.internal.reflect.NativeMethodAccessorImpl.invoke0(Native Method)
	at java.base/jdk.internal.reflect.NativeMethodAccessorImpl.invoke(NativeMethodAccessorImpl.java:62)
	at java.base/jdk.internal.reflect.DelegatingMethodAccessorImpl.invoke(DelegatingMethodAccessorImpl.java:43)
	at java.base/java.lang.reflect.Method.invoke(Method.java:566)
	at org.springframework.web.method.support.InvocableHandlerMethod.doInvoke(InvocableHandlerMethod.java:205)
	at org.springframework.web.method.support.InvocableHandlerMethod.invokeForRequest(InvocableHandlerMethod.java:150)
	at org.springframework.web.servlet.mvc.method.annotation.ServletInvocableHandlerMethod.invokeAndHandle(ServletInvocableHandlerMethod.java:117)
	at org.springframework.web.servlet.mvc.method.annotation.RequestMappingHandlerAdapter.invokeHandlerMethod(RequestMappingHandlerAdapter.java:895)
	at org.springframework.web.servlet.mvc.method.annotation.RequestMappingHandlerAdapter.handleInternal(RequestMappingHandlerAdapter.java:808)
	at org.springframework.web.servlet.mvc.method.AbstractHandlerMethodAdapter.handle(AbstractHandlerMethodAdapter.java:87)
	at org.springframework.web.servlet.DispatcherServlet.doDispatch(DispatcherServlet.java:1072)
	at org.springframework.web.servlet.DispatcherServlet.doService(DispatcherServlet.java:965)
	at org.springframework.web.servlet.FrameworkServlet.processRequest(FrameworkServlet.java:1006)
	at org.springframework.web.servlet.FrameworkServlet.doPost(FrameworkServlet.java:909)
	at javax.servlet.http.HttpServlet.service(HttpServlet.java:555)
	at org.springframework.web.servlet.FrameworkServlet.service(FrameworkServlet.java:883)
	at javax.servlet.http.HttpServlet.service(HttpServlet.java:623)
	at org.apache.catalina.core.ApplicationFilterChain.internalDoFilter(ApplicationFilterChain.java:209)
	at org.apache.catalina.core.ApplicationFilterChain.doFilter(ApplicationFilterChain.java:153)
	at org.apache.tomcat.websocket.server.WsFilter.doFilter(WsFilter.java:51)
	at org.apache.catalina.core.ApplicationFilterChain.internalDoFilter(ApplicationFilterChain.java:178)
	at org.apache.catalina.core.ApplicationFilterChain.doFilter(ApplicationFilterChain.java:153)
	at org.springframework.web.filter.RequestContextFilter.doFilterInternal(RequestContextFilter.java:100)
	at org.springframework.web.filter.OncePerRequestFilter.doFilter(OncePerRequestFilter.java:117)
	at org.apache.catalina.core.ApplicationFilterChain.internalDoFilter(ApplicationFilterChain.java:178)
	at org.apache.catalina.core.ApplicationFilterChain.doFilter(ApplicationFilterChain.java:153)
	at org.springframework.web.filter.FormContentFilter.doFilterInternal(FormContentFilter.java:93)
	at org.springframework.web.filter.OncePerRequestFilter.doFilter(OncePerRequestFilter.java:117)
	at org.apache.catalina.core.ApplicationFilterChain.internalDoFilter(ApplicationFilterChain.java:178)
	at org.apache.catalina.core.ApplicationFilterChain.doFilter(ApplicationFilterChain.java:153)
	at org.springframework.boot.actuate.metrics.web.servlet.WebMvcMetricsFilter.doFilterInternal(WebMvcMetricsFilter.java:96)
	at org.springframework.web.filter.OncePerRequestFilter.doFilter(OncePerRequestFilter.java:117)
	at org.apache.catalina.core.ApplicationFilterChain.internalDoFilter(ApplicationFilterChain.java:178)
	at org.apache.catalina.core.ApplicationFilterChain.doFilter(ApplicationFilterChain.java:153)
	at org.springframework.web.filter.CharacterEncodingFilter.doFilterInternal(CharacterEncodingFilter.java:201)
	at org.springframework.web.filter.OncePerRequestFilter.doFilter(OncePerRequestFilter.java:117)
	at org.apache.catalina.core.ApplicationFilterChain.internalDoFilter(ApplicationFilterChain.java:178)
	at org.apache.catalina.core.ApplicationFilterChain.doFilter(ApplicationFilterChain.java:153)
	at org.apache.catalina.core.StandardWrapperValve.invoke(StandardWrapperValve.java:167)
	at org.apache.catalina.core.StandardContextValve.invoke(StandardContextValve.java:90)
	at org.apache.catalina.authenticator.AuthenticatorBase.invoke(AuthenticatorBase.java:481)
	at org.apache.catalina.core.StandardHostValve.invoke(StandardHostValve.java:130)
	at org.apache.catalina.valves.ErrorReportValve.invoke(ErrorReportValve.java:93)
	at org.apache.catalina.core.StandardEngineValve.invoke(StandardEngineValve.java:74)
	at org.apache.catalina.connector.CoyoteAdapter.service(CoyoteAdapter.java:343)
	at org.apache.coyote.http11.Http11Processor.service(Http11Processor.java:390)
	at org.apache.coyote.AbstractProcessorLight.process(AbstractProcessorLight.java:63)
	at org.apache.coyote.AbstractProtocol$ConnectionHandler.process(AbstractProtocol.java:926)
	at org.apache.tomcat.util.net.NioEndpoint$SocketProcessor.doRun(NioEndpoint.java:1791)
	at org.apache.tomcat.util.net.SocketProcessorBase.run(SocketProcessorBase.java:52)
	at org.apache.tomcat.util.threads.ThreadPoolExecutor.runWorker(ThreadPoolExecutor.java:1191)
	at org.apache.tomcat.util.threads.ThreadPoolExecutor$Worker.run(ThreadPoolExecutor.java:659)
	at org.apache.tomcat.util.threads.TaskThread$WrappingRunnable.run(TaskThread.java:61)
	at java.base/java.lang.Thread.run(Thread.java:829)
26-07-28.17:30:00.005 [scheduling-1    ] INFO  TimeoutCloseOrderJob   - 定时任务，超时30分钟订单关闭，暂无超时未支付订单 orderIds is null
26-07-28.17:31:54.209 [HikariPool-1 housekeeper] WARN  HikariPool             - HikariPool-1 - Thread starvation or clock leap detected (housekeeper delta=1m2s793ms841µs).
26-07-28.17:58:37.384 [scheduling-1    ] INFO  TimeoutCloseOrderJob   - 定时任务，超时30分钟订单关闭，暂无超时未支付订单 orderIds is null
26-07-28.17:59:04.598 [HikariPool-1 housekeeper] WARN  HikariPool             - HikariPool-1 - Thread starvation or clock leap detected (housekeeper delta=27m10s388ms840µs500ns).
26-07-28.18:00:00.015 [scheduling-1    ] INFO  TimeoutCloseOrderJob   - 定时任务，超时30分钟订单关闭，暂无超时未支付订单 orderIds is null
26-07-28.19:55:58.729 [scheduling-1    ] INFO  TimeoutCloseOrderJob   - 定时任务，超时30分钟订单关闭，暂无超时未支付订单 orderIds is null
26-07-28.19:56:00.414 [HikariPool-1 housekeeper] WARN  HikariPool             - HikariPool-1 - Thread starvation or clock leap detected (housekeeper delta=1h52m25s728ms797µs500ns).
26-07-28.20:00:00.003 [scheduling-1    ] INFO  TimeoutCloseOrderJob   - 定时任务，超时30分钟订单关闭，暂无超时未支付订单 orderIds is null
26-07-28.20:10:00.012 [scheduling-1    ] INFO  TimeoutCloseOrderJob   - 定时任务，超时30分钟订单关闭，暂无超时未支付订单 orderIds is null
26-07-28.20:20:00.016 [scheduling-1    ] INFO  TimeoutCloseOrderJob   - 定时任务，超时30分钟订单关闭，暂无超时未支付订单 orderIds is null
26-07-28.20:30:00.003 [scheduling-1    ] INFO  TimeoutCloseOrderJob   - 定时任务，超时30分钟订单关闭，暂无超时未支付订单 orderIds is null
26-07-28.20:48:25.392 [main            ] INFO  Application            - Starting Application using Java 11.0.31 on ASUS with PID 29132 (D:\code\s-pay-mall-ddd-cc\s-pay-mall-ddd-app\target\classes started by 13267 in D:\code\s-pay-mall-ddd-cc)
26-07-28.20:48:25.394 [main            ] INFO  Application            - The following 1 profile is active: "dev"
26-07-28.20:48:26.214 [main            ] INFO  RepositoryConfigurationDelegate - Multiple Spring Data modules found, entering strict repository configuration mode
26-07-28.20:48:26.216 [main            ] INFO  RepositoryConfigurationDelegate - Bootstrapping Spring Data Redis repositories in DEFAULT mode.
26-07-28.20:48:26.250 [main            ] INFO  RepositoryConfigurationDelegate - Finished Spring Data repository scanning in 21 ms. Found 0 Redis repository interfaces.
26-07-28.20:48:27.008 [main            ] INFO  TomcatWebServer        - Tomcat initialized with port(s): 8080 (http)
26-07-28.20:48:27.016 [main            ] INFO  Http11NioProtocol      - Initializing ProtocolHandler ["http-nio-8080"]
26-07-28.20:48:27.016 [main            ] INFO  StandardService        - Starting service [Tomcat]
26-07-28.20:48:27.016 [main            ] INFO  StandardEngine         - Starting Servlet engine: [Apache Tomcat/9.0.75]
26-07-28.20:48:27.134 [main            ] INFO  [/]                    - Initializing Spring embedded WebApplicationContext
26-07-28.20:48:27.134 [main            ] INFO  ServletWebServerApplicationContext - Root WebApplicationContext: initialization completed in 1699 ms
26-07-28.20:48:28.017 [main            ] INFO  Version                - Redisson 3.26.0
26-07-28.20:48:33.047 [main            ] WARN  AnnotationConfigServletWebServerApplicationContext - Exception encountered during context initialization - cancelling refresh attempt: org.springframework.beans.factory.UnsatisfiedDependencyException: Error creating bean with name 'redisTemplate' defined in class path resource [org/redisson/spring/starter/RedissonAutoConfigurationV2.class]: Unsatisfied dependency expressed through method 'redisTemplate' parameter 0; nested exception is org.springframework.beans.factory.UnsatisfiedDependencyException: Error creating bean with name 'redissonConnectionFactory' defined in class path resource [org/redisson/spring/starter/RedissonAutoConfigurationV2.class]: Unsatisfied dependency expressed through method 'redissonConnectionFactory' parameter 0; nested exception is org.springframework.beans.factory.BeanCreationException: Error creating bean with name 'redisson' defined in class path resource [org/redisson/spring/starter/RedissonAutoConfigurationV2.class]: Bean instantiation via factory method failed; nested exception is org.springframework.beans.BeanInstantiationException: Failed to instantiate [org.redisson.api.RedissonClient]: Factory method 'redisson' threw exception; nested exception is org.redisson.client.RedisConnectionException: java.util.concurrent.ExecutionException: org.redisson.client.RedisConnectionException: Unable to connect to Redis server: localhost/127.0.0.1:6379
26-07-28.20:48:33.050 [main            ] INFO  StandardService        - Stopping service [Tomcat]
26-07-28.20:48:33.062 [main            ] INFO  ConditionEvaluationReportLoggingListener - 

Error starting ApplicationContext. To display the conditions report re-run your application with 'debug' enabled.
26-07-28.20:48:33.079 [main            ] ERROR SpringApplication      - Application run failed
org.springframework.beans.factory.UnsatisfiedDependencyException: Error creating bean with name 'redisTemplate' defined in class path resource [org/redisson/spring/starter/RedissonAutoConfigurationV2.class]: Unsatisfied dependency expressed through method 'redisTemplate' parameter 0; nested exception is org.springframework.beans.factory.UnsatisfiedDependencyException: Error creating bean with name 'redissonConnectionFactory' defined in class path resource [org/redisson/spring/starter/RedissonAutoConfigurationV2.class]: Unsatisfied dependency expressed through method 'redissonConnectionFactory' parameter 0; nested exception is org.springframework.beans.factory.BeanCreationException: Error creating bean with name 'redisson' defined in class path resource [org/redisson/spring/starter/RedissonAutoConfigurationV2.class]: Bean instantiation via factory method failed; nested exception is org.springframework.beans.BeanInstantiationException: Failed to instantiate [org.redisson.api.RedissonClient]: Factory method 'redisson' threw exception; nested exception is org.redisson.client.RedisConnectionException: java.util.concurrent.ExecutionException: org.redisson.client.RedisConnectionException: Unable to connect to Redis server: localhost/127.0.0.1:6379
	at org.springframework.beans.factory.support.ConstructorResolver.createArgumentArray(ConstructorResolver.java:800)
	at org.springframework.beans.factory.support.ConstructorResolver.instantiateUsingFactoryMethod(ConstructorResolver.java:541)
	at org.springframework.beans.factory.support.AbstractAutowireCapableBeanFactory.instantiateUsingFactoryMethod(AbstractAutowireCapableBeanFactory.java:1352)
	at org.springframework.beans.factory.support.AbstractAutowireCapableBeanFactory.createBeanInstance(AbstractAutowireCapableBeanFactory.java:1195)
	at org.springframework.beans.factory.support.AbstractAutowireCapableBeanFactory.doCreateBean(AbstractAutowireCapableBeanFactory.java:582)
	at org.springframework.beans.factory.support.AbstractAutowireCapableBeanFactory.createBean(AbstractAutowireCapableBeanFactory.java:542)
	at org.springframework.beans.factory.support.AbstractBeanFactory.lambda$doGetBean$0(AbstractBeanFactory.java:335)
	at org.springframework.beans.factory.support.DefaultSingletonBeanRegistry.getSingleton(DefaultSingletonBeanRegistry.java:234)
	at org.springframework.beans.factory.support.AbstractBeanFactory.doGetBean(AbstractBeanFactory.java:333)
	at org.springframework.beans.factory.support.AbstractBeanFactory.getBean(AbstractBeanFactory.java:208)
	at org.springframework.beans.factory.support.DefaultListableBeanFactory.preInstantiateSingletons(DefaultListableBeanFactory.java:955)
	at org.springframework.context.support.AbstractApplicationContext.finishBeanFactoryInitialization(AbstractApplicationContext.java:920)
	at org.springframework.context.support.AbstractApplicationContext.refresh(AbstractApplicationContext.java:583)
	at org.springframework.boot.web.servlet.context.ServletWebServerApplicationContext.refresh(ServletWebServerApplicationContext.java:147)
	at org.springframework.boot.SpringApplication.refresh(SpringApplication.java:731)
	at org.springframework.boot.SpringApplication.refreshContext(SpringApplication.java:408)
	at org.springframework.boot.SpringApplication.run(SpringApplication.java:307)
	at org.springframework.boot.SpringApplication.run(SpringApplication.java:1303)
	at org.springframework.boot.SpringApplication.run(SpringApplication.java:1292)
	at cn.bugstack.Application.main(Application.java:14)
Caused by: org.springframework.beans.factory.UnsatisfiedDependencyException: Error creating bean with name 'redissonConnectionFactory' defined in class path resource [org/redisson/spring/starter/RedissonAutoConfigurationV2.class]: Unsatisfied dependency expressed through method 'redissonConnectionFactory' parameter 0; nested exception is org.springframework.beans.factory.BeanCreationException: Error creating bean with name 'redisson' defined in class path resource [org/redisson/spring/starter/RedissonAutoConfigurationV2.class]: Bean instantiation via factory method failed; nested exception is org.springframework.beans.BeanInstantiationException: Failed to instantiate [org.redisson.api.RedissonClient]: Factory method 'redisson' threw exception; nested exception is org.redisson.client.RedisConnectionException: java.util.concurrent.ExecutionException: org.redisson.client.RedisConnectionException: Unable to connect to Redis server: localhost/127.0.0.1:6379
	at org.springframework.beans.factory.support.ConstructorResolver.createArgumentArray(ConstructorResolver.java:800)
	at org.springframework.beans.factory.support.ConstructorResolver.instantiateUsingFactoryMethod(ConstructorResolver.java:541)
	at org.springframework.beans.factory.support.AbstractAutowireCapableBeanFactory.instantiateUsingFactoryMethod(AbstractAutowireCapableBeanFactory.java:1352)
	at org.springframework.beans.factory.support.AbstractAutowireCapableBeanFactory.createBeanInstance(AbstractAutowireCapableBeanFactory.java:1195)
	at org.springframework.beans.factory.support.AbstractAutowireCapableBeanFactory.doCreateBean(AbstractAutowireCapableBeanFactory.java:582)
	at org.springframework.beans.factory.support.AbstractAutowireCapableBeanFactory.createBean(AbstractAutowireCapableBeanFactory.java:542)
	at org.springframework.beans.factory.support.AbstractBeanFactory.lambda$doGetBean$0(AbstractBeanFactory.java:335)
	at org.springframework.beans.factory.support.DefaultSingletonBeanRegistry.getSingleton(DefaultSingletonBeanRegistry.java:234)
	at org.springframework.beans.factory.support.AbstractBeanFactory.doGetBean(AbstractBeanFactory.java:333)
	at org.springframework.beans.factory.support.AbstractBeanFactory.getBean(AbstractBeanFactory.java:208)
	at org.springframework.beans.factory.config.DependencyDescriptor.resolveCandidate(DependencyDescriptor.java:276)
	at org.springframework.beans.factory.support.DefaultListableBeanFactory.doResolveDependency(DefaultListableBeanFactory.java:1391)
	at org.springframework.beans.factory.support.DefaultListableBeanFactory.resolveDependency(DefaultListableBeanFactory.java:1311)
	at org.springframework.beans.factory.support.ConstructorResolver.resolveAutowiredArgument(ConstructorResolver.java:887)
	at org.springframework.beans.factory.support.ConstructorResolver.createArgumentArray(ConstructorResolver.java:791)
	... 19 common frames omitted
Caused by: org.springframework.beans.factory.BeanCreationException: Error creating bean with name 'redisson' defined in class path resource [org/redisson/spring/starter/RedissonAutoConfigurationV2.class]: Bean instantiation via factory method failed; nested exception is org.springframework.beans.BeanInstantiationException: Failed to instantiate [org.redisson.api.RedissonClient]: Factory method 'redisson' threw exception; nested exception is org.redisson.client.RedisConnectionException: java.util.concurrent.ExecutionException: org.redisson.client.RedisConnectionException: Unable to connect to Redis server: localhost/127.0.0.1:6379
	at org.springframework.beans.factory.support.ConstructorResolver.instantiate(ConstructorResolver.java:658)
	at org.springframework.beans.factory.support.ConstructorResolver.instantiateUsingFactoryMethod(ConstructorResolver.java:486)
	at org.springframework.beans.factory.support.AbstractAutowireCapableBeanFactory.instantiateUsingFactoryMethod(AbstractAutowireCapableBeanFactory.java:1352)
	at org.springframework.beans.factory.support.AbstractAutowireCapableBeanFactory.createBeanInstance(AbstractAutowireCapableBeanFactory.java:1195)
	at org.springframework.beans.factory.support.AbstractAutowireCapableBeanFactory.doCreateBean(AbstractAutowireCapableBeanFactory.java:582)
	at org.springframework.beans.factory.support.AbstractAutowireCapableBeanFactory.createBean(AbstractAutowireCapableBeanFactory.java:542)
	at org.springframework.beans.factory.support.AbstractBeanFactory.lambda$doGetBean$0(AbstractBeanFactory.java:335)
	at org.springframework.beans.factory.support.DefaultSingletonBeanRegistry.getSingleton(DefaultSingletonBeanRegistry.java:234)
	at org.springframework.beans.factory.support.AbstractBeanFactory.doGetBean(AbstractBeanFactory.java:333)
	at org.springframework.beans.factory.support.AbstractBeanFactory.getBean(AbstractBeanFactory.java:208)
	at org.springframework.beans.factory.config.DependencyDescriptor.resolveCandidate(DependencyDescriptor.java:276)
	at org.springframework.beans.factory.support.DefaultListableBeanFactory.doResolveDependency(DefaultListableBeanFactory.java:1391)
	at org.springframework.beans.factory.support.DefaultListableBeanFactory.resolveDependency(DefaultListableBeanFactory.java:1311)
	at org.springframework.beans.factory.support.ConstructorResolver.resolveAutowiredArgument(ConstructorResolver.java:887)
	at org.springframework.beans.factory.support.ConstructorResolver.createArgumentArray(ConstructorResolver.java:791)
	... 33 common frames omitted
Caused by: org.springframework.beans.BeanInstantiationException: Failed to instantiate [org.redisson.api.RedissonClient]: Factory method 'redisson' threw exception; nested exception is org.redisson.client.RedisConnectionException: java.util.concurrent.ExecutionException: org.redisson.client.RedisConnectionException: Unable to connect to Redis server: localhost/127.0.0.1:6379
	at org.springframework.beans.factory.support.SimpleInstantiationStrategy.instantiate(SimpleInstantiationStrategy.java:185)
	at org.springframework.beans.factory.support.ConstructorResolver.instantiate(ConstructorResolver.java:653)
	... 47 common frames omitted
Caused by: org.redisson.client.RedisConnectionException: java.util.concurrent.ExecutionException: org.redisson.client.RedisConnectionException: Unable to connect to Redis server: localhost/127.0.0.1:6379
	at org.redisson.connection.MasterSlaveConnectionManager.doConnect(MasterSlaveConnectionManager.java:229)
	at org.redisson.connection.MasterSlaveConnectionManager.connect(MasterSlaveConnectionManager.java:196)
	at org.redisson.config.ConfigSupport.createConnectionManager(ConfigSupport.java:220)
	at org.redisson.Redisson.<init>(Redisson.java:71)
	at org.redisson.Redisson.create(Redisson.java:116)
	at org.redisson.spring.starter.RedissonAutoConfiguration.redisson(RedissonAutoConfiguration.java:330)
	at java.base/jdk.internal.reflect.NativeMethodAccessorImpl.invoke0(Native Method)
	at java.base/jdk.internal.reflect.NativeMethodAccessorImpl.invoke(NativeMethodAccessorImpl.java:62)
	at java.base/jdk.internal.reflect.DelegatingMethodAccessorImpl.invoke(DelegatingMethodAccessorImpl.java:43)
	at java.base/java.lang.reflect.Method.invoke(Method.java:566)
	at org.springframework.beans.factory.support.SimpleInstantiationStrategy.instantiate(SimpleInstantiationStrategy.java:154)
	... 48 common frames omitted
Caused by: java.util.concurrent.ExecutionException: org.redisson.client.RedisConnectionException: Unable to connect to Redis server: localhost/127.0.0.1:6379
	at java.base/java.util.concurrent.CompletableFuture.reportGet(CompletableFuture.java:395)
	at java.base/java.util.concurrent.CompletableFuture.get(CompletableFuture.java:2028)
	at org.redisson.connection.MasterSlaveConnectionManager.doConnect(MasterSlaveConnectionManager.java:225)
	... 58 common frames omitted
Caused by: org.redisson.client.RedisConnectionException: Unable to connect to Redis server: localhost/127.0.0.1:6379
	at org.redisson.connection.ConnectionsHolder.lambda$createConnection$1(ConnectionsHolder.java:183)
	at java.base/java.util.concurrent.CompletableFuture.uniWhenComplete(CompletableFuture.java:859)
	at java.base/java.util.concurrent.CompletableFuture$UniWhenComplete.tryFire(CompletableFuture.java:837)
	at java.base/java.util.concurrent.CompletableFuture.postComplete(CompletableFuture.java:506)
	at java.base/java.util.concurrent.CompletableFuture.completeExceptionally(CompletableFuture.java:2094)
	at org.redisson.connection.ConnectionsHolder.promiseFailure(ConnectionsHolder.java:218)
	at org.redisson.connection.ConnectionsHolder.lambda$createConnection$4(ConnectionsHolder.java:204)
	at java.base/java.util.concurrent.CompletableFuture.uniWhenComplete(CompletableFuture.java:859)
	at java.base/java.util.concurrent.CompletableFuture$UniWhenComplete.tryFire(CompletableFuture.java:837)
	at java.base/java.util.concurrent.CompletableFuture.postComplete(CompletableFuture.java:506)
	at java.base/java.util.concurrent.CompletableFuture.completeExceptionally(CompletableFuture.java:2094)
	at org.redisson.client.RedisClient$1$2.run(RedisClient.java:308)
	at io.netty.util.concurrent.AbstractEventExecutor.runTask(AbstractEventExecutor.java:174)
	at io.netty.util.concurrent.AbstractEventExecutor.safeExecute(AbstractEventExecutor.java:167)
	at io.netty.util.concurrent.SingleThreadEventExecutor.runAllTasks(SingleThreadEventExecutor.java:470)
	at io.netty.channel.nio.NioEventLoop.run(NioEventLoop.java:569)
	at io.netty.util.concurrent.SingleThreadEventExecutor$4.run(SingleThreadEventExecutor.java:997)
	at io.netty.util.internal.ThreadExecutorMap$2.run(ThreadExecutorMap.java:74)
	at io.netty.util.concurrent.FastThreadLocalRunnable.run(FastThreadLocalRunnable.java:30)
	at java.base/java.lang.Thread.run(Thread.java:829)
Caused by: java.util.concurrent.CompletionException: io.netty.channel.AbstractChannel$AnnotatedConnectException: Connection refused: no further information: localhost/127.0.0.1:6379
	at java.base/java.util.concurrent.CompletableFuture.encodeRelay(CompletableFuture.java:367)
	at java.base/java.util.concurrent.CompletableFuture.completeRelay(CompletableFuture.java:376)
	at java.base/java.util.concurrent.CompletableFuture$UniRelay.tryFire(CompletableFuture.java:1019)
	... 11 common frames omitted
Caused by: io.netty.channel.AbstractChannel$AnnotatedConnectException: Connection refused: no further information: localhost/127.0.0.1:6379
Caused by: java.net.ConnectException: Connection refused: no further information
	at java.base/sun.nio.ch.SocketChannelImpl.checkConnect(Native Method)
	at java.base/sun.nio.ch.SocketChannelImpl.finishConnect(SocketChannelImpl.java:777)
	at io.netty.channel.socket.nio.NioSocketChannel.doFinishConnect(NioSocketChannel.java:337)
	at io.netty.channel.nio.AbstractNioChannel$AbstractNioUnsafe.finishConnect(AbstractNioChannel.java:334)
	at io.netty.channel.nio.NioEventLoop.processSelectedKey(NioEventLoop.java:776)
	at io.netty.channel.nio.NioEventLoop.processSelectedKeysOptimized(NioEventLoop.java:724)
	at io.netty.channel.nio.NioEventLoop.processSelectedKeys(NioEventLoop.java:650)
	at io.netty.channel.nio.NioEventLoop.run(NioEventLoop.java:562)
	at io.netty.util.concurrent.SingleThreadEventExecutor$4.run(SingleThreadEventExecutor.java:997)
	at io.netty.util.internal.ThreadExecutorMap$2.run(ThreadExecutorMap.java:74)
	at io.netty.util.concurrent.FastThreadLocalRunnable.run(FastThreadLocalRunnable.java:30)
	at java.base/java.lang.Thread.run(Thread.java:829)
26-07-28.20:50:03.256 [main            ] INFO  Application            - Starting Application using Java 11.0.31 on ASUS with PID 23524 (D:\code\s-pay-mall-ddd-cc\s-pay-mall-ddd-app\target\classes started by 13267 in D:\code\s-pay-mall-ddd-cc)
26-07-28.20:50:03.258 [main            ] INFO  Application            - The following 1 profile is active: "dev"
26-07-28.20:50:03.912 [main            ] INFO  RepositoryConfigurationDelegate - Multiple Spring Data modules found, entering strict repository configuration mode
26-07-28.20:50:03.914 [main            ] INFO  RepositoryConfigurationDelegate - Bootstrapping Spring Data Redis repositories in DEFAULT mode.
26-07-28.20:50:03.942 [main            ] INFO  RepositoryConfigurationDelegate - Finished Spring Data repository scanning in 18 ms. Found 0 Redis repository interfaces.
26-07-28.20:50:04.611 [main            ] INFO  TomcatWebServer        - Tomcat initialized with port(s): 8080 (http)
26-07-28.20:50:04.618 [main            ] INFO  Http11NioProtocol      - Initializing ProtocolHandler ["http-nio-8080"]
26-07-28.20:50:04.618 [main            ] INFO  StandardService        - Starting service [Tomcat]
26-07-28.20:50:04.618 [main            ] INFO  StandardEngine         - Starting Servlet engine: [Apache Tomcat/9.0.75]
26-07-28.20:50:04.720 [main            ] INFO  [/]                    - Initializing Spring embedded WebApplicationContext
26-07-28.20:50:04.720 [main            ] INFO  ServletWebServerApplicationContext - Root WebApplicationContext: initialization completed in 1430 ms
26-07-28.20:50:05.447 [main            ] INFO  Version                - Redisson 3.26.0
26-07-28.20:50:05.907 [redisson-netty-1-5] INFO  ConnectionsHolder      - 1 connections initialized for localhost/127.0.0.1:6379
26-07-28.20:50:05.978 [redisson-netty-1-20] INFO  ConnectionsHolder      - 24 connections initialized for localhost/127.0.0.1:6379
26-07-28.20:50:06.269 [main            ] INFO  EndpointLinksResolver  - Exposing 1 endpoint(s) beneath base path '/actuator'
26-07-28.20:50:06.282 [main            ] INFO  Http11NioProtocol      - Starting ProtocolHandler ["http-nio-8080"]
26-07-28.20:50:06.290 [main            ] INFO  TomcatWebServer        - Tomcat started on port(s): 8080 (http) with context path ''
26-07-28.20:50:06.304 [main            ] INFO  Application            - Started Application in 3.419 seconds (JVM running for 3.769)
26-07-28.20:50:09.027 [scheduling-1    ] INFO  HikariDataSource       - HikariPool-1 - Starting...
26-07-28.20:50:09.236 [scheduling-1    ] INFO  HikariDataSource       - HikariPool-1 - Start completed.
26-07-28.20:50:17.110 [http-nio-8080-exec-2] INFO  [/]                    - Initializing Spring DispatcherServlet 'dispatcherServlet'
26-07-28.20:50:17.110 [http-nio-8080-exec-2] INFO  DispatcherServlet      - Initializing Servlet 'dispatcherServlet'
26-07-28.20:50:17.112 [http-nio-8080-exec-2] INFO  DispatcherServlet      - Completed initialization in 2 ms
26-07-28.20:50:17.237 [http-nio-8080-exec-2] ERROR [dispatcherServlet]    - Servlet.service() for servlet [dispatcherServlet] in context with path [] threw exception [Request processing failed; nested exception is org.springframework.dao.DataIntegrityViolationException: 
### Error updating database.  Cause: java.sql.SQLIntegrityConstraintViolationException: Column 'is_del' cannot be null
### The error may exist in file [D:\code\s-pay-mall-ddd-cc\s-pay-mall-ddd-app\target\classes\mybatis\mapper\product_mapper.xml]
### The error may involve cn.bugstack.infrastructure.dao.IProductDao.insert-Inline
### The error occurred while setting parameters
### SQL: insert into product         (name, description, sku, category_id, status, price, is_del, create_time, update_time)         values         (?, ?, ?, ?, ?, ?, ?, now(), now())
### Cause: java.sql.SQLIntegrityConstraintViolationException: Column 'is_del' cannot be null
; Column 'is_del' cannot be null; nested exception is java.sql.SQLIntegrityConstraintViolationException: Column 'is_del' cannot be null] with root cause
java.sql.SQLIntegrityConstraintViolationException: Column 'is_del' cannot be null
	at com.mysql.cj.jdbc.exceptions.SQLError.createSQLException(SQLError.java:117)
	at com.mysql.cj.jdbc.exceptions.SQLError.createSQLException(SQLError.java:97)
	at com.mysql.cj.jdbc.exceptions.SQLExceptionsMapping.translateException(SQLExceptionsMapping.java:122)
	at com.mysql.cj.jdbc.ClientPreparedStatement.executeInternal(ClientPreparedStatement.java:953)
	at com.mysql.cj.jdbc.ClientPreparedStatement.execute(ClientPreparedStatement.java:370)
	at com.zaxxer.hikari.pool.ProxyPreparedStatement.execute(ProxyPreparedStatement.java:44)
	at com.zaxxer.hikari.pool.HikariProxyPreparedStatement.execute(HikariProxyPreparedStatement.java)
	at org.apache.ibatis.executor.statement.PreparedStatementHandler.update(PreparedStatementHandler.java:47)
	at org.apache.ibatis.executor.statement.RoutingStatementHandler.update(RoutingStatementHandler.java:74)
	at org.apache.ibatis.executor.SimpleExecutor.doUpdate(SimpleExecutor.java:50)
	at org.apache.ibatis.executor.BaseExecutor.update(BaseExecutor.java:117)
	at org.apache.ibatis.executor.CachingExecutor.update(CachingExecutor.java:76)
	at org.apache.ibatis.session.defaults.DefaultSqlSession.update(DefaultSqlSession.java:197)
	at org.apache.ibatis.session.defaults.DefaultSqlSession.insert(DefaultSqlSession.java:184)
	at java.base/jdk.internal.reflect.NativeMethodAccessorImpl.invoke0(Native Method)
	at java.base/jdk.internal.reflect.NativeMethodAccessorImpl.invoke(NativeMethodAccessorImpl.java:62)
	at java.base/jdk.internal.reflect.DelegatingMethodAccessorImpl.invoke(DelegatingMethodAccessorImpl.java:43)
	at java.base/java.lang.reflect.Method.invoke(Method.java:566)
	at org.mybatis.spring.SqlSessionTemplate$SqlSessionInterceptor.invoke(SqlSessionTemplate.java:427)
	at com.sun.proxy.$Proxy89.insert(Unknown Source)
	at org.mybatis.spring.SqlSessionTemplate.insert(SqlSessionTemplate.java:272)
	at org.apache.ibatis.binding.MapperMethod.execute(MapperMethod.java:62)
	at org.apache.ibatis.binding.MapperProxy$PlainMethodInvoker.invoke(MapperProxy.java:152)
	at org.apache.ibatis.binding.MapperProxy.invoke(MapperProxy.java:85)
	at com.sun.proxy.$Proxy99.insert(Unknown Source)
	at cn.bugstack.infrastructure.repository.ProductRepository.save(ProductRepository.java:35)
	at cn.bugstack.infrastructure.repository.ProductRepository$$FastClassBySpringCGLIB$$84f9e789.invoke(<generated>)
	at org.springframework.cglib.proxy.MethodProxy.invoke(MethodProxy.java:218)
	at org.springframework.aop.framework.CglibAopProxy$CglibMethodInvocation.invokeJoinpoint(CglibAopProxy.java:793)
	at org.springframework.aop.framework.ReflectiveMethodInvocation.proceed(ReflectiveMethodInvocation.java:163)
	at org.springframework.aop.framework.CglibAopProxy$CglibMethodInvocation.proceed(CglibAopProxy.java:763)
	at org.springframework.dao.support.PersistenceExceptionTranslationInterceptor.invoke(PersistenceExceptionTranslationInterceptor.java:137)
	at org.springframework.aop.framework.ReflectiveMethodInvocation.proceed(ReflectiveMethodInvocation.java:186)
	at org.springframework.aop.framework.CglibAopProxy$CglibMethodInvocation.proceed(CglibAopProxy.java:763)
	at org.springframework.aop.framework.CglibAopProxy$DynamicAdvisedInterceptor.intercept(CglibAopProxy.java:708)
	at cn.bugstack.infrastructure.repository.ProductRepository$$EnhancerBySpringCGLIB$$b28e9cb1.save(<generated>)
	at cn.bugstack.domain.product.service.ProductService.addNewProduct(ProductService.java:20)
	at cn.bugstack.trigger.http.ProductController.add(ProductController.java:30)
	at java.base/jdk.internal.reflect.NativeMethodAccessorImpl.invoke0(Native Method)
	at java.base/jdk.internal.reflect.NativeMethodAccessorImpl.invoke(NativeMethodAccessorImpl.java:62)
	at java.base/jdk.internal.reflect.DelegatingMethodAccessorImpl.invoke(DelegatingMethodAccessorImpl.java:43)
	at java.base/java.lang.reflect.Method.invoke(Method.java:566)
	at org.springframework.web.method.support.InvocableHandlerMethod.doInvoke(InvocableHandlerMethod.java:205)
	at org.springframework.web.method.support.InvocableHandlerMethod.invokeForRequest(InvocableHandlerMethod.java:150)
	at org.springframework.web.servlet.mvc.method.annotation.ServletInvocableHandlerMethod.invokeAndHandle(ServletInvocableHandlerMethod.java:117)
	at org.springframework.web.servlet.mvc.method.annotation.RequestMappingHandlerAdapter.invokeHandlerMethod(RequestMappingHandlerAdapter.java:895)
	at org.springframework.web.servlet.mvc.method.annotation.RequestMappingHandlerAdapter.handleInternal(RequestMappingHandlerAdapter.java:808)
	at org.springframework.web.servlet.mvc.method.AbstractHandlerMethodAdapter.handle(AbstractHandlerMethodAdapter.java:87)
	at org.springframework.web.servlet.DispatcherServlet.doDispatch(DispatcherServlet.java:1072)
	at org.springframework.web.servlet.DispatcherServlet.doService(DispatcherServlet.java:965)
	at org.springframework.web.servlet.FrameworkServlet.processRequest(FrameworkServlet.java:1006)
	at org.springframework.web.servlet.FrameworkServlet.doPost(FrameworkServlet.java:909)
	at javax.servlet.http.HttpServlet.service(HttpServlet.java:555)
	at org.springframework.web.servlet.FrameworkServlet.service(FrameworkServlet.java:883)
	at javax.servlet.http.HttpServlet.service(HttpServlet.java:623)
	at org.apache.catalina.core.ApplicationFilterChain.internalDoFilter(ApplicationFilterChain.java:209)
	at org.apache.catalina.core.ApplicationFilterChain.doFilter(ApplicationFilterChain.java:153)
	at org.apache.tomcat.websocket.server.WsFilter.doFilter(WsFilter.java:51)
	at org.apache.catalina.core.ApplicationFilterChain.internalDoFilter(ApplicationFilterChain.java:178)
	at org.apache.catalina.core.ApplicationFilterChain.doFilter(ApplicationFilterChain.java:153)
	at org.springframework.web.filter.RequestContextFilter.doFilterInternal(RequestContextFilter.java:100)
	at org.springframework.web.filter.OncePerRequestFilter.doFilter(OncePerRequestFilter.java:117)
	at org.apache.catalina.core.ApplicationFilterChain.internalDoFilter(ApplicationFilterChain.java:178)
	at org.apache.catalina.core.ApplicationFilterChain.doFilter(ApplicationFilterChain.java:153)
	at org.springframework.web.filter.FormContentFilter.doFilterInternal(FormContentFilter.java:93)
	at org.springframework.web.filter.OncePerRequestFilter.doFilter(OncePerRequestFilter.java:117)
	at org.apache.catalina.core.ApplicationFilterChain.internalDoFilter(ApplicationFilterChain.java:178)
	at org.apache.catalina.core.ApplicationFilterChain.doFilter(ApplicationFilterChain.java:153)
	at org.springframework.boot.actuate.metrics.web.servlet.WebMvcMetricsFilter.doFilterInternal(WebMvcMetricsFilter.java:96)
	at org.springframework.web.filter.OncePerRequestFilter.doFilter(OncePerRequestFilter.java:117)
	at org.apache.catalina.core.ApplicationFilterChain.internalDoFilter(ApplicationFilterChain.java:178)
	at org.apache.catalina.core.ApplicationFilterChain.doFilter(ApplicationFilterChain.java:153)
	at org.springframework.web.filter.CharacterEncodingFilter.doFilterInternal(CharacterEncodingFilter.java:201)
	at org.springframework.web.filter.OncePerRequestFilter.doFilter(OncePerRequestFilter.java:117)
	at org.apache.catalina.core.ApplicationFilterChain.internalDoFilter(ApplicationFilterChain.java:178)
	at org.apache.catalina.core.ApplicationFilterChain.doFilter(ApplicationFilterChain.java:153)
	at org.apache.catalina.core.StandardWrapperValve.invoke(StandardWrapperValve.java:167)
	at org.apache.catalina.core.StandardContextValve.invoke(StandardContextValve.java:90)
	at org.apache.catalina.authenticator.AuthenticatorBase.invoke(AuthenticatorBase.java:481)
	at org.apache.catalina.core.StandardHostValve.invoke(StandardHostValve.java:130)
	at org.apache.catalina.valves.ErrorReportValve.invoke(ErrorReportValve.java:93)
	at org.apache.catalina.core.StandardEngineValve.invoke(StandardEngineValve.java:74)
	at org.apache.catalina.connector.CoyoteAdapter.service(CoyoteAdapter.java:343)
	at org.apache.coyote.http11.Http11Processor.service(Http11Processor.java:390)
	at org.apache.coyote.AbstractProcessorLight.process(AbstractProcessorLight.java:63)
	at org.apache.coyote.AbstractProtocol$ConnectionHandler.process(AbstractProtocol.java:926)
	at org.apache.tomcat.util.net.NioEndpoint$SocketProcessor.doRun(NioEndpoint.java:1791)
	at org.apache.tomcat.util.net.SocketProcessorBase.run(SocketProcessorBase.java:52)
	at org.apache.tomcat.util.threads.ThreadPoolExecutor.runWorker(ThreadPoolExecutor.java:1191)
	at org.apache.tomcat.util.threads.ThreadPoolExecutor$Worker.run(ThreadPoolExecutor.java:659)
	at org.apache.tomcat.util.threads.TaskThread$WrappingRunnable.run(TaskThread.java:61)
	at java.base/java.lang.Thread.run(Thread.java:829)
26-07-28.21:00:00.016 [scheduling-1    ] INFO  TimeoutCloseOrderJob   - 定时任务，超时30分钟订单关闭，暂无超时未支付订单 orderIds is null
26-07-28.21:05:40.491 [SpringApplicationShutdownHook] INFO  HikariDataSource       - HikariPool-1 - Shutdown initiated...
26-07-28.21:05:40.502 [SpringApplicationShutdownHook] INFO  HikariDataSource       - HikariPool-1 - Shutdown completed.
26-07-28.21:06:42.007 [main            ] INFO  Application            - Starting Application using Java 11.0.31 on ASUS with PID 31432 (D:\code\s-pay-mall-ddd-cc\s-pay-mall-ddd-app\target\classes started by 13267 in D:\code\s-pay-mall-ddd-cc)
26-07-28.21:06:42.011 [main            ] INFO  Application            - The following 1 profile is active: "dev"
26-07-28.21:06:42.764 [main            ] INFO  RepositoryConfigurationDelegate - Multiple Spring Data modules found, entering strict repository configuration mode
26-07-28.21:06:42.765 [main            ] INFO  RepositoryConfigurationDelegate - Bootstrapping Spring Data Redis repositories in DEFAULT mode.
26-07-28.21:06:42.798 [main            ] INFO  RepositoryConfigurationDelegate - Finished Spring Data repository scanning in 22 ms. Found 0 Redis repository interfaces.
26-07-28.21:06:43.575 [main            ] INFO  TomcatWebServer        - Tomcat initialized with port(s): 8080 (http)
26-07-28.21:06:43.583 [main            ] INFO  Http11NioProtocol      - Initializing ProtocolHandler ["http-nio-8080"]
26-07-28.21:06:43.584 [main            ] INFO  StandardService        - Starting service [Tomcat]
26-07-28.21:06:43.584 [main            ] INFO  StandardEngine         - Starting Servlet engine: [Apache Tomcat/9.0.75]
26-07-28.21:06:43.704 [main            ] INFO  [/]                    - Initializing Spring embedded WebApplicationContext
26-07-28.21:06:43.704 [main            ] INFO  ServletWebServerApplicationContext - Root WebApplicationContext: initialization completed in 1660 ms
26-07-28.21:06:44.548 [main            ] INFO  Version                - Redisson 3.26.0
26-07-28.21:06:45.081 [redisson-netty-1-5] INFO  ConnectionsHolder      - 1 connections initialized for localhost/127.0.0.1:6379
26-07-28.21:06:45.155 [redisson-netty-1-20] INFO  ConnectionsHolder      - 24 connections initialized for localhost/127.0.0.1:6379
26-07-28.21:06:45.437 [main            ] INFO  EndpointLinksResolver  - Exposing 1 endpoint(s) beneath base path '/actuator'
26-07-28.21:06:45.453 [main            ] INFO  Http11NioProtocol      - Starting ProtocolHandler ["http-nio-8080"]
26-07-28.21:06:45.460 [main            ] INFO  TomcatWebServer        - Tomcat started on port(s): 8080 (http) with context path ''
26-07-28.21:06:45.473 [main            ] INFO  Application            - Started Application in 3.926 seconds (JVM running for 4.333)
26-07-28.21:06:48.024 [scheduling-1    ] INFO  HikariDataSource       - HikariPool-1 - Starting...
26-07-28.21:06:48.204 [scheduling-1    ] INFO  HikariDataSource       - HikariPool-1 - Start completed.
26-07-28.21:06:52.973 [http-nio-8080-exec-2] INFO  [/]                    - Initializing Spring DispatcherServlet 'dispatcherServlet'
26-07-28.21:06:52.973 [http-nio-8080-exec-2] INFO  DispatcherServlet      - Initializing Servlet 'dispatcherServlet'
26-07-28.21:06:52.975 [http-nio-8080-exec-2] INFO  DispatcherServlet      - Completed initialization in 1 ms
26-07-28.21:10:00.014 [scheduling-1    ] INFO  TimeoutCloseOrderJob   - 定时任务，超时30分钟订单关闭，暂无超时未支付订单 orderIds is null
26-07-28.21:13:29.717 [SpringApplicationShutdownHook] INFO  HikariDataSource       - HikariPool-1 - Shutdown initiated...
26-07-28.21:13:29.729 [SpringApplicationShutdownHook] INFO  HikariDataSource       - HikariPool-1 - Shutdown completed.
26-07-28.21:13:33.473 [main            ] INFO  Application            - Starting Application using Java 11.0.31 on ASUS with PID 28764 (D:\code\s-pay-mall-ddd-cc\s-pay-mall-ddd-app\target\classes started by 13267 in D:\code\s-pay-mall-ddd-cc)
26-07-28.21:13:33.477 [main            ] INFO  Application            - The following 1 profile is active: "dev"
26-07-28.21:13:34.206 [main            ] INFO  RepositoryConfigurationDelegate - Multiple Spring Data modules found, entering strict repository configuration mode
26-07-28.21:13:34.209 [main            ] INFO  RepositoryConfigurationDelegate - Bootstrapping Spring Data Redis repositories in DEFAULT mode.
26-07-28.21:13:34.247 [main            ] INFO  RepositoryConfigurationDelegate - Finished Spring Data repository scanning in 24 ms. Found 0 Redis repository interfaces.
26-07-28.21:13:35.041 [main            ] INFO  TomcatWebServer        - Tomcat initialized with port(s): 8080 (http)
26-07-28.21:13:35.049 [main            ] INFO  Http11NioProtocol      - Initializing ProtocolHandler ["http-nio-8080"]
26-07-28.21:13:35.049 [main            ] INFO  StandardService        - Starting service [Tomcat]
26-07-28.21:13:35.049 [main            ] INFO  StandardEngine         - Starting Servlet engine: [Apache Tomcat/9.0.75]
26-07-28.21:13:35.171 [main            ] INFO  [/]                    - Initializing Spring embedded WebApplicationContext
26-07-28.21:13:35.171 [main            ] INFO  ServletWebServerApplicationContext - Root WebApplicationContext: initialization completed in 1661 ms
26-07-28.21:13:36.000 [main            ] INFO  Version                - Redisson 3.26.0
26-07-28.21:13:36.528 [redisson-netty-1-5] INFO  ConnectionsHolder      - 1 connections initialized for localhost/127.0.0.1:6379
26-07-28.21:13:36.596 [redisson-netty-1-20] INFO  ConnectionsHolder      - 24 connections initialized for localhost/127.0.0.1:6379
26-07-28.21:13:36.889 [main            ] INFO  EndpointLinksResolver  - Exposing 1 endpoint(s) beneath base path '/actuator'
26-07-28.21:13:36.904 [main            ] INFO  Http11NioProtocol      - Starting ProtocolHandler ["http-nio-8080"]
26-07-28.21:13:36.912 [main            ] INFO  TomcatWebServer        - Tomcat started on port(s): 8080 (http) with context path ''
26-07-28.21:13:36.924 [main            ] INFO  Application            - Started Application in 3.86 seconds (JVM running for 4.233)
26-07-28.21:13:39.020 [scheduling-1    ] INFO  HikariDataSource       - HikariPool-1 - Starting...
26-07-28.21:13:39.208 [scheduling-1    ] INFO  HikariDataSource       - HikariPool-1 - Start completed.
26-07-28.21:16:41.408 [SpringApplicationShutdownHook] INFO  HikariDataSource       - HikariPool-1 - Shutdown initiated...
26-07-28.21:16:41.420 [SpringApplicationShutdownHook] INFO  HikariDataSource       - HikariPool-1 - Shutdown completed.
26-07-28.21:16:59.572 [main            ] INFO  Application            - Starting Application using Java 11.0.31 on ASUS with PID 10472 (D:\code\s-pay-mall-ddd-cc\s-pay-mall-ddd-app\target\classes started by 13267 in D:\code\s-pay-mall-ddd-cc)
26-07-28.21:16:59.575 [main            ] INFO  Application            - The following 1 profile is active: "dev"
26-07-28.21:17:00.277 [main            ] INFO  RepositoryConfigurationDelegate - Multiple Spring Data modules found, entering strict repository configuration mode
26-07-28.21:17:00.278 [main            ] INFO  RepositoryConfigurationDelegate - Bootstrapping Spring Data Redis repositories in DEFAULT mode.
26-07-28.21:17:00.316 [main            ] INFO  RepositoryConfigurationDelegate - Finished Spring Data repository scanning in 24 ms. Found 0 Redis repository interfaces.
26-07-28.21:17:01.130 [main            ] INFO  TomcatWebServer        - Tomcat initialized with port(s): 8080 (http)
26-07-28.21:17:01.137 [main            ] INFO  Http11NioProtocol      - Initializing ProtocolHandler ["http-nio-8080"]
26-07-28.21:17:01.138 [main            ] INFO  StandardService        - Starting service [Tomcat]
26-07-28.21:17:01.138 [main            ] INFO  StandardEngine         - Starting Servlet engine: [Apache Tomcat/9.0.75]
26-07-28.21:17:01.258 [main            ] INFO  [/]                    - Initializing Spring embedded WebApplicationContext
26-07-28.21:17:01.258 [main            ] INFO  ServletWebServerApplicationContext - Root WebApplicationContext: initialization completed in 1652 ms
26-07-28.21:17:02.045 [main            ] INFO  Version                - Redisson 3.26.0
26-07-28.21:17:02.577 [redisson-netty-1-5] INFO  ConnectionsHolder      - 1 connections initialized for localhost/127.0.0.1:6379
26-07-28.21:17:02.639 [redisson-netty-1-20] INFO  ConnectionsHolder      - 24 connections initialized for localhost/127.0.0.1:6379
26-07-28.21:17:02.908 [main            ] INFO  EndpointLinksResolver  - Exposing 1 endpoint(s) beneath base path '/actuator'
26-07-28.21:17:02.921 [main            ] INFO  Http11NioProtocol      - Starting ProtocolHandler ["http-nio-8080"]
26-07-28.21:17:02.930 [main            ] INFO  TomcatWebServer        - Tomcat started on port(s): 8080 (http) with context path ''
26-07-28.21:17:02.943 [main            ] INFO  Application            - Started Application in 3.755 seconds (JVM running for 4.115)
26-07-28.21:17:03.018 [scheduling-1    ] INFO  HikariDataSource       - HikariPool-1 - Starting...
26-07-28.21:17:03.170 [scheduling-1    ] INFO  HikariDataSource       - HikariPool-1 - Start completed.
26-07-28.21:18:06.466 [SpringApplicationShutdownHook] INFO  HikariDataSource       - HikariPool-1 - Shutdown initiated...
26-07-28.21:18:06.478 [SpringApplicationShutdownHook] INFO  HikariDataSource       - HikariPool-1 - Shutdown completed.
26-07-28.21:18:09.646 [main            ] INFO  Application            - Starting Application using Java 11.0.31 on ASUS with PID 9052 (D:\code\s-pay-mall-ddd-cc\s-pay-mall-ddd-app\target\classes started by 13267 in D:\code\s-pay-mall-ddd-cc)
26-07-28.21:18:09.649 [main            ] INFO  Application            - The following 1 profile is active: "dev"
26-07-28.21:18:10.450 [main            ] INFO  RepositoryConfigurationDelegate - Multiple Spring Data modules found, entering strict repository configuration mode
26-07-28.21:18:10.453 [main            ] INFO  RepositoryConfigurationDelegate - Bootstrapping Spring Data Redis repositories in DEFAULT mode.
26-07-28.21:18:10.485 [main            ] INFO  RepositoryConfigurationDelegate - Finished Spring Data repository scanning in 20 ms. Found 0 Redis repository interfaces.
26-07-28.21:18:11.321 [main            ] INFO  TomcatWebServer        - Tomcat initialized with port(s): 8080 (http)
26-07-28.21:18:11.328 [main            ] INFO  Http11NioProtocol      - Initializing ProtocolHandler ["http-nio-8080"]
26-07-28.21:18:11.328 [main            ] INFO  StandardService        - Starting service [Tomcat]
26-07-28.21:18:11.328 [main            ] INFO  StandardEngine         - Starting Servlet engine: [Apache Tomcat/9.0.75]
26-07-28.21:18:11.447 [main            ] INFO  [/]                    - Initializing Spring embedded WebApplicationContext
26-07-28.21:18:11.447 [main            ] INFO  ServletWebServerApplicationContext - Root WebApplicationContext: initialization completed in 1762 ms
26-07-28.21:18:12.297 [main            ] INFO  Version                - Redisson 3.26.0
26-07-28.21:18:12.893 [redisson-netty-1-5] INFO  ConnectionsHolder      - 1 connections initialized for localhost/127.0.0.1:6379
26-07-28.21:18:13.005 [redisson-netty-1-20] INFO  ConnectionsHolder      - 24 connections initialized for localhost/127.0.0.1:6379
26-07-28.21:18:13.474 [main            ] INFO  EndpointLinksResolver  - Exposing 1 endpoint(s) beneath base path '/actuator'
26-07-28.21:18:13.495 [main            ] INFO  Http11NioProtocol      - Starting ProtocolHandler ["http-nio-8080"]
26-07-28.21:18:13.504 [main            ] INFO  TomcatWebServer        - Tomcat started on port(s): 8080 (http) with context path ''
26-07-28.21:18:13.517 [main            ] INFO  Application            - Started Application in 4.342 seconds (JVM running for 4.734)
26-07-28.21:18:15.040 [scheduling-1    ] INFO  HikariDataSource       - HikariPool-1 - Starting...
26-07-28.21:18:15.273 [scheduling-1    ] INFO  HikariDataSource       - HikariPool-1 - Start completed.
26-07-28.21:18:43.149 [http-nio-8080-exec-2] INFO  [/]                    - Initializing Spring DispatcherServlet 'dispatcherServlet'
26-07-28.21:18:43.149 [http-nio-8080-exec-2] INFO  DispatcherServlet      - Initializing Servlet 'dispatcherServlet'
26-07-28.21:18:43.151 [http-nio-8080-exec-2] INFO  DispatcherServlet      - Completed initialization in 2 ms
26-07-28.21:20:00.017 [scheduling-1    ] INFO  TimeoutCloseOrderJob   - 定时任务，超时30分钟订单关闭，暂无超时未支付订单 orderIds is null
26-07-28.21:30:00.009 [scheduling-1    ] INFO  TimeoutCloseOrderJob   - 定时任务，超时30分钟订单关闭，暂无超时未支付订单 orderIds is null
26-07-28.21:37:56.025 [SpringApplicationShutdownHook] INFO  HikariDataSource       - HikariPool-1 - Shutdown initiated...
26-07-28.21:37:56.043 [SpringApplicationShutdownHook] INFO  HikariDataSource       - HikariPool-1 - Shutdown completed.
26-07-28.21:38:00.041 [main            ] INFO  Application            - Starting Application using Java 11.0.31 on ASUS with PID 23720 (D:\code\s-pay-mall-ddd-cc\s-pay-mall-ddd-app\target\classes started by 13267 in D:\code\s-pay-mall-ddd-cc)
26-07-28.21:38:00.044 [main            ] INFO  Application            - The following 1 profile is active: "dev"
26-07-28.21:38:00.749 [main            ] INFO  RepositoryConfigurationDelegate - Multiple Spring Data modules found, entering strict repository configuration mode
26-07-28.21:38:00.750 [main            ] INFO  RepositoryConfigurationDelegate - Bootstrapping Spring Data Redis repositories in DEFAULT mode.
26-07-28.21:38:00.779 [main            ] INFO  RepositoryConfigurationDelegate - Finished Spring Data repository scanning in 18 ms. Found 0 Redis repository interfaces.
26-07-28.21:38:01.565 [main            ] INFO  TomcatWebServer        - Tomcat initialized with port(s): 8080 (http)
26-07-28.21:38:01.574 [main            ] INFO  Http11NioProtocol      - Initializing ProtocolHandler ["http-nio-8080"]
26-07-28.21:38:01.574 [main            ] INFO  StandardService        - Starting service [Tomcat]
26-07-28.21:38:01.574 [main            ] INFO  StandardEngine         - Starting Servlet engine: [Apache Tomcat/9.0.75]
26-07-28.21:38:01.699 [main            ] INFO  [/]                    - Initializing Spring embedded WebApplicationContext
26-07-28.21:38:01.699 [main            ] INFO  ServletWebServerApplicationContext - Root WebApplicationContext: initialization completed in 1620 ms
26-07-28.21:38:02.621 [main            ] INFO  Version                - Redisson 3.26.0
26-07-28.21:38:03.181 [redisson-netty-1-6] INFO  ConnectionsHolder      - 1 connections initialized for localhost/127.0.0.1:6379
26-07-28.21:38:03.274 [redisson-netty-1-20] INFO  ConnectionsHolder      - 24 connections initialized for localhost/127.0.0.1:6379
26-07-28.21:38:03.607 [main            ] INFO  EndpointLinksResolver  - Exposing 1 endpoint(s) beneath base path '/actuator'
26-07-28.21:38:03.627 [main            ] INFO  Http11NioProtocol      - Starting ProtocolHandler ["http-nio-8080"]
26-07-28.21:38:03.637 [main            ] INFO  TomcatWebServer        - Tomcat started on port(s): 8080 (http) with context path ''
26-07-28.21:38:03.653 [main            ] INFO  Application            - Started Application in 4.032 seconds (JVM running for 4.397)
26-07-28.21:38:06.024 [scheduling-1    ] INFO  HikariDataSource       - HikariPool-1 - Starting...
26-07-28.21:38:06.225 [scheduling-1    ] INFO  HikariDataSource       - HikariPool-1 - Start completed.
26-07-28.21:39:55.195 [http-nio-8080-exec-2] INFO  [/]                    - Initializing Spring DispatcherServlet 'dispatcherServlet'
26-07-28.21:39:55.195 [http-nio-8080-exec-2] INFO  DispatcherServlet      - Initializing Servlet 'dispatcherServlet'
26-07-28.21:39:55.196 [http-nio-8080-exec-2] INFO  DispatcherServlet      - Completed initialization in 1 ms
26-07-28.21:40:00.011 [scheduling-1    ] INFO  TimeoutCloseOrderJob   - 定时任务，超时30分钟订单关闭，暂无超时未支付订单 orderIds is null
26-07-28.21:50:00.010 [scheduling-1    ] INFO  TimeoutCloseOrderJob   - 定时任务，超时30分钟订单关闭，暂无超时未支付订单 orderIds is null
26-07-28.22:00:00.014 [scheduling-1    ] INFO  TimeoutCloseOrderJob   - 定时任务，超时30分钟订单关闭，暂无超时未支付订单 orderIds is null
26-07-28.22:07:24.789 [SpringApplicationShutdownHook] INFO  HikariDataSource       - HikariPool-1 - Shutdown initiated...
26-07-28.22:07:24.799 [SpringApplicationShutdownHook] INFO  HikariDataSource       - HikariPool-1 - Shutdown completed.
