26-08-12.20:05:38.347 [main            ] INFO  TagServiceTest         - Starting TagServiceTest using Java 11.0.31 on ASUS with PID 33592 (started by 13267 in D:\code\s-pay-mall-ddd-cc\s-pay-mall-ddd-app)
26-08-12.20:05:38.349 [main            ] INFO  TagServiceTest         - The following 1 profile is active: "test"
26-08-12.20:05:38.372 [background-preinit] INFO  Version                - HV000001: Hibernate Validator 6.2.5.Final
26-08-12.20:05:39.611 [main            ] INFO  RepositoryConfigurationDelegate - Multiple Spring Data modules found, entering strict repository configuration mode
26-08-12.20:05:39.614 [main            ] INFO  RepositoryConfigurationDelegate - Bootstrapping Spring Data Redis repositories in DEFAULT mode.
26-08-12.20:05:39.683 [main            ] INFO  RepositoryConfigurationDelegate - Finished Spring Data repository scanning in 48 ms. Found 0 Redis repository interfaces.
26-08-12.20:05:42.713 [main            ] INFO  Version                - Redisson 3.26.0
26-08-12.20:05:48.230 [main            ] WARN  GenericWebApplicationContext - Exception encountered during context initialization - cancelling refresh attempt: org.springframework.beans.factory.BeanCreationException: Error creating bean with name 'materialController': Injection of resource dependencies failed; nested exception is org.springframework.beans.factory.BeanCreationException: Error creating bean with name 'materialService': Injection of resource dependencies failed; nested exception is org.springframework.beans.factory.BeanCreationException: Error creating bean with name 'materialRepository': Injection of resource dependencies failed; nested exception is org.springframework.beans.factory.BeanCreationException: Error creating bean with name 'redisCacheService': Injection of resource dependencies failed; nested exception is org.springframework.beans.factory.UnsatisfiedDependencyException: Error creating bean with name 'stringRedisTemplate' defined in class path resource [org/redisson/spring/starter/RedissonAutoConfigurationV2.class]: Unsatisfied dependency expressed through method 'stringRedisTemplate' parameter 0; nested exception is org.springframework.beans.factory.UnsatisfiedDependencyException: Error creating bean with name 'redissonConnectionFactory' defined in class path resource [org/redisson/spring/starter/RedissonAutoConfigurationV2.class]: Unsatisfied dependency expressed through method 'redissonConnectionFactory' parameter 0; nested exception is org.springframework.beans.factory.BeanCreationException: Error creating bean with name 'redisson' defined in class path resource [org/redisson/spring/starter/RedissonAutoConfigurationV2.class]: Bean instantiation via factory method failed; nested exception is org.springframework.beans.BeanInstantiationException: Failed to instantiate [org.redisson.api.RedissonClient]: Factory method 'redisson' threw exception; nested exception is org.redisson.client.RedisConnectionException: java.util.concurrent.ExecutionException: org.redisson.client.RedisConnectionException: Unable to connect to Redis server: 127.0.0.1/127.0.0.1:6379
26-08-12.20:05:48.245 [main            ] INFO  ConditionEvaluationReportLoggingListener - 

Error starting ApplicationContext. To display the conditions report re-run your application with 'debug' enabled.
26-08-12.20:05:48.278 [main            ] ERROR SpringApplication      - Application run failed
org.springframework.beans.factory.BeanCreationException: Error creating bean with name 'materialController': Injection of resource dependencies failed; nested exception is org.springframework.beans.factory.BeanCreationException: Error creating bean with name 'materialService': Injection of resource dependencies failed; nested exception is org.springframework.beans.factory.BeanCreationException: Error creating bean with name 'materialRepository': Injection of resource dependencies failed; nested exception is org.springframework.beans.factory.BeanCreationException: Error creating bean with name 'redisCacheService': Injection of resource dependencies failed; nested exception is org.springframework.beans.factory.UnsatisfiedDependencyException: Error creating bean with name 'stringRedisTemplate' defined in class path resource [org/redisson/spring/starter/RedissonAutoConfigurationV2.class]: Unsatisfied dependency expressed through method 'stringRedisTemplate' parameter 0; nested exception is org.springframework.beans.factory.UnsatisfiedDependencyException: Error creating bean with name 'redissonConnectionFactory' defined in class path resource [org/redisson/spring/starter/RedissonAutoConfigurationV2.class]: Unsatisfied dependency expressed through method 'redissonConnectionFactory' parameter 0; nested exception is org.springframework.beans.factory.BeanCreationException: Error creating bean with name 'redisson' defined in class path resource [org/redisson/spring/starter/RedissonAutoConfigurationV2.class]: Bean instantiation via factory method failed; nested exception is org.springframework.beans.BeanInstantiationException: Failed to instantiate [org.redisson.api.RedissonClient]: Factory method 'redisson' threw exception; nested exception is org.redisson.client.RedisConnectionException: java.util.concurrent.ExecutionException: org.redisson.client.RedisConnectionException: Unable to connect to Redis server: 127.0.0.1/127.0.0.1:6379
	at org.springframework.context.annotation.CommonAnnotationBeanPostProcessor.postProcessProperties(CommonAnnotationBeanPostProcessor.java:332)
	at org.springframework.beans.factory.support.AbstractAutowireCapableBeanFactory.populateBean(AbstractAutowireCapableBeanFactory.java:1431)
	at org.springframework.beans.factory.support.AbstractAutowireCapableBeanFactory.doCreateBean(AbstractAutowireCapableBeanFactory.java:619)
	at org.springframework.beans.factory.support.AbstractAutowireCapableBeanFactory.createBean(AbstractAutowireCapableBeanFactory.java:542)
	at org.springframework.beans.factory.support.AbstractBeanFactory.lambda$doGetBean$0(AbstractBeanFactory.java:335)
	at org.springframework.beans.factory.support.DefaultSingletonBeanRegistry.getSingleton(DefaultSingletonBeanRegistry.java:234)
	at org.springframework.beans.factory.support.AbstractBeanFactory.doGetBean(AbstractBeanFactory.java:333)
	at org.springframework.beans.factory.support.AbstractBeanFactory.getBean(AbstractBeanFactory.java:208)
	at org.springframework.beans.factory.support.DefaultListableBeanFactory.preInstantiateSingletons(DefaultListableBeanFactory.java:955)
	at org.springframework.context.support.AbstractApplicationContext.finishBeanFactoryInitialization(AbstractApplicationContext.java:920)
	at org.springframework.context.support.AbstractApplicationContext.refresh(AbstractApplicationContext.java:583)
	at org.springframework.boot.SpringApplication.refresh(SpringApplication.java:731)
	at org.springframework.boot.SpringApplication.refreshContext(SpringApplication.java:408)
	at org.springframework.boot.SpringApplication.run(SpringApplication.java:307)
	at org.springframework.boot.test.context.SpringBootContextLoader.loadContext(SpringBootContextLoader.java:136)
	at org.springframework.test.context.cache.DefaultCacheAwareContextLoaderDelegate.loadContextInternal(DefaultCacheAwareContextLoaderDelegate.java:141)
	at org.springframework.test.context.cache.DefaultCacheAwareContextLoaderDelegate.loadContext(DefaultCacheAwareContextLoaderDelegate.java:90)
	at org.springframework.test.context.support.DefaultTestContext.getApplicationContext(DefaultTestContext.java:124)
	at org.springframework.test.context.web.ServletTestExecutionListener.setUpRequestContextIfNecessary(ServletTestExecutionListener.java:190)
	at org.springframework.test.context.web.ServletTestExecutionListener.prepareTestInstance(ServletTestExecutionListener.java:132)
	at org.springframework.test.context.TestContextManager.prepareTestInstance(TestContextManager.java:248)
	at org.springframework.test.context.junit4.SpringJUnit4ClassRunner.createTest(SpringJUnit4ClassRunner.java:227)
	at org.springframework.test.context.junit4.SpringJUnit4ClassRunner$1.runReflectiveCall(SpringJUnit4ClassRunner.java:289)
	at org.junit.internal.runners.model.ReflectiveCallable.run(ReflectiveCallable.java:12)
	at org.springframework.test.context.junit4.SpringJUnit4ClassRunner.methodBlock(SpringJUnit4ClassRunner.java:291)
	at org.springframework.test.context.junit4.SpringJUnit4ClassRunner.runChild(SpringJUnit4ClassRunner.java:246)
	at org.springframework.test.context.junit4.SpringJUnit4ClassRunner.runChild(SpringJUnit4ClassRunner.java:97)
	at org.junit.runners.ParentRunner$4.run(ParentRunner.java:331)
	at org.junit.runners.ParentRunner$1.schedule(ParentRunner.java:79)
	at org.junit.runners.ParentRunner.runChildren(ParentRunner.java:329)
	at org.junit.runners.ParentRunner.access$100(ParentRunner.java:66)
	at org.junit.runners.ParentRunner$2.evaluate(ParentRunner.java:293)
	at org.springframework.test.context.junit4.statements.RunBeforeTestClassCallbacks.evaluate(RunBeforeTestClassCallbacks.java:61)
	at org.springframework.test.context.junit4.statements.RunAfterTestClassCallbacks.evaluate(RunAfterTestClassCallbacks.java:70)
	at org.junit.runners.ParentRunner$3.evaluate(ParentRunner.java:306)
	at org.junit.runners.ParentRunner.run(ParentRunner.java:413)
	at org.springframework.test.context.junit4.SpringJUnit4ClassRunner.run(SpringJUnit4ClassRunner.java:190)
	at org.apache.maven.surefire.junit4.JUnit4TestSet.execute(JUnit4TestSet.java:59)
	at org.apache.maven.surefire.suite.AbstractDirectoryTestSuite.executeTestSet(AbstractDirectoryTestSuite.java:120)
	at org.apache.maven.surefire.suite.AbstractDirectoryTestSuite.execute(AbstractDirectoryTestSuite.java:103)
	at org.apache.maven.surefire.Surefire.run(Surefire.java:169)
	at java.base/jdk.internal.reflect.NativeMethodAccessorImpl.invoke0(Native Method)
	at java.base/jdk.internal.reflect.NativeMethodAccessorImpl.invoke(NativeMethodAccessorImpl.java:62)
	at java.base/jdk.internal.reflect.DelegatingMethodAccessorImpl.invoke(DelegatingMethodAccessorImpl.java:43)
	at java.base/java.lang.reflect.Method.invoke(Method.java:566)
	at org.apache.maven.surefire.booter.SurefireBooter.runSuitesInProcess(SurefireBooter.java:350)
	at org.apache.maven.surefire.booter.SurefireBooter.main(SurefireBooter.java:1021)
Caused by: org.springframework.beans.factory.BeanCreationException: Error creating bean with name 'materialService': Injection of resource dependencies failed; nested exception is org.springframework.beans.factory.BeanCreationException: Error creating bean with name 'materialRepository': Injection of resource dependencies failed; nested exception is org.springframework.beans.factory.BeanCreationException: Error creating bean with name 'redisCacheService': Injection of resource dependencies failed; nested exception is org.springframework.beans.factory.UnsatisfiedDependencyException: Error creating bean with name 'stringRedisTemplate' defined in class path resource [org/redisson/spring/starter/RedissonAutoConfigurationV2.class]: Unsatisfied dependency expressed through method 'stringRedisTemplate' parameter 0; nested exception is org.springframework.beans.factory.UnsatisfiedDependencyException: Error creating bean with name 'redissonConnectionFactory' defined in class path resource [org/redisson/spring/starter/RedissonAutoConfigurationV2.class]: Unsatisfied dependency expressed through method 'redissonConnectionFactory' parameter 0; nested exception is org.springframework.beans.factory.BeanCreationException: Error creating bean with name 'redisson' defined in class path resource [org/redisson/spring/starter/RedissonAutoConfigurationV2.class]: Bean instantiation via factory method failed; nested exception is org.springframework.beans.BeanInstantiationException: Failed to instantiate [org.redisson.api.RedissonClient]: Factory method 'redisson' threw exception; nested exception is org.redisson.client.RedisConnectionException: java.util.concurrent.ExecutionException: org.redisson.client.RedisConnectionException: Unable to connect to Redis server: 127.0.0.1/127.0.0.1:6379
	at org.springframework.context.annotation.CommonAnnotationBeanPostProcessor.postProcessProperties(CommonAnnotationBeanPostProcessor.java:332)
	at org.springframework.beans.factory.support.AbstractAutowireCapableBeanFactory.populateBean(AbstractAutowireCapableBeanFactory.java:1431)
	at org.springframework.beans.factory.support.AbstractAutowireCapableBeanFactory.doCreateBean(AbstractAutowireCapableBeanFactory.java:619)
	at org.springframework.beans.factory.support.AbstractAutowireCapableBeanFactory.createBean(AbstractAutowireCapableBeanFactory.java:542)
	at org.springframework.beans.factory.support.AbstractBeanFactory.lambda$doGetBean$0(AbstractBeanFactory.java:335)
	at org.springframework.beans.factory.support.DefaultSingletonBeanRegistry.getSingleton(DefaultSingletonBeanRegistry.java:234)
	at org.springframework.beans.factory.support.AbstractBeanFactory.doGetBean(AbstractBeanFactory.java:333)
	at org.springframework.beans.factory.support.AbstractBeanFactory.getBean(AbstractBeanFactory.java:213)
	at org.springframework.beans.factory.support.AbstractAutowireCapableBeanFactory.resolveBeanByName(AbstractAutowireCapableBeanFactory.java:479)
	at org.springframework.context.annotation.CommonAnnotationBeanPostProcessor.autowireResource(CommonAnnotationBeanPostProcessor.java:550)
	at org.springframework.context.annotation.CommonAnnotationBeanPostProcessor.getResource(CommonAnnotationBeanPostProcessor.java:520)
	at org.springframework.context.annotation.CommonAnnotationBeanPostProcessor$ResourceElement.getResourceToInject(CommonAnnotationBeanPostProcessor.java:673)
	at org.springframework.beans.factory.annotation.InjectionMetadata$InjectedElement.inject(InjectionMetadata.java:228)
	at org.springframework.beans.factory.annotation.InjectionMetadata.inject(InjectionMetadata.java:119)
	at org.springframework.context.annotation.CommonAnnotationBeanPostProcessor.postProcessProperties(CommonAnnotationBeanPostProcessor.java:329)
	... 46 common frames omitted
Caused by: org.springframework.beans.factory.BeanCreationException: Error creating bean with name 'materialRepository': Injection of resource dependencies failed; nested exception is org.springframework.beans.factory.BeanCreationException: Error creating bean with name 'redisCacheService': Injection of resource dependencies failed; nested exception is org.springframework.beans.factory.UnsatisfiedDependencyException: Error creating bean with name 'stringRedisTemplate' defined in class path resource [org/redisson/spring/starter/RedissonAutoConfigurationV2.class]: Unsatisfied dependency expressed through method 'stringRedisTemplate' parameter 0; nested exception is org.springframework.beans.factory.UnsatisfiedDependencyException: Error creating bean with name 'redissonConnectionFactory' defined in class path resource [org/redisson/spring/starter/RedissonAutoConfigurationV2.class]: Unsatisfied dependency expressed through method 'redissonConnectionFactory' parameter 0; nested exception is org.springframework.beans.factory.BeanCreationException: Error creating bean with name 'redisson' defined in class path resource [org/redisson/spring/starter/RedissonAutoConfigurationV2.class]: Bean instantiation via factory method failed; nested exception is org.springframework.beans.BeanInstantiationException: Failed to instantiate [org.redisson.api.RedissonClient]: Factory method 'redisson' threw exception; nested exception is org.redisson.client.RedisConnectionException: java.util.concurrent.ExecutionException: org.redisson.client.RedisConnectionException: Unable to connect to Redis server: 127.0.0.1/127.0.0.1:6379
	at org.springframework.context.annotation.CommonAnnotationBeanPostProcessor.postProcessProperties(CommonAnnotationBeanPostProcessor.java:332)
	at org.springframework.beans.factory.support.AbstractAutowireCapableBeanFactory.populateBean(AbstractAutowireCapableBeanFactory.java:1431)
	at org.springframework.beans.factory.support.AbstractAutowireCapableBeanFactory.doCreateBean(AbstractAutowireCapableBeanFactory.java:619)
	at org.springframework.beans.factory.support.AbstractAutowireCapableBeanFactory.createBean(AbstractAutowireCapableBeanFactory.java:542)
	at org.springframework.beans.factory.support.AbstractBeanFactory.lambda$doGetBean$0(AbstractBeanFactory.java:335)
	at org.springframework.beans.factory.support.DefaultSingletonBeanRegistry.getSingleton(DefaultSingletonBeanRegistry.java:234)
	at org.springframework.beans.factory.support.AbstractBeanFactory.doGetBean(AbstractBeanFactory.java:333)
	at org.springframework.beans.factory.support.AbstractBeanFactory.getBean(AbstractBeanFactory.java:213)
	at org.springframework.beans.factory.support.AbstractAutowireCapableBeanFactory.resolveBeanByName(AbstractAutowireCapableBeanFactory.java:479)
	at org.springframework.context.annotation.CommonAnnotationBeanPostProcessor.autowireResource(CommonAnnotationBeanPostProcessor.java:550)
	at org.springframework.context.annotation.CommonAnnotationBeanPostProcessor.getResource(CommonAnnotationBeanPostProcessor.java:520)
	at org.springframework.context.annotation.CommonAnnotationBeanPostProcessor$ResourceElement.getResourceToInject(CommonAnnotationBeanPostProcessor.java:673)
	at org.springframework.beans.factory.annotation.InjectionMetadata$InjectedElement.inject(InjectionMetadata.java:228)
	at org.springframework.beans.factory.annotation.InjectionMetadata.inject(InjectionMetadata.java:119)
	at org.springframework.context.annotation.CommonAnnotationBeanPostProcessor.postProcessProperties(CommonAnnotationBeanPostProcessor.java:329)
	... 60 common frames omitted
Caused by: org.springframework.beans.factory.BeanCreationException: Error creating bean with name 'redisCacheService': Injection of resource dependencies failed; nested exception is org.springframework.beans.factory.UnsatisfiedDependencyException: Error creating bean with name 'stringRedisTemplate' defined in class path resource [org/redisson/spring/starter/RedissonAutoConfigurationV2.class]: Unsatisfied dependency expressed through method 'stringRedisTemplate' parameter 0; nested exception is org.springframework.beans.factory.UnsatisfiedDependencyException: Error creating bean with name 'redissonConnectionFactory' defined in class path resource [org/redisson/spring/starter/RedissonAutoConfigurationV2.class]: Unsatisfied dependency expressed through method 'redissonConnectionFactory' parameter 0; nested exception is org.springframework.beans.factory.BeanCreationException: Error creating bean with name 'redisson' defined in class path resource [org/redisson/spring/starter/RedissonAutoConfigurationV2.class]: Bean instantiation via factory method failed; nested exception is org.springframework.beans.BeanInstantiationException: Failed to instantiate [org.redisson.api.RedissonClient]: Factory method 'redisson' threw exception; nested exception is org.redisson.client.RedisConnectionException: java.util.concurrent.ExecutionException: org.redisson.client.RedisConnectionException: Unable to connect to Redis server: 127.0.0.1/127.0.0.1:6379
	at org.springframework.context.annotation.CommonAnnotationBeanPostProcessor.postProcessProperties(CommonAnnotationBeanPostProcessor.java:332)
	at org.springframework.beans.factory.support.AbstractAutowireCapableBeanFactory.populateBean(AbstractAutowireCapableBeanFactory.java:1431)
	at org.springframework.beans.factory.support.AbstractAutowireCapableBeanFactory.doCreateBean(AbstractAutowireCapableBeanFactory.java:619)
	at org.springframework.beans.factory.support.AbstractAutowireCapableBeanFactory.createBean(AbstractAutowireCapableBeanFactory.java:542)
	at org.springframework.beans.factory.support.AbstractBeanFactory.lambda$doGetBean$0(AbstractBeanFactory.java:335)
	at org.springframework.beans.factory.support.DefaultSingletonBeanRegistry.getSingleton(DefaultSingletonBeanRegistry.java:234)
	at org.springframework.beans.factory.support.AbstractBeanFactory.doGetBean(AbstractBeanFactory.java:333)
	at org.springframework.beans.factory.support.AbstractBeanFactory.getBean(AbstractBeanFactory.java:213)
	at org.springframework.beans.factory.support.AbstractAutowireCapableBeanFactory.resolveBeanByName(AbstractAutowireCapableBeanFactory.java:479)
	at org.springframework.context.annotation.CommonAnnotationBeanPostProcessor.autowireResource(CommonAnnotationBeanPostProcessor.java:550)
	at org.springframework.context.annotation.CommonAnnotationBeanPostProcessor.getResource(CommonAnnotationBeanPostProcessor.java:520)
	at org.springframework.context.annotation.CommonAnnotationBeanPostProcessor$ResourceElement.getResourceToInject(CommonAnnotationBeanPostProcessor.java:673)
	at org.springframework.beans.factory.annotation.InjectionMetadata$InjectedElement.inject(InjectionMetadata.java:228)
	at org.springframework.beans.factory.annotation.InjectionMetadata.inject(InjectionMetadata.java:119)
	at org.springframework.context.annotation.CommonAnnotationBeanPostProcessor.postProcessProperties(CommonAnnotationBeanPostProcessor.java:329)
	... 74 common frames omitted
Caused by: org.springframework.beans.factory.UnsatisfiedDependencyException: Error creating bean with name 'stringRedisTemplate' defined in class path resource [org/redisson/spring/starter/RedissonAutoConfigurationV2.class]: Unsatisfied dependency expressed through method 'stringRedisTemplate' parameter 0; nested exception is org.springframework.beans.factory.UnsatisfiedDependencyException: Error creating bean with name 'redissonConnectionFactory' defined in class path resource [org/redisson/spring/starter/RedissonAutoConfigurationV2.class]: Unsatisfied dependency expressed through method 'redissonConnectionFactory' parameter 0; nested exception is org.springframework.beans.factory.BeanCreationException: Error creating bean with name 'redisson' defined in class path resource [org/redisson/spring/starter/RedissonAutoConfigurationV2.class]: Bean instantiation via factory method failed; nested exception is org.springframework.beans.BeanInstantiationException: Failed to instantiate [org.redisson.api.RedissonClient]: Factory method 'redisson' threw exception; nested exception is org.redisson.client.RedisConnectionException: java.util.concurrent.ExecutionException: org.redisson.client.RedisConnectionException: Unable to connect to Redis server: 127.0.0.1/127.0.0.1:6379
	at org.springframework.beans.factory.support.ConstructorResolver.createArgumentArray(ConstructorResolver.java:800)
	at org.springframework.beans.factory.support.ConstructorResolver.instantiateUsingFactoryMethod(ConstructorResolver.java:541)
	at org.springframework.beans.factory.support.AbstractAutowireCapableBeanFactory.instantiateUsingFactoryMethod(AbstractAutowireCapableBeanFactory.java:1352)
	at org.springframework.beans.factory.support.AbstractAutowireCapableBeanFactory.createBeanInstance(AbstractAutowireCapableBeanFactory.java:1195)
	at org.springframework.beans.factory.support.AbstractAutowireCapableBeanFactory.doCreateBean(AbstractAutowireCapableBeanFactory.java:582)
	at org.springframework.beans.factory.support.AbstractAutowireCapableBeanFactory.createBean(AbstractAutowireCapableBeanFactory.java:542)
	at org.springframework.beans.factory.support.AbstractBeanFactory.lambda$doGetBean$0(AbstractBeanFactory.java:335)
	at org.springframework.beans.factory.support.DefaultSingletonBeanRegistry.getSingleton(DefaultSingletonBeanRegistry.java:234)
	at org.springframework.beans.factory.support.AbstractBeanFactory.doGetBean(AbstractBeanFactory.java:333)
	at org.springframework.beans.factory.support.AbstractBeanFactory.getBean(AbstractBeanFactory.java:213)
	at org.springframework.beans.factory.support.AbstractAutowireCapableBeanFactory.resolveBeanByName(AbstractAutowireCapableBeanFactory.java:479)
	at org.springframework.context.annotation.CommonAnnotationBeanPostProcessor.autowireResource(CommonAnnotationBeanPostProcessor.java:550)
	at org.springframework.context.annotation.CommonAnnotationBeanPostProcessor.getResource(CommonAnnotationBeanPostProcessor.java:520)
	at org.springframework.context.annotation.CommonAnnotationBeanPostProcessor$ResourceElement.getResourceToInject(CommonAnnotationBeanPostProcessor.java:673)
	at org.springframework.beans.factory.annotation.InjectionMetadata$InjectedElement.inject(InjectionMetadata.java:228)
	at org.springframework.beans.factory.annotation.InjectionMetadata.inject(InjectionMetadata.java:119)
	at org.springframework.context.annotation.CommonAnnotationBeanPostProcessor.postProcessProperties(CommonAnnotationBeanPostProcessor.java:329)
	... 88 common frames omitted
Caused by: org.springframework.beans.factory.UnsatisfiedDependencyException: Error creating bean with name 'redissonConnectionFactory' defined in class path resource [org/redisson/spring/starter/RedissonAutoConfigurationV2.class]: Unsatisfied dependency expressed through method 'redissonConnectionFactory' parameter 0; nested exception is org.springframework.beans.factory.BeanCreationException: Error creating bean with name 'redisson' defined in class path resource [org/redisson/spring/starter/RedissonAutoConfigurationV2.class]: Bean instantiation via factory method failed; nested exception is org.springframework.beans.BeanInstantiationException: Failed to instantiate [org.redisson.api.RedissonClient]: Factory method 'redisson' threw exception; nested exception is org.redisson.client.RedisConnectionException: java.util.concurrent.ExecutionException: org.redisson.client.RedisConnectionException: Unable to connect to Redis server: 127.0.0.1/127.0.0.1:6379
	at org.springframework.beans.factory.support.ConstructorResolver.createArgumentArray(ConstructorResolver.java:800)
	at org.springframework.beans.factory.support.ConstructorResolver.instantiateUsingFactoryMethod(ConstructorResolver.java:541)
	at org.springframework.beans.factory.support.AbstractAutowireCapableBeanFactory.instantiateUsingFactoryMethod(AbstractAutowireCapableBeanFactory.java:1352)
	at org.springframework.beans.factory.support.AbstractAutowireCapableBeanFactory.createBeanInstance(AbstractAutowireCapableBeanFactory.java:1195)
	at org.springframework.beans.factory.support.AbstractAutowireCapableBeanFactory.doCreateBean(AbstractAutowireCapableBeanFactory.java:582)
	at org.springframework.beans.factory.support.AbstractAutowireCapableBeanFactory.createBean(AbstractAutowireCapableBeanFactory.java:542)
	at org.springframework.beans.factory.support.AbstractBeanFactory.lambda$doGetBean$0(AbstractBeanFactory.java:335)
	at org.springframework.beans.factory.support.DefaultSingletonBeanRegistry.getSingleton(DefaultSingletonBeanRegistry.java:234)
	at org.springframework.beans.factory.support.AbstractBeanFactory.doGetBean(AbstractBeanFactory.java:333)
	at org.springframework.beans.factory.support.AbstractBeanFactory.getBean(AbstractBeanFactory.java:208)
	at org.springframework.beans.factory.config.DependencyDescriptor.resolveCandidate(DependencyDescriptor.java:276)
	at org.springframework.beans.factory.support.DefaultListableBeanFactory.doResolveDependency(DefaultListableBeanFactory.java:1391)
	at org.springframework.beans.factory.support.DefaultListableBeanFactory.resolveDependency(DefaultListableBeanFactory.java:1311)
	at org.springframework.beans.factory.support.ConstructorResolver.resolveAutowiredArgument(ConstructorResolver.java:887)
	at org.springframework.beans.factory.support.ConstructorResolver.createArgumentArray(ConstructorResolver.java:791)
	... 104 common frames omitted
Caused by: org.springframework.beans.factory.BeanCreationException: Error creating bean with name 'redisson' defined in class path resource [org/redisson/spring/starter/RedissonAutoConfigurationV2.class]: Bean instantiation via factory method failed; nested exception is org.springframework.beans.BeanInstantiationException: Failed to instantiate [org.redisson.api.RedissonClient]: Factory method 'redisson' threw exception; nested exception is org.redisson.client.RedisConnectionException: java.util.concurrent.ExecutionException: org.redisson.client.RedisConnectionException: Unable to connect to Redis server: 127.0.0.1/127.0.0.1:6379
	at org.springframework.beans.factory.support.ConstructorResolver.instantiate(ConstructorResolver.java:658)
	at org.springframework.beans.factory.support.ConstructorResolver.instantiateUsingFactoryMethod(ConstructorResolver.java:486)
	at org.springframework.beans.factory.support.AbstractAutowireCapableBeanFactory.instantiateUsingFactoryMethod(AbstractAutowireCapableBeanFactory.java:1352)
	at org.springframework.beans.factory.support.AbstractAutowireCapableBeanFactory.createBeanInstance(AbstractAutowireCapableBeanFactory.java:1195)
	at org.springframework.beans.factory.support.AbstractAutowireCapableBeanFactory.doCreateBean(AbstractAutowireCapableBeanFactory.java:582)
	at org.springframework.beans.factory.support.AbstractAutowireCapableBeanFactory.createBean(AbstractAutowireCapableBeanFactory.java:542)
	at org.springframework.beans.factory.support.AbstractBeanFactory.lambda$doGetBean$0(AbstractBeanFactory.java:335)
	at org.springframework.beans.factory.support.DefaultSingletonBeanRegistry.getSingleton(DefaultSingletonBeanRegistry.java:234)
	at org.springframework.beans.factory.support.AbstractBeanFactory.doGetBean(AbstractBeanFactory.java:333)
	at org.springframework.beans.factory.support.AbstractBeanFactory.getBean(AbstractBeanFactory.java:208)
	at org.springframework.beans.factory.config.DependencyDescriptor.resolveCandidate(DependencyDescriptor.java:276)
	at org.springframework.beans.factory.support.DefaultListableBeanFactory.doResolveDependency(DefaultListableBeanFactory.java:1391)
	at org.springframework.beans.factory.support.DefaultListableBeanFactory.resolveDependency(DefaultListableBeanFactory.java:1311)
	at org.springframework.beans.factory.support.ConstructorResolver.resolveAutowiredArgument(ConstructorResolver.java:887)
	at org.springframework.beans.factory.support.ConstructorResolver.createArgumentArray(ConstructorResolver.java:791)
	... 118 common frames omitted
Caused by: org.springframework.beans.BeanInstantiationException: Failed to instantiate [org.redisson.api.RedissonClient]: Factory method 'redisson' threw exception; nested exception is org.redisson.client.RedisConnectionException: java.util.concurrent.ExecutionException: org.redisson.client.RedisConnectionException: Unable to connect to Redis server: 127.0.0.1/127.0.0.1:6379
	at org.springframework.beans.factory.support.SimpleInstantiationStrategy.instantiate(SimpleInstantiationStrategy.java:185)
	at org.springframework.beans.factory.support.ConstructorResolver.instantiate(ConstructorResolver.java:653)
	... 132 common frames omitted
Caused by: org.redisson.client.RedisConnectionException: java.util.concurrent.ExecutionException: org.redisson.client.RedisConnectionException: Unable to connect to Redis server: 127.0.0.1/127.0.0.1:6379
	at org.redisson.connection.MasterSlaveConnectionManager.doConnect(MasterSlaveConnectionManager.java:229)
	at org.redisson.connection.MasterSlaveConnectionManager.connect(MasterSlaveConnectionManager.java:196)
	at org.redisson.config.ConfigSupport.createConnectionManager(ConfigSupport.java:220)
	at org.redisson.Redisson.<init>(Redisson.java:71)
	at org.redisson.Redisson.create(Redisson.java:116)
	at org.redisson.spring.starter.RedissonAutoConfiguration.redisson(RedissonAutoConfiguration.java:330)
	at java.base/jdk.internal.reflect.NativeMethodAccessorImpl.invoke0(Native Method)
	at java.base/jdk.internal.reflect.NativeMethodAccessorImpl.invoke(NativeMethodAccessorImpl.java:62)
	at java.base/jdk.internal.reflect.DelegatingMethodAccessorImpl.invoke(DelegatingMethodAccessorImpl.java:43)
	at java.base/java.lang.reflect.Method.invoke(Method.java:566)
	at org.springframework.beans.factory.support.SimpleInstantiationStrategy.instantiate(SimpleInstantiationStrategy.java:154)
	... 133 common frames omitted
Caused by: java.util.concurrent.ExecutionException: org.redisson.client.RedisConnectionException: Unable to connect to Redis server: 127.0.0.1/127.0.0.1:6379
	at java.base/java.util.concurrent.CompletableFuture.reportGet(CompletableFuture.java:395)
	at java.base/java.util.concurrent.CompletableFuture.get(CompletableFuture.java:2028)
	at org.redisson.connection.MasterSlaveConnectionManager.doConnect(MasterSlaveConnectionManager.java:225)
	... 143 common frames omitted
Caused by: org.redisson.client.RedisConnectionException: Unable to connect to Redis server: 127.0.0.1/127.0.0.1:6379
	at org.redisson.connection.ConnectionsHolder.lambda$createConnection$1(ConnectionsHolder.java:183)
	at java.base/java.util.concurrent.CompletableFuture.uniWhenComplete(CompletableFuture.java:859)
	at java.base/java.util.concurrent.CompletableFuture$UniWhenComplete.tryFire(CompletableFuture.java:837)
	at java.base/java.util.concurrent.CompletableFuture.postComplete(CompletableFuture.java:506)
	at java.base/java.util.concurrent.CompletableFuture.completeExceptionally(CompletableFuture.java:2094)
	at org.redisson.connection.ConnectionsHolder.promiseFailure(ConnectionsHolder.java:218)
	at org.redisson.connection.ConnectionsHolder.lambda$createConnection$4(ConnectionsHolder.java:204)
	at java.base/java.util.concurrent.CompletableFuture.uniWhenComplete(CompletableFuture.java:859)
	at java.base/java.util.concurrent.CompletableFuture$UniWhenComplete.tryFire(CompletableFuture.java:837)
	at java.base/java.util.concurrent.CompletableFuture.postComplete(CompletableFuture.java:506)
	at java.base/java.util.concurrent.CompletableFuture.completeExceptionally(CompletableFuture.java:2094)
	at org.redisson.client.RedisClient$1$2.run(RedisClient.java:308)
	at io.netty.util.concurrent.AbstractEventExecutor.runTask(AbstractEventExecutor.java:174)
	at io.netty.util.concurrent.AbstractEventExecutor.safeExecute(AbstractEventExecutor.java:167)
	at io.netty.util.concurrent.SingleThreadEventExecutor.runAllTasks(SingleThreadEventExecutor.java:470)
	at io.netty.channel.nio.NioEventLoop.run(NioEventLoop.java:569)
	at io.netty.util.concurrent.SingleThreadEventExecutor$4.run(SingleThreadEventExecutor.java:997)
	at io.netty.util.internal.ThreadExecutorMap$2.run(ThreadExecutorMap.java:74)
	at io.netty.util.concurrent.FastThreadLocalRunnable.run(FastThreadLocalRunnable.java:30)
	at java.base/java.lang.Thread.run(Thread.java:829)
Caused by: java.util.concurrent.CompletionException: io.netty.channel.AbstractChannel$AnnotatedConnectException: Connection refused: no further information: 127.0.0.1/127.0.0.1:6379
	at java.base/java.util.concurrent.CompletableFuture.encodeRelay(CompletableFuture.java:367)
	at java.base/java.util.concurrent.CompletableFuture.completeRelay(CompletableFuture.java:376)
	at java.base/java.util.concurrent.CompletableFuture$UniRelay.tryFire(CompletableFuture.java:1019)
	... 11 common frames omitted
Caused by: io.netty.channel.AbstractChannel$AnnotatedConnectException: Connection refused: no further information: 127.0.0.1/127.0.0.1:6379
Caused by: java.net.ConnectException: Connection refused: no further information
	at java.base/sun.nio.ch.SocketChannelImpl.checkConnect(Native Method)
	at java.base/sun.nio.ch.SocketChannelImpl.finishConnect(SocketChannelImpl.java:777)
	at io.netty.channel.socket.nio.NioSocketChannel.doFinishConnect(NioSocketChannel.java:337)
	at io.netty.channel.nio.AbstractNioChannel$AbstractNioUnsafe.finishConnect(AbstractNioChannel.java:334)
	at io.netty.channel.nio.NioEventLoop.processSelectedKey(NioEventLoop.java:776)
	at io.netty.channel.nio.NioEventLoop.processSelectedKeysOptimized(NioEventLoop.java:724)
	at io.netty.channel.nio.NioEventLoop.processSelectedKeys(NioEventLoop.java:650)
	at io.netty.channel.nio.NioEventLoop.run(NioEventLoop.java:562)
	at io.netty.util.concurrent.SingleThreadEventExecutor$4.run(SingleThreadEventExecutor.java:997)
	at io.netty.util.internal.ThreadExecutorMap$2.run(ThreadExecutorMap.java:74)
	at io.netty.util.concurrent.FastThreadLocalRunnable.run(FastThreadLocalRunnable.java:30)
	at java.base/java.lang.Thread.run(Thread.java:829)
26-08-12.20:05:48.283 [main            ] ERROR TestContextManager     - Caught exception while allowing TestExecutionListener [org.springframework.test.context.web.ServletTestExecutionListener@1c5920df] to prepare test instance [cn.bugstack.TagServiceTest@74231642]
java.lang.IllegalStateException: Failed to load ApplicationContext
	at org.springframework.test.context.cache.DefaultCacheAwareContextLoaderDelegate.loadContext(DefaultCacheAwareContextLoaderDelegate.java:98)
	at org.springframework.test.context.support.DefaultTestContext.getApplicationContext(DefaultTestContext.java:124)
	at org.springframework.test.context.web.ServletTestExecutionListener.setUpRequestContextIfNecessary(ServletTestExecutionListener.java:190)
	at org.springframework.test.context.web.ServletTestExecutionListener.prepareTestInstance(ServletTestExecutionListener.java:132)
	at org.springframework.test.context.TestContextManager.prepareTestInstance(TestContextManager.java:248)
	at org.springframework.test.context.junit4.SpringJUnit4ClassRunner.createTest(SpringJUnit4ClassRunner.java:227)
	at org.springframework.test.context.junit4.SpringJUnit4ClassRunner$1.runReflectiveCall(SpringJUnit4ClassRunner.java:289)
	at org.junit.internal.runners.model.ReflectiveCallable.run(ReflectiveCallable.java:12)
	at org.springframework.test.context.junit4.SpringJUnit4ClassRunner.methodBlock(SpringJUnit4ClassRunner.java:291)
	at org.springframework.test.context.junit4.SpringJUnit4ClassRunner.runChild(SpringJUnit4ClassRunner.java:246)
	at org.springframework.test.context.junit4.SpringJUnit4ClassRunner.runChild(SpringJUnit4ClassRunner.java:97)
	at org.junit.runners.ParentRunner$4.run(ParentRunner.java:331)
	at org.junit.runners.ParentRunner$1.schedule(ParentRunner.java:79)
	at org.junit.runners.ParentRunner.runChildren(ParentRunner.java:329)
	at org.junit.runners.ParentRunner.access$100(ParentRunner.java:66)
	at org.junit.runners.ParentRunner$2.evaluate(ParentRunner.java:293)
	at org.springframework.test.context.junit4.statements.RunBeforeTestClassCallbacks.evaluate(RunBeforeTestClassCallbacks.java:61)
	at org.springframework.test.context.junit4.statements.RunAfterTestClassCallbacks.evaluate(RunAfterTestClassCallbacks.java:70)
	at org.junit.runners.ParentRunner$3.evaluate(ParentRunner.java:306)
	at org.junit.runners.ParentRunner.run(ParentRunner.java:413)
	at org.springframework.test.context.junit4.SpringJUnit4ClassRunner.run(SpringJUnit4ClassRunner.java:190)
	at org.apache.maven.surefire.junit4.JUnit4TestSet.execute(JUnit4TestSet.java:59)
	at org.apache.maven.surefire.suite.AbstractDirectoryTestSuite.executeTestSet(AbstractDirectoryTestSuite.java:120)
	at org.apache.maven.surefire.suite.AbstractDirectoryTestSuite.execute(AbstractDirectoryTestSuite.java:103)
	at org.apache.maven.surefire.Surefire.run(Surefire.java:169)
	at java.base/jdk.internal.reflect.NativeMethodAccessorImpl.invoke0(Native Method)
	at java.base/jdk.internal.reflect.NativeMethodAccessorImpl.invoke(NativeMethodAccessorImpl.java:62)
	at java.base/jdk.internal.reflect.DelegatingMethodAccessorImpl.invoke(DelegatingMethodAccessorImpl.java:43)
	at java.base/java.lang.reflect.Method.invoke(Method.java:566)
	at org.apache.maven.surefire.booter.SurefireBooter.runSuitesInProcess(SurefireBooter.java:350)
	at org.apache.maven.surefire.booter.SurefireBooter.main(SurefireBooter.java:1021)
Caused by: org.springframework.beans.factory.BeanCreationException: Error creating bean with name 'materialController': Injection of resource dependencies failed; nested exception is org.springframework.beans.factory.BeanCreationException: Error creating bean with name 'materialService': Injection of resource dependencies failed; nested exception is org.springframework.beans.factory.BeanCreationException: Error creating bean with name 'materialRepository': Injection of resource dependencies failed; nested exception is org.springframework.beans.factory.BeanCreationException: Error creating bean with name 'redisCacheService': Injection of resource dependencies failed; nested exception is org.springframework.beans.factory.UnsatisfiedDependencyException: Error creating bean with name 'stringRedisTemplate' defined in class path resource [org/redisson/spring/starter/RedissonAutoConfigurationV2.class]: Unsatisfied dependency expressed through method 'stringRedisTemplate' parameter 0; nested exception is org.springframework.beans.factory.UnsatisfiedDependencyException: Error creating bean with name 'redissonConnectionFactory' defined in class path resource [org/redisson/spring/starter/RedissonAutoConfigurationV2.class]: Unsatisfied dependency expressed through method 'redissonConnectionFactory' parameter 0; nested exception is org.springframework.beans.factory.BeanCreationException: Error creating bean with name 'redisson' defined in class path resource [org/redisson/spring/starter/RedissonAutoConfigurationV2.class]: Bean instantiation via factory method failed; nested exception is org.springframework.beans.BeanInstantiationException: Failed to instantiate [org.redisson.api.RedissonClient]: Factory method 'redisson' threw exception; nested exception is org.redisson.client.RedisConnectionException: java.util.concurrent.ExecutionException: org.redisson.client.RedisConnectionException: Unable to connect to Redis server: 127.0.0.1/127.0.0.1:6379
	at org.springframework.context.annotation.CommonAnnotationBeanPostProcessor.postProcessProperties(CommonAnnotationBeanPostProcessor.java:332)
	at org.springframework.beans.factory.support.AbstractAutowireCapableBeanFactory.populateBean(AbstractAutowireCapableBeanFactory.java:1431)
	at org.springframework.beans.factory.support.AbstractAutowireCapableBeanFactory.doCreateBean(AbstractAutowireCapableBeanFactory.java:619)
	at org.springframework.beans.factory.support.AbstractAutowireCapableBeanFactory.createBean(AbstractAutowireCapableBeanFactory.java:542)
	at org.springframework.beans.factory.support.AbstractBeanFactory.lambda$doGetBean$0(AbstractBeanFactory.java:335)
	at org.springframework.beans.factory.support.DefaultSingletonBeanRegistry.getSingleton(DefaultSingletonBeanRegistry.java:234)
	at org.springframework.beans.factory.support.AbstractBeanFactory.doGetBean(AbstractBeanFactory.java:333)
	at org.springframework.beans.factory.support.AbstractBeanFactory.getBean(AbstractBeanFactory.java:208)
	at org.springframework.beans.factory.support.DefaultListableBeanFactory.preInstantiateSingletons(DefaultListableBeanFactory.java:955)
	at org.springframework.context.support.AbstractApplicationContext.finishBeanFactoryInitialization(AbstractApplicationContext.java:920)
	at org.springframework.context.support.AbstractApplicationContext.refresh(AbstractApplicationContext.java:583)
	at org.springframework.boot.SpringApplication.refresh(SpringApplication.java:731)
	at org.springframework.boot.SpringApplication.refreshContext(SpringApplication.java:408)
	at org.springframework.boot.SpringApplication.run(SpringApplication.java:307)
	at org.springframework.boot.test.context.SpringBootContextLoader.loadContext(SpringBootContextLoader.java:136)
	at org.springframework.test.context.cache.DefaultCacheAwareContextLoaderDelegate.loadContextInternal(DefaultCacheAwareContextLoaderDelegate.java:141)
	at org.springframework.test.context.cache.DefaultCacheAwareContextLoaderDelegate.loadContext(DefaultCacheAwareContextLoaderDelegate.java:90)
	... 30 common frames omitted
Caused by: org.springframework.beans.factory.BeanCreationException: Error creating bean with name 'materialService': Injection of resource dependencies failed; nested exception is org.springframework.beans.factory.BeanCreationException: Error creating bean with name 'materialRepository': Injection of resource dependencies failed; nested exception is org.springframework.beans.factory.BeanCreationException: Error creating bean with name 'redisCacheService': Injection of resource dependencies failed; nested exception is org.springframework.beans.factory.UnsatisfiedDependencyException: Error creating bean with name 'stringRedisTemplate' defined in class path resource [org/redisson/spring/starter/RedissonAutoConfigurationV2.class]: Unsatisfied dependency expressed through method 'stringRedisTemplate' parameter 0; nested exception is org.springframework.beans.factory.UnsatisfiedDependencyException: Error creating bean with name 'redissonConnectionFactory' defined in class path resource [org/redisson/spring/starter/RedissonAutoConfigurationV2.class]: Unsatisfied dependency expressed through method 'redissonConnectionFactory' parameter 0; nested exception is org.springframework.beans.factory.BeanCreationException: Error creating bean with name 'redisson' defined in class path resource [org/redisson/spring/starter/RedissonAutoConfigurationV2.class]: Bean instantiation via factory method failed; nested exception is org.springframework.beans.BeanInstantiationException: Failed to instantiate [org.redisson.api.RedissonClient]: Factory method 'redisson' threw exception; nested exception is org.redisson.client.RedisConnectionException: java.util.concurrent.ExecutionException: org.redisson.client.RedisConnectionException: Unable to connect to Redis server: 127.0.0.1/127.0.0.1:6379
	at org.springframework.context.annotation.CommonAnnotationBeanPostProcessor.postProcessProperties(CommonAnnotationBeanPostProcessor.java:332)
	at org.springframework.beans.factory.support.AbstractAutowireCapableBeanFactory.populateBean(AbstractAutowireCapableBeanFactory.java:1431)
	at org.springframework.beans.factory.support.AbstractAutowireCapableBeanFactory.doCreateBean(AbstractAutowireCapableBeanFactory.java:619)
	at org.springframework.beans.factory.support.AbstractAutowireCapableBeanFactory.createBean(AbstractAutowireCapableBeanFactory.java:542)
	at org.springframework.beans.factory.support.AbstractBeanFactory.lambda$doGetBean$0(AbstractBeanFactory.java:335)
	at org.springframework.beans.factory.support.DefaultSingletonBeanRegistry.getSingleton(DefaultSingletonBeanRegistry.java:234)
	at org.springframework.beans.factory.support.AbstractBeanFactory.doGetBean(AbstractBeanFactory.java:333)
	at org.springframework.beans.factory.support.AbstractBeanFactory.getBean(AbstractBeanFactory.java:213)
	at org.springframework.beans.factory.support.AbstractAutowireCapableBeanFactory.resolveBeanByName(AbstractAutowireCapableBeanFactory.java:479)
	at org.springframework.context.annotation.CommonAnnotationBeanPostProcessor.autowireResource(CommonAnnotationBeanPostProcessor.java:550)
	at org.springframework.context.annotation.CommonAnnotationBeanPostProcessor.getResource(CommonAnnotationBeanPostProcessor.java:520)
	at org.springframework.context.annotation.CommonAnnotationBeanPostProcessor$ResourceElement.getResourceToInject(CommonAnnotationBeanPostProcessor.java:673)
	at org.springframework.beans.factory.annotation.InjectionMetadata$InjectedElement.inject(InjectionMetadata.java:228)
	at org.springframework.beans.factory.annotation.InjectionMetadata.inject(InjectionMetadata.java:119)
	at org.springframework.context.annotation.CommonAnnotationBeanPostProcessor.postProcessProperties(CommonAnnotationBeanPostProcessor.java:329)
	... 46 common frames omitted
Caused by: org.springframework.beans.factory.BeanCreationException: Error creating bean with name 'materialRepository': Injection of resource dependencies failed; nested exception is org.springframework.beans.factory.BeanCreationException: Error creating bean with name 'redisCacheService': Injection of resource dependencies failed; nested exception is org.springframework.beans.factory.UnsatisfiedDependencyException: Error creating bean with name 'stringRedisTemplate' defined in class path resource [org/redisson/spring/starter/RedissonAutoConfigurationV2.class]: Unsatisfied dependency expressed through method 'stringRedisTemplate' parameter 0; nested exception is org.springframework.beans.factory.UnsatisfiedDependencyException: Error creating bean with name 'redissonConnectionFactory' defined in class path resource [org/redisson/spring/starter/RedissonAutoConfigurationV2.class]: Unsatisfied dependency expressed through method 'redissonConnectionFactory' parameter 0; nested exception is org.springframework.beans.factory.BeanCreationException: Error creating bean with name 'redisson' defined in class path resource [org/redisson/spring/starter/RedissonAutoConfigurationV2.class]: Bean instantiation via factory method failed; nested exception is org.springframework.beans.BeanInstantiationException: Failed to instantiate [org.redisson.api.RedissonClient]: Factory method 'redisson' threw exception; nested exception is org.redisson.client.RedisConnectionException: java.util.concurrent.ExecutionException: org.redisson.client.RedisConnectionException: Unable to connect to Redis server: 127.0.0.1/127.0.0.1:6379
	at org.springframework.context.annotation.CommonAnnotationBeanPostProcessor.postProcessProperties(CommonAnnotationBeanPostProcessor.java:332)
	at org.springframework.beans.factory.support.AbstractAutowireCapableBeanFactory.populateBean(AbstractAutowireCapableBeanFactory.java:1431)
	at org.springframework.beans.factory.support.AbstractAutowireCapableBeanFactory.doCreateBean(AbstractAutowireCapableBeanFactory.java:619)
	at org.springframework.beans.factory.support.AbstractAutowireCapableBeanFactory.createBean(AbstractAutowireCapableBeanFactory.java:542)
	at org.springframework.beans.factory.support.AbstractBeanFactory.lambda$doGetBean$0(AbstractBeanFactory.java:335)
	at org.springframework.beans.factory.support.DefaultSingletonBeanRegistry.getSingleton(DefaultSingletonBeanRegistry.java:234)
	at org.springframework.beans.factory.support.AbstractBeanFactory.doGetBean(AbstractBeanFactory.java:333)
	at org.springframework.beans.factory.support.AbstractBeanFactory.getBean(AbstractBeanFactory.java:213)
	at org.springframework.beans.factory.support.AbstractAutowireCapableBeanFactory.resolveBeanByName(AbstractAutowireCapableBeanFactory.java:479)
	at org.springframework.context.annotation.CommonAnnotationBeanPostProcessor.autowireResource(CommonAnnotationBeanPostProcessor.java:550)
	at org.springframework.context.annotation.CommonAnnotationBeanPostProcessor.getResource(CommonAnnotationBeanPostProcessor.java:520)
	at org.springframework.context.annotation.CommonAnnotationBeanPostProcessor$ResourceElement.getResourceToInject(CommonAnnotationBeanPostProcessor.java:673)
	at org.springframework.beans.factory.annotation.InjectionMetadata$InjectedElement.inject(InjectionMetadata.java:228)
	at org.springframework.beans.factory.annotation.InjectionMetadata.inject(InjectionMetadata.java:119)
	at org.springframework.context.annotation.CommonAnnotationBeanPostProcessor.postProcessProperties(CommonAnnotationBeanPostProcessor.java:329)
	... 60 common frames omitted
Caused by: org.springframework.beans.factory.BeanCreationException: Error creating bean with name 'redisCacheService': Injection of resource dependencies failed; nested exception is org.springframework.beans.factory.UnsatisfiedDependencyException: Error creating bean with name 'stringRedisTemplate' defined in class path resource [org/redisson/spring/starter/RedissonAutoConfigurationV2.class]: Unsatisfied dependency expressed through method 'stringRedisTemplate' parameter 0; nested exception is org.springframework.beans.factory.UnsatisfiedDependencyException: Error creating bean with name 'redissonConnectionFactory' defined in class path resource [org/redisson/spring/starter/RedissonAutoConfigurationV2.class]: Unsatisfied dependency expressed through method 'redissonConnectionFactory' parameter 0; nested exception is org.springframework.beans.factory.BeanCreationException: Error creating bean with name 'redisson' defined in class path resource [org/redisson/spring/starter/RedissonAutoConfigurationV2.class]: Bean instantiation via factory method failed; nested exception is org.springframework.beans.BeanInstantiationException: Failed to instantiate [org.redisson.api.RedissonClient]: Factory method 'redisson' threw exception; nested exception is org.redisson.client.RedisConnectionException: java.util.concurrent.ExecutionException: org.redisson.client.RedisConnectionException: Unable to connect to Redis server: 127.0.0.1/127.0.0.1:6379
	at org.springframework.context.annotation.CommonAnnotationBeanPostProcessor.postProcessProperties(CommonAnnotationBeanPostProcessor.java:332)
	at org.springframework.beans.factory.support.AbstractAutowireCapableBeanFactory.populateBean(AbstractAutowireCapableBeanFactory.java:1431)
	at org.springframework.beans.factory.support.AbstractAutowireCapableBeanFactory.doCreateBean(AbstractAutowireCapableBeanFactory.java:619)
	at org.springframework.beans.factory.support.AbstractAutowireCapableBeanFactory.createBean(AbstractAutowireCapableBeanFactory.java:542)
	at org.springframework.beans.factory.support.AbstractBeanFactory.lambda$doGetBean$0(AbstractBeanFactory.java:335)
	at org.springframework.beans.factory.support.DefaultSingletonBeanRegistry.getSingleton(DefaultSingletonBeanRegistry.java:234)
	at org.springframework.beans.factory.support.AbstractBeanFactory.doGetBean(AbstractBeanFactory.java:333)
	at org.springframework.beans.factory.support.AbstractBeanFactory.getBean(AbstractBeanFactory.java:213)
	at org.springframework.beans.factory.support.AbstractAutowireCapableBeanFactory.resolveBeanByName(AbstractAutowireCapableBeanFactory.java:479)
	at org.springframework.context.annotation.CommonAnnotationBeanPostProcessor.autowireResource(CommonAnnotationBeanPostProcessor.java:550)
	at org.springframework.context.annotation.CommonAnnotationBeanPostProcessor.getResource(CommonAnnotationBeanPostProcessor.java:520)
	at org.springframework.context.annotation.CommonAnnotationBeanPostProcessor$ResourceElement.getResourceToInject(CommonAnnotationBeanPostProcessor.java:673)
	at org.springframework.beans.factory.annotation.InjectionMetadata$InjectedElement.inject(InjectionMetadata.java:228)
	at org.springframework.beans.factory.annotation.InjectionMetadata.inject(InjectionMetadata.java:119)
	at org.springframework.context.annotation.CommonAnnotationBeanPostProcessor.postProcessProperties(CommonAnnotationBeanPostProcessor.java:329)
	... 74 common frames omitted
Caused by: org.springframework.beans.factory.UnsatisfiedDependencyException: Error creating bean with name 'stringRedisTemplate' defined in class path resource [org/redisson/spring/starter/RedissonAutoConfigurationV2.class]: Unsatisfied dependency expressed through method 'stringRedisTemplate' parameter 0; nested exception is org.springframework.beans.factory.UnsatisfiedDependencyException: Error creating bean with name 'redissonConnectionFactory' defined in class path resource [org/redisson/spring/starter/RedissonAutoConfigurationV2.class]: Unsatisfied dependency expressed through method 'redissonConnectionFactory' parameter 0; nested exception is org.springframework.beans.factory.BeanCreationException: Error creating bean with name 'redisson' defined in class path resource [org/redisson/spring/starter/RedissonAutoConfigurationV2.class]: Bean instantiation via factory method failed; nested exception is org.springframework.beans.BeanInstantiationException: Failed to instantiate [org.redisson.api.RedissonClient]: Factory method 'redisson' threw exception; nested exception is org.redisson.client.RedisConnectionException: java.util.concurrent.ExecutionException: org.redisson.client.RedisConnectionException: Unable to connect to Redis server: 127.0.0.1/127.0.0.1:6379
	at org.springframework.beans.factory.support.ConstructorResolver.createArgumentArray(ConstructorResolver.java:800)
	at org.springframework.beans.factory.support.ConstructorResolver.instantiateUsingFactoryMethod(ConstructorResolver.java:541)
	at org.springframework.beans.factory.support.AbstractAutowireCapableBeanFactory.instantiateUsingFactoryMethod(AbstractAutowireCapableBeanFactory.java:1352)
	at org.springframework.beans.factory.support.AbstractAutowireCapableBeanFactory.createBeanInstance(AbstractAutowireCapableBeanFactory.java:1195)
	at org.springframework.beans.factory.support.AbstractAutowireCapableBeanFactory.doCreateBean(AbstractAutowireCapableBeanFactory.java:582)
	at org.springframework.beans.factory.support.AbstractAutowireCapableBeanFactory.createBean(AbstractAutowireCapableBeanFactory.java:542)
	at org.springframework.beans.factory.support.AbstractBeanFactory.lambda$doGetBean$0(AbstractBeanFactory.java:335)
	at org.springframework.beans.factory.support.DefaultSingletonBeanRegistry.getSingleton(DefaultSingletonBeanRegistry.java:234)
	at org.springframework.beans.factory.support.AbstractBeanFactory.doGetBean(AbstractBeanFactory.java:333)
	at org.springframework.beans.factory.support.AbstractBeanFactory.getBean(AbstractBeanFactory.java:213)
	at org.springframework.beans.factory.support.AbstractAutowireCapableBeanFactory.resolveBeanByName(AbstractAutowireCapableBeanFactory.java:479)
	at org.springframework.context.annotation.CommonAnnotationBeanPostProcessor.autowireResource(CommonAnnotationBeanPostProcessor.java:550)
	at org.springframework.context.annotation.CommonAnnotationBeanPostProcessor.getResource(CommonAnnotationBeanPostProcessor.java:520)
	at org.springframework.context.annotation.CommonAnnotationBeanPostProcessor$ResourceElement.getResourceToInject(CommonAnnotationBeanPostProcessor.java:673)
	at org.springframework.beans.factory.annotation.InjectionMetadata$InjectedElement.inject(InjectionMetadata.java:228)
	at org.springframework.beans.factory.annotation.InjectionMetadata.inject(InjectionMetadata.java:119)
	at org.springframework.context.annotation.CommonAnnotationBeanPostProcessor.postProcessProperties(CommonAnnotationBeanPostProcessor.java:329)
	... 88 common frames omitted
Caused by: org.springframework.beans.factory.UnsatisfiedDependencyException: Error creating bean with name 'redissonConnectionFactory' defined in class path resource [org/redisson/spring/starter/RedissonAutoConfigurationV2.class]: Unsatisfied dependency expressed through method 'redissonConnectionFactory' parameter 0; nested exception is org.springframework.beans.factory.BeanCreationException: Error creating bean with name 'redisson' defined in class path resource [org/redisson/spring/starter/RedissonAutoConfigurationV2.class]: Bean instantiation via factory method failed; nested exception is org.springframework.beans.BeanInstantiationException: Failed to instantiate [org.redisson.api.RedissonClient]: Factory method 'redisson' threw exception; nested exception is org.redisson.client.RedisConnectionException: java.util.concurrent.ExecutionException: org.redisson.client.RedisConnectionException: Unable to connect to Redis server: 127.0.0.1/127.0.0.1:6379
	at org.springframework.beans.factory.support.ConstructorResolver.createArgumentArray(ConstructorResolver.java:800)
	at org.springframework.beans.factory.support.ConstructorResolver.instantiateUsingFactoryMethod(ConstructorResolver.java:541)
	at org.springframework.beans.factory.support.AbstractAutowireCapableBeanFactory.instantiateUsingFactoryMethod(AbstractAutowireCapableBeanFactory.java:1352)
	at org.springframework.beans.factory.support.AbstractAutowireCapableBeanFactory.createBeanInstance(AbstractAutowireCapableBeanFactory.java:1195)
	at org.springframework.beans.factory.support.AbstractAutowireCapableBeanFactory.doCreateBean(AbstractAutowireCapableBeanFactory.java:582)
	at org.springframework.beans.factory.support.AbstractAutowireCapableBeanFactory.createBean(AbstractAutowireCapableBeanFactory.java:542)
	at org.springframework.beans.factory.support.AbstractBeanFactory.lambda$doGetBean$0(AbstractBeanFactory.java:335)
	at org.springframework.beans.factory.support.DefaultSingletonBeanRegistry.getSingleton(DefaultSingletonBeanRegistry.java:234)
	at org.springframework.beans.factory.support.AbstractBeanFactory.doGetBean(AbstractBeanFactory.java:333)
	at org.springframework.beans.factory.support.AbstractBeanFactory.getBean(AbstractBeanFactory.java:208)
	at org.springframework.beans.factory.config.DependencyDescriptor.resolveCandidate(DependencyDescriptor.java:276)
	at org.springframework.beans.factory.support.DefaultListableBeanFactory.doResolveDependency(DefaultListableBeanFactory.java:1391)
	at org.springframework.beans.factory.support.DefaultListableBeanFactory.resolveDependency(DefaultListableBeanFactory.java:1311)
	at org.springframework.beans.factory.support.ConstructorResolver.resolveAutowiredArgument(ConstructorResolver.java:887)
	at org.springframework.beans.factory.support.ConstructorResolver.createArgumentArray(ConstructorResolver.java:791)
	... 104 common frames omitted
Caused by: org.springframework.beans.factory.BeanCreationException: Error creating bean with name 'redisson' defined in class path resource [org/redisson/spring/starter/RedissonAutoConfigurationV2.class]: Bean instantiation via factory method failed; nested exception is org.springframework.beans.BeanInstantiationException: Failed to instantiate [org.redisson.api.RedissonClient]: Factory method 'redisson' threw exception; nested exception is org.redisson.client.RedisConnectionException: java.util.concurrent.ExecutionException: org.redisson.client.RedisConnectionException: Unable to connect to Redis server: 127.0.0.1/127.0.0.1:6379
	at org.springframework.beans.factory.support.ConstructorResolver.instantiate(ConstructorResolver.java:658)
	at org.springframework.beans.factory.support.ConstructorResolver.instantiateUsingFactoryMethod(ConstructorResolver.java:486)
	at org.springframework.beans.factory.support.AbstractAutowireCapableBeanFactory.instantiateUsingFactoryMethod(AbstractAutowireCapableBeanFactory.java:1352)
	at org.springframework.beans.factory.support.AbstractAutowireCapableBeanFactory.createBeanInstance(AbstractAutowireCapableBeanFactory.java:1195)
	at org.springframework.beans.factory.support.AbstractAutowireCapableBeanFactory.doCreateBean(AbstractAutowireCapableBeanFactory.java:582)
	at org.springframework.beans.factory.support.AbstractAutowireCapableBeanFactory.createBean(AbstractAutowireCapableBeanFactory.java:542)
	at org.springframework.beans.factory.support.AbstractBeanFactory.lambda$doGetBean$0(AbstractBeanFactory.java:335)
	at org.springframework.beans.factory.support.DefaultSingletonBeanRegistry.getSingleton(DefaultSingletonBeanRegistry.java:234)
	at org.springframework.beans.factory.support.AbstractBeanFactory.doGetBean(AbstractBeanFactory.java:333)
	at org.springframework.beans.factory.support.AbstractBeanFactory.getBean(AbstractBeanFactory.java:208)
	at org.springframework.beans.factory.config.DependencyDescriptor.resolveCandidate(DependencyDescriptor.java:276)
	at org.springframework.beans.factory.support.DefaultListableBeanFactory.doResolveDependency(DefaultListableBeanFactory.java:1391)
	at org.springframework.beans.factory.support.DefaultListableBeanFactory.resolveDependency(DefaultListableBeanFactory.java:1311)
	at org.springframework.beans.factory.support.ConstructorResolver.resolveAutowiredArgument(ConstructorResolver.java:887)
	at org.springframework.beans.factory.support.ConstructorResolver.createArgumentArray(ConstructorResolver.java:791)
	... 118 common frames omitted
Caused by: org.springframework.beans.BeanInstantiationException: Failed to instantiate [org.redisson.api.RedissonClient]: Factory method 'redisson' threw exception; nested exception is org.redisson.client.RedisConnectionException: java.util.concurrent.ExecutionException: org.redisson.client.RedisConnectionException: Unable to connect to Redis server: 127.0.0.1/127.0.0.1:6379
	at org.springframework.beans.factory.support.SimpleInstantiationStrategy.instantiate(SimpleInstantiationStrategy.java:185)
	at org.springframework.beans.factory.support.ConstructorResolver.instantiate(ConstructorResolver.java:653)
	... 132 common frames omitted
Caused by: org.redisson.client.RedisConnectionException: java.util.concurrent.ExecutionException: org.redisson.client.RedisConnectionException: Unable to connect to Redis server: 127.0.0.1/127.0.0.1:6379
	at org.redisson.connection.MasterSlaveConnectionManager.doConnect(MasterSlaveConnectionManager.java:229)
	at org.redisson.connection.MasterSlaveConnectionManager.connect(MasterSlaveConnectionManager.java:196)
	at org.redisson.config.ConfigSupport.createConnectionManager(ConfigSupport.java:220)
	at org.redisson.Redisson.<init>(Redisson.java:71)
	at org.redisson.Redisson.create(Redisson.java:116)
	at org.redisson.spring.starter.RedissonAutoConfiguration.redisson(RedissonAutoConfiguration.java:330)
	at java.base/jdk.internal.reflect.NativeMethodAccessorImpl.invoke0(Native Method)
	at java.base/jdk.internal.reflect.NativeMethodAccessorImpl.invoke(NativeMethodAccessorImpl.java:62)
	at java.base/jdk.internal.reflect.DelegatingMethodAccessorImpl.invoke(DelegatingMethodAccessorImpl.java:43)
	at java.base/java.lang.reflect.Method.invoke(Method.java:566)
	at org.springframework.beans.factory.support.SimpleInstantiationStrategy.instantiate(SimpleInstantiationStrategy.java:154)
	... 133 common frames omitted
Caused by: java.util.concurrent.ExecutionException: org.redisson.client.RedisConnectionException: Unable to connect to Redis server: 127.0.0.1/127.0.0.1:6379
	at java.base/java.util.concurrent.CompletableFuture.reportGet(CompletableFuture.java:395)
	at java.base/java.util.concurrent.CompletableFuture.get(CompletableFuture.java:2028)
	at org.redisson.connection.MasterSlaveConnectionManager.doConnect(MasterSlaveConnectionManager.java:225)
	... 143 common frames omitted
Caused by: org.redisson.client.RedisConnectionException: Unable to connect to Redis server: 127.0.0.1/127.0.0.1:6379
	at org.redisson.connection.ConnectionsHolder.lambda$createConnection$1(ConnectionsHolder.java:183)
	at java.base/java.util.concurrent.CompletableFuture.uniWhenComplete(CompletableFuture.java:859)
	at java.base/java.util.concurrent.CompletableFuture$UniWhenComplete.tryFire(CompletableFuture.java:837)
	at java.base/java.util.concurrent.CompletableFuture.postComplete(CompletableFuture.java:506)
	at java.base/java.util.concurrent.CompletableFuture.completeExceptionally(CompletableFuture.java:2094)
	at org.redisson.connection.ConnectionsHolder.promiseFailure(ConnectionsHolder.java:218)
	at org.redisson.connection.ConnectionsHolder.lambda$createConnection$4(ConnectionsHolder.java:204)
	at java.base/java.util.concurrent.CompletableFuture.uniWhenComplete(CompletableFuture.java:859)
	at java.base/java.util.concurrent.CompletableFuture$UniWhenComplete.tryFire(CompletableFuture.java:837)
	at java.base/java.util.concurrent.CompletableFuture.postComplete(CompletableFuture.java:506)
	at java.base/java.util.concurrent.CompletableFuture.completeExceptionally(CompletableFuture.java:2094)
	at org.redisson.client.RedisClient$1$2.run(RedisClient.java:308)
	at io.netty.util.concurrent.AbstractEventExecutor.runTask(AbstractEventExecutor.java:174)
	at io.netty.util.concurrent.AbstractEventExecutor.safeExecute(AbstractEventExecutor.java:167)
	at io.netty.util.concurrent.SingleThreadEventExecutor.runAllTasks(SingleThreadEventExecutor.java:470)
	at io.netty.channel.nio.NioEventLoop.run(NioEventLoop.java:569)
	at io.netty.util.concurrent.SingleThreadEventExecutor$4.run(SingleThreadEventExecutor.java:997)
	at io.netty.util.internal.ThreadExecutorMap$2.run(ThreadExecutorMap.java:74)
	at io.netty.util.concurrent.FastThreadLocalRunnable.run(FastThreadLocalRunnable.java:30)
	at java.base/java.lang.Thread.run(Thread.java:829)
Caused by: java.util.concurrent.CompletionException: io.netty.channel.AbstractChannel$AnnotatedConnectException: Connection refused: no further information: 127.0.0.1/127.0.0.1:6379
	at java.base/java.util.concurrent.CompletableFuture.encodeRelay(CompletableFuture.java:367)
	at java.base/java.util.concurrent.CompletableFuture.completeRelay(CompletableFuture.java:376)
	at java.base/java.util.concurrent.CompletableFuture$UniRelay.tryFire(CompletableFuture.java:1019)
	... 11 common frames omitted
Caused by: io.netty.channel.AbstractChannel$AnnotatedConnectException: Connection refused: no further information: 127.0.0.1/127.0.0.1:6379
Caused by: java.net.ConnectException: Connection refused: no further information
	at java.base/sun.nio.ch.SocketChannelImpl.checkConnect(Native Method)
	at java.base/sun.nio.ch.SocketChannelImpl.finishConnect(SocketChannelImpl.java:777)
	at io.netty.channel.socket.nio.NioSocketChannel.doFinishConnect(NioSocketChannel.java:337)
	at io.netty.channel.nio.AbstractNioChannel$AbstractNioUnsafe.finishConnect(AbstractNioChannel.java:334)
	at io.netty.channel.nio.NioEventLoop.processSelectedKey(NioEventLoop.java:776)
	at io.netty.channel.nio.NioEventLoop.processSelectedKeysOptimized(NioEventLoop.java:724)
	at io.netty.channel.nio.NioEventLoop.processSelectedKeys(NioEventLoop.java:650)
	at io.netty.channel.nio.NioEventLoop.run(NioEventLoop.java:562)
	at io.netty.util.concurrent.SingleThreadEventExecutor$4.run(SingleThreadEventExecutor.java:997)
	at io.netty.util.internal.ThreadExecutorMap$2.run(ThreadExecutorMap.java:74)
	at io.netty.util.concurrent.FastThreadLocalRunnable.run(FastThreadLocalRunnable.java:30)
	at java.base/java.lang.Thread.run(Thread.java:829)
26-08-12.20:05:50.642 [main            ] INFO  TagServiceTest         - Starting TagServiceTest using Java 11.0.31 on ASUS with PID 35308 (started by 13267 in D:\code\s-pay-mall-ddd-cc\s-pay-mall-ddd-app)
26-08-12.20:05:50.643 [main            ] INFO  TagServiceTest         - The following 1 profile is active: "test"
26-08-12.20:05:50.648 [background-preinit] INFO  Version                - HV000001: Hibernate Validator 6.2.5.Final
26-08-12.20:05:51.920 [main            ] INFO  RepositoryConfigurationDelegate - Multiple Spring Data modules found, entering strict repository configuration mode
26-08-12.20:05:51.923 [main            ] INFO  RepositoryConfigurationDelegate - Bootstrapping Spring Data Redis repositories in DEFAULT mode.
26-08-12.20:05:52.000 [main            ] INFO  RepositoryConfigurationDelegate - Finished Spring Data repository scanning in 57 ms. Found 0 Redis repository interfaces.
26-08-12.20:05:54.281 [main            ] INFO  Version                - Redisson 3.26.0
26-08-12.20:05:59.457 [main            ] WARN  GenericWebApplicationContext - Exception encountered during context initialization - cancelling refresh attempt: org.springframework.beans.factory.BeanCreationException: Error creating bean with name 'materialController': Injection of resource dependencies failed; nested exception is org.springframework.beans.factory.BeanCreationException: Error creating bean with name 'materialService': Injection of resource dependencies failed; nested exception is org.springframework.beans.factory.BeanCreationException: Error creating bean with name 'materialRepository': Injection of resource dependencies failed; nested exception is org.springframework.beans.factory.BeanCreationException: Error creating bean with name 'redisCacheService': Injection of resource dependencies failed; nested exception is org.springframework.beans.factory.UnsatisfiedDependencyException: Error creating bean with name 'stringRedisTemplate' defined in class path resource [org/redisson/spring/starter/RedissonAutoConfigurationV2.class]: Unsatisfied dependency expressed through method 'stringRedisTemplate' parameter 0; nested exception is org.springframework.beans.factory.UnsatisfiedDependencyException: Error creating bean with name 'redissonConnectionFactory' defined in class path resource [org/redisson/spring/starter/RedissonAutoConfigurationV2.class]: Unsatisfied dependency expressed through method 'redissonConnectionFactory' parameter 0; nested exception is org.springframework.beans.factory.BeanCreationException: Error creating bean with name 'redisson' defined in class path resource [org/redisson/spring/starter/RedissonAutoConfigurationV2.class]: Bean instantiation via factory method failed; nested exception is org.springframework.beans.BeanInstantiationException: Failed to instantiate [org.redisson.api.RedissonClient]: Factory method 'redisson' threw exception; nested exception is org.redisson.client.RedisConnectionException: java.util.concurrent.ExecutionException: org.redisson.client.RedisConnectionException: Unable to connect to Redis server: 127.0.0.1/127.0.0.1:6379
26-08-12.20:06:04.664 [main            ] INFO  TagServiceTest         - Starting TagServiceTest using Java 11.0.31 on ASUS with PID 22828 (started by 13267 in D:\code\s-pay-mall-ddd-cc\s-pay-mall-ddd-app)
26-08-12.20:06:04.666 [main            ] INFO  TagServiceTest         - The following 1 profile is active: "test"
26-08-12.20:06:04.678 [background-preinit] INFO  Version                - HV000001: Hibernate Validator 6.2.5.Final
26-08-12.20:06:06.020 [main            ] INFO  RepositoryConfigurationDelegate - Multiple Spring Data modules found, entering strict repository configuration mode
26-08-12.20:06:06.024 [main            ] INFO  RepositoryConfigurationDelegate - Bootstrapping Spring Data Redis repositories in DEFAULT mode.
26-08-12.20:06:06.089 [main            ] INFO  RepositoryConfigurationDelegate - Finished Spring Data repository scanning in 47 ms. Found 0 Redis repository interfaces.
26-08-12.20:06:08.280 [main            ] INFO  Version                - Redisson 3.26.0
26-08-12.20:06:13.545 [main            ] WARN  GenericWebApplicationContext - Exception encountered during context initialization - cancelling refresh attempt: org.springframework.beans.factory.BeanCreationException: Error creating bean with name 'materialController': Injection of resource dependencies failed; nested exception is org.springframework.beans.factory.BeanCreationException: Error creating bean with name 'materialService': Injection of resource dependencies failed; nested exception is org.springframework.beans.factory.BeanCreationException: Error creating bean with name 'materialRepository': Injection of resource dependencies failed; nested exception is org.springframework.beans.factory.BeanCreationException: Error creating bean with name 'redisCacheService': Injection of resource dependencies failed; nested exception is org.springframework.beans.factory.UnsatisfiedDependencyException: Error creating bean with name 'stringRedisTemplate' defined in class path resource [org/redisson/spring/starter/RedissonAutoConfigurationV2.class]: Unsatisfied dependency expressed through method 'stringRedisTemplate' parameter 0; nested exception is org.springframework.beans.factory.UnsatisfiedDependencyException: Error creating bean with name 'redissonConnectionFactory' defined in class path resource [org/redisson/spring/starter/RedissonAutoConfigurationV2.class]: Unsatisfied dependency expressed through method 'redissonConnectionFactory' parameter 0; nested exception is org.springframework.beans.factory.BeanCreationException: Error creating bean with name 'redisson' defined in class path resource [org/redisson/spring/starter/RedissonAutoConfigurationV2.class]: Bean instantiation via factory method failed; nested exception is org.springframework.beans.BeanInstantiationException: Failed to instantiate [org.redisson.api.RedissonClient]: Factory method 'redisson' threw exception; nested exception is org.redisson.client.RedisConnectionException: java.util.concurrent.ExecutionException: org.redisson.client.RedisConnectionException: Unable to connect to Redis server: 127.0.0.1/127.0.0.1:6379
26-08-12.20:06:13.556 [main            ] INFO  ConditionEvaluationReportLoggingListener - 

Error starting ApplicationContext. To display the conditions report re-run your application with 'debug' enabled.
26-08-12.20:06:13.577 [main            ] ERROR SpringApplication      - Application run failed
org.springframework.beans.factory.BeanCreationException: Error creating bean with name 'materialController': Injection of resource dependencies failed; nested exception is org.springframework.beans.factory.BeanCreationException: Error creating bean with name 'materialService': Injection of resource dependencies failed; nested exception is org.springframework.beans.factory.BeanCreationException: Error creating bean with name 'materialRepository': Injection of resource dependencies failed; nested exception is org.springframework.beans.factory.BeanCreationException: Error creating bean with name 'redisCacheService': Injection of resource dependencies failed; nested exception is org.springframework.beans.factory.UnsatisfiedDependencyException: Error creating bean with name 'stringRedisTemplate' defined in class path resource [org/redisson/spring/starter/RedissonAutoConfigurationV2.class]: Unsatisfied dependency expressed through method 'stringRedisTemplate' parameter 0; nested exception is org.springframework.beans.factory.UnsatisfiedDependencyException: Error creating bean with name 'redissonConnectionFactory' defined in class path resource [org/redisson/spring/starter/RedissonAutoConfigurationV2.class]: Unsatisfied dependency expressed through method 'redissonConnectionFactory' parameter 0; nested exception is org.springframework.beans.factory.BeanCreationException: Error creating bean with name 'redisson' defined in class path resource [org/redisson/spring/starter/RedissonAutoConfigurationV2.class]: Bean instantiation via factory method failed; nested exception is org.springframework.beans.BeanInstantiationException: Failed to instantiate [org.redisson.api.RedissonClient]: Factory method 'redisson' threw exception; nested exception is org.redisson.client.RedisConnectionException: java.util.concurrent.ExecutionException: org.redisson.client.RedisConnectionException: Unable to connect to Redis server: 127.0.0.1/127.0.0.1:6379
	at org.springframework.context.annotation.CommonAnnotationBeanPostProcessor.postProcessProperties(CommonAnnotationBeanPostProcessor.java:332)
	at org.springframework.beans.factory.support.AbstractAutowireCapableBeanFactory.populateBean(AbstractAutowireCapableBeanFactory.java:1431)
	at org.springframework.beans.factory.support.AbstractAutowireCapableBeanFactory.doCreateBean(AbstractAutowireCapableBeanFactory.java:619)
	at org.springframework.beans.factory.support.AbstractAutowireCapableBeanFactory.createBean(AbstractAutowireCapableBeanFactory.java:542)
	at org.springframework.beans.factory.support.AbstractBeanFactory.lambda$doGetBean$0(AbstractBeanFactory.java:335)
	at org.springframework.beans.factory.support.DefaultSingletonBeanRegistry.getSingleton(DefaultSingletonBeanRegistry.java:234)
	at org.springframework.beans.factory.support.AbstractBeanFactory.doGetBean(AbstractBeanFactory.java:333)
	at org.springframework.beans.factory.support.AbstractBeanFactory.getBean(AbstractBeanFactory.java:208)
	at org.springframework.beans.factory.support.DefaultListableBeanFactory.preInstantiateSingletons(DefaultListableBeanFactory.java:955)
	at org.springframework.context.support.AbstractApplicationContext.finishBeanFactoryInitialization(AbstractApplicationContext.java:920)
	at org.springframework.context.support.AbstractApplicationContext.refresh(AbstractApplicationContext.java:583)
	at org.springframework.boot.SpringApplication.refresh(SpringApplication.java:731)
	at org.springframework.boot.SpringApplication.refreshContext(SpringApplication.java:408)
	at org.springframework.boot.SpringApplication.run(SpringApplication.java:307)
	at org.springframework.boot.test.context.SpringBootContextLoader.loadContext(SpringBootContextLoader.java:136)
	at org.springframework.test.context.cache.DefaultCacheAwareContextLoaderDelegate.loadContextInternal(DefaultCacheAwareContextLoaderDelegate.java:141)
	at org.springframework.test.context.cache.DefaultCacheAwareContextLoaderDelegate.loadContext(DefaultCacheAwareContextLoaderDelegate.java:90)
	at org.springframework.test.context.support.DefaultTestContext.getApplicationContext(DefaultTestContext.java:124)
	at org.springframework.test.context.web.ServletTestExecutionListener.setUpRequestContextIfNecessary(ServletTestExecutionListener.java:190)
	at org.springframework.test.context.web.ServletTestExecutionListener.prepareTestInstance(ServletTestExecutionListener.java:132)
	at org.springframework.test.context.TestContextManager.prepareTestInstance(TestContextManager.java:248)
	at org.springframework.test.context.junit4.SpringJUnit4ClassRunner.createTest(SpringJUnit4ClassRunner.java:227)
	at org.springframework.test.context.junit4.SpringJUnit4ClassRunner$1.runReflectiveCall(SpringJUnit4ClassRunner.java:289)
	at org.junit.internal.runners.model.ReflectiveCallable.run(ReflectiveCallable.java:12)
	at org.springframework.test.context.junit4.SpringJUnit4ClassRunner.methodBlock(SpringJUnit4ClassRunner.java:291)
	at org.springframework.test.context.junit4.SpringJUnit4ClassRunner.runChild(SpringJUnit4ClassRunner.java:246)
	at org.springframework.test.context.junit4.SpringJUnit4ClassRunner.runChild(SpringJUnit4ClassRunner.java:97)
	at org.junit.runners.ParentRunner$4.run(ParentRunner.java:331)
	at org.junit.runners.ParentRunner$1.schedule(ParentRunner.java:79)
	at org.junit.runners.ParentRunner.runChildren(ParentRunner.java:329)
	at org.junit.runners.ParentRunner.access$100(ParentRunner.java:66)
	at org.junit.runners.ParentRunner$2.evaluate(ParentRunner.java:293)
	at org.springframework.test.context.junit4.statements.RunBeforeTestClassCallbacks.evaluate(RunBeforeTestClassCallbacks.java:61)
	at org.springframework.test.context.junit4.statements.RunAfterTestClassCallbacks.evaluate(RunAfterTestClassCallbacks.java:70)
	at org.junit.runners.ParentRunner$3.evaluate(ParentRunner.java:306)
	at org.junit.runners.ParentRunner.run(ParentRunner.java:413)
	at org.springframework.test.context.junit4.SpringJUnit4ClassRunner.run(SpringJUnit4ClassRunner.java:190)
	at org.junit.runner.JUnitCore.run(JUnitCore.java:137)
	at com.intellij.junit4.JUnit4IdeaTestRunner.startRunnerWithArgs(JUnit4IdeaTestRunner.java:73)
	at com.intellij.rt.junit.IdeaTestRunner$Repeater$1.execute(IdeaTestRunner.java:38)
	at com.intellij.rt.execution.junit.TestsRepeater.repeat(TestsRepeater.java:11)
	at com.intellij.rt.junit.IdeaTestRunner$Repeater.startRunnerWithArgs(IdeaTestRunner.java:35)
	at com.intellij.rt.junit.JUnitStarter.prepareStreamsAndStart(JUnitStarter.java:226)
	at com.intellij.rt.junit.JUnitStarter.main(JUnitStarter.java:62)
Caused by: org.springframework.beans.factory.BeanCreationException: Error creating bean with name 'materialService': Injection of resource dependencies failed; nested exception is org.springframework.beans.factory.BeanCreationException: Error creating bean with name 'materialRepository': Injection of resource dependencies failed; nested exception is org.springframework.beans.factory.BeanCreationException: Error creating bean with name 'redisCacheService': Injection of resource dependencies failed; nested exception is org.springframework.beans.factory.UnsatisfiedDependencyException: Error creating bean with name 'stringRedisTemplate' defined in class path resource [org/redisson/spring/starter/RedissonAutoConfigurationV2.class]: Unsatisfied dependency expressed through method 'stringRedisTemplate' parameter 0; nested exception is org.springframework.beans.factory.UnsatisfiedDependencyException: Error creating bean with name 'redissonConnectionFactory' defined in class path resource [org/redisson/spring/starter/RedissonAutoConfigurationV2.class]: Unsatisfied dependency expressed through method 'redissonConnectionFactory' parameter 0; nested exception is org.springframework.beans.factory.BeanCreationException: Error creating bean with name 'redisson' defined in class path resource [org/redisson/spring/starter/RedissonAutoConfigurationV2.class]: Bean instantiation via factory method failed; nested exception is org.springframework.beans.BeanInstantiationException: Failed to instantiate [org.redisson.api.RedissonClient]: Factory method 'redisson' threw exception; nested exception is org.redisson.client.RedisConnectionException: java.util.concurrent.ExecutionException: org.redisson.client.RedisConnectionException: Unable to connect to Redis server: 127.0.0.1/127.0.0.1:6379
	at org.springframework.context.annotation.CommonAnnotationBeanPostProcessor.postProcessProperties(CommonAnnotationBeanPostProcessor.java:332)
	at org.springframework.beans.factory.support.AbstractAutowireCapableBeanFactory.populateBean(AbstractAutowireCapableBeanFactory.java:1431)
	at org.springframework.beans.factory.support.AbstractAutowireCapableBeanFactory.doCreateBean(AbstractAutowireCapableBeanFactory.java:619)
	at org.springframework.beans.factory.support.AbstractAutowireCapableBeanFactory.createBean(AbstractAutowireCapableBeanFactory.java:542)
	at org.springframework.beans.factory.support.AbstractBeanFactory.lambda$doGetBean$0(AbstractBeanFactory.java:335)
	at org.springframework.beans.factory.support.DefaultSingletonBeanRegistry.getSingleton(DefaultSingletonBeanRegistry.java:234)
	at org.springframework.beans.factory.support.AbstractBeanFactory.doGetBean(AbstractBeanFactory.java:333)
	at org.springframework.beans.factory.support.AbstractBeanFactory.getBean(AbstractBeanFactory.java:213)
	at org.springframework.beans.factory.support.AbstractAutowireCapableBeanFactory.resolveBeanByName(AbstractAutowireCapableBeanFactory.java:479)
	at org.springframework.context.annotation.CommonAnnotationBeanPostProcessor.autowireResource(CommonAnnotationBeanPostProcessor.java:550)
	at org.springframework.context.annotation.CommonAnnotationBeanPostProcessor.getResource(CommonAnnotationBeanPostProcessor.java:520)
	at org.springframework.context.annotation.CommonAnnotationBeanPostProcessor$ResourceElement.getResourceToInject(CommonAnnotationBeanPostProcessor.java:673)
	at org.springframework.beans.factory.annotation.InjectionMetadata$InjectedElement.inject(InjectionMetadata.java:228)
	at org.springframework.beans.factory.annotation.InjectionMetadata.inject(InjectionMetadata.java:119)
	at org.springframework.context.annotation.CommonAnnotationBeanPostProcessor.postProcessProperties(CommonAnnotationBeanPostProcessor.java:329)
	... 43 common frames omitted
Caused by: org.springframework.beans.factory.BeanCreationException: Error creating bean with name 'materialRepository': Injection of resource dependencies failed; nested exception is org.springframework.beans.factory.BeanCreationException: Error creating bean with name 'redisCacheService': Injection of resource dependencies failed; nested exception is org.springframework.beans.factory.UnsatisfiedDependencyException: Error creating bean with name 'stringRedisTemplate' defined in class path resource [org/redisson/spring/starter/RedissonAutoConfigurationV2.class]: Unsatisfied dependency expressed through method 'stringRedisTemplate' parameter 0; nested exception is org.springframework.beans.factory.UnsatisfiedDependencyException: Error creating bean with name 'redissonConnectionFactory' defined in class path resource [org/redisson/spring/starter/RedissonAutoConfigurationV2.class]: Unsatisfied dependency expressed through method 'redissonConnectionFactory' parameter 0; nested exception is org.springframework.beans.factory.BeanCreationException: Error creating bean with name 'redisson' defined in class path resource [org/redisson/spring/starter/RedissonAutoConfigurationV2.class]: Bean instantiation via factory method failed; nested exception is org.springframework.beans.BeanInstantiationException: Failed to instantiate [org.redisson.api.RedissonClient]: Factory method 'redisson' threw exception; nested exception is org.redisson.client.RedisConnectionException: java.util.concurrent.ExecutionException: org.redisson.client.RedisConnectionException: Unable to connect to Redis server: 127.0.0.1/127.0.0.1:6379
	at org.springframework.context.annotation.CommonAnnotationBeanPostProcessor.postProcessProperties(CommonAnnotationBeanPostProcessor.java:332)
	at org.springframework.beans.factory.support.AbstractAutowireCapableBeanFactory.populateBean(AbstractAutowireCapableBeanFactory.java:1431)
	at org.springframework.beans.factory.support.AbstractAutowireCapableBeanFactory.doCreateBean(AbstractAutowireCapableBeanFactory.java:619)
	at org.springframework.beans.factory.support.AbstractAutowireCapableBeanFactory.createBean(AbstractAutowireCapableBeanFactory.java:542)
	at org.springframework.beans.factory.support.AbstractBeanFactory.lambda$doGetBean$0(AbstractBeanFactory.java:335)
	at org.springframework.beans.factory.support.DefaultSingletonBeanRegistry.getSingleton(DefaultSingletonBeanRegistry.java:234)
	at org.springframework.beans.factory.support.AbstractBeanFactory.doGetBean(AbstractBeanFactory.java:333)
	at org.springframework.beans.factory.support.AbstractBeanFactory.getBean(AbstractBeanFactory.java:213)
	at org.springframework.beans.factory.support.AbstractAutowireCapableBeanFactory.resolveBeanByName(AbstractAutowireCapableBeanFactory.java:479)
	at org.springframework.context.annotation.CommonAnnotationBeanPostProcessor.autowireResource(CommonAnnotationBeanPostProcessor.java:550)
	at org.springframework.context.annotation.CommonAnnotationBeanPostProcessor.getResource(CommonAnnotationBeanPostProcessor.java:520)
	at org.springframework.context.annotation.CommonAnnotationBeanPostProcessor$ResourceElement.getResourceToInject(CommonAnnotationBeanPostProcessor.java:673)
	at org.springframework.beans.factory.annotation.InjectionMetadata$InjectedElement.inject(InjectionMetadata.java:228)
	at org.springframework.beans.factory.annotation.InjectionMetadata.inject(InjectionMetadata.java:119)
	at org.springframework.context.annotation.CommonAnnotationBeanPostProcessor.postProcessProperties(CommonAnnotationBeanPostProcessor.java:329)
	... 57 common frames omitted
Caused by: org.springframework.beans.factory.BeanCreationException: Error creating bean with name 'redisCacheService': Injection of resource dependencies failed; nested exception is org.springframework.beans.factory.UnsatisfiedDependencyException: Error creating bean with name 'stringRedisTemplate' defined in class path resource [org/redisson/spring/starter/RedissonAutoConfigurationV2.class]: Unsatisfied dependency expressed through method 'stringRedisTemplate' parameter 0; nested exception is org.springframework.beans.factory.UnsatisfiedDependencyException: Error creating bean with name 'redissonConnectionFactory' defined in class path resource [org/redisson/spring/starter/RedissonAutoConfigurationV2.class]: Unsatisfied dependency expressed through method 'redissonConnectionFactory' parameter 0; nested exception is org.springframework.beans.factory.BeanCreationException: Error creating bean with name 'redisson' defined in class path resource [org/redisson/spring/starter/RedissonAutoConfigurationV2.class]: Bean instantiation via factory method failed; nested exception is org.springframework.beans.BeanInstantiationException: Failed to instantiate [org.redisson.api.RedissonClient]: Factory method 'redisson' threw exception; nested exception is org.redisson.client.RedisConnectionException: java.util.concurrent.ExecutionException: org.redisson.client.RedisConnectionException: Unable to connect to Redis server: 127.0.0.1/127.0.0.1:6379
	at org.springframework.context.annotation.CommonAnnotationBeanPostProcessor.postProcessProperties(CommonAnnotationBeanPostProcessor.java:332)
	at org.springframework.beans.factory.support.AbstractAutowireCapableBeanFactory.populateBean(AbstractAutowireCapableBeanFactory.java:1431)
	at org.springframework.beans.factory.support.AbstractAutowireCapableBeanFactory.doCreateBean(AbstractAutowireCapableBeanFactory.java:619)
	at org.springframework.beans.factory.support.AbstractAutowireCapableBeanFactory.createBean(AbstractAutowireCapableBeanFactory.java:542)
	at org.springframework.beans.factory.support.AbstractBeanFactory.lambda$doGetBean$0(AbstractBeanFactory.java:335)
	at org.springframework.beans.factory.support.DefaultSingletonBeanRegistry.getSingleton(DefaultSingletonBeanRegistry.java:234)
	at org.springframework.beans.factory.support.AbstractBeanFactory.doGetBean(AbstractBeanFactory.java:333)
	at org.springframework.beans.factory.support.AbstractBeanFactory.getBean(AbstractBeanFactory.java:213)
	at org.springframework.beans.factory.support.AbstractAutowireCapableBeanFactory.resolveBeanByName(AbstractAutowireCapableBeanFactory.java:479)
	at org.springframework.context.annotation.CommonAnnotationBeanPostProcessor.autowireResource(CommonAnnotationBeanPostProcessor.java:550)
	at org.springframework.context.annotation.CommonAnnotationBeanPostProcessor.getResource(CommonAnnotationBeanPostProcessor.java:520)
	at org.springframework.context.annotation.CommonAnnotationBeanPostProcessor$ResourceElement.getResourceToInject(CommonAnnotationBeanPostProcessor.java:673)
	at org.springframework.beans.factory.annotation.InjectionMetadata$InjectedElement.inject(InjectionMetadata.java:228)
	at org.springframework.beans.factory.annotation.InjectionMetadata.inject(InjectionMetadata.java:119)
	at org.springframework.context.annotation.CommonAnnotationBeanPostProcessor.postProcessProperties(CommonAnnotationBeanPostProcessor.java:329)
	... 71 common frames omitted
Caused by: org.springframework.beans.factory.UnsatisfiedDependencyException: Error creating bean with name 'stringRedisTemplate' defined in class path resource [org/redisson/spring/starter/RedissonAutoConfigurationV2.class]: Unsatisfied dependency expressed through method 'stringRedisTemplate' parameter 0; nested exception is org.springframework.beans.factory.UnsatisfiedDependencyException: Error creating bean with name 'redissonConnectionFactory' defined in class path resource [org/redisson/spring/starter/RedissonAutoConfigurationV2.class]: Unsatisfied dependency expressed through method 'redissonConnectionFactory' parameter 0; nested exception is org.springframework.beans.factory.BeanCreationException: Error creating bean with name 'redisson' defined in class path resource [org/redisson/spring/starter/RedissonAutoConfigurationV2.class]: Bean instantiation via factory method failed; nested exception is org.springframework.beans.BeanInstantiationException: Failed to instantiate [org.redisson.api.RedissonClient]: Factory method 'redisson' threw exception; nested exception is org.redisson.client.RedisConnectionException: java.util.concurrent.ExecutionException: org.redisson.client.RedisConnectionException: Unable to connect to Redis server: 127.0.0.1/127.0.0.1:6379
	at org.springframework.beans.factory.support.ConstructorResolver.createArgumentArray(ConstructorResolver.java:800)
	at org.springframework.beans.factory.support.ConstructorResolver.instantiateUsingFactoryMethod(ConstructorResolver.java:541)
	at org.springframework.beans.factory.support.AbstractAutowireCapableBeanFactory.instantiateUsingFactoryMethod(AbstractAutowireCapableBeanFactory.java:1352)
	at org.springframework.beans.factory.support.AbstractAutowireCapableBeanFactory.createBeanInstance(AbstractAutowireCapableBeanFactory.java:1195)
	at org.springframework.beans.factory.support.AbstractAutowireCapableBeanFactory.doCreateBean(AbstractAutowireCapableBeanFactory.java:582)
	at org.springframework.beans.factory.support.AbstractAutowireCapableBeanFactory.createBean(AbstractAutowireCapableBeanFactory.java:542)
	at org.springframework.beans.factory.support.AbstractBeanFactory.lambda$doGetBean$0(AbstractBeanFactory.java:335)
	at org.springframework.beans.factory.support.DefaultSingletonBeanRegistry.getSingleton(DefaultSingletonBeanRegistry.java:234)
	at org.springframework.beans.factory.support.AbstractBeanFactory.doGetBean(AbstractBeanFactory.java:333)
	at org.springframework.beans.factory.support.AbstractBeanFactory.getBean(AbstractBeanFactory.java:213)
	at org.springframework.beans.factory.support.AbstractAutowireCapableBeanFactory.resolveBeanByName(AbstractAutowireCapableBeanFactory.java:479)
	at org.springframework.context.annotation.CommonAnnotationBeanPostProcessor.autowireResource(CommonAnnotationBeanPostProcessor.java:550)
	at org.springframework.context.annotation.CommonAnnotationBeanPostProcessor.getResource(CommonAnnotationBeanPostProcessor.java:520)
	at org.springframework.context.annotation.CommonAnnotationBeanPostProcessor$ResourceElement.getResourceToInject(CommonAnnotationBeanPostProcessor.java:673)
	at org.springframework.beans.factory.annotation.InjectionMetadata$InjectedElement.inject(InjectionMetadata.java:228)
	at org.springframework.beans.factory.annotation.InjectionMetadata.inject(InjectionMetadata.java:119)
	at org.springframework.context.annotation.CommonAnnotationBeanPostProcessor.postProcessProperties(CommonAnnotationBeanPostProcessor.java:329)
	... 85 common frames omitted
Caused by: org.springframework.beans.factory.UnsatisfiedDependencyException: Error creating bean with name 'redissonConnectionFactory' defined in class path resource [org/redisson/spring/starter/RedissonAutoConfigurationV2.class]: Unsatisfied dependency expressed through method 'redissonConnectionFactory' parameter 0; nested exception is org.springframework.beans.factory.BeanCreationException: Error creating bean with name 'redisson' defined in class path resource [org/redisson/spring/starter/RedissonAutoConfigurationV2.class]: Bean instantiation via factory method failed; nested exception is org.springframework.beans.BeanInstantiationException: Failed to instantiate [org.redisson.api.RedissonClient]: Factory method 'redisson' threw exception; nested exception is org.redisson.client.RedisConnectionException: java.util.concurrent.ExecutionException: org.redisson.client.RedisConnectionException: Unable to connect to Redis server: 127.0.0.1/127.0.0.1:6379
	at org.springframework.beans.factory.support.ConstructorResolver.createArgumentArray(ConstructorResolver.java:800)
	at org.springframework.beans.factory.support.ConstructorResolver.instantiateUsingFactoryMethod(ConstructorResolver.java:541)
	at org.springframework.beans.factory.support.AbstractAutowireCapableBeanFactory.instantiateUsingFactoryMethod(AbstractAutowireCapableBeanFactory.java:1352)
	at org.springframework.beans.factory.support.AbstractAutowireCapableBeanFactory.createBeanInstance(AbstractAutowireCapableBeanFactory.java:1195)
	at org.springframework.beans.factory.support.AbstractAutowireCapableBeanFactory.doCreateBean(AbstractAutowireCapableBeanFactory.java:582)
	at org.springframework.beans.factory.support.AbstractAutowireCapableBeanFactory.createBean(AbstractAutowireCapableBeanFactory.java:542)
	at org.springframework.beans.factory.support.AbstractBeanFactory.lambda$doGetBean$0(AbstractBeanFactory.java:335)
	at org.springframework.beans.factory.support.DefaultSingletonBeanRegistry.getSingleton(DefaultSingletonBeanRegistry.java:234)
	at org.springframework.beans.factory.support.AbstractBeanFactory.doGetBean(AbstractBeanFactory.java:333)
	at org.springframework.beans.factory.support.AbstractBeanFactory.getBean(AbstractBeanFactory.java:208)
	at org.springframework.beans.factory.config.DependencyDescriptor.resolveCandidate(DependencyDescriptor.java:276)
	at org.springframework.beans.factory.support.DefaultListableBeanFactory.doResolveDependency(DefaultListableBeanFactory.java:1391)
	at org.springframework.beans.factory.support.DefaultListableBeanFactory.resolveDependency(DefaultListableBeanFactory.java:1311)
	at org.springframework.beans.factory.support.ConstructorResolver.resolveAutowiredArgument(ConstructorResolver.java:887)
	at org.springframework.beans.factory.support.ConstructorResolver.createArgumentArray(ConstructorResolver.java:791)
	... 101 common frames omitted
Caused by: org.springframework.beans.factory.BeanCreationException: Error creating bean with name 'redisson' defined in class path resource [org/redisson/spring/starter/RedissonAutoConfigurationV2.class]: Bean instantiation via factory method failed; nested exception is org.springframework.beans.BeanInstantiationException: Failed to instantiate [org.redisson.api.RedissonClient]: Factory method 'redisson' threw exception; nested exception is org.redisson.client.RedisConnectionException: java.util.concurrent.ExecutionException: org.redisson.client.RedisConnectionException: Unable to connect to Redis server: 127.0.0.1/127.0.0.1:6379
	at org.springframework.beans.factory.support.ConstructorResolver.instantiate(ConstructorResolver.java:658)
	at org.springframework.beans.factory.support.ConstructorResolver.instantiateUsingFactoryMethod(ConstructorResolver.java:486)
	at org.springframework.beans.factory.support.AbstractAutowireCapableBeanFactory.instantiateUsingFactoryMethod(AbstractAutowireCapableBeanFactory.java:1352)
	at org.springframework.beans.factory.support.AbstractAutowireCapableBeanFactory.createBeanInstance(AbstractAutowireCapableBeanFactory.java:1195)
	at org.springframework.beans.factory.support.AbstractAutowireCapableBeanFactory.doCreateBean(AbstractAutowireCapableBeanFactory.java:582)
	at org.springframework.beans.factory.support.AbstractAutowireCapableBeanFactory.createBean(AbstractAutowireCapableBeanFactory.java:542)
	at org.springframework.beans.factory.support.AbstractBeanFactory.lambda$doGetBean$0(AbstractBeanFactory.java:335)
	at org.springframework.beans.factory.support.DefaultSingletonBeanRegistry.getSingleton(DefaultSingletonBeanRegistry.java:234)
	at org.springframework.beans.factory.support.AbstractBeanFactory.doGetBean(AbstractBeanFactory.java:333)
	at org.springframework.beans.factory.support.AbstractBeanFactory.getBean(AbstractBeanFactory.java:208)
	at org.springframework.beans.factory.config.DependencyDescriptor.resolveCandidate(DependencyDescriptor.java:276)
	at org.springframework.beans.factory.support.DefaultListableBeanFactory.doResolveDependency(DefaultListableBeanFactory.java:1391)
	at org.springframework.beans.factory.support.DefaultListableBeanFactory.resolveDependency(DefaultListableBeanFactory.java:1311)
	at org.springframework.beans.factory.support.ConstructorResolver.resolveAutowiredArgument(ConstructorResolver.java:887)
	at org.springframework.beans.factory.support.ConstructorResolver.createArgumentArray(ConstructorResolver.java:791)
	... 115 common frames omitted
Caused by: org.springframework.beans.BeanInstantiationException: Failed to instantiate [org.redisson.api.RedissonClient]: Factory method 'redisson' threw exception; nested exception is org.redisson.client.RedisConnectionException: java.util.concurrent.ExecutionException: org.redisson.client.RedisConnectionException: Unable to connect to Redis server: 127.0.0.1/127.0.0.1:6379
	at org.springframework.beans.factory.support.SimpleInstantiationStrategy.instantiate(SimpleInstantiationStrategy.java:185)
	at org.springframework.beans.factory.support.ConstructorResolver.instantiate(ConstructorResolver.java:653)
	... 129 common frames omitted
Caused by: org.redisson.client.RedisConnectionException: java.util.concurrent.ExecutionException: org.redisson.client.RedisConnectionException: Unable to connect to Redis server: 127.0.0.1/127.0.0.1:6379
	at org.redisson.connection.MasterSlaveConnectionManager.doConnect(MasterSlaveConnectionManager.java:229)
	at org.redisson.connection.MasterSlaveConnectionManager.connect(MasterSlaveConnectionManager.java:196)
	at org.redisson.config.ConfigSupport.createConnectionManager(ConfigSupport.java:220)
	at org.redisson.Redisson.<init>(Redisson.java:71)
	at org.redisson.Redisson.create(Redisson.java:116)
	at org.redisson.spring.starter.RedissonAutoConfiguration.redisson(RedissonAutoConfiguration.java:330)
	at java.base/jdk.internal.reflect.NativeMethodAccessorImpl.invoke0(Native Method)
	at java.base/jdk.internal.reflect.NativeMethodAccessorImpl.invoke(NativeMethodAccessorImpl.java:62)
	at java.base/jdk.internal.reflect.DelegatingMethodAccessorImpl.invoke(DelegatingMethodAccessorImpl.java:43)
	at java.base/java.lang.reflect.Method.invoke(Method.java:566)
	at org.springframework.beans.factory.support.SimpleInstantiationStrategy.instantiate(SimpleInstantiationStrategy.java:154)
	... 130 common frames omitted
Caused by: java.util.concurrent.ExecutionException: org.redisson.client.RedisConnectionException: Unable to connect to Redis server: 127.0.0.1/127.0.0.1:6379
	at java.base/java.util.concurrent.CompletableFuture.reportGet(CompletableFuture.java:395)
	at java.base/java.util.concurrent.CompletableFuture.get(CompletableFuture.java:2028)
	at org.redisson.connection.MasterSlaveConnectionManager.doConnect(MasterSlaveConnectionManager.java:225)
	... 140 common frames omitted
Caused by: org.redisson.client.RedisConnectionException: Unable to connect to Redis server: 127.0.0.1/127.0.0.1:6379
	at org.redisson.connection.ConnectionsHolder.lambda$createConnection$1(ConnectionsHolder.java:183)
	at java.base/java.util.concurrent.CompletableFuture.uniWhenComplete(CompletableFuture.java:859)
	at java.base/java.util.concurrent.CompletableFuture$UniWhenComplete.tryFire$$$capture(CompletableFuture.java:837)
	at java.base/java.util.concurrent.CompletableFuture$UniWhenComplete.tryFire(CompletableFuture.java)
	at java.base/java.util.concurrent.CompletableFuture.postComplete(CompletableFuture.java:506)
	at java.base/java.util.concurrent.CompletableFuture.completeExceptionally(CompletableFuture.java:2094)
	at org.redisson.connection.ConnectionsHolder.promiseFailure(ConnectionsHolder.java:218)
	at org.redisson.connection.ConnectionsHolder.lambda$createConnection$4(ConnectionsHolder.java:204)
	at java.base/java.util.concurrent.CompletableFuture.uniWhenComplete(CompletableFuture.java:859)
	at java.base/java.util.concurrent.CompletableFuture$UniWhenComplete.tryFire$$$capture(CompletableFuture.java:837)
	at java.base/java.util.concurrent.CompletableFuture$UniWhenComplete.tryFire(CompletableFuture.java)
	at java.base/java.util.concurrent.CompletableFuture.postComplete(CompletableFuture.java:506)
	at java.base/java.util.concurrent.CompletableFuture.completeExceptionally(CompletableFuture.java:2094)
	at org.redisson.client.RedisClient$1$2.run(RedisClient.java:308)
	at io.netty.util.concurrent.AbstractEventExecutor.runTask(AbstractEventExecutor.java:174)
	at io.netty.util.concurrent.AbstractEventExecutor.safeExecute$$$capture(AbstractEventExecutor.java:167)
	at io.netty.util.concurrent.AbstractEventExecutor.safeExecute(AbstractEventExecutor.java)
	at io.netty.util.concurrent.SingleThreadEventExecutor.runAllTasks(SingleThreadEventExecutor.java:470)
	at io.netty.channel.nio.NioEventLoop.run(NioEventLoop.java:569)
	at io.netty.util.concurrent.SingleThreadEventExecutor$4.run(SingleThreadEventExecutor.java:997)
	at io.netty.util.internal.ThreadExecutorMap$2.run(ThreadExecutorMap.java:74)
	at io.netty.util.concurrent.FastThreadLocalRunnable.run(FastThreadLocalRunnable.java:30)
	at java.base/java.lang.Thread.run(Thread.java:829)
Caused by: java.util.concurrent.CompletionException: io.netty.channel.AbstractChannel$AnnotatedConnectException: Connection refused: no further information: 127.0.0.1/127.0.0.1:6379
	at java.base/java.util.concurrent.CompletableFuture.encodeRelay(CompletableFuture.java:367)
	at java.base/java.util.concurrent.CompletableFuture.completeRelay(CompletableFuture.java:376)
	at java.base/java.util.concurrent.CompletableFuture$UniRelay.tryFire(CompletableFuture.java:1019)
	... 12 common frames omitted
Caused by: io.netty.channel.AbstractChannel$AnnotatedConnectException: Connection refused: no further information: 127.0.0.1/127.0.0.1:6379
Caused by: java.net.ConnectException: Connection refused: no further information
	at java.base/sun.nio.ch.SocketChannelImpl.checkConnect(Native Method)
	at java.base/sun.nio.ch.SocketChannelImpl.finishConnect(SocketChannelImpl.java:777)
	at io.netty.channel.socket.nio.NioSocketChannel.doFinishConnect(NioSocketChannel.java:337)
	at io.netty.channel.nio.AbstractNioChannel$AbstractNioUnsafe.finishConnect(AbstractNioChannel.java:334)
	at io.netty.channel.nio.NioEventLoop.processSelectedKey(NioEventLoop.java:776)
	at io.netty.channel.nio.NioEventLoop.processSelectedKeysOptimized(NioEventLoop.java:724)
	at io.netty.channel.nio.NioEventLoop.processSelectedKeys(NioEventLoop.java:650)
	at io.netty.channel.nio.NioEventLoop.run(NioEventLoop.java:562)
	at io.netty.util.concurrent.SingleThreadEventExecutor$4.run(SingleThreadEventExecutor.java:997)
	at io.netty.util.internal.ThreadExecutorMap$2.run(ThreadExecutorMap.java:74)
	at io.netty.util.concurrent.FastThreadLocalRunnable.run(FastThreadLocalRunnable.java:30)
	at java.base/java.lang.Thread.run(Thread.java:829)
26-08-12.20:06:13.581 [main            ] ERROR TestContextManager     - Caught exception while allowing TestExecutionListener [org.springframework.test.context.web.ServletTestExecutionListener@5386659f] to prepare test instance [cn.bugstack.TagServiceTest@d271a54]
java.lang.IllegalStateException: Failed to load ApplicationContext
	at org.springframework.test.context.cache.DefaultCacheAwareContextLoaderDelegate.loadContext(DefaultCacheAwareContextLoaderDelegate.java:98)
	at org.springframework.test.context.support.DefaultTestContext.getApplicationContext(DefaultTestContext.java:124)
	at org.springframework.test.context.web.ServletTestExecutionListener.setUpRequestContextIfNecessary(ServletTestExecutionListener.java:190)
	at org.springframework.test.context.web.ServletTestExecutionListener.prepareTestInstance(ServletTestExecutionListener.java:132)
	at org.springframework.test.context.TestContextManager.prepareTestInstance(TestContextManager.java:248)
	at org.springframework.test.context.junit4.SpringJUnit4ClassRunner.createTest(SpringJUnit4ClassRunner.java:227)
	at org.springframework.test.context.junit4.SpringJUnit4ClassRunner$1.runReflectiveCall(SpringJUnit4ClassRunner.java:289)
	at org.junit.internal.runners.model.ReflectiveCallable.run(ReflectiveCallable.java:12)
	at org.springframework.test.context.junit4.SpringJUnit4ClassRunner.methodBlock(SpringJUnit4ClassRunner.java:291)
	at org.springframework.test.context.junit4.SpringJUnit4ClassRunner.runChild(SpringJUnit4ClassRunner.java:246)
	at org.springframework.test.context.junit4.SpringJUnit4ClassRunner.runChild(SpringJUnit4ClassRunner.java:97)
	at org.junit.runners.ParentRunner$4.run(ParentRunner.java:331)
	at org.junit.runners.ParentRunner$1.schedule(ParentRunner.java:79)
	at org.junit.runners.ParentRunner.runChildren(ParentRunner.java:329)
	at org.junit.runners.ParentRunner.access$100(ParentRunner.java:66)
	at org.junit.runners.ParentRunner$2.evaluate(ParentRunner.java:293)
	at org.springframework.test.context.junit4.statements.RunBeforeTestClassCallbacks.evaluate(RunBeforeTestClassCallbacks.java:61)
	at org.springframework.test.context.junit4.statements.RunAfterTestClassCallbacks.evaluate(RunAfterTestClassCallbacks.java:70)
	at org.junit.runners.ParentRunner$3.evaluate(ParentRunner.java:306)
	at org.junit.runners.ParentRunner.run(ParentRunner.java:413)
	at org.springframework.test.context.junit4.SpringJUnit4ClassRunner.run(SpringJUnit4ClassRunner.java:190)
	at org.junit.runner.JUnitCore.run(JUnitCore.java:137)
	at com.intellij.junit4.JUnit4IdeaTestRunner.startRunnerWithArgs(JUnit4IdeaTestRunner.java:73)
	at com.intellij.rt.junit.IdeaTestRunner$Repeater$1.execute(IdeaTestRunner.java:38)
	at com.intellij.rt.execution.junit.TestsRepeater.repeat(TestsRepeater.java:11)
	at com.intellij.rt.junit.IdeaTestRunner$Repeater.startRunnerWithArgs(IdeaTestRunner.java:35)
	at com.intellij.rt.junit.JUnitStarter.prepareStreamsAndStart(JUnitStarter.java:226)
	at com.intellij.rt.junit.JUnitStarter.main(JUnitStarter.java:62)
Caused by: org.springframework.beans.factory.BeanCreationException: Error creating bean with name 'materialController': Injection of resource dependencies failed; nested exception is org.springframework.beans.factory.BeanCreationException: Error creating bean with name 'materialService': Injection of resource dependencies failed; nested exception is org.springframework.beans.factory.BeanCreationException: Error creating bean with name 'materialRepository': Injection of resource dependencies failed; nested exception is org.springframework.beans.factory.BeanCreationException: Error creating bean with name 'redisCacheService': Injection of resource dependencies failed; nested exception is org.springframework.beans.factory.UnsatisfiedDependencyException: Error creating bean with name 'stringRedisTemplate' defined in class path resource [org/redisson/spring/starter/RedissonAutoConfigurationV2.class]: Unsatisfied dependency expressed through method 'stringRedisTemplate' parameter 0; nested exception is org.springframework.beans.factory.UnsatisfiedDependencyException: Error creating bean with name 'redissonConnectionFactory' defined in class path resource [org/redisson/spring/starter/RedissonAutoConfigurationV2.class]: Unsatisfied dependency expressed through method 'redissonConnectionFactory' parameter 0; nested exception is org.springframework.beans.factory.BeanCreationException: Error creating bean with name 'redisson' defined in class path resource [org/redisson/spring/starter/RedissonAutoConfigurationV2.class]: Bean instantiation via factory method failed; nested exception is org.springframework.beans.BeanInstantiationException: Failed to instantiate [org.redisson.api.RedissonClient]: Factory method 'redisson' threw exception; nested exception is org.redisson.client.RedisConnectionException: java.util.concurrent.ExecutionException: org.redisson.client.RedisConnectionException: Unable to connect to Redis server: 127.0.0.1/127.0.0.1:6379
	at org.springframework.context.annotation.CommonAnnotationBeanPostProcessor.postProcessProperties(CommonAnnotationBeanPostProcessor.java:332)
	at org.springframework.beans.factory.support.AbstractAutowireCapableBeanFactory.populateBean(AbstractAutowireCapableBeanFactory.java:1431)
	at org.springframework.beans.factory.support.AbstractAutowireCapableBeanFactory.doCreateBean(AbstractAutowireCapableBeanFactory.java:619)
	at org.springframework.beans.factory.support.AbstractAutowireCapableBeanFactory.createBean(AbstractAutowireCapableBeanFactory.java:542)
	at org.springframework.beans.factory.support.AbstractBeanFactory.lambda$doGetBean$0(AbstractBeanFactory.java:335)
	at org.springframework.beans.factory.support.DefaultSingletonBeanRegistry.getSingleton(DefaultSingletonBeanRegistry.java:234)
	at org.springframework.beans.factory.support.AbstractBeanFactory.doGetBean(AbstractBeanFactory.java:333)
	at org.springframework.beans.factory.support.AbstractBeanFactory.getBean(AbstractBeanFactory.java:208)
	at org.springframework.beans.factory.support.DefaultListableBeanFactory.preInstantiateSingletons(DefaultListableBeanFactory.java:955)
	at org.springframework.context.support.AbstractApplicationContext.finishBeanFactoryInitialization(AbstractApplicationContext.java:920)
	at org.springframework.context.support.AbstractApplicationContext.refresh(AbstractApplicationContext.java:583)
	at org.springframework.boot.SpringApplication.refresh(SpringApplication.java:731)
	at org.springframework.boot.SpringApplication.refreshContext(SpringApplication.java:408)
	at org.springframework.boot.SpringApplication.run(SpringApplication.java:307)
	at org.springframework.boot.test.context.SpringBootContextLoader.loadContext(SpringBootContextLoader.java:136)
	at org.springframework.test.context.cache.DefaultCacheAwareContextLoaderDelegate.loadContextInternal(DefaultCacheAwareContextLoaderDelegate.java:141)
	at org.springframework.test.context.cache.DefaultCacheAwareContextLoaderDelegate.loadContext(DefaultCacheAwareContextLoaderDelegate.java:90)
	... 27 common frames omitted
Caused by: org.springframework.beans.factory.BeanCreationException: Error creating bean with name 'materialService': Injection of resource dependencies failed; nested exception is org.springframework.beans.factory.BeanCreationException: Error creating bean with name 'materialRepository': Injection of resource dependencies failed; nested exception is org.springframework.beans.factory.BeanCreationException: Error creating bean with name 'redisCacheService': Injection of resource dependencies failed; nested exception is org.springframework.beans.factory.UnsatisfiedDependencyException: Error creating bean with name 'stringRedisTemplate' defined in class path resource [org/redisson/spring/starter/RedissonAutoConfigurationV2.class]: Unsatisfied dependency expressed through method 'stringRedisTemplate' parameter 0; nested exception is org.springframework.beans.factory.UnsatisfiedDependencyException: Error creating bean with name 'redissonConnectionFactory' defined in class path resource [org/redisson/spring/starter/RedissonAutoConfigurationV2.class]: Unsatisfied dependency expressed through method 'redissonConnectionFactory' parameter 0; nested exception is org.springframework.beans.factory.BeanCreationException: Error creating bean with name 'redisson' defined in class path resource [org/redisson/spring/starter/RedissonAutoConfigurationV2.class]: Bean instantiation via factory method failed; nested exception is org.springframework.beans.BeanInstantiationException: Failed to instantiate [org.redisson.api.RedissonClient]: Factory method 'redisson' threw exception; nested exception is org.redisson.client.RedisConnectionException: java.util.concurrent.ExecutionException: org.redisson.client.RedisConnectionException: Unable to connect to Redis server: 127.0.0.1/127.0.0.1:6379
	at org.springframework.context.annotation.CommonAnnotationBeanPostProcessor.postProcessProperties(CommonAnnotationBeanPostProcessor.java:332)
	at org.springframework.beans.factory.support.AbstractAutowireCapableBeanFactory.populateBean(AbstractAutowireCapableBeanFactory.java:1431)
	at org.springframework.beans.factory.support.AbstractAutowireCapableBeanFactory.doCreateBean(AbstractAutowireCapableBeanFactory.java:619)
	at org.springframework.beans.factory.support.AbstractAutowireCapableBeanFactory.createBean(AbstractAutowireCapableBeanFactory.java:542)
	at org.springframework.beans.factory.support.AbstractBeanFactory.lambda$doGetBean$0(AbstractBeanFactory.java:335)
	at org.springframework.beans.factory.support.DefaultSingletonBeanRegistry.getSingleton(DefaultSingletonBeanRegistry.java:234)
	at org.springframework.beans.factory.support.AbstractBeanFactory.doGetBean(AbstractBeanFactory.java:333)
	at org.springframework.beans.factory.support.AbstractBeanFactory.getBean(AbstractBeanFactory.java:213)
	at org.springframework.beans.factory.support.AbstractAutowireCapableBeanFactory.resolveBeanByName(AbstractAutowireCapableBeanFactory.java:479)
	at org.springframework.context.annotation.CommonAnnotationBeanPostProcessor.autowireResource(CommonAnnotationBeanPostProcessor.java:550)
	at org.springframework.context.annotation.CommonAnnotationBeanPostProcessor.getResource(CommonAnnotationBeanPostProcessor.java:520)
	at org.springframework.context.annotation.CommonAnnotationBeanPostProcessor$ResourceElement.getResourceToInject(CommonAnnotationBeanPostProcessor.java:673)
	at org.springframework.beans.factory.annotation.InjectionMetadata$InjectedElement.inject(InjectionMetadata.java:228)
	at org.springframework.beans.factory.annotation.InjectionMetadata.inject(InjectionMetadata.java:119)
	at org.springframework.context.annotation.CommonAnnotationBeanPostProcessor.postProcessProperties(CommonAnnotationBeanPostProcessor.java:329)
	... 43 common frames omitted
Caused by: org.springframework.beans.factory.BeanCreationException: Error creating bean with name 'materialRepository': Injection of resource dependencies failed; nested exception is org.springframework.beans.factory.BeanCreationException: Error creating bean with name 'redisCacheService': Injection of resource dependencies failed; nested exception is org.springframework.beans.factory.UnsatisfiedDependencyException: Error creating bean with name 'stringRedisTemplate' defined in class path resource [org/redisson/spring/starter/RedissonAutoConfigurationV2.class]: Unsatisfied dependency expressed through method 'stringRedisTemplate' parameter 0; nested exception is org.springframework.beans.factory.UnsatisfiedDependencyException: Error creating bean with name 'redissonConnectionFactory' defined in class path resource [org/redisson/spring/starter/RedissonAutoConfigurationV2.class]: Unsatisfied dependency expressed through method 'redissonConnectionFactory' parameter 0; nested exception is org.springframework.beans.factory.BeanCreationException: Error creating bean with name 'redisson' defined in class path resource [org/redisson/spring/starter/RedissonAutoConfigurationV2.class]: Bean instantiation via factory method failed; nested exception is org.springframework.beans.BeanInstantiationException: Failed to instantiate [org.redisson.api.RedissonClient]: Factory method 'redisson' threw exception; nested exception is org.redisson.client.RedisConnectionException: java.util.concurrent.ExecutionException: org.redisson.client.RedisConnectionException: Unable to connect to Redis server: 127.0.0.1/127.0.0.1:6379
	at org.springframework.context.annotation.CommonAnnotationBeanPostProcessor.postProcessProperties(CommonAnnotationBeanPostProcessor.java:332)
	at org.springframework.beans.factory.support.AbstractAutowireCapableBeanFactory.populateBean(AbstractAutowireCapableBeanFactory.java:1431)
	at org.springframework.beans.factory.support.AbstractAutowireCapableBeanFactory.doCreateBean(AbstractAutowireCapableBeanFactory.java:619)
	at org.springframework.beans.factory.support.AbstractAutowireCapableBeanFactory.createBean(AbstractAutowireCapableBeanFactory.java:542)
	at org.springframework.beans.factory.support.AbstractBeanFactory.lambda$doGetBean$0(AbstractBeanFactory.java:335)
	at org.springframework.beans.factory.support.DefaultSingletonBeanRegistry.getSingleton(DefaultSingletonBeanRegistry.java:234)
	at org.springframework.beans.factory.support.AbstractBeanFactory.doGetBean(AbstractBeanFactory.java:333)
	at org.springframework.beans.factory.support.AbstractBeanFactory.getBean(AbstractBeanFactory.java:213)
	at org.springframework.beans.factory.support.AbstractAutowireCapableBeanFactory.resolveBeanByName(AbstractAutowireCapableBeanFactory.java:479)
	at org.springframework.context.annotation.CommonAnnotationBeanPostProcessor.autowireResource(CommonAnnotationBeanPostProcessor.java:550)
	at org.springframework.context.annotation.CommonAnnotationBeanPostProcessor.getResource(CommonAnnotationBeanPostProcessor.java:520)
	at org.springframework.context.annotation.CommonAnnotationBeanPostProcessor$ResourceElement.getResourceToInject(CommonAnnotationBeanPostProcessor.java:673)
	at org.springframework.beans.factory.annotation.InjectionMetadata$InjectedElement.inject(InjectionMetadata.java:228)
	at org.springframework.beans.factory.annotation.InjectionMetadata.inject(InjectionMetadata.java:119)
	at org.springframework.context.annotation.CommonAnnotationBeanPostProcessor.postProcessProperties(CommonAnnotationBeanPostProcessor.java:329)
	... 57 common frames omitted
Caused by: org.springframework.beans.factory.BeanCreationException: Error creating bean with name 'redisCacheService': Injection of resource dependencies failed; nested exception is org.springframework.beans.factory.UnsatisfiedDependencyException: Error creating bean with name 'stringRedisTemplate' defined in class path resource [org/redisson/spring/starter/RedissonAutoConfigurationV2.class]: Unsatisfied dependency expressed through method 'stringRedisTemplate' parameter 0; nested exception is org.springframework.beans.factory.UnsatisfiedDependencyException: Error creating bean with name 'redissonConnectionFactory' defined in class path resource [org/redisson/spring/starter/RedissonAutoConfigurationV2.class]: Unsatisfied dependency expressed through method 'redissonConnectionFactory' parameter 0; nested exception is org.springframework.beans.factory.BeanCreationException: Error creating bean with name 'redisson' defined in class path resource [org/redisson/spring/starter/RedissonAutoConfigurationV2.class]: Bean instantiation via factory method failed; nested exception is org.springframework.beans.BeanInstantiationException: Failed to instantiate [org.redisson.api.RedissonClient]: Factory method 'redisson' threw exception; nested exception is org.redisson.client.RedisConnectionException: java.util.concurrent.ExecutionException: org.redisson.client.RedisConnectionException: Unable to connect to Redis server: 127.0.0.1/127.0.0.1:6379
	at org.springframework.context.annotation.CommonAnnotationBeanPostProcessor.postProcessProperties(CommonAnnotationBeanPostProcessor.java:332)
	at org.springframework.beans.factory.support.AbstractAutowireCapableBeanFactory.populateBean(AbstractAutowireCapableBeanFactory.java:1431)
	at org.springframework.beans.factory.support.AbstractAutowireCapableBeanFactory.doCreateBean(AbstractAutowireCapableBeanFactory.java:619)
	at org.springframework.beans.factory.support.AbstractAutowireCapableBeanFactory.createBean(AbstractAutowireCapableBeanFactory.java:542)
	at org.springframework.beans.factory.support.AbstractBeanFactory.lambda$doGetBean$0(AbstractBeanFactory.java:335)
	at org.springframework.beans.factory.support.DefaultSingletonBeanRegistry.getSingleton(DefaultSingletonBeanRegistry.java:234)
	at org.springframework.beans.factory.support.AbstractBeanFactory.doGetBean(AbstractBeanFactory.java:333)
	at org.springframework.beans.factory.support.AbstractBeanFactory.getBean(AbstractBeanFactory.java:213)
	at org.springframework.beans.factory.support.AbstractAutowireCapableBeanFactory.resolveBeanByName(AbstractAutowireCapableBeanFactory.java:479)
	at org.springframework.context.annotation.CommonAnnotationBeanPostProcessor.autowireResource(CommonAnnotationBeanPostProcessor.java:550)
	at org.springframework.context.annotation.CommonAnnotationBeanPostProcessor.getResource(CommonAnnotationBeanPostProcessor.java:520)
	at org.springframework.context.annotation.CommonAnnotationBeanPostProcessor$ResourceElement.getResourceToInject(CommonAnnotationBeanPostProcessor.java:673)
	at org.springframework.beans.factory.annotation.InjectionMetadata$InjectedElement.inject(InjectionMetadata.java:228)
	at org.springframework.beans.factory.annotation.InjectionMetadata.inject(InjectionMetadata.java:119)
	at org.springframework.context.annotation.CommonAnnotationBeanPostProcessor.postProcessProperties(CommonAnnotationBeanPostProcessor.java:329)
	... 71 common frames omitted
Caused by: org.springframework.beans.factory.UnsatisfiedDependencyException: Error creating bean with name 'stringRedisTemplate' defined in class path resource [org/redisson/spring/starter/RedissonAutoConfigurationV2.class]: Unsatisfied dependency expressed through method 'stringRedisTemplate' parameter 0; nested exception is org.springframework.beans.factory.UnsatisfiedDependencyException: Error creating bean with name 'redissonConnectionFactory' defined in class path resource [org/redisson/spring/starter/RedissonAutoConfigurationV2.class]: Unsatisfied dependency expressed through method 'redissonConnectionFactory' parameter 0; nested exception is org.springframework.beans.factory.BeanCreationException: Error creating bean with name 'redisson' defined in class path resource [org/redisson/spring/starter/RedissonAutoConfigurationV2.class]: Bean instantiation via factory method failed; nested exception is org.springframework.beans.BeanInstantiationException: Failed to instantiate [org.redisson.api.RedissonClient]: Factory method 'redisson' threw exception; nested exception is org.redisson.client.RedisConnectionException: java.util.concurrent.ExecutionException: org.redisson.client.RedisConnectionException: Unable to connect to Redis server: 127.0.0.1/127.0.0.1:6379
	at org.springframework.beans.factory.support.ConstructorResolver.createArgumentArray(ConstructorResolver.java:800)
	at org.springframework.beans.factory.support.ConstructorResolver.instantiateUsingFactoryMethod(ConstructorResolver.java:541)
	at org.springframework.beans.factory.support.AbstractAutowireCapableBeanFactory.instantiateUsingFactoryMethod(AbstractAutowireCapableBeanFactory.java:1352)
	at org.springframework.beans.factory.support.AbstractAutowireCapableBeanFactory.createBeanInstance(AbstractAutowireCapableBeanFactory.java:1195)
	at org.springframework.beans.factory.support.AbstractAutowireCapableBeanFactory.doCreateBean(AbstractAutowireCapableBeanFactory.java:582)
	at org.springframework.beans.factory.support.AbstractAutowireCapableBeanFactory.createBean(AbstractAutowireCapableBeanFactory.java:542)
	at org.springframework.beans.factory.support.AbstractBeanFactory.lambda$doGetBean$0(AbstractBeanFactory.java:335)
	at org.springframework.beans.factory.support.DefaultSingletonBeanRegistry.getSingleton(DefaultSingletonBeanRegistry.java:234)
	at org.springframework.beans.factory.support.AbstractBeanFactory.doGetBean(AbstractBeanFactory.java:333)
	at org.springframework.beans.factory.support.AbstractBeanFactory.getBean(AbstractBeanFactory.java:213)
	at org.springframework.beans.factory.support.AbstractAutowireCapableBeanFactory.resolveBeanByName(AbstractAutowireCapableBeanFactory.java:479)
	at org.springframework.context.annotation.CommonAnnotationBeanPostProcessor.autowireResource(CommonAnnotationBeanPostProcessor.java:550)
	at org.springframework.context.annotation.CommonAnnotationBeanPostProcessor.getResource(CommonAnnotationBeanPostProcessor.java:520)
	at org.springframework.context.annotation.CommonAnnotationBeanPostProcessor$ResourceElement.getResourceToInject(CommonAnnotationBeanPostProcessor.java:673)
	at org.springframework.beans.factory.annotation.InjectionMetadata$InjectedElement.inject(InjectionMetadata.java:228)
	at org.springframework.beans.factory.annotation.InjectionMetadata.inject(InjectionMetadata.java:119)
	at org.springframework.context.annotation.CommonAnnotationBeanPostProcessor.postProcessProperties(CommonAnnotationBeanPostProcessor.java:329)
	... 85 common frames omitted
Caused by: org.springframework.beans.factory.UnsatisfiedDependencyException: Error creating bean with name 'redissonConnectionFactory' defined in class path resource [org/redisson/spring/starter/RedissonAutoConfigurationV2.class]: Unsatisfied dependency expressed through method 'redissonConnectionFactory' parameter 0; nested exception is org.springframework.beans.factory.BeanCreationException: Error creating bean with name 'redisson' defined in class path resource [org/redisson/spring/starter/RedissonAutoConfigurationV2.class]: Bean instantiation via factory method failed; nested exception is org.springframework.beans.BeanInstantiationException: Failed to instantiate [org.redisson.api.RedissonClient]: Factory method 'redisson' threw exception; nested exception is org.redisson.client.RedisConnectionException: java.util.concurrent.ExecutionException: org.redisson.client.RedisConnectionException: Unable to connect to Redis server: 127.0.0.1/127.0.0.1:6379
	at org.springframework.beans.factory.support.ConstructorResolver.createArgumentArray(ConstructorResolver.java:800)
	at org.springframework.beans.factory.support.ConstructorResolver.instantiateUsingFactoryMethod(ConstructorResolver.java:541)
	at org.springframework.beans.factory.support.AbstractAutowireCapableBeanFactory.instantiateUsingFactoryMethod(AbstractAutowireCapableBeanFactory.java:1352)
	at org.springframework.beans.factory.support.AbstractAutowireCapableBeanFactory.createBeanInstance(AbstractAutowireCapableBeanFactory.java:1195)
	at org.springframework.beans.factory.support.AbstractAutowireCapableBeanFactory.doCreateBean(AbstractAutowireCapableBeanFactory.java:582)
	at org.springframework.beans.factory.support.AbstractAutowireCapableBeanFactory.createBean(AbstractAutowireCapableBeanFactory.java:542)
	at org.springframework.beans.factory.support.AbstractBeanFactory.lambda$doGetBean$0(AbstractBeanFactory.java:335)
	at org.springframework.beans.factory.support.DefaultSingletonBeanRegistry.getSingleton(DefaultSingletonBeanRegistry.java:234)
	at org.springframework.beans.factory.support.AbstractBeanFactory.doGetBean(AbstractBeanFactory.java:333)
	at org.springframework.beans.factory.support.AbstractBeanFactory.getBean(AbstractBeanFactory.java:208)
	at org.springframework.beans.factory.config.DependencyDescriptor.resolveCandidate(DependencyDescriptor.java:276)
	at org.springframework.beans.factory.support.DefaultListableBeanFactory.doResolveDependency(DefaultListableBeanFactory.java:1391)
	at org.springframework.beans.factory.support.DefaultListableBeanFactory.resolveDependency(DefaultListableBeanFactory.java:1311)
	at org.springframework.beans.factory.support.ConstructorResolver.resolveAutowiredArgument(ConstructorResolver.java:887)
	at org.springframework.beans.factory.support.ConstructorResolver.createArgumentArray(ConstructorResolver.java:791)
	... 101 common frames omitted
Caused by: org.springframework.beans.factory.BeanCreationException: Error creating bean with name 'redisson' defined in class path resource [org/redisson/spring/starter/RedissonAutoConfigurationV2.class]: Bean instantiation via factory method failed; nested exception is org.springframework.beans.BeanInstantiationException: Failed to instantiate [org.redisson.api.RedissonClient]: Factory method 'redisson' threw exception; nested exception is org.redisson.client.RedisConnectionException: java.util.concurrent.ExecutionException: org.redisson.client.RedisConnectionException: Unable to connect to Redis server: 127.0.0.1/127.0.0.1:6379
	at org.springframework.beans.factory.support.ConstructorResolver.instantiate(ConstructorResolver.java:658)
	at org.springframework.beans.factory.support.ConstructorResolver.instantiateUsingFactoryMethod(ConstructorResolver.java:486)
	at org.springframework.beans.factory.support.AbstractAutowireCapableBeanFactory.instantiateUsingFactoryMethod(AbstractAutowireCapableBeanFactory.java:1352)
	at org.springframework.beans.factory.support.AbstractAutowireCapableBeanFactory.createBeanInstance(AbstractAutowireCapableBeanFactory.java:1195)
	at org.springframework.beans.factory.support.AbstractAutowireCapableBeanFactory.doCreateBean(AbstractAutowireCapableBeanFactory.java:582)
	at org.springframework.beans.factory.support.AbstractAutowireCapableBeanFactory.createBean(AbstractAutowireCapableBeanFactory.java:542)
	at org.springframework.beans.factory.support.AbstractBeanFactory.lambda$doGetBean$0(AbstractBeanFactory.java:335)
	at org.springframework.beans.factory.support.DefaultSingletonBeanRegistry.getSingleton(DefaultSingletonBeanRegistry.java:234)
	at org.springframework.beans.factory.support.AbstractBeanFactory.doGetBean(AbstractBeanFactory.java:333)
	at org.springframework.beans.factory.support.AbstractBeanFactory.getBean(AbstractBeanFactory.java:208)
	at org.springframework.beans.factory.config.DependencyDescriptor.resolveCandidate(DependencyDescriptor.java:276)
	at org.springframework.beans.factory.support.DefaultListableBeanFactory.doResolveDependency(DefaultListableBeanFactory.java:1391)
	at org.springframework.beans.factory.support.DefaultListableBeanFactory.resolveDependency(DefaultListableBeanFactory.java:1311)
	at org.springframework.beans.factory.support.ConstructorResolver.resolveAutowiredArgument(ConstructorResolver.java:887)
	at org.springframework.beans.factory.support.ConstructorResolver.createArgumentArray(ConstructorResolver.java:791)
	... 115 common frames omitted
Caused by: org.springframework.beans.BeanInstantiationException: Failed to instantiate [org.redisson.api.RedissonClient]: Factory method 'redisson' threw exception; nested exception is org.redisson.client.RedisConnectionException: java.util.concurrent.ExecutionException: org.redisson.client.RedisConnectionException: Unable to connect to Redis server: 127.0.0.1/127.0.0.1:6379
	at org.springframework.beans.factory.support.SimpleInstantiationStrategy.instantiate(SimpleInstantiationStrategy.java:185)
	at org.springframework.beans.factory.support.ConstructorResolver.instantiate(ConstructorResolver.java:653)
	... 129 common frames omitted
Caused by: org.redisson.client.RedisConnectionException: java.util.concurrent.ExecutionException: org.redisson.client.RedisConnectionException: Unable to connect to Redis server: 127.0.0.1/127.0.0.1:6379
	at org.redisson.connection.MasterSlaveConnectionManager.doConnect(MasterSlaveConnectionManager.java:229)
	at org.redisson.connection.MasterSlaveConnectionManager.connect(MasterSlaveConnectionManager.java:196)
	at org.redisson.config.ConfigSupport.createConnectionManager(ConfigSupport.java:220)
	at org.redisson.Redisson.<init>(Redisson.java:71)
	at org.redisson.Redisson.create(Redisson.java:116)
	at org.redisson.spring.starter.RedissonAutoConfiguration.redisson(RedissonAutoConfiguration.java:330)
	at java.base/jdk.internal.reflect.NativeMethodAccessorImpl.invoke0(Native Method)
	at java.base/jdk.internal.reflect.NativeMethodAccessorImpl.invoke(NativeMethodAccessorImpl.java:62)
	at java.base/jdk.internal.reflect.DelegatingMethodAccessorImpl.invoke(DelegatingMethodAccessorImpl.java:43)
	at java.base/java.lang.reflect.Method.invoke(Method.java:566)
	at org.springframework.beans.factory.support.SimpleInstantiationStrategy.instantiate(SimpleInstantiationStrategy.java:154)
	... 130 common frames omitted
Caused by: java.util.concurrent.ExecutionException: org.redisson.client.RedisConnectionException: Unable to connect to Redis server: 127.0.0.1/127.0.0.1:6379
	at java.base/java.util.concurrent.CompletableFuture.reportGet(CompletableFuture.java:395)
	at java.base/java.util.concurrent.CompletableFuture.get(CompletableFuture.java:2028)
	at org.redisson.connection.MasterSlaveConnectionManager.doConnect(MasterSlaveConnectionManager.java:225)
	... 140 common frames omitted
Caused by: org.redisson.client.RedisConnectionException: Unable to connect to Redis server: 127.0.0.1/127.0.0.1:6379
	at org.redisson.connection.ConnectionsHolder.lambda$createConnection$1(ConnectionsHolder.java:183)
	at java.base/java.util.concurrent.CompletableFuture.uniWhenComplete(CompletableFuture.java:859)
	at java.base/java.util.concurrent.CompletableFuture$UniWhenComplete.tryFire$$$capture(CompletableFuture.java:837)
	at java.base/java.util.concurrent.CompletableFuture$UniWhenComplete.tryFire(CompletableFuture.java)
	at java.base/java.util.concurrent.CompletableFuture.postComplete(CompletableFuture.java:506)
	at java.base/java.util.concurrent.CompletableFuture.completeExceptionally(CompletableFuture.java:2094)
	at org.redisson.connection.ConnectionsHolder.promiseFailure(ConnectionsHolder.java:218)
	at org.redisson.connection.ConnectionsHolder.lambda$createConnection$4(ConnectionsHolder.java:204)
	at java.base/java.util.concurrent.CompletableFuture.uniWhenComplete(CompletableFuture.java:859)
	at java.base/java.util.concurrent.CompletableFuture$UniWhenComplete.tryFire$$$capture(CompletableFuture.java:837)
	at java.base/java.util.concurrent.CompletableFuture$UniWhenComplete.tryFire(CompletableFuture.java)
	at java.base/java.util.concurrent.CompletableFuture.postComplete(CompletableFuture.java:506)
	at java.base/java.util.concurrent.CompletableFuture.completeExceptionally(CompletableFuture.java:2094)
	at org.redisson.client.RedisClient$1$2.run(RedisClient.java:308)
	at io.netty.util.concurrent.AbstractEventExecutor.runTask(AbstractEventExecutor.java:174)
	at io.netty.util.concurrent.AbstractEventExecutor.safeExecute$$$capture(AbstractEventExecutor.java:167)
	at io.netty.util.concurrent.AbstractEventExecutor.safeExecute(AbstractEventExecutor.java)
	at io.netty.util.concurrent.SingleThreadEventExecutor.runAllTasks(SingleThreadEventExecutor.java:470)
	at io.netty.channel.nio.NioEventLoop.run(NioEventLoop.java:569)
	at io.netty.util.concurrent.SingleThreadEventExecutor$4.run(SingleThreadEventExecutor.java:997)
	at io.netty.util.internal.ThreadExecutorMap$2.run(ThreadExecutorMap.java:74)
	at io.netty.util.concurrent.FastThreadLocalRunnable.run(FastThreadLocalRunnable.java:30)
	at java.base/java.lang.Thread.run(Thread.java:829)
Caused by: java.util.concurrent.CompletionException: io.netty.channel.AbstractChannel$AnnotatedConnectException: Connection refused: no further information: 127.0.0.1/127.0.0.1:6379
	at java.base/java.util.concurrent.CompletableFuture.encodeRelay(CompletableFuture.java:367)
	at java.base/java.util.concurrent.CompletableFuture.completeRelay(CompletableFuture.java:376)
	at java.base/java.util.concurrent.CompletableFuture$UniRelay.tryFire(CompletableFuture.java:1019)
	... 12 common frames omitted
Caused by: io.netty.channel.AbstractChannel$AnnotatedConnectException: Connection refused: no further information: 127.0.0.1/127.0.0.1:6379
Caused by: java.net.ConnectException: Connection refused: no further information
	at java.base/sun.nio.ch.SocketChannelImpl.checkConnect(Native Method)
	at java.base/sun.nio.ch.SocketChannelImpl.finishConnect(SocketChannelImpl.java:777)
	at io.netty.channel.socket.nio.NioSocketChannel.doFinishConnect(NioSocketChannel.java:337)
	at io.netty.channel.nio.AbstractNioChannel$AbstractNioUnsafe.finishConnect(AbstractNioChannel.java:334)
	at io.netty.channel.nio.NioEventLoop.processSelectedKey(NioEventLoop.java:776)
	at io.netty.channel.nio.NioEventLoop.processSelectedKeysOptimized(NioEventLoop.java:724)
	at io.netty.channel.nio.NioEventLoop.processSelectedKeys(NioEventLoop.java:650)
	at io.netty.channel.nio.NioEventLoop.run(NioEventLoop.java:562)
	at io.netty.util.concurrent.SingleThreadEventExecutor$4.run(SingleThreadEventExecutor.java:997)
	at io.netty.util.internal.ThreadExecutorMap$2.run(ThreadExecutorMap.java:74)
	at io.netty.util.concurrent.FastThreadLocalRunnable.run(FastThreadLocalRunnable.java:30)
	at java.base/java.lang.Thread.run(Thread.java:829)
26-08-12.20:07:39.567 [main            ] INFO  TagServiceTest         - Starting TagServiceTest using Java 11.0.31 on ASUS with PID 24484 (started by 13267 in D:\code\s-pay-mall-ddd-cc\s-pay-mall-ddd-app)
26-08-12.20:07:39.569 [main            ] INFO  TagServiceTest         - The following 1 profile is active: "test"
26-08-12.20:07:39.576 [background-preinit] INFO  Version                - HV000001: Hibernate Validator 6.2.5.Final
26-08-12.20:07:40.835 [main            ] INFO  RepositoryConfigurationDelegate - Multiple Spring Data modules found, entering strict repository configuration mode
26-08-12.20:07:40.839 [main            ] INFO  RepositoryConfigurationDelegate - Bootstrapping Spring Data Redis repositories in DEFAULT mode.
26-08-12.20:07:40.906 [main            ] INFO  RepositoryConfigurationDelegate - Finished Spring Data repository scanning in 51 ms. Found 0 Redis repository interfaces.
26-08-12.20:07:42.945 [main            ] INFO  Version                - Redisson 3.26.0
26-08-12.20:07:43.629 [redisson-netty-1-4] INFO  ConnectionsHolder      - 1 connections initialized for 127.0.0.1/127.0.0.1:6379
26-08-12.20:07:43.717 [redisson-netty-1-19] INFO  ConnectionsHolder      - 24 connections initialized for 127.0.0.1/127.0.0.1:6379
26-08-12.20:07:45.941 [main            ] INFO  EndpointLinksResolver  - Exposing 1 endpoint(s) beneath base path '/actuator'
26-08-12.20:07:46.005 [main            ] INFO  TagServiceTest         - Started TagServiceTest in 7.042 seconds (JVM running for 7.955)
26-08-12.20:07:46.385 [main            ] INFO  TagService             - 人群标签批次任务 标签是 tagId:RQ_KJHKL98UU78H66554GFDV， 批次是 batchId:10001
26-08-12.20:07:46.417 [main            ] INFO  HikariDataSource       - HikariPool-1 - Starting...
26-08-12.20:07:46.747 [main            ] INFO  HikariDataSource       - HikariPool-1 - Start completed.
26-08-12.20:07:46.936 [SpringApplicationShutdownHook] INFO  HikariDataSource       - HikariPool-1 - Shutdown initiated...
26-08-12.20:07:46.951 [SpringApplicationShutdownHook] INFO  HikariDataSource       - HikariPool-1 - Shutdown completed.
26-08-12.20:13:28.626 [main            ] INFO  TagServiceTest         - Starting TagServiceTest using Java 11.0.31 on ASUS with PID 15668 (started by 13267 in D:\code\s-pay-mall-ddd-cc\s-pay-mall-ddd-app)
26-08-12.20:13:28.628 [main            ] INFO  TagServiceTest         - The following 1 profile is active: "test"
26-08-12.20:13:28.640 [background-preinit] INFO  Version                - HV000001: Hibernate Validator 6.2.5.Final
26-08-12.20:13:29.936 [main            ] INFO  RepositoryConfigurationDelegate - Multiple Spring Data modules found, entering strict repository configuration mode
26-08-12.20:13:29.940 [main            ] INFO  RepositoryConfigurationDelegate - Bootstrapping Spring Data Redis repositories in DEFAULT mode.
26-08-12.20:13:30.016 [main            ] INFO  RepositoryConfigurationDelegate - Finished Spring Data repository scanning in 59 ms. Found 0 Redis repository interfaces.
26-08-12.20:13:32.903 [main            ] INFO  Version                - Redisson 3.26.0
26-08-12.20:13:33.588 [redisson-netty-1-4] INFO  ConnectionsHolder      - 1 connections initialized for 127.0.0.1/127.0.0.1:6379
26-08-12.20:13:33.688 [redisson-netty-1-19] INFO  ConnectionsHolder      - 24 connections initialized for 127.0.0.1/127.0.0.1:6379
26-08-12.20:13:36.003 [main            ] INFO  EndpointLinksResolver  - Exposing 1 endpoint(s) beneath base path '/actuator'
26-08-12.20:13:36.079 [main            ] INFO  TagServiceTest         - Started TagServiceTest in 7.933 seconds (JVM running for 8.647)
26-08-12.20:13:36.558 [main            ] INFO  TagService             - 人群标签批次任务 标签是 tagId:RQ_KJHKL98UU78H66554GFDV， 批次是 batchId:10001
26-08-12.20:13:36.604 [main            ] INFO  HikariDataSource       - HikariPool-1 - Starting...
26-08-12.20:13:36.965 [main            ] INFO  HikariDataSource       - HikariPool-1 - Start completed.
26-08-12.20:13:37.164 [SpringApplicationShutdownHook] INFO  HikariDataSource       - HikariPool-1 - Shutdown initiated...
26-08-12.20:13:37.185 [SpringApplicationShutdownHook] INFO  HikariDataSource       - HikariPool-1 - Shutdown completed.
26-08-12.20:55:06.665 [main            ] INFO  TagServiceTest         - Starting TagServiceTest using Java 11.0.31 on ASUS with PID 29756 (started by 13267 in D:\code\s-pay-mall-ddd-cc\s-pay-mall-ddd-app)
26-08-12.20:55:06.666 [main            ] INFO  TagServiceTest         - The following 1 profile is active: "test"
26-08-12.20:55:06.682 [background-preinit] INFO  Version                - HV000001: Hibernate Validator 6.2.5.Final
26-08-12.20:55:08.013 [main            ] INFO  RepositoryConfigurationDelegate - Multiple Spring Data modules found, entering strict repository configuration mode
26-08-12.20:55:08.018 [main            ] INFO  RepositoryConfigurationDelegate - Bootstrapping Spring Data Redis repositories in DEFAULT mode.
26-08-12.20:55:08.101 [main            ] INFO  RepositoryConfigurationDelegate - Finished Spring Data repository scanning in 61 ms. Found 0 Redis repository interfaces.
26-08-12.20:55:11.740 [main            ] INFO  Version                - Redisson 3.26.0
26-08-12.20:55:12.474 [redisson-netty-1-4] INFO  ConnectionsHolder      - 1 connections initialized for 127.0.0.1/127.0.0.1:6379
26-08-12.20:55:12.588 [redisson-netty-1-19] INFO  ConnectionsHolder      - 24 connections initialized for 127.0.0.1/127.0.0.1:6379
26-08-12.20:55:16.263 [main            ] INFO  EndpointLinksResolver  - Exposing 1 endpoint(s) beneath base path '/actuator'
26-08-12.20:55:16.353 [main            ] INFO  TagServiceTest         - Started TagServiceTest in 10.234 seconds (JVM running for 10.991)
26-08-12.20:55:16.813 [main            ] INFO  TagService             - 人群标签批次任务 标签是 tagId:RQ_KJHKL98UU78H66554GFDV， 批次是 batchId:10001
26-08-12.20:55:16.845 [main            ] INFO  HikariDataSource       - HikariPool-1 - Starting...
26-08-12.20:55:17.273 [main            ] INFO  HikariDataSource       - HikariPool-1 - Start completed.
26-08-12.20:55:17.511 [SpringApplicationShutdownHook] INFO  HikariDataSource       - HikariPool-1 - Shutdown initiated...
26-08-12.20:55:17.541 [SpringApplicationShutdownHook] INFO  HikariDataSource       - HikariPool-1 - Shutdown completed.
